parent_name,companies_house_number,parent_inferred,nation,town,postcode,compliance_scheme,organisation_id,register_rows,subsidiary_count,subsidiary_names,subsidiary_companies_house_numbers,group_key
0404 Investments Limited,05106531,,,Burnley,BB12 7NG,Wastepack GB (SEPA),103508,4,3,Firststeel Limited; The Plastic Box Company Limited; What More UK Limited,03866672; 06529309; 11863208,ORG:103508
10 Motives Ltd,07934188,,,London,W4 5YG,ERP UK Ltd,105527,1,0,,,ORG:105527
108 Foods Limited,09840091,,,London,W23AA,Comply with Clarity,111257,1,0,,,ORG:111257
151 Products Limited,02149608,,,Manchester,M4 6AF,Ecosurety (EA),104232,1,0,,,ORG:104232
2K Polymer Systems Ltd,06085634,,,Alfreton,DE55 7RA,Valpak,105150,1,0,,,ORG:105150
2M Holdings Limited,04530131,,,London,E1W 1YW,Kite Environmental Solutions,106252,6,5,2M Equest Limited; Packed Chlorine Limited; Prism Chemicals Limited; Samuel Banner & Co. Limited; Stowlin Limited,01081032; 02631366; 03461709; 03659050; 08185566,ORG:106252
3BW Ltd,10490262,,,LONDON,EC1M 4BH,Comply with Clarity,115902,1,0,,,ORG:115902
3M United Kingdom Plc,01123045,,,Bracknell,RG12 8HT,ERP UK Ltd,102542,1,0,,,ORG:102542
4DegreesC Limited,04444939,,,London,E10 5SQ,Paperpak,102522,1,0,,,ORG:102522
7 Steel (UK) Holdings Ltd,04578086,,,Cardiff,CF24 5NN,Valpak,105097,5,4,7 Steel Manufacturing (UK) Ltd; 7 Steel Service (UK) Ltd; BRC Ltd; Rom Group Ltd,01808624; 03291151; 04577881; 06662824,ORG:105097
A & B Vintners Limited,03570581,,,LONDON,W1U 7NA,Comply with Clarity,115955,1,0,,,ORG:115955
A & D HOPE LIMITED,07322450,,,London,W1D 1LL,Beyondly,105916,1,0,,,ORG:105916
A 1 Bacon Company Limited,01461813,,,Harlow,CM19 5TB,Wastepack GB (SEPA),100408,1,0,,,ORG:100408
A B LEWIS LIMITED,05734540,,,Liverpool,L3 9LQ,Beyondly,100378,1,0,,,ORG:100378
A C HULME AND SONS,00803130,,,Wingham  Canterbury,CT3 1LP,,105847,1,0,,,ORG:105847
A D Harvey,,,,Norwich,NR16 1AB,Wastepack GB (SEPA),101542,1,0,,,ORG:101542
A Di Maria & Sons ltd,11841236,,,coventry,CV6 5RE,Beyondly,116200,1,0,,,ORG:116200
A E Chapman & Son Ltd,00470272,,,Gatwick,RH11 0PQ,Valpak,100519,1,0,,,ORG:100519
A E Spink Limited,00214637,,,Doncaster,DN1 3RA,Wastepack GB (SEPA),107912,1,0,,,ORG:107912
A J Webb & Son (Sheffield) Ltd,03146578,,,Sheffield,S9 4WN,Comply with Clarity,115712,1,0,,,ORG:115712
A Nelson & Co Ltd,00249879,,,London,SW19 5LP,Valpak,107075,1,0,,,ORG:107075
A P Taylor Limited,03958040,,,Luton,LU2 8DL,Veolia (EA),101534,1,0,,,ORG:101534
A S Green Ltd,08388566,,,Malvern,WR13 5PR,Valpak,100695,1,0,,,ORG:100695
A to Z Catering Supplies Limited,03682173,,,Hornsey,N8 9DG,,107838,1,0,,,ORG:107838
A-Gas (UK) Limited,02752249,,,Bristol,BS20 7XH,Kite Environmental Solutions,108282,1,0,,,ORG:108282
A-Gas Electronic Materials Limited,02991666,,,Bristol,BS20 7XH,Kite Environmental Solutions,108145,1,0,,,ORG:108145
A-Safe HQ Ltd,05407505,,,Elland,HX5 9JP,Beyondly,111259,1,0,,,ORG:111259
A. & F.A. Dundee Ltd,NI003932,,,Belfast,BT6 9HL,Scotpak (SEPA),112647,1,0,,,ORG:112647
A. Camacho  U.K. Ltd,04435852,,,Great Cambourne,CB23 6JN,Valpak,104225,1,0,,,ORG:104225
A. J. PRODUCTS (UK) LIMITED,03762591,,,Farnborough,GU14 6UU,Beyondly,105888,1,0,,,ORG:105888
A. Poortman (London) Limited,00485890,,,London,EC2A 4DE,Wastepack GB (SEPA),105537,1,0,,,ORG:105537
A. Schulman Gainsborough Ltd,03261137,,,Gainsborough,DN21 1RZ,Wastepack GB (SEPA),102436,1,0,,,ORG:102436
A. Schulman Inc. Limited,00512225,,,Newport,NP11 3AF,Wastepack GB (SEPA),107178,1,0,,,ORG:107178
A. Schulman Thermoplastic Compounds Limited,01018237,,,Warrington,WA1 4RA,Veolia (EA),114276,1,0,,,ORG:114276
A. Share & Sons Limited,00323778,,,Sunderland,SR1 1HA,Wastepack GB (SEPA),105127,1,0,,,ORG:105127
A. Vogel Ltd,SC100633,,,Irvine,KA11 5DD,Valpak Scotland Ltd (SEPA),104231,1,0,,,ORG:104231
A. W. Stokes & Son (Drums) Limited,00848334,,,West Bromwich,B70 7DN,Veolia (EA),107116,1,0,,,ORG:107116
A.& J.Scott Ltd,01087941,,,Alnwick,NE66 4XW,Valpak,104838,1,0,,,ORG:104838
A.B. Distributors Limited,NI008366,,,Belfast,BT7 2JB,REPIC,100255,1,0,,,ORG:100255
A.B. PRODUCE PLC,02240234,,,London,SE1 9SG,Beyondly,100865,1,0,,,ORG:100865
A.C. Worldwide Group Limited,04513462,,,High Wycombe,HP12 4HQ,Ecosurety (EA),104778,7,6,A.C. Entertainment Technologies Limited; A.C. Special Projects Limited; Flashlight Limited; In-Motion Limited; LCA Lights Camera Action Limited; Pro UV Lamps Limited,01070672; 01626564; 01935714; 03751454; 04484582; 07089450,ORG:104778
A.E. Rodda & Son Limited,03833628,,,Redruth,TR16 5BU,Comply with Clarity,108503,1,0,,,ORG:108503
A.E.S. Engineering Limited,00392743,,,Rotherham,S60 1BZ,Veolia (EA),101321,7,6,AESSEAL (MCK) Limited; AESSEAL Marine plc; AESSEAL plc; AVT Reliability Limited; AVTPump Limited; Vulcan Engineering Limited,01829338; 02101607; 02422728; 03336919; 05426346; NI017307,ORG:101321
A.F.BLAKEMORE AND SON LIMITED,00391135,,,Willenhall,WV13 2JP,Beyondly,102820,1,0,,,ORG:102820
A.G. Barr P.L.C.,SC005653,,,Cumbernauld,G68 9HD,Veolia (EA),100616,1,0,,,ORG:100616
A.G. Parfett and Sons Limited,01472970,,,Stockport,SK4 2JP,ERP UK Ltd,107193,1,0,,,ORG:107193
A.G. THAMES HOLDINGS LIMITED,00987311,,,Crayford,DA1 4QP,Biffpack,107412,2,1,CHINGFORD FRUIT LIMITED,03844271,ORG:107412
A.J. AND R.G.BARBER LIMITED,00551460,,,Shepton Mallet,BA4 6PR,Beyondly,111863,3,2,A.J. & R.G.BARBER (SALES) LIMITED; ASHLEY CHASE ESTATE LIMITED,00750464; 03855500,ORG:111863
A.J. WELLS & SONS LIMITED,03809371,,,Isle Of Wight,PO30 5WS,Beyondly,106766,1,0,,,ORG:106766
A.J.N. Steelstock Ltd,00689647,,,Newmarket,CB8 7QT,Valpak,102676,1,0,,,ORG:102676
A.K. Stoddart Ltd,SC033785,,,Broxburn,EH52 5NN,Valpak Scotland Ltd (SEPA),104810,1,0,,,ORG:104810
A.L.Simpkin & Co.Ltd,00244390,,,Sheffield,S6 4LD,Valpak,100490,1,0,,,ORG:100490
A.One Feed Supplements Ltd,01207930,,,Thirsk,YO7 3DH,Valpak,104160,1,0,,,ORG:104160
A.P. (East Anglia) Limited,03376167,,,Thetford,IP25 6QL,Wastepack GB (SEPA),103241,1,0,,,ORG:103241
A.S. Watson (Health & Beauty UK) Ltd,04051648,,,London,SW11 4AN,Valpak,108334,3,2,Savers Health and Beauty Ltd; Superdrug Stores plc,00807043; 02202838,ORG:108334
A.W. Jenkinson Forest Products,,,,Penrith,CA10 2EY,Beyondly,102453,1,0,,,ORG:102453
A.W.CHAMPION LIMITED,00516470,,,New Malden,KT3 4NB,Biffpack,101914,1,0,,,ORG:101914
A.Warne & Company Limited,00350961,,,Wimbledon,SW19 3BL,Wastepack GB (SEPA),100119,1,0,,,ORG:100119
AAF McQuay UK Limited,02296471,,,Cramlington,NE23 8AF,ERP UK Ltd,100219,4,3,AAF Limited; Air Filters Limited; Daikin Applied (UK) Limited,00875806; 03492774; 03503812,ORG:100219
AAK BD Foods Ltd,04170983,,,Kingston-Upon-Hull,HU9 5PX,ERP UK Ltd,105086,1,0,,,ORG:105086
AAK International,BR020440,,,Hull,HU9 5PX,Comply with Clarity,107434,1,0,,,ORG:107434
Aalberts HFC Limited,00980683,,,St Helens,WA10 6PB,Wastepack GB (SEPA),114937,1,0,,,ORG:114937
AAlberts Integrated Piping Systems Ltd,00401507,,,Doncaster,DN4 8DF,Valpak,105366,1,0,,,ORG:105366
AB Agri Limited,00193800,,,London,W1K 4QY,Comply with Clarity,102989,3,2,Greencoat Limited; National Milk Records Limited,01560108; 03331929,ORG:102989
AB Inbev UK Limited,03982132,,,London,EC4A 1EN,Ecosurety (EA),106762,1,0,,,ORG:106762
AB World Foods Limited,01400901,,,London,W1K 4QY,Comply with Clarity,102149,1,0,,,ORG:102149
Abacus Playgrounds Limited,02992616,,,Dartford,DA1 1QG,Paperpak,115850,1,0,,,ORG:115850
ABB Limited,03780764,,,Warrington,WA4 4BT,ERP UK Ltd,102418,4,3,ABB Cable Management Products Limited; ABB Installation Products Limited; W.J. Furse & Co Limited,00675001; 00956671; 03118288,ORG:102418
Abbey View Produce Limited,01071951,,,Waltham Abbey,EN9 2AG,Wastepack GB (SEPA),103756,1,0,,,ORG:103756
Abbeywood Packaging Limited,03199041,,,KIRKBY-IN-ASHFIELD,NG17 7DF,,111252,1,0,,,ORG:111252
Abbott Laboratories Ltd,00329102,,,Maidenhead,SL6 4XE,ERP UK Ltd,107060,5,4,Abbott Diabetes Care Limited; Abbott Medical U.K. Limited; Abbott Toxicology Limited; Axis-Shield Diagnostics Limited,02423907; 02548046; 05396234; SC077359,ORG:107060
Abbott Rapid Diagnostics Limited,01716581,,,Maidenhead,SL6 4XE,ERP UK Ltd,100637,1,0,,,ORG:100637
Abbvie Ltd,08004972,,,Maidenhead,SL6 4UB,Wastepack GB (SEPA),107625,1,0,,,ORG:107625
Abcam Limited,03509322,,,Cambridge,CB2 0AX,Wastepack GB (SEPA),108249,1,0,,,ORG:108249
ABCO KOVEX (UK) LIMITED,07941127,,,LONDON,W1H 5BT,Beyondly,100603,1,0,,,ORG:100603
Abena UK Ltd,03750590,,,Coventry,CV5 6US,Kite Environmental Solutions,102945,1,0,,,ORG:102945
Abergavenny Fine Foods Limited,02094670,,,Abergavenny,NP7 7RZ,Ecosurety (EA),115063,1,0,,,ORG:115063
ABF Grain Products Ltd,00079590,,,London,W1K 4QY,Comply with Clarity,100341,1,0,,,ORG:100341
ABILITY PROJECTS LIMITED,04088764,,,Southampton,SO30 2DF,Biffpack,105071,1,0,,,ORG:105071
Abingdon Flooring Limited,04923718,,,Newport,NP11 3XG,Ecosurety (EA),102626,2,1,Alliance Flooring Distribution Limited,05410587,ORG:102626
ABLEBOX LIMITED,02547129,,,Sherborne,DT9 4JW,Beyondly,100476,1,0,,,ORG:100476
ACCELL UK & IRELAND LTD,00139076,,,London,EC1A 4HD,Beyondly,111389,1,0,,,ORG:111389
Acco UK Ltd,00197754,,,Aylesbury,HP21 7QG,Valpak,102262,1,0,,,ORG:102262
Accor Hotelservices UK Limited,10508910,,,London,W6 7AP,Veolia (EA),104982,1,0,,,ORG:104982
Accora Limited,04915604,,,Orwell  Royston,SG8 5QP,Wastepack GB (SEPA),101469,1,0,,,ORG:101469
Accord Healthcare Ltd,04596349,,,North Harrow,HA1 4HF,Valpak,104424,2,1,Accord-UK Ltd,00079585,ORG:104424
ACCRUED PLASTIC LIMITED,03952162,,,BURNLEY,BB10 2BQ,Beyondly,100282,1,0,,,ORG:100282
Acctim Limited,03853068,,,Bromley,BR1 1RJ,Wastepack GB (SEPA),102220,3,2,Anglo Continental Clock Company Limited; Sturdy Europe Limited,01011780; 09427707,ORG:102220
Acdoco Ltd,06174996,,,Bolton,BL1 8PP,Valpak,104002,1,0,,,ORG:104002
Ace Fixings Ltd,NI055683,,,Ballymena,BT42 4HX,Wastepack Northern Ireland (NIEA),107214,1,0,,,ORG:107214
Acer U.K. Limited,02252821,,,West Drayton,UB7 0DQ,Ecosurety (EA),104536,1,0,,,ORG:104536
Acesur Limited,11796943,,,Ascot,SL5 9NP,Smart Comply (EA),106467,1,0,,,ORG:106467
Acme Vape Ltd,10003856,,,Preston,PR1 1AF,Valpak,116995,1,0,,,ORG:116995
ACO Technologies Plc,01854115,,,Shefford,SG17 5TE,Ecosurety (EA),100711,1,0,,,ORG:100711
Acopia Group Ltd,09150714,,,Littlehampton,BN16 3BZ,Wastepack GB (SEPA),100818,1,0,,,ORG:100818
Acorn Dairy Limited,06959532,,,Darlington,DL2 2YB,Wastepack GB (SEPA),101744,1,0,,,ORG:101744
Acorn Labels Limited,02888767,,,St Ives,PE27 3LE,Wastepack GB (SEPA),100322,1,0,,,ORG:100322
Acorn Mobility Services Ltd,02593771,,,Steeton,BD20 6RB,Packcare,100308,1,0,,,ORG:100308
Acorn Packaging Partnership LLP,OC328700,,,Alton,GU34 2UD,Kite Environmental Solutions,101458,1,0,,,ORG:101458
Acorn Web Offset Limited,02138711,,,Wakefield,WF6 1TW,Paperpak,103067,1,0,,,ORG:103067
Acosta RH Ltd,10589849,,,Woking,GU21 5BH,Valpak,117380,3,2,Dee Set Confectionery Ltd; White Hinge Ltd,04297287; 07366723,ORG:117380
Acqua Di Parma Ltd,08748936,,,Hersham,KT12 4NH,Valpak,115855,1,0,,,ORG:115855
ActicareUK Limited,13075831,,,HEREFORD,HR2 6FN,Comply with Clarity,116151,1,0,,,ORG:116151
Actionpoint Group Ltd,12514599,,,Rainham  Gillingham,ME8 8AS,Wastepack GB (SEPA),101812,1,0,,,ORG:101812
ACTIPH WATER LIMITED,SC505074,,,Edinburgh,EH2 3ES,Beyondly,106457,1,0,,,ORG:106457
Acushnet Europe Ltd,01198336,,,St Ives,PE27 3LU,Valpak,105424,1,0,,,ORG:105424
ADA Cosmetics International Ltd,02850917,,,Bedford,MK40 2BP,Valpak,104152,1,0,,,ORG:104152
Adama Agricultural Solutions UK Ltd,02330985,,,Reading,RG7 4SA,Valpak,104507,1,0,,,ORG:104507
Adams Foodservice Trading Ltd,13204158,,,London,NW10 7BW,Valpak,116584,1,0,,,ORG:116584
Adapa UK Edinburgh Ltd,SC241535,,,Edinburgh,EH3 8BP,Valpak Scotland Ltd (SEPA),100654,1,0,,,ORG:100654
Adapa UK St Helens Ltd,01732746,,,St. Helens,WA9 4HY,Valpak,104345,1,0,,,ORG:104345
Addagrip Terraco Ltd,01492055,,,Uckfield,TN22 1QL,,104249,1,0,,,ORG:104249
Addis Housewares Limited,02881663,,,Bridgend,CF31 3US,Wastepack GB (SEPA),114995,1,0,,,ORG:114995
Adelphi Holdings Limited,03886680,,,Haywards Heath,RH161XQ,Comply with Clarity,105771,5,4,Adelphi (Tubes) Limited; Adelphi Manufacturing Company Limited; Adelphi Masterfil Limited; PHARMA HYGIENE PRODUCTS LIMITED,00434896; 00985399; 02907624; 06403478,ORG:105771
ADENA BRANDS LTD,12545293,,,London,W11 4AN,Biffpack,108049,1,0,,,ORG:108049
ADEXA DIRECT LIMITED,10662078,,,Treorchy,CF42 6DL,Biffpack,101831,1,0,,,ORG:101831
Adhesive Specialities Limited,00957040,,,Newbury,RG14 5SH,Paperpak,100352,1,0,,,ORG:100352
ADI-Gardiner Ltd,01322200,,,Oldham,OL9 9XA,Valpak,106004,1,0,,,ORG:106004
ADIDAS (U.K.) LIMITED,01075951,,,Stockport,SK7 5SA,Biffpack,102999,1,0,,,ORG:102999
Adient Seating UK Ltd,00443687,,,London,WC1N 3AX,Ecosurety (EA),103676,1,0,,,ORG:103676
ADM Agriculture Limited,00904957,,,Gainsborough,DN21 5TH,Wastepack GB (SEPA),104920,1,0,,,ORG:104920
ADM MILLING LIMITED,02445197,,,Erith,DA8 1DL,Biffpack,107027,2,1,ADM INTERNATIONAL LTD,SC642090,ORG:107027
ADM PROTEXIN LIMITED,01122942,,,Salford,M3 5GS,Beyondly,100388,1,0,,,ORG:100388
ADMENTA UK LIMITED,03011757,,,Warwick,CV34 5AH,Biffpack,101877,4,3,AAH PHARMACEUTICALS LIMITED; BARCLAY PHARMACEUTICALS LIMITED; PHARMAGEN LIMITED,00123458; 00506647; 02770716,ORG:101877
Adnams Plc,00031114,,,Suffolk,IP18 6JW,Beyondly,104564,1,0,,,ORG:104564
ADS Group Holdings Ltd,14597345,,,Bromborough,CH62 3RE,Ecosurety (EA),101676,3,2,A.D.S. Graphics Limited; Addition Design Ltd,02233870; 10738635,ORG:101676
Adshead Ratcliffe & Co Ltd,00388288,,,Belper,DE56 1WJ,ERP UK Ltd,101159,1,0,,,ORG:101159
ADT Fire And Security Plc,01161045,,,Sunbury On Thames,TW16 5DB,Valpak,114452,1,0,,,ORG:114452
ADTRAN EUROPE LIMITED,05320461,,,Basingstoke,RG24 8UT,Beyondly,117489,1,0,,,ORG:117489
Adtran Networks (UK) Limited,03593238,,,York,YO30 4RY,Wastepack GB (SEPA),104382,1,0,,,ORG:104382
Advance Tapes International Ltd,00929843,,,Leicester,LE4 8PH,Valpak,100590,1,0,,,ORG:100590
ADVANCED ELASTOMER SYSTEMS UNLIMITED,,,,,,Biffpack,102212,1,0,,,ORG:102212
ADVANCED MEDICAL SOLUTIONS LIMITED,02666957,,,Winsford,CW7 3RT,Beyondly,105656,2,1,RALEIGH ADHESIVE COATINGS LIMITED,02300965,ORG:105656
Advanced Supply Chain Group Ltd,07889139,,,Telford,TF3 3BD,Valpak,105010,1,0,,,ORG:105010
Aegg Ltd,07006709,,,Yaxley  Eye,IP23 8BW,Wastepack GB (SEPA),105259,1,0,,,ORG:105259
AEI Cables Ltd,07745837,,,Washington,NE38 0AE,Valpak,108305,1,0,,,ORG:108305
Aero Forgings Bidco Limited,12187454,,,Matlock,DE4 2JB,Veolia (EA),101462,3,2,Blaenavon Forgings Limited; Forged Solutions Group Limited,00158672; 11775472,ORG:101462
Aeroplas (U.K) Limited,01376171,,,Tipton,DY4 7AB,Veolia (EA),102998,1,0,,,ORG:102998
Aery Limited,11787482,,,Clifton,BS8 4HU,Ecosurety (EA),104240,1,0,,,ORG:104240
AESC UK Plant 1 Limited,10904139,,,Sunderland,SR5 3NS,Veolia (EA),105248,1,0,,,ORG:105248
Aesop UK Ltd,05192303,,,London,SE1 2HD,Valpak,102275,1,0,,,ORG:102275
AETC Limited,03206792,,,Leeds,LS19 7AW,Kite Environmental Solutions,105814,1,0,,,ORG:105814
AFE Group Ltd,03872673,,,King's Lynn,PE30 2HZ,Valpak,104237,1,0,,,ORG:104237
AFFCO EUROPE LIMITED,04834758,,,Woodcote,RG8 0RR,Beyondly,101987,1,0,,,ORG:101987
Affinity Fragrances Limited,09840244,,,Iver,SL0 9JQ,Wastepack GB (SEPA),101300,1,0,,,ORG:101300
AFH Stores UK Ltd,06423604,,,London,W1J 6BD,Valpak,105202,1,0,,,ORG:105202
AFL Telecommunications UK Limited,02734823,,,Central Milton Keynes,MK5 8HJ,Ecosurety (EA),103059,1,0,,,ORG:103059
AFT Aerosols Limited,08566906,,,Stoke on Trent,ST4 2NL,Comply with Clarity,108195,1,0,,,ORG:108195
Afton Chemical Ltd,01213092,,,Bracknell,RG12 2UW,Valpak,104023,1,0,,,ORG:104023
AG Paving And Building Products Ltd,NI004475,,,Fivemiletown,BT75 0SY,Valpak,102853,1,0,,,ORG:102853
AGA Print Ltd,04717223,,,Southend On Sea,SS2 5QF,Valpak,105370,1,0,,,ORG:105370
AGA Rangemaster Limited,03872754,,,Nottingham,NG10 2GD,Kite Environmental Solutions,101460,1,0,,,ORG:101460
AgaMatrix Europe Limited,06410118,,,Didcot,OX11 0QG,,117581,1,0,,,ORG:117581
AGC Chemicals Europe  Ltd,03825057,,,Thornton-Cleveleys,FY5 4QD,Valpak,105277,1,0,,,ORG:105277
AGC Glass UK Ltd,02570740,,,Northampton,NN3 8RG,Wastepack GB (SEPA),106565,1,0,,,ORG:106565
Agco Ltd,00509133,,,Kenilworth,CV8 2TQ,Valpak,105208,1,0,,,ORG:105208
AGGREGATES R US LTD,06573489,,,Doncaster,DN9 3GA,Beyondly,107790,1,0,,,ORG:107790
Agile Box Ltd,07974056,,,Aylsham,NR11 6FD,Smart Comply (EA),118064,1,0,,,ORG:118064
Agilent Technologies LDA UK Limited,08815891,,,Cheadle,SK8 3GR,Wastepack GB (SEPA),103586,1,0,,,ORG:103586
Agrial Fresh Produce Ltd,03687920,,,Lichfield,WS13 8NF,Valpak,107592,1,0,,,ORG:107592
AGRICULTURAL CENTRAL TRADING LIMITED,00713606,,,Shrewsbury,SY4 4UG,Biffpack,116093,1,0,,,ORG:116093
Agrihealth (N.I.) Ltd,NI017710,,,Craigavon,BT66 6LN,Valpak,101209,1,0,,,ORG:101209
Agrovision UK Ltd,13542221,,,London,SW1H 0DB,Valpak,117468,1,0,,,ORG:117468
Agrovista UK Limited,03525529,,,Nottingham,NG7 2PZ,Comply with Clarity,107999,1,0,,,ORG:107999
AGTC Ltd,08805177,,,Pangbourne,RG8 7JW,Kite Environmental Solutions,101257,1,0,,,ORG:101257
AH UK Animal Health (PVT) Ltd,02579457,,,London,W2 1AS,Comply with Clarity,100236,1,0,,,ORG:100236
Ahlstrom Chirnside Ltd,04033572,,,London,EC3M 7AF,Valpak Scotland Ltd (SEPA),103847,1,0,,,ORG:103847
Ahmad Tea Limited,02019274,,,Chandlers Ford,SO53 2PZ,Comply with Clarity,104817,1,0,,,ORG:104817
AI Aqua Zip UK Limited,11111719,,,Reading,RG1 3BD,REPIC,103003,3,2,Culligan Water Limited; Zip Heaters (UK) Ltd,01327099; 02649782,ORG:103003
AICO,02544399,,,Oswestry,SY10 8NR,Ecosurety (EA),106304,1,0,,,ORG:106304
Aimia Foods Limited,01542173,,,Haydock,WA11 0QZ,Comply with Clarity,104871,1,0,,,ORG:104871
Air Business Limited,01977067,,,Hatfield,AL10 9WN,Wastepack GB (SEPA),100412,1,0,,,ORG:100412
Air Liquide UK Limited,00232592,,,Birmingham,B46 1JY,Kite Environmental Solutions,100914,5,4,Air Liquide Healthcare Limited; Air Liquide Limited; Calgaz Ltd; Energas Limited,01603643; 02103630; 02230411; 05142404,ORG:100914
Air Products Group Ltd,03101747,,,Chertsey,KT16 0PS,Valpak,104703,2,1,Air Products plc,00103881,ORG:104703
Airbus Operations Limited,03468788,,,Bristol,BS34 7PA,Veolia (EA),103572,1,0,,,ORG:103572
Airea plc,00526657,,,Wakefield,WF5 0AN,Valpak,108384,2,1,Burmatex Ltd,00596538,ORG:108384
Airedale Chemical Company Limited,01149113,,,Keighley,BD20 7BX,Wastepack GB (SEPA),100763,1,0,,,ORG:100763
Airedale International Air Conditioning Limited,01173149,,,Leeds,LS19 6JY,Comply with Clarity,104938,1,0,,,ORG:104938
Airflow Developments Limited,00550374,,,High Wycombe,HP12 3QP,Packcare,101045,1,0,,,ORG:101045
Airpure International Limited,06750724,,,Manchester,M3 2PJ,Wastepack GB (SEPA),107652,1,0,,,ORG:107652
AIRSPRUNG FURNITURE LIMITED,01503406,,,Leeds,LS1 4DL,Beyondly,107160,1,0,,,ORG:107160
AIRTECH ADVANCED MATERIALS UK LTD,03153600,,,Oldham,OL9 9XD,Biffpack,103506,1,0,,,ORG:103506
Airwair International Limited,03009359,,,Wollaston,NN29 7SW,Ecosurety (EA),107067,1,0,,,ORG:107067
Aisin Europe Manufacturing (UK) Ltd.,03476832,,,Birmingham,B32 3BZ,Wastepack GB (SEPA),100927,1,0,,,ORG:100927
AJ Plumbing Supplies Ltd,NI020515,,,Newry,BT34 2QU,Scotpak (SEPA),103181,1,0,,,ORG:103181
AJINOMOTO FOODS EUROPE S.A.S.,BR015235,,,London,N7 9AH,,107886,1,0,,,ORG:107886
AKS Precision Ball Europe Ltd,02343208,,,London,EC2R 7HJ,Valpak,116579,1,0,,,ORG:116579
AKW Medi-Care Ltd,02764920,,,Droitwich Spa,WR9 0LR,Valpak,107187,1,0,,,ORG:107187
Akzo Nobel Aerospace Coatings Ltd,00938151,,,Slough,SL2 5DS,Valpak,101397,1,0,,,ORG:101397
Akzo Nobel Coatings Ltd,03124411,,,Slough,SL2 5DS,Valpak,102491,1,0,,,ORG:102491
Akzo Nobel Industrial Coatings Ltd,02648158,,,Slough,SL2 5DS,Valpak,108422,1,0,,,ORG:108422
Akzo Nobel Packaging Coatings Ltd,00059837,,,Slough,SL2 5DS,Valpak,101431,1,0,,,ORG:101431
Akzo Nobel Powder Coatings Ltd,01725413,,,Slough,SL2 5DS,Valpak,103347,1,0,,,ORG:103347
AL-KO Gardentech UK Ltd,02311359,,,Wincanton,BA9 9RS,Wastepack GB (SEPA),100293,1,0,,,ORG:100293
ALAN BAYBUTT & SONS LIMITED,04691321,,,Preston,PR4 6XJ,Beyondly,108326,1,0,,,ORG:108326
Alba Trees Ltd,02188633,,,London,SW1X 9DQ,Valpak,103836,1,0,,,ORG:103836
Albert Bartlet & Sons (Airdrie) Limited,SC037896,,,Airdrie,ML6 7SP,,106662,1,0,,,ORG:106662
ALBION COMPONENTS LTD,07163111,,,Eastleigh,SO50 9PD,Comply with Clarity,115222,1,0,,,ORG:115222
Albion Fine Foods Ltd,10379589,,,London,Sw1P 1BB,Comply with Clarity,108033,1,0,,,ORG:108033
Albis (U.K) Limited,00886913,,,Knutsford,WA16 8GS,Recycling Lives Compliance Services,105956,1,0,,,ORG:105956
Alcon Eye Care UK Ltd,00809238,,,Camberley,GU15 3YL,Valpak,106066,1,0,,,ORG:106066
ALCURA UK LIMITED,02945457,,,Woking,GU21 5BJ,Comply with Clarity,103898,1,0,,,ORG:103898
Aldi Stores Ltd,02321869,,,Atherstone,CV9 2SQ,Valpak,103104,1,0,,,ORG:103104
Aldridge Security Ltd,00835629,,,Birmingham,B11 2BF,Valpak,116082,1,0,,,ORG:116082
Alec Jarrett Limited,00723594,,,Bristol,BS30 9TN,Comply with Clarity,101166,1,0,,,ORG:101166
ALEXANDER DENNIS LIMITED,SC268016,,,Larbert,FK5 4RU,Beyondly,106781,1,0,,,ORG:106781
Alexander McQueen Trading Ltd,04438273,,,Haywards Heath,RH16 3BW,Valpak,115052,1,0,,,ORG:115052
Alexander Rose Ltd,02892358,,,Burgess Hill,RH15 9LE,Kite Environmental Solutions,100133,1,0,,,ORG:100133
Alexander Ross Holdings Limited,SC104728,,,Falkirk,FK28HT,,111510,4,3,Scottish Fine Soaps Limited; Thamesmead Business Services Limited; Unico Limited,00671154; 00861294; 00911946,ORG:111510
Alexir Packaging Limited,02381060,,,Godalming,GU7 1XW,Paperpak,103154,2,1,Alexir Co-Packers Limited,03437519,ORG:103154
Alfa Chemicals Ltd,01254437,,,Bracknell,RG42 4PZ,Valpak,103390,1,0,,,ORG:103390
ALFA LAVAL LIMITED,00187261,,,Surrey,GU15 3DN,Biffpack,103118,2,1,TRANTER LIMITED,03599898,ORG:103118
Alfrecell Limited,00665376,,,Alfreton,DE55 4RD,Wastepack GB (SEPA),105520,1,0,,,ORG:105520
Alfred Franks & Bartlett plc,02937270,,,London,N3 2JX,Valpak,103428,2,1,AFB Licensing Ltd,05415631,ORG:103428
Alfred G Pearce Limited,00980985,,,King's Lynn,PE33 0BE,Scotpak (SEPA),116924,1,0,,,ORG:116924
Alfred Price and Sons Ltd,00343399,,,Ormskirk,L40 8LT,Packcare,103486,1,0,,,ORG:103486
ALIAXIS UK LIMITED,01698059,,,Huntingdon,PE29 7DA,Biffpack,102075,1,0,,,ORG:102075
ALL ABOUT BRICKS LIMITED,02661954,,,Alfreton,DE55 2DS,Comply with Clarity,107284,1,0,,,ORG:107284
All About Food Ltd,03411600,,,Manchester,M1 2EJ,Valpak,104238,1,0,,,ORG:104238
ALL MARKET EUROPE LIMITED,07088143,,,London,EC1R 4SX,Beyondly,101558,1,0,,,ORG:101558
All Metal Services Limited,01159685,,,Sutton Coldfield,B76 1AF,Ecosurety (EA),106335,1,0,,,ORG:106335
All Pallets Ltd,02794548,,,Lewes,BN7 1JU,Valpak,115098,1,0,,,ORG:115098
All Purpose Cleaning and Catering Supplies Ltd,03713077,,,Wartnaby,LE14 3HQ,Wastepack GB (SEPA),116961,1,0,,,ORG:116961
ALL SAINTS RETAIL LIMITED,04096157,,,London,E1 6NN,Beyondly,107643,2,1,JVUK HOLDCO LIMITED,12899222,ORG:107643
All4Labels UK Ltd,02846398,,,Leeds,LS28 6QW,Valpak,106311,1,0,,,ORG:106311
Allbirds UK Ltd,11350304,,,London,E14 5HU,Valpak,106072,1,0,,,ORG:106072
Allegion (UK) Limited,00029131,,,Bury,BL9 9UE,Veolia (EA),105215,3,2,Boss Door Controls Limited; Zero Seal Systems Limited,03406782; SC351018,ORG:105215
Allen & Page Ltd,00318101,,,Thetford,IP25 7SD,ERP UK Ltd,103609,1,0,,,ORG:103609
ALLEN MARMOT (EUROPEAN) LIMITED,00929440,,,Edgware,HA8 7LF,Comply with Clarity,104760,1,0,,,ORG:104760
Allensmore Nurseries Limited,02202142,,,Hereford,HR2 9AN,Veolia (EA),102002,1,0,,,ORG:102002
Allflex UK Group Limited,07330611,,,Stanley,DH9 7YA,Wastepack GB (SEPA),105405,1,0,,,ORG:105405
Alliance Boots Holdings Limited,04452715,,,London,W1C 2JL,Veolia (EA),102507,7,6,Aromatherapy Associates Limited; Boots International Limited; Boots Opticians Professional Services Limited; Boots UK Limited; Liz Earle Beauty Co Limited; The Refinery Limited,00928555; 02108201; 03070395; 03668430; 04034358; 06779221,ORG:102507
Alliance Disposables Limited,03747333,,,Crewe,CW2 8UY,Veolia (EA),100159,1,0,,,ORG:100159
Alliance Group (NZ) Limited,01256992,,,London,N1 7LG,Comply with Clarity,104176,1,0,,,ORG:104176
Alliance Healthcare (Distribution) Ltd,03446039,,,Chessington,KT9 1SN,ERP UK Ltd,111317,1,0,,,ORG:111317
Alliance Pharmaceuticals Ltd,03250064,,,Chippenham,SN15 2BB,Valpak,111298,1,0,,,ORG:111298
ALLIANCE SANITARY PRODUCTS LIMITED,SC261393,,,EAST KILBRIDE,G75 0TD,Beyondly,106482,1,0,,,ORG:106482
Alliance Wine Company Ltd,SC090255,,,,KA15 1LN,Scotpak (SEPA),100324,2,1,H2Vin Limited,06977075,ORG:100324
Allied Comline Limited,03425533,,,Bedford,MK43 9ST,Wastepack GB (SEPA),102859,1,0,,,ORG:102859
Allied International Trading Ltd,03232058,,,Smethwick,B66 2NN,Valpak,104593,1,0,,,ORG:104593
Allied Mills Limited,12777595,,,London,W1K 4QY,Comply with Clarity,101539,1,0,,,ORG:101539
Alligator Products Limited,09117606,,,London,N3 2JX,,116042,1,0,,,ORG:116042
Allison Baby UK Limited,07584473,,,London,EC4M 7AN,Wastepack GB (SEPA),100912,1,0,,,ORG:100912
Allmand - Smith Limited,00960001,,,Congleton,CW12 1ET,Ecosurety (EA),102551,1,0,,,ORG:102551
Allmanhall Ltd,05935849,,,Corsham,SN13 0NY,Beyondly,107754,1,0,,,ORG:107754
Allnex Resins UK Limited,05235281,,,London,W1S 4HQ,Valpak,115980,1,0,,,ORG:115980
ALLOGA UK LIMITED,03169255,,,Alfreton,DE55 2FH,Biffpack,101735,1,0,,,ORG:101735
Allpack Packaging Limited,08431220,,,Kingswood Lakeside,WS11 8LD,Wastepack GB (SEPA),116195,1,0,,,ORG:116195
ALLPRESS ESPRESSO UK LIMITED,07125414,,,London,EC1A 7BN,Beyondly,116113,1,0,,,ORG:116113
ALLPRINT SUPPLIES LIMITED,03744718,,,Slough,SL1 4PY,Biffpack,106372,1,0,,,ORG:106372
Alltech (U.K.) Limited,01634012,,,Stamford,PE9 1TZ,Wastepack GB (SEPA),114869,1,0,,,ORG:114869
Allwise Holdings Limited,11162691,,,London,W1U 7EU,Ecosurety (EA),103230,3,2,Justwise Group Limited; Justwise International Limited,02392466; 03547423,ORG:103230
ALLWYN ENTERTAINMENT LTD,13157556,,,Watford,WD17 1JA,,116811,1,0,,,ORG:116811
Almac Group Ltd,NI041551,,,Craigavon,BT63 5QD,Valpak,101254,5,4,Almac Clinical Services Ltd; Almac Diagnostic Services Limited; Almac Pharma Services Ltd; Almac Sciences Ltd,NI041550; NI041905; NI043067; NI045055,ORG:101254
Alpargatas UK Ltd,06590653,,,Cheshire,SK7 2DH,Valpak,108569,1,0,,,ORG:108569
ALPEK POLYESTER UK LTD,07108602,,,Redcar,TS10 4XZ,Beyondly,105611,1,0,,,ORG:105611
Alpha 3 Manufacturing Ltd,01065925,,,Scunthorpe,DN15 8RF,Valpak,107788,2,1,Tekdata Interconnections Ltd,00967924,ORG:107788
Alpha Adhesives & Sealants Limited,02154019,,,Stourport-On-Severn,DY13 9RH,Comply with Clarity,100786,1,0,,,ORG:100786
Alpha Coatings Limited,07836091,,,Sheerness,ME12 3XS,Smart Comply (EA),102841,1,0,,,ORG:102841
Alpha Laboratories Ltd,01215816,,,London,EC1M 6EE,Valpak,114481,1,0,,,ORG:114481
Alpha Therm Limited,00882439,,,Sevenoaks,TN15 7RS,Veolia (EA),105905,1,0,,,ORG:105905
Alphatheta EMEA Ltd,09230173,,,London,N7 9AH,Valpak,107842,1,0,,,ORG:107842
ALPLA UK LIMITED,02482190,,,Warrington,WA3 3JD,Beyondly,102226,1,0,,,ORG:102226
Alpro (UK) Ltd,03708934,,,Kettering,NN15 5YT,Valpak,104975,1,0,,,ORG:104975
Alsico Laucuba Ltd,06224973,,,Preston,PR2 9ZD,Ecosurety (EA),102169,1,0,,,ORG:102169
Alstom Engineering And Services Ltd,02235994,,,Derby,DE24 8AD,Valpak,102593,1,0,,,ORG:102593
Alstons (Upholstery) Limited,00491171,,,Colchester,CO2 9JU,Wastepack GB (SEPA),106672,1,0,,,ORG:106672
Altair (UK) Ltd,08774049,,,Hemel Hempstead,HP2 4TZ,Valpak,117429,1,0,,,ORG:117429
Altecnic Ltd,02095101,,,Stafford,ST16 1WQ,Valpak,100506,1,0,,,ORG:100506
Alti`s Catering Ltd,05249209,,,London,N13 4XS,Comply with Clarity,115207,1,0,,,ORG:115207
Altnet Solutions Ltd,12594543,,,Brighton,BN2 5ZB,Comply with Clarity,108278,1,0,,,ORG:108278
Altonpride Limited,02382415,,,Amersham,HP6 6AA,Wastepack GB (SEPA),116346,1,0,,,ORG:116346
ALTRIPAN UK LIMITED,06245964,,,Abergavenny,NP7 5NW,Biffpack,102178,1,0,,,ORG:102178
Altro Ltd,00154159,,,Letchworth Garden City,SG6 1NW,Valpak,100462,1,0,,,ORG:100462
Altruist Brands Ltd,SC695154,,,Glasgow,G41 1EJ,Beyondly,115755,1,0,,,ORG:115755
AluK (GB) Limited,02881320,,,Chepstow,NP16 6UD,Wastepack GB (SEPA),101338,1,0,,,ORG:101338
Aluminium Roofline Products Limited,03876125,,,Kettering,NN15 5JP,Veolia (EA),101145,1,0,,,ORG:101145
Alvis Brothers Limited,00502230,,,Bristol,BS40 5RH,Wastepack GB (SEPA),106371,1,0,,,ORG:106371
Alwayse Engineering Limited,00362715,,,Birmingham,B64NF,Comply with Clarity,116258,1,0,,,ORG:116258
AM Fresh Group UK Limited,08605370,,,London,N1 9AG,Wastepack GB (SEPA),108575,5,4,AM Fresh UK Limited; AM Freshly Squeezed Limited; AMK Peterborough Fruit Services Ltd; AMT Fresh Limited,04526463; 06834698; 11427684; 11724620,ORG:108575
Amada United Kingdom Limited,01063206,,,Kidderminster,DY10 1XS,Ecosurety (EA),101038,1,0,,,ORG:101038
Amann Threads UK Limited,00519347,,,Ashton-Under-Lyne,OL7 0PJ,Wastepack GB (SEPA),102686,1,0,,,ORG:102686
AMARI METALS ENGINEERING GROUP LIMITED,14134425,,,Wednesbury,WS10 7WP,Biffpack,108070,17,16,ABL (ALUMINIUM COMPONENTS) LIMITED; ALUMINIUM SHAPES LIMITED; AMARI COPPER ALLOYS LIMITED; AMARI PRECISION TUBES LIMITED; ANGLO METAL FORMING LIMITED; CAPITAL ALUMINIUM EXTRUSIONS LIMITED; CASHMORES METALS LIMITED; D H STAINLESS LIMITED; DURBIN METAL INDUSTRIES LIMITED; EDMO LIMITED; ENFIELD TUBES LIMITED; G AND H STAINLESS LIMITED; S.S.E. PIPEFITTINGS LIMITED; STAINLESS METRIC STOCK LIMITED; THE ALTERNATIVE STEEL COMPANY LIMITED; YORKSHIRE STAINLESS LIMITED,01141972; 01369366; 01507556; 01631973; 02535536; 02711105; 02943591; 03218112; 03603229; 03921671; 04054579; 04263619; 07325894; 07392422; 07467003; 09312969,ORG:108070
AMARI METALS LIMITED,02023155,,,Wednesbury,WS10 7WP,Biffpack,103629,3,2,AALCO METALS LIMITED; RIGHTON & BLACKBURNS LIMITED,00143411; 03551533,ORG:103629
AMASIS LTD,04270218,,,ANDOVER,SP10 5LH,Packcare,106893,1,0,,,ORG:106893
Amathus Drinks Plc,01689532,,,London,NW10 7ST,Valpak,105164,1,0,,,ORG:105164
Amazon EU S.à r.l.,,,,Luxembourg,1855,Comply with Clarity,108619,1,0,,,ORG:108619
Amazon EU SARL  UK Branch,FC032354,,,London,EC2A 2FA,Comply with Clarity,103051,1,0,,,ORG:103051
AMAZON FILTERS LIMITED,01318147,,,Camberley,GU16 7PG,Biffpack,100529,1,0,,,ORG:100529
AMBALA FOODS LIMITED,06544656,,,Enfield,EN3 7PJ,Beyondly,117415,1,0,,,ORG:117415
AMBER BEVERAGE UK LIMITED,03705002,,,London,WC2E 7PP,Beyondly,105809,1,0,,,ORG:105809
Amber House Ltd,05317536,,,Lewe,BN8 5FF,Packcare,106929,1,0,,,ORG:106929
Amber Taverns Limited,05335601,,,Blackpool,FY1 3NW,Ecosurety (EA),101847,1,0,,,ORG:101847
Ambican (UK) Ltd,05803209,,,Harrow,HA2 7SA,Kite Environmental Solutions,101934,1,0,,,ORG:101934
AMC Natural Drinks UK Ltd,12224593,,,London,EC4A 3TW,Valpak,103905,1,0,,,ORG:103905
Amcol Minerals EU Ltd,04374403,,,London,E1 6RS,Valpak,106090,3,2,Amcol Minerals Europe Ltd; CETCO (Europe) Ltd.,02347184; 03092362,ORG:106090
AMCOR FLEXIBLES DISTRIBUTION UK LIMITED,00949464,,,Swansea,SA7 9BB,Beyondly,107531,1,0,,,ORG:107531
AMCOR FLEXIBLES SWANSEA LIMITED,04039373,,,Swansea,SA7 9BB,Beyondly,104886,1,0,,,ORG:104886
AMCOR FLEXIBLES UK LIMITED,02808801,,,Bristol,BS30 8XP,Beyondly,102807,2,1,AMCOR FLEXIBLES WINTERBOURNE LIMITED,02456291,ORG:102807
AMCOR PACKAGING UK LIMITED,00409295,,,Bristol,BS30 8XP,Beyondly,105139,1,0,,,ORG:105139
Amega Sciences Limited,01840633,,,Daventry,NN11 8PH,Wastepack GB (SEPA),106026,1,0,,,ORG:106026
Amelia Knight Ltd,03142087,,,Knutsford,WA16 8ZR,Valpak,111262,1,0,,,ORG:111262
AMENITY HORTICULTURAL SERVICES LIMITED,02803955,,,Rye,TN31 6QN,Beyondly,106136,1,0,,,ORG:106136
Amer Sports UK Services Limited,SC036215,,,Irvine,KA11 4HU,Wastepack GB (SEPA),102817,2,1,Amer Sports UK Limited,02757365,ORG:102817
Ametek European Holdings Ltd,07397586,,,Leicester,LE4 9JD,Valpak,105399,12,11,AEM Ltd; AMETEK (GB) Ltd; AMETEK Airtechology Group Ltd; Abaco Systems Ltd; Alphasense Ltd; Fine Tubes Ltd; Land Instruments International Ltd; Muirhead Aerospace Ltd; Nu Instruments Ltd; Solartron Metrology Ltd; Taylor Hobson Ltd,00381159; 00499805; 00560015; 00620201; 01659383; 02151516; 02569386; 03046042; 03230332; 03264282; 04220056,ORG:105399
AMG Chrome Ltd,00345279,,,Rotherham,S60 1DL,Valpak,100837,2,1,AMG Alpoco UK Ltd,00961050,ORG:100837
AMG Group Limited,SC244104,,,Port Glasgow,PA14 6TD,,108253,1,0,,,ORG:108253
Amgen Limited,02354269,,,Cambridge,CB4 0WA,,106145,1,0,,,ORG:106145
Amipak Ltd,03708621,,,Croydon,CR0 3RL,ERP UK Ltd,104910,1,0,,,ORG:104910
AMIROSE LONDON LIMITED,07103699,,,Thetford,IP24 1HZ,Biffpack,108247,1,0,,,ORG:108247
Amnack Limited,03165185,,,Doncaster,DN5 0SJ,Wastepack GB (SEPA),105090,1,0,,,ORG:105090
AMO United Kingdom Ltd,04359842,,,Wokingham,RG40 3EW,Valpak,115136,1,0,,,ORG:115136
Amphenol Invotec Limited,01994112,,,Tamworth,B77 5HH,,117430,1,0,,,ORG:117430
AMPHENOL LIMITED,00784278,,,Whitstable,CT5 3JF,,111855,1,0,,,ORG:111855
Amphenol Thermometrics (UK) Ltd,02310013,,,Taunton,TA2 8QY,Valpak,117507,1,0,,,ORG:117507
Ampulla Ltd,05928812,,,Hyde,SK14 2NY,Valpak,115090,1,0,,,ORG:115090
Amway (UK) Ltd,04088907,,,Birmingham,B3 3AX,Valpak,103128,1,0,,,ORG:103128
Analytichem UK Ltd,01159518,,,Bicester,OX26 4XB,Ecosurety (EA),100202,1,0,,,ORG:100202
Anchor Magnets Limited,08610402,,,Sheffield,S9 5AH,Wastepack GB (SEPA),104302,1,0,,,ORG:104302
ANCIENT WISDOM MARKETING LIMITED,04108870,,,Sheffield,S9 1XT,Beyondly,111514,1,0,,,ORG:111514
Ancol Pet Products Limited,01019480,,,Bloxwich,WS2 7DA,Veolia (EA),106690,1,0,,,ORG:106690
Andaray (Holdings) Ltd,01156047,,,Sheffield,S9 1RS,Valpak,102344,4,3,Beck Prosper Ltd; Cooper & Turner Ltd; Cooper and Turner Distribution Ltd,04021697; 05285967; 08370622,ORG:102344
AndersonBrecon (UK)Ltd,02543975,,,Cardiff,CF10 4AZ,,106319,3,2,Biotec Services International Limited; Penn Pharmaceutical Services Limited,01331447; 03483808,ORG:106319
Anderton Board and Packaging Ltd,05019441,,,Manchester,M3 7BG,Valpak,104066,1,0,,,ORG:104066
Anderton Music Retailing Limited,,,,Guildford,GU1 4RF,Comply with Clarity,111585,1,0,,,ORG:111585
Andreas Stihl Ltd,01376302,,,Camberley,GU15 3FG,Valpak,103650,1,0,,,ORG:103650
Andrew Design & Integration UK Ltd,05531272,,,Malton,YO17 6AE,Valpak,103892,1,0,,,ORG:103892
Andrew Ingredients Ltd,NI007639,,,Lisburn,BT28 2EX,Comply with Clarity,108488,1,0,,,ORG:108488
Andrew Marr International Limited,02011550,,,Hessle,HU13 0EE,Paperpak,105055,3,2,Fastnet Fish Limited; Marrfish Limited,02091078; 07058960,ORG:105055
Andrew Technologies AG,FC012671,,,Zurich,8001,Valpak,104278,1,0,,,ORG:104278
Andrew Technologies UK,BR000675,,,John Smiths Business Park,KY2 6NA,Valpak Scotland Ltd (SEPA),102269,1,0,,,ORG:102269
Andrews Flour Mills Limited,NI632205,,,Belfast,BT13 2HW,,107664,1,0,,,ORG:107664
Andros UK Ltd,06661569,,,Frome,BA11 2NQ,Valpak,114956,1,0,,,ORG:114956
Andy Thornton Limited,05566738,,,Elland,HX5 0EE,Wastepack GB (SEPA),108207,1,0,,,ORG:108207
Angelcare Corporate UK Ltd,06051294,,,Stone,ST15 0TL,Valpak,104402,1,0,,,ORG:104402
ANGLING DIRECT PLC,05151321,,,Norwich,NR13 6LH,Biffpack,104180,1,0,,,ORG:104180
ANGLO BEEF PROCESSORS,,,,,,Biffpack,106217,4,3,ANGLO BEEF PROCESSORS UK; KETTYLE FOODS; LINDEN FOODS,02925718; NI014930; NI046394,ORG:106217
Anglo Global Property Ltd,10688906,,,Manchester,M2 3DE,Wastepack GB (SEPA),105889,1,0,,,ORG:105889
Anglo-Norden Forest Products Limited,01003796,,,Ipswich,IP3 0BT,Ecosurety (EA),107640,1,0,,,ORG:107640
ANGUS SOFT FRUITS LIMITED,SC185769,,,Arbroath,DD11 5SD,Beyondly,103017,1,0,,,ORG:103017
Anikin Ltd,11960313,,,London,E1 6JJ,Wastepack GB (SEPA),114540,1,0,,,ORG:114540
Anker Technology (UK) Ltd,08766135,,,Watford,WD17 1JA,ERP UK Ltd,101110,1,0,,,ORG:101110
Ann Summers Ltd.,01034349,,,Whyteleafe,CR3 0GG,Ecosurety (EA),104202,1,0,,,ORG:104202
Annaghmore Agencies Ltd,NI026511,,,Portadown,BT62 1NA,Comply with Clarity,107867,1,0,,,ORG:107867
Annie Sloan Interiors Ltd,07282974,,,Cowley,OX4 6TU,Comply with Clarity,106453,1,0,,,ORG:106453
Annodata Ltd,02246366,,,Hemel Hempstead,HP2 7TG,ERP UK Ltd,103946,1,0,,,ORG:103946
Anon UK Holding Limited,05310738,,,Leeds,LS10 1SD,Wastepack GB (SEPA),105440,1,0,,,ORG:105440
Anpario Plc,03345857,,,Worksop,S80 2RS,Kite Environmental Solutions,115891,1,0,,,ORG:115891
Ansell (Sales & Distribution) Limited,01638648,,,Golborne,WA3 3JD,Wastepack Northern Ireland (NIEA),104186,1,0,,,ORG:104186
Ansell Electrical Products Limited,04134581,,,Warrington,WA3 3JD,Wastepack GB (SEPA),103984,1,0,,,ORG:103984
Ansio Ltd,09088954,,,Surrey,SM1 4FS,ERP UK Ltd,102647,1,0,,,ORG:102647
Antalis Limited,01088345,,,Coalville,LE67 1LE,Smart Comply (EA),106027,1,0,,,ORG:106027
Antec International Ltd,00690279,,,Sudbury,CO10 2XD,Valpak,105563,1,0,,,ORG:105563
Anthony Rowcliffe And Son Ltd,02213734,,,Redhill,RH1 1LQ,Valpak,103614,1,0,,,ORG:103614
Antolin Interiors UK Limited,01676532,,,Redditch,B98 9HL,Wastepack GB (SEPA),106439,1,0,,,ORG:106439
Antonelli Bros.Limited,00774204,,,Irlam,M44 6RA,,105977,1,0,,,ORG:105977
AO Retail Limited,03914998,,,Bolton,BL6 4SD,Wastepack GB (SEPA),107058,1,0,,,ORG:107058
AOC Resins UK Ltd,04020043,,,Bury St. Edmunds,IP28 6JY,Valpak,107153,1,0,,,ORG:107153
APAC Group Limited,04019499,,,Loughborough,LE11 3NP,ERP UK Ltd,111515,1,0,,,ORG:111515
Apelson Appliances UK Ltd,08265471,,,Normanton,WF6 1TR,Wastepack GB (SEPA),101955,1,0,,,ORG:101955
Apetito Ltd,00233851,,,Trowbridge,BA14 8RJ,Valpak,108052,1,0,,,ORG:108052
APEX STAINLESS FASTENERS LIMITED,02631068,,,Wednesbury,WS10 7WW,Biffpack,107059,1,0,,,ORG:107059
API Transfer Technologies Ltd,SC655194,,,Edinburgh,EH3 9WJ,Valpak Scotland Ltd (SEPA),104169,1,0,,,ORG:104169
APOLLO GARDENING LIMITED,04357353,,,Sheffield,S3 8AU,,100566,1,0,,,ORG:100566
Apollo Housewares Limited,02144465,,,Cannock,WS11 7FD,Wastepack GB (SEPA),104622,1,0,,,ORG:104622
Apparel Brands Limited,09774109,,,Manchester,M1 1FR,Wastepack GB (SEPA),108355,3,2,Bench Fashion Limited; Nicce Fashon Limited,13780633; 14777044,ORG:108355
Apple Retail UK Ltd,04996702,,,London,EC2R 7HJ,Valpak,107136,1,0,,,ORG:107136
APPLEBY WESTWARD GROUP LIMITED,01791158,,,Saltash,PL12 6LX,Beyondly,101262,3,2,GILLETT'S (CALLINGTON) LIMITED; WESSEX RETAIL LIMITED,02019776; 12205715,ORG:101262
Applied Medical UK Ltd,06126148,,,Bootle,L30 6AD,Valpak,115126,1,0,,,ORG:115126
Applied Nutrition PLC,09131749,,,Liverpool,L33 7UG,Wastepack GB (SEPA),105473,1,0,,,ORG:105473
APS GROUP GLOBAL LIMITED,06517986,,,Stockport,SK3 0ZP,Paperpak,101820,3,2,APS Group (Scotland) Limited; Allied Publicity Services (Manchester) Limited,00681528; SC369510,ORG:101820
APS Produce Limited,03394705,,,Chichester,PO20 1NW,Comply with Clarity,105356,2,1,THE TOMATO STALL,06318709,ORG:105356
Aptar UK Ltd,01411301,,,Leeds,LS27 0LL,Valpak,103231,1,0,,,ORG:103231
AQL INTERNATIONAL LTD,08599466,,,Bolton,BL3 3PR,Packcare,106111,1,0,,,ORG:106111
Aqua Carpatica UK Ltd,11482845,,,Uxbridge,UB8 1JG,ERP UK Ltd,107325,1,0,,,ORG:107325
Aqua Cure Limited,06330499,,,Burscough,L40 8AF,Ecosurety (EA),101852,1,0,,,ORG:101852
Aqualisa Products Ltd,01281596,,,Kent,TN16 1DE,Valpak,108563,1,0,,,ORG:108563
Aqualona Products Limited,01136473,,,London,NW6 3BT,Wastepack GB (SEPA),111333,1,0,,,ORG:111333
Aquaphor UK Ltd,12158751,,,Reading,RG4 5BY,Wastepack GB (SEPA),115845,1,0,,,ORG:115845
Aquascot Limited,SC262080,,,Alness,IV17 0PJ,Comply with Clarity,108495,1,0,,,ORG:108495
Aquaspersions Limited,01167065,,,Halifax,HX3 6AQ,Wastepack GB (SEPA),102916,1,0,,,ORG:102916
Aquilant Northern Ireland Limited,NI006959,,,Belfast,BT23 6BL,Packcare,104777,1,0,,,ORG:104777
Arabelle Services UK Ltd,04347573,,,Rugby,CV21 2NH,Valpak,112260,1,0,,,ORG:112260
ARADA LIMITED,02285119,,,Axminster,EX13 5HU,Beyondly,107145,1,0,,,ORG:107145
Aramark Ltd,00983951,,,London,WC1X 8BB,Valpak,104087,1,0,,,ORG:104087
Arbonne UK Limited,05755179,,,Bristol,BS1 6FL,Wastepack GB (SEPA),103166,1,0,,,ORG:103166
ARC Building Solutions Ltd,06338081,,,Leeds,LS27 7JZ,Valpak,100689,1,0,,,ORG:100689
Arcelormittal Distribution Solutions UK Limited,01669950,,,Willenhall,WV13 3SE,Smart Comply (EA),102389,1,0,,,ORG:102389
ArcelorMittal Kent Wire Ltd,02153671,,,Chatham,ME5 0AD,ERP UK Ltd,103907,1,0,,,ORG:103907
ARCH TIMBER PROTECTION LIMITED,00422330,,,Manchester,M9 8GQ,Biffpack,107031,2,1,ARCH UK BIOCIDES LIMITED,04987690,ORG:107031
ARCHIVIST LIMITED,05296847,,,Chipping Norton,OX7 6NU,,117012,1,0,,,ORG:117012
Archroma UK  Ltd,08461738,,,London,E14 5HU,Valpak,107137,1,0,,,ORG:107137
Archwood Ltd,02037421,,,Wrexham,LL14 5RL,Valpak,102306,1,0,,,ORG:102306
Arco Limited,00133804,,,Hull,HU1 1BH,ERP UK Ltd,101013,2,1,Arco Professional Safety Services Limited,02712780,ORG:101013
Arconic Manufacturing (GB) Ltd,00633328,,,Birmingham,B33 9QR,Valpak,102215,1,0,,,ORG:102215
Arctic Hayes Limited,01582704,,,Leeds,LS11 0LR,Comply with Clarity,108492,1,0,,,ORG:108492
Arcturus Publishing Ltd,02873890,,,Canterbury,CT1 3DN,Valpak,108669,1,0,,,ORG:108669
Ardagh Glass Limited,00567801,,,Knottingley,WF11 0HP,Comply with Clarity,101623,1,0,,,ORG:101623
Ardagh Metal Packaging Holdings Uk Ltd,07832417,,,Deeside,CH5 2LB,Comply with Clarity,107220,1,0,,,ORG:107220
Ardale International Limited,03443642,,,Knutsford,WA16 8GS,Wastepack GB (SEPA),115865,1,0,,,ORG:115865
ARDBLAIR SPORTS IMPORTERS LIMITED,SC062120,,,Blairgowrie,PH10 6NW,Comply with Clarity,106949,1,0,,,ORG:106949
ARDEN FINE FOODS (UK) LIMITED,02572217,,,Coventry,CV4 9XA,Beyondly,100479,1,0,,,ORG:100479
Arden Lea Nurseries Limited,00475644,,,Preston,PR4 6AA,Wastepack GB (SEPA),116962,1,0,,,ORG:116962
ARDEN WOOD SHAVINGS LIMITED,02592924,,,London,N1 9JY,Beyondly,106179,1,0,,,ORG:106179
Ardex UK Limited,00668297,,,Haverhill,CB9 8QP,Ecosurety (EA),104246,1,0,,,ORG:104246
Arena Online Limited,06675240,,,Droitwich,WR9 9AN,Comply with Clarity,104185,2,1,PATCH GARDENS LTD,09897155,ORG:104185
ARGENT FOODS LIMITED,07081161,,,Colchester,CO4 9YQ,Biffpack,103652,4,3,BELWOOD FOODS LIMITED; NORTON FOLGATE MARKETING LTD; ORCHARDWORLD LIMITED,00694011; 02382285; 03303244,ORG:103652
Argolin Ltd,01383446,,,Liphook,GU30 7PG,Valpak,111188,1,0,,,ORG:111188
Argos limited,01081551,,,London,EC1M 6HA,Ecosurety (EA),106275,1,0,,,ORG:106275
Ariat Europe Ltd,02182529,,,Didcot,OX11 0LU,Valpak,101049,1,0,,,ORG:101049
Ariel Plastics Limited,02257976,,,Chesterfield,S43 3JP,Veolia (EA),108021,1,0,,,ORG:108021
Arighi Bianchi & Co Ltd,00066706,,,Macclesfield,SK10 1LH,ERP UK Ltd,112381,1,0,,,ORG:112381
Ariston U.K. Ltd,01992524,,,Brentwood,CM14 4DR,Wastepack GB (SEPA),101360,1,0,,,ORG:101360
Arjo UK Limited,10842512,,,Luton,LU2 0HL,Ecosurety (EA),103140,1,0,,,ORG:103140
Arkell's Brewery Limited,00226913,,,Swindon,SN2 7RU,Ecosurety (EA),101655,1,0,,,ORG:101655
Arkema UK Limited,07609424,,,Stafford,ST16 3EH,Wastepack GB (SEPA),106983,1,0,,,ORG:106983
Arla Foods Ingredients Taw Valley Ltd,07425578,,,Leeds,LS10 1AB,Valpak,104670,1,0,,,ORG:104670
Arla Foods Ltd,02143253,,,Leeds,LS10 1AB,Valpak,103926,1,0,,,ORG:103926
Armacell UK Limited,03729805,,,Oldham,OL9 6LY,Comply with Clarity,104668,1,0,,,ORG:104668
Armatile Limited,NI018558,,,Armagh,BT61 7NP,Wastepack Northern Ireland (NIEA),103769,1,0,,,ORG:103769
ARMIT WINES LIMITED,01609571,,,London,W6 0LG,Beyondly,101719,1,0,,,ORG:101719
ARMOUR PLASTICS LIMITED,01013613,,,Sunderland,SR4 9EN,Biffpack,100819,1,0,,,ORG:100819
ARNE CLO LTD,11404914,,,Warrington,WA3 6ZN,Beyondly,108306,1,0,,,ORG:108306
ARNOLD CLARK AUTOMOBILES LIMITED,SC036386,,,Glasgow,G52 4FH,Biffpack,105028,1,0,,,ORG:105028
Arnold Wills And Company Ltd,00417612,,,Oakham,LE15 9TZ,Valpak,104709,1,0,,,ORG:104709
Aromatize Limited,08290656,,,Accrington,BB5 5JW,Ecosurety (EA),101027,1,0,,,ORG:101027
Arora Hotels Ltd,05523006,,,Hounslow,TW6 2SF,Valpak,107671,11,10,Arora SLG Ltd; Buckinghamshire Golf Company Ltd; Excel Hospitality Ltd; Grove F&B Ltd; Grove HR Ltd; Grove T5 Ltd; Grove WP Limited; Heathrow T2 Hotel Ltd; Luton Hoo Park Ltd; Meridian Hotel Operations Ltd,02395603; 03648488; 07601305; 08123486; 08335267; 08478795; 08609217; 08906860; 09892323; 12107460,ORG:107671
ARRAN AROMATICS LIMITED,08399920,,,Leeds,LS1 2HL,Beyondly,105983,1,0,,,ORG:105983
ARRIS Global Ltd,01672847,,,London,WC2B 5AH,Valpak,112467,1,0,,,ORG:112467
Arrow County Supplies Limited,06355141,,,London,W1H 7JT,Paperpak,100252,1,0,,,ORG:100252
Arrow Electronics (UK) Limited,02582534,,,Harlow,CM17 9NA,Comply with Clarity,104337,1,0,,,ORG:104337
Arrow Group Global Ltd,09836261,,,Lowestoft,NR33 0TP,Beyondly,115414,1,0,,,ORG:115414
ART MARKETING LIMITED,01534760,,,Redbourn,AL3 7LG,,111226,1,0,,,ORG:111226
Arthrex Limited,03199094,,,Sheffield,S9 1DZ,Kite Environmental Solutions,101734,1,0,,,ORG:101734
Arthur David (Food With Service) Limited,02059424,,,Bristol,BS39 5XR,Paperpak,102026,1,0,,,ORG:102026
ARTIFEX INTERIOR SYSTEMS LIMITED,05611434,,,Solihull,B37 7HE,Biffpack,107127,1,0,,,ORG:107127
Artisan Biscuits Ltd,01138283,,,Chippenham,SN14 8HZ,Valpak,106927,1,0,,,ORG:106927
ARVATO SCM UK LIMITED,05019402,,,BIRMINGHAM,b46 1al,Beyondly,114948,1,0,,,ORG:114948
Arwem Food Distribution UK Ltd,07258005,,,Purley,CR8 2BR,Valpak,107747,1,0,,,ORG:107747
Aryzta Bakeries UK Ltd,03010158,,,Dunstable,LU5 4TP,Comply with Clarity,107483,1,0,,,ORG:107483
ASA UK & Ireland Limited,03987754,,,Liverpool,L2 9TL,Wastepack GB (SEPA),101303,1,0,,,ORG:101303
Asahi UK Ltd,11778384,,,London,W4 2QB,Ecosurety (EA),102517,1,0,,,ORG:102517
ASC Cartons Limited,01551487,,,Shipley,BD18 1DZ,Wastepack GB (SEPA),103081,1,0,,,ORG:103081
ASC REGENITY LIMITED,10523270,,,London,W1C 2PE,Beyondly,108338,1,0,,,ORG:108338
Ascensia Diabetes Care UK Ltd,09745524,,,Newbury,RG14 1JB,Valpak,102710,1,0,,,ORG:102710
ASCO FOODS LIMITED,04095454,,,Amersham,HP6 6FT,Beyondly,117281,1,0,,,ORG:117281
Ascot Signs Ltd,NI616201,,,Londonderry,BT47 6UQ,Comply with Clarity,116832,1,0,,,ORG:116832
ASD Lighting PLC,01677887,,,Rotherham,S61 4RJ,Wastepack GB (SEPA),106501,1,0,,,ORG:106501
Asda Stores Ltd,00464777,,,Leeds,LS11 5AD,Valpak,107079,1,0,,,ORG:107079
ASG Group Limited,00957576,,,Derby,DE24 8PX,Wastepack GB (SEPA),100628,1,0,,,ORG:100628
Ash & Lacy Building Systems Limited,00149058,,,Smethwick,B66 2RL,Wastepack GB (SEPA),115280,1,0,,,ORG:115280
Ash & Lacy Perforating Limited,10805479,,,Smethwich,B66 2RL,Wastepack GB (SEPA),108671,1,0,,,ORG:108671
Ash & Lacy Solutions Limited,10805226,,,Smethwick,B66 2RL,Wastepack GB (SEPA),115281,1,0,,,ORG:115281
ASHI GROUP LIMITED,02540020,,,Norwich,NR6 6EU,Biffpack,101617,1,0,,,ORG:101617
ASHLEIGH & BURWOOD LIMITED,02732655,,,West Molesey,KT8 2NU,,105920,1,0,,,ORG:105920
Ashley Wilde Group Limited,00477955,,,Welham Green,AL9 7LD,Wastepack GB (SEPA),106894,1,0,,,ORG:106894
Ashworth and Parker Ltd,06866013,,,Washington,NE37 1EZ,Valpak,117000,1,0,,,ORG:117000
Asia Supermarket,NI614146,,,Belfast,BT6 8LU,Wastepack Northern Ireland (NIEA),100504,1,0,,,ORG:100504
Asics UK Ltd,02104906,,,Warrington,WA3 6AE,Valpak,107803,1,0,,,ORG:107803
ASK CHEMICALS UK LTD,07359197,,,Droitwich,WR9 0NS,Biffpack,101242,1,0,,,ORG:101242
Askern UK Limited,00564890,,,Pontefract,WF9 3NR,Veolia (EA),102366,1,0,,,ORG:102366
Aslotel Limited,02064874,,,Leatherhead,KT22 8DN,Wastepack GB (SEPA),100214,1,0,,,ORG:100214
Asmodee UK Limited,03055732,,,Bordon,GU35 9GQ,Kite Environmental Solutions,100971,1,0,,,ORG:100971
ASOS.com Ltd,03584121,,,London,NW1 7FB,Valpak,111234,1,0,,,ORG:111234
Aspen Pumps Limited,08291827,,,Hailsham,BN27 3WA,Ecosurety (EA),102815,1,0,,,ORG:102815
ASPINAL OF LONDON LIMITED,05081390,,,Fernhurst,GU27 3HA,Beyondly,100323,1,0,,,ORG:100323
ASPIRE FURNITURE LIMITED,08445275,,,Barnsley,S70 6AF,Beyondly,108549,1,0,,,ORG:108549
Aspire Pharma Limited,06828501,,,Godalming,GU7 1DS,ERP UK Ltd,107384,1,0,,,ORG:107384
Assa Abloy Ltd,02096505,,,Willenhall,WV13 3PW,Valpak,104099,4,3,Carlisle Brass Ltd; Heywood Williams Components Ltd; P.C. Henderson Ltd,01188468; 02022858; 02523354,ORG:104099
Assisi Pet Care Limited,01189456,,,London,N1 9BN,Ecosurety (EA),102144,1,0,,,ORG:102144
ASSOCIATED INDEPENDENT STORES LIMITED,00912655,,,Solihull,B90 4LF,Beyondly,106344,1,0,,,ORG:106344
Associated Pallets Limited,02679001,,,Totton,SO40 4TE,Wastepack GB (SEPA),100794,1,0,,,ORG:100794
Associated Seafoods Ltd,SC361498,,,Edinburgh,EH3 8BP,Scotpak (SEPA),115103,4,3,Loch Fyne Oysters Limited; Lossie Seafoods Limited; Moray Seafoods Limited,SC066647; SC145004; SC409689,ORG:115103
ASSURED PRODUCTS LIMITED,07053634,,,Ashtead,KT21 1AT,Beyondly,117237,1,0,,,ORG:117237
Assured Solutions Limited,02238356,,,Swadlincote,DE12 7DS,Smart Comply (EA),105149,1,0,,,ORG:105149
Astellas Pharma Ltd.,00787610,,,Addlestone,KT15 2NX,Paperpak,101981,1,0,,,ORG:101981
Astemo UK  Ltd.,03302684,,,Bolton,BL6 6JH,Ecosurety (EA),112468,1,0,,,ORG:112468
Aston & Fincher Limited,00970902,,,Birmingham,B6 7BB,Kite Environmental Solutions,100105,1,0,,,ORG:100105
Aston Chemicals Ltd,02473404,,,Aylesbury,HP19 8AP,Valpak,106860,1,0,,,ORG:106860
Aston Manor Limited,01699439,,,Birmingham,B6 7BH,Ecosurety (EA),101056,1,0,,,ORG:101056
ASTON MARTIN LAGONDA LIMITED,01199255,,,Warwick,CV35 0DB,Biffpack,104233,1,0,,,ORG:104233
AstraZeneca UK Limited,03674842,,,Cambridge,CB2 0AA,Veolia (EA),107320,1,0,,,ORG:107320
Astro Lighting Limited,03314935,,,Harlow,CM20 2GJ,Wastepack GB (SEPA),106621,1,0,,,ORG:106621
Astroluxe Ltd,01219691,,,Birmingham,B29 6LR,Valpak,103619,1,0,,,ORG:103619
ASTRUM WINE CELLARS LIMITED,03321771,,,Mitcham,CR4 4FG,Beyondly,101052,1,0,,,ORG:101052
Astute Electronics Limited,02326213,,,Stevenage,SG1 2EF,Wastepack GB (SEPA),117910,2,1,Copper & Optic Terminations Limited,03378711,ORG:117910
Atkin and Thyme Ltd,08671305,,,Baldock,SG7 5HG,Ecosurety (EA),117672,1,0,,,ORG:117672
Atkinson Equipment Group Ltd,13195197,,,Westbury,BA13 4JF,Valpak,116121,4,3,Atkinson Equipment Ltd; Patrico Ltd; Taylor-Davis Ltd,00978584; 01050233; 01724354,ORG:116121
Atlantic Acquisition Holdings UK Ltd,09325434,,,Hull,HU5 4JB,Valpak,106357,4,3,ACV U.K. Ltd; Ideal Boilers Ltd; Keston Boilers Ltd,00322137; 03544589; SC130919,ORG:106357
Atlantic Plastics Limited,01154347,,,Bridgend,CF31 2AX,Kite Environmental Solutions,101902,1,0,,,ORG:101902
Atlas Copco IAS UK Ltd,01873269,,,Deeside Industrial Park,CH5 2NS,Valpak,107583,1,0,,,ORG:107583
Atlas Copco Ltd,00159809,,,Hemel Hempstead,HP2 7DF,Packcare,101647,1,0,,,ORG:101647
Atom Supplies Ltd,03193057,,,Tonbridge,TN9 1RA,Valpak,104370,1,0,,,ORG:104370
Attends Limited,03718732,,,Wakefield,WF4 3FL,Ecosurety (EA),104626,1,0,,,ORG:104626
AU Vodka Ltd,09470442,,,Swansea,SA7 0AR,Valpak,111221,1,0,,,ORG:111221
Aubrey Allen Limited,01263890,,,Coventry,CV3 4AD,Wastepack GB (SEPA),106202,1,0,,,ORG:106202
Audio-Technica Limited,01385176,,,Leeds,LS11 5AL,REPIC,101353,1,0,,,ORG:101353
Auger Torque Europe Ltd,03537549,,,Cheltenham,GL54 4DX,Comply with Clarity,116527,1,0,,,ORG:116527
Augustus Martin Limited,00950118,,,BROMLEY-BY-BOW,E3 3PB,Comply with Clarity,101014,1,0,,,ORG:101014
Aulds Holdings Ltd,SC193186,,,Greenock,PA16 8LS,Valpak Scotland Ltd (SEPA),102391,7,6,Aulds Bakeries Ltd; Aulds Delicious Desserts Ltd; Aulds Oak Mall Ltd; Aulds Piazza Ltd; Aulds Retail Ltd; Aulds St Enochs Ltd,SC044454; SC193178; SC602834; SC606108; SC606118; SC606127,ORG:102391
Aura Brand Solutions Ltd,02984457,,,Lowestoft,NR33 0EA,Valpak,104531,1,0,,,ORG:104531
Auria Solutions UK I Ltd,10618887,,,London,EC4M 7WS,Veolia (EA),107958,1,0,,,ORG:107958
Auriga Holdings Ltd,03326486,,,London,E6 1HZ,Valpak,108516,3,2,Nexus Foods Ltd; Orion Foods Ltd,03325784; 03325875,ORG:108516
Aurora Lighting UK Limited,14279450,,,Welwyn Garden City,AL7 4SW,Wastepack GB (SEPA),100863,1,0,,,ORG:100863
Aurora World Ltd,03315056,,,Basingstoke,RG24 8WH,Valpak,106046,1,0,,,ORG:106046
Aurorium UK Limited,02864354,,,Newcastle upon Tyne,NE4 5DE,Wastepack GB (SEPA),105110,1,0,,,ORG:105110
Australian Vintage Ltd,OE030794,,,,SA 5033,Comply with Clarity,111296,1,0,,,ORG:111296
Authentic Curry Company Ltd,03930505,,,Aberdare,CF44 9UP,Comply with Clarity,106251,1,0,,,ORG:106251
Autins Group Plc,08958960,,,Rugby,CV23 0WE,Kite Environmental Solutions,106595,3,2,Autins Limited; Solar Nonwovens Limited,00875424; 04402041,ORG:106595
Auto Marine Cables Limited,00804767,,,Manchester,M28 3PT,Kite Environmental Solutions,107149,1,0,,,ORG:107149
AUTOCRAFT DRIVETRAIN SOLUTIONS LIMITED,02847178,,,Grantham,NG32 2LY,Beyondly,101020,1,0,,,ORG:101020
AUTOMAC (UK) LIMITED,03200331,,,Winsford,CW7 2RH,Comply with Clarity,107721,1,0,,,ORG:107721
Automated Technical Controls UK Ltd,07744163,,,London,EC2M 4RB,Valpak,104971,1,0,,,ORG:104971
Automint Limited,02440888,,,Huddersfield,HD2 1FA,,101004,2,1,On Air Suspension Ltd,10986162,ORG:101004
Automotive Distribution Centre Limited,13124151,,,Leighton Buzzard,LU7 4TU,Ecosurety (EA),108108,1,0,,,ORG:108108
Autoneum Great Britain Limited,02248334,,,Stoke-on-Trent,ST4 8GR,Wastepack GB (SEPA),114682,1,0,,,ORG:114682
Autosmart International Ltd,01395515,,,Lichfield,WS14 0DH,Valpak,101664,1,0,,,ORG:101664
Autosupply Holdings UK Limited,09977356,,,London,SE1 2AU,Kite Environmental Solutions,100734,1,0,,,ORG:100734
Avara Foods Ltd,10973868,,,Northamptonshire,NN137EX,Valpak,103698,3,2,Faccenda Foods Ltd; Freemans of Newent Ltd,00745426; 01611077,ORG:103698
Avdel UK Ltd,00315076,,,Warrington,WA1 4RF,Valpak,103772,1,0,,,ORG:103772
Aventis Pharma Limited,01535640,,,Reading,RG6 1PT,Ecosurety (EA),108567,1,0,,,ORG:108567
Avery Dennison Materials U.K. Limited,00947962,,,Cramlington,NE23 1JR,Wastepack GB (SEPA),106902,1,0,,,ORG:106902
Avery Dennison Retail Information Services UK Limited,01833924,,,Nottingham,NG7 1LD,Wastepack GB (SEPA),102895,1,0,,,ORG:102895
AVF Group Limited,01339678,,,Telford,TF1 7YE,Veolia (EA),107056,1,0,,,ORG:107056
Aviagen Limited,01610943,,,Stratford upon Avon,CV37 8BH,Wastepack GB (SEPA),101400,2,1,Aviagen UK Limited,SC065463,ORG:101400
AVICA UK LTD,03708767,,,Watford,WD18 8QZ,Comply with Clarity,116190,1,0,,,ORG:116190
Avient Colorants UK Ltd,05582962,,,Knowsley,L34 9GT,Valpak,102990,1,0,,,ORG:102990
Avient Material Solutions UK Ltd,03141094,,,Knowsley,L34 9GT,Valpak,102614,1,0,,,ORG:102614
AVK UK Limited,01838290,,,NORTHAMPTON,NN4 7YB,Wastepack GB (SEPA),106113,1,0,,,ORG:106113
Avnet EMG Ltd.,01485988,,,Stevenage,SG1 2EF,Valpak,101434,1,0,,,ORG:101434
Avocado Research Chemicals Limited,02682211,,,Altrincham,WA14 2DT,Veolia (EA),100703,1,0,,,ORG:100703
Avon Cosmetics Limited,00592235,,,Northampton,NN1 5PA,Wastepack GB (SEPA),102949,1,0,,,ORG:102949
AVON GROUP MANUFACTURING (HOLDINGS) LIMITED,03006740,,,Bristol,BS3 2TL,Beyondly,114981,10,9,A.E.R.  STAFFORD LIMITED; ACOUSTAPRODUCTS LIMITED; AVON ENGINEERED RUBBER LIMITED; AVON GROUP MANUFACTURING LIMITED; AVON TSA LIMITED; EDGEWEST PLASTICS (UK) LIMITED; FOAM TECHNIQUES LIMITED; P & D MANUFACTURING LIMITED; SCANDURA LIMITED,01298378; 01562118; 02078810; 02652396; 03008159; 03035814; 06290354; 06860899; 09274867,ORG:114981
Avondale Foods (Craigavon) Limited,NI015099,,,Craigavon,BT66 8TB,Comply with Clarity,107362,1,0,,,ORG:107362
Avonside Insulation Supplies Limited,01741116,,,Patchway,BS34 5TA,Wastepack GB (SEPA),103513,1,0,,,ORG:103513
Awin Barratt Siegel Wine Agencies LLP,OC307303,,,,RH12 4QD,Ecosurety (EA),108043,1,0,,,ORG:108043
AXALTA COATING SYSTEMS HUTHWAITE UK LIMITED,SC007479,,,Aberdeen,AB11 5DD,Beyondly,103592,1,0,,,ORG:103592
Axalta Powder Coating Systems UK Limited,01074133,,,Welwyn Garden City,AL7 1FS,Veolia (EA),103679,1,0,,,ORG:103679
Axchem (UK) Ltd,05577382,,,Wakefield,WF1 2DF,Valpak,108497,1,0,,,ORG:108497
Axel Arigato London Limited,10136462,,,London,EC1M 3JB,ERP UK Ltd,111328,1,0,,,ORG:111328
AXTER LIMITED,01446923,,,Ipswich,IP2 8NJ,Beyondly,116094,1,0,,,ORG:116094
Aykroyd & Sons Ltd,00263547,,,Bala,LL23 7NJ,Valpak,112369,1,0,,,ORG:112369
Aymes International Limited,06603123,,,Leek,ST13 5RJ,Paperpak,100908,1,0,,,ORG:100908
Aytac Foods Distribution Ltd,04896297,,,Leyton,E10 7FB,Valpak,111439,1,0,,,ORG:111439
Azelis UK Limited,03585216,,,Runcorn,WA7 1BD,Comply with Clarity,102581,1,0,,,ORG:102581
Aztec Oils Ltd,03528262,,,Chesterfield,S44 6BB,Valpak,105693,1,0,,,ORG:105693
Azzurri Central Limited,12457130,,,London,NW1 5DH,Wastepack GB (SEPA),100732,7,6,Ask Italian Restaurants Limited; Boojum GB Trading Limited; Boojum Ltd; Coco Di Mama Limited; Mind Blowing Chicken Ltd; Zizzi Restaurants Limited,10404185; 10404211; 10406599; 15750136; NI064053; NI645859,ORG:100732
B & M Retail Limited,01357507,,,Liverpool,L24 8RJ,Ecosurety (EA),102354,1,0,,,ORG:102354
B & T Associates Ltd,01987654,,,Louth,LN11 8UT,Packcare,105184,1,0,,,ORG:105184
B - SPORTING LIMITED,01627024,,,Shipley,BD18 1QG,Beyondly,100377,1,0,,,ORG:100377
B M Packaging Limited,02556685,,,Huddersfield,HD4 7DQ,Comply with Clarity,100542,1,0,,,ORG:100542
B&Q Ltd,00973387,,,Eastleigh,SO53 3LE,Valpak,104273,1,0,,,ORG:104273
B-Tech International Ltd,01056309,,,Daventry,NN11 4NR,ERP UK Ltd,101710,1,0,,,ORG:101710
B. Braun Medical Limited,02296559,,,Sheffield,S35 2PW,Wastepack GB (SEPA),104916,1,0,,,ORG:104916
B. Cookson Limited,01864616,,,Preston,PR2 9ZB,Paperpak,115667,1,0,,,ORG:115667
B. Smith Packaging (Worcester) Ltd,01938928,,,Worcester,WR4 9FE,Smart Comply (EA),115292,1,0,,,ORG:115292
B.E.S. Ltd,01202345,,,Wolverhampton,WV1 4EG,Valpak,106054,1,0,,,ORG:106054
B.J.R. Foods Limited,01481551,,,LONDON,NW7 2AS,,107403,1,0,,,ORG:107403
B.S. Labels Limited,01756520,,,Leicester,LE9 7NE,Paperpak,100392,1,0,,,ORG:100392
B.T.C. Activewear Limited,03974944,,,WEDNESBURY,WS109QY,,107402,1,0,,,ORG:107402
B.W. Industries Ltd,01189095,,,Bridlington,YO15 3QY,Wastepack GB (SEPA),100314,1,0,,,ORG:100314
B2B1 Print Solutions Limited,04143338,,,Stockport,SK4 5BF,Paperpak,100170,1,0,,,ORG:100170
Babcock International Group Plc,02342138,,,London,W1U 1QX,Valpak,108143,6,5,Babcock Integrated Technology Ltd; Babcock Land Defence Ltd; Cavendish Nuclear Ltd; Devonport Royal Dockyard Ltd; Rosyth Royal Dockyard Ltd,02077752; 03975999; 06717269; 09329025; SC101959,ORG:108143
Baby Bottles (Wholesale) Limited,02066649,,,Coventry,CV7 9NH,Wastepack GB (SEPA),114771,1,0,,,ORG:114771
Babystyle UK Limited,03714347,,,Loughborough,LE12 7RJ,Veolia (EA),107961,1,0,,,ORG:107961
Bacardi-Martini Ltd,00305960,,,London,SW1P 1QN,Valpak,106590,1,0,,,ORG:106590
Bacchus Wine Company (Kensington) Limited (The),01205135,,,Stow-on-the-Wold,GL54 1AA,Ecosurety (EA),102460,1,0,,,ORG:102460
BAE Systems Plc,01470151,,,London,SW1Y 5AD,ERP UK Ltd,103517,13,12,Aircraft Research Association Limited; BAE Systems (Operations) Ltd; BAE Systems Applied Intelligence Ltd; BAE Systems GCS International Ltd; BAE Systems Global Combat Systems Munitions Ltd; BAE Systems Marine Ltd; BAE Systems Surface Ships Ltd; Callen-Lenz Associates Limited; Kirintec Limited; Malloy Aeronautics Limited; Prismatic Ltd; Pulse Power and Measurement Limited,00229770; 00503668; 01337451; 01842252; 01996687; 02963819; 06160534; 06361441; 06699502; 07753934; 07993563; 11827251,ORG:103517
Baerlocher UK Ltd,01109873,,,Bury,BL9 7JJ,Valpak,102048,1,0,,,ORG:102048
Bahlsen LLP,OC359027,,,Chalfont St. Peter,SL9 9FG,Kite Environmental Solutions,105134,1,0,,,ORG:105134
Bakelite Synthetics UK Ltd,00867053,,,Penarth,CF64 5YU,Valpak,104068,1,0,,,ORG:104068
Baker & Baker Products UK Limited,01478292,,,Bromborough,CH62 3NU,Comply with Clarity,106728,1,0,,,ORG:106728
BAKER BENNETT LIMITED,02914228,,,Rochdale,OL16 1QU,Beyondly,117404,1,0,,,ORG:117404
Baker Furniture Limited,02970306,,,Middlesbrough,TS2 1ET,Ecosurety (EA),105736,1,0,,,ORG:105736
Baker Hughes Energy Technology UK Ltd,01521132,,,Bristol,BS48 1BS,Valpak,103494,1,0,,,ORG:103494
Baker Hughes Ltd,01388658,,,London,W6 8PW,Valpak,116175,1,0,,,ORG:116175
Baker Ross Ltd,01604275,,,London,E1W 9US,Valpak,102588,1,0,,,ORG:102588
Bakers Basco Ltd,05713959,,,Northampton,NN3 6WL,Valpak,100880,1,0,,,ORG:100880
Bakkafrost Scotland Ltd,SC107275,,,Edinburgh,EH3 7RN,Valpak Scotland Ltd (SEPA),102503,1,0,,,ORG:102503
BAKKAVOR FOODS LIMITED,01060806,,,London,W1T 3JJ,Beyondly,111279,1,0,,,ORG:111279
Bako (Western) Ltd,,,,Cullompton,EX151BS,Comply with Clarity,108115,1,0,,,ORG:108115
Bako Group Ltd,08802727,,,Preston,PR2 5BE,Valpak,103514,3,2,Bako Ltd; James A. S. Finlay Limited,00832602; NI035690,ORG:103514
BALCAS TIMBER LIMITED,NI026014,,,Enniskillen,BT94 2ES,Comply with Clarity,102320,1,0,,,ORG:102320
Balfe's Bikes Ltd,07584071,,,Crawley,RH10 9TZ,Comply with Clarity,108562,1,0,,,ORG:108562
Balfour Beatty Plc,00395826,,,London,E14 5HU,Valpak,103834,9,8,Balfour Beatty Civil Engineering Ltd; Balfour Beatty Construction Ltd; Balfour Beatty Ground Engineering Ltd; Balfour Beatty Kilpatrick Ltd; Balfour Beatty Plant & Fleet Services Ltd; Balfour Beatty Rail Ltd; Balfour Beatty Utility Solutions Ltd; Painter Brothers Ltd,00238081; 00594086; 01062438; 01982627; 02449888; 04482405; SC010625; SC106247,ORG:103834
Balfour Beatty VINCI,,,,Birmingham,B24 9FD,Valpak,115616,1,0,,,ORG:115616
BALFOUR HOSPITALITY LIMITED,08773581,,,London,EC3V 3QQ,,114493,1,0,,,ORG:114493
Ball & Young Limited,00901282,,,Manchester,M24 2DB,Veolia (EA),107125,1,0,,,ORG:107125
Ball Aerosol Packaging UK Limited,01813312,,,Devizes,SN10 2HT,Wastepack GB (SEPA),105336,1,0,,,ORG:105336
Ball Beverage Packaging UK Ltd,00197480,,,Luton,LU1 3LG,Ecosurety (EA),102528,1,0,,,ORG:102528
Ball Colegrave Limited,01577898,,,West Adderbury,OX17 3EY,Comply with Clarity,103686,1,0,,,ORG:103686
Ballward Limited,02053155,,,Amersham,HP6 6AA,Wastepack GB (SEPA),107357,1,0,,,ORG:107357
Ballygarvey Eggs Limited,NI070696,,,Ballymena,BT43 7JX,Paperpak,102080,1,0,,,ORG:102080
Balmoral Comtec Limited,SC301819,,,Aberdeen,AB12 3GY,Ecosurety (EA),102616,1,0,,,ORG:102616
Balmoral Tanks Limited,SC300656,,,Aberdeen,AB15 4YE,Ecosurety (EA),100139,1,0,,,ORG:100139
Bamford Bus Company Limited,12214576,,,Oxford,OX1 2RP,Wastepack GB (SEPA),103717,2,1,All Service One Limited,14073107,ORG:103717
BAMFORD COLLECTION LIMITED,03064811,,,Moreton-In-Marsh,GL56 0YG,Biffpack,111400,3,2,BAMFORD LIMITED; DAYLESFORD ORGANIC LIMITED,03868901; 04950734,ORG:111400
Bancroft Wines Limited,03829460,,,London,SE1 0HS,Wastepack GB (SEPA),100747,1,0,,,ORG:100747
Banham Poultry (2018) Ltd,11606211,,,Birmingham,B3 2BJ,Comply with Clarity,106597,1,0,,,ORG:106597
Banquist LTD,12090778,,,London,E2 8HD,,116945,1,0,,,ORG:116945
BARCLAY & MATHIESON LIMITED,SC030987,,,Glasgow,G51 4TB,Beyondly,111379,4,3,ABRAM PULMAN & SONS LIMITED; ANGUS F. GUNN LIMITED; AVON STEEL COMPANY LIMITED,00056547; 01346397; SC033190,ORG:111379
Bard Ltd,00939600,,,Crawley,RH11 9BP,Valpak,100512,1,0,,,ORG:100512
Barenbrug U.K. Limited,01692116,,,Bury St Edmunds,IP30 9ND,Wastepack GB (SEPA),102902,1,0,,,ORG:102902
BARENTZ UK LIMITED,01762605,,,Reigate,RH2 7LD,Biffpack,115887,1,0,,,ORG:115887
BARFOOTS OF BOTLEY LIMITED,02383478,,,Bognor Regis,PO21 3PX,Beyondly,102249,1,0,,,ORG:102249
Barker & Stonehouse Limited,00937498,,,Stockton on tees,TS17 7BG,Ecosurety (EA),102887,1,0,,,ORG:102887
Barmans Limited,02563265,,,Bury St. Edmunds,IP28 7AS,Comply with Clarity,101920,1,0,,,ORG:101920
Baronie UK Limited,09426120,,,Corby,NN17 5EU,Wastepack GB (SEPA),112816,1,0,,,ORG:112816
Barony Universal Products Limited,16517008,,,Greater Manchester,M3 5GS,,118058,1,0,,,ORG:118058
Barrett Steel Limited,02755663,,,Bradford,BD4 9HU,Wastepack GB (SEPA),104053,1,0,,,ORG:104053
Barry Callebaut Beverages UK Ltd,02004167,,,Chester,CH1 4QJ,Valpak,104125,1,0,,,ORG:104125
Barry Callebaut Manufacturing (UK) Ltd,01156841,,,Banbury,OX16 3UU,Valpak,107676,1,0,,,ORG:107676
BARTH-HAAS UK LIMITED,04079942,,,Tonbridge,TN12 6DQ,Biffpack,107481,1,0,,,ORG:107481
Bartley Industries Limited,00798651,,,Kettering,NN15 7JY,Kite Environmental Solutions,102192,1,0,,,ORG:102192
Barton And Redman Limited,00819463,,,Manchester,M11 2WJ,Ecosurety (EA),102373,1,0,,,ORG:102373
Barton Firtop Engineering Co Ltd,01117835,,,Kidderminster,DY11 7DT,Valpak,108111,1,0,,,ORG:108111
Barton Jones Packaging Ltd,02847255,,,Letchworth Garden City,SG6 1WB,Valpak,101667,1,0,,,ORG:101667
Barton Storage Systems Limited,04998042,,,Bilston,WV14 7NG,Wastepack GB (SEPA),111511,1,0,,,ORG:111511
Basecamp Brews Ltd,09573563,,,Norwich,NR6 6BB,ERP UK Ltd,116475,1,0,,,ORG:116475
BASELL POLYOLEFINS UK LIMITED,02811230,,,London,W1J 0AH,Beyondly,103288,1,0,,,ORG:103288
BASELL SALES & MARKETING COMPANY B.V.,BR021323,,,London,W1J 0AH,Beyondly,103900,1,0,,,ORG:103900
BASF Plc,00667980,,,Stockport,SK1 3GG,Valpak,100894,3,2,BASF Coatings UK Ltd; Nunhems UK Ltd,11316824; 15335014,ORG:100894
Basildon Chemical Co. Ltd,01016104,,,Abingdon,OX14 1RZ,Valpak,102463,1,0,,,ORG:102463
Bates Farms & Dairy Limited,00605246,,,Southport,PR8 4ES,Wastepack GB (SEPA),102594,1,0,,,ORG:102594
Bathams (Delph) Limited,01501306,,,Brierley Hill,DY5 2TN,Veolia (EA),107195,1,0,,,ORG:107195
Bathgate Flooring Limited,05055861,,,Liverpool,L3 9QJ,Paperpak,103936,1,0,,,ORG:103936
Bathgate Silica Sand Limited,00142987,,,Liverpool,L3 9QJ,Ecosurety (EA),105514,1,0,,,ORG:105514
Battle Hayward And Bower Ltd,00274745,,,Lincoln,LN3 4NP,Valpak,101489,1,0,,,ORG:101489
BAUDER LIMITED,01466215,,,Ipswich,IP3 0DH,Beyondly,100748,1,0,,,ORG:100748
Bauer Media Outdoor UK Ltd,00950526,,,London,NW1 2PL,Valpak,107939,1,0,,,ORG:107939
Bausch & Lomb U.K. Limited,00143720,,,London,EC4M 7WS,ERP UK Ltd,107746,1,0,,,ORG:107746
Bawnbua Foods NI Ltd,NI017910,,,Bleary,BT66 7AT,,114510,1,0,,,ORG:114510
Baxi Heating UK Ltd,03879156,,,Warwick,CV34 4LL,ERP UK Ltd,100633,1,0,,,ORG:100633
BAXTER HEALTHCARE LIMITED,00461365,,,Norfolk,IP24 3SE,Biffpack,106632,1,0,,,ORG:106632
Baxters Food Group Ltd,SC023572,,,Edinburgh,EH2 4DJ,,107380,1,0,,,ORG:107380
Bayer Cropscience Limited,00218826,,,Reading,RG2 6AD,Veolia (EA),105420,1,0,,,ORG:105420
Bayer Plc,00935048,,,Reading,RG2 6AD,Valpak,104601,1,0,,,ORG:104601
Baylis & Harding Public Limited Company,01389887,,,Redditch,B98 7AS,Wastepack GB (SEPA),106606,1,0,,,ORG:106606
BAZOOKA CANDY BRANDS INTERNATIONAL LIMITED,07459738,,,Richmond,TW9 1AG,Beyondly,100206,1,0,,,ORG:100206
BB Catering Supplies Ltd,08577202,,,Blackburn,BB2 2TA,Valpak,116462,1,0,,,ORG:116462
BB&R LIMITED,05492886,,,London,SW1A 1EG,Beyondly,107870,1,0,,,ORG:107870
BBC Studios Distribution Ltd,01420028,,,London,W12 7FA,Valpak,105252,3,2,2 Entertain Video Ltd; Demon Music Group Ltd,01622224; 01924997,ORG:105252
BBI SOLUTIONS OEM LIMITED,08368483,,,Cardiff,CF10 3GA,Beyondly,116946,1,0,,,ORG:116946
BBP MARKETING LIMITED,05453833,,,Mirfield,WF14 8LY,Beyondly,116729,1,0,,,ORG:116729
BDM Logistics And Management Ltd,01563200,,,London,WC2B 5AH,Valpak,103427,1,0,,,ORG:103427
BDN Packaging Ltd,08126169,,,Wolverhampton,WV5 8AP,Valpak,103220,1,0,,,ORG:103220
BDP Imports Limited,04031966,,,Stroud,GL6 8GA,Kite Environmental Solutions,101560,1,0,,,ORG:101560
Be Modern Limited,00829005,,,Jarrow,NE32 3BE,,100592,1,0,,,ORG:100592
BEA Fastening Systems Ltd,01055930,,,Beverley,HU17 0RT,Packcare,100668,1,0,,,ORG:100668
BEACHCOURSE LIMITED,03346105,,,Woking,GU21 5BJ,Comply with Clarity,104395,1,0,,,ORG:104395
Beacon Foods Limited,02738449,,,Brecon,LD3 8BT,Wastepack GB (SEPA),102519,1,0,,,ORG:102519
Beam Suntory UK Ltd,05591988,,,London,W1D 1NN,Valpak Scotland Ltd (SEPA),105683,1,0,,,ORG:105683
Beamfeature Ltd,02029999,,,Stretford,M32 0TP,Packcare,105205,1,0,,,ORG:105205
Beamglow Ltd,00889202,,,Huntingdon,PE27 3LP,Valpak,102179,1,0,,,ORG:102179
Beams International Ltd,03737151,,,Gillingham,ME8 7EG,ERP UK Ltd,107722,1,0,,,ORG:107722
BEANIES THE FLAVOUR CO. LTD.,07804284,,,Darlington,DL30PH,,114085,1,0,,,ORG:114085
Beaphar UK Ltd,02926721,,,Haverhill,CB9 7HD,Valpak,105684,1,0,,,ORG:105684
Bearfields of London Limited,13547469,,,Leytonstone,E11 1HD,Kite Environmental Solutions,102350,1,0,,,ORG:102350
Beauty Pie Ltd,09647981,,,London,W1T 3PQ,Valpak,101950,1,0,,,ORG:101950
BEAVER-VISITEC INTERNATIONAL LIMITED,01889847,,,Bidford-Upon-Avon,B50 4JH,Beyondly,111568,1,0,,,ORG:111568
Beaverbrooks The Jewellers Ltd,00321773,,,St Annes on Sea,FY8 1RE,Wastepack GB (SEPA),103784,1,0,,,ORG:103784
Becker Industrial Coatings Limited,00680990,,,Liverpool,L24 9HJ,Veolia (EA),102375,1,0,,,ORG:102375
Beckett's Foods Limited,02257171,,,Coventry,CV2 2QB,Wastepack GB (SEPA),103279,1,0,,,ORG:103279
Beckman Coulter United Kingdom Ltd,00640961,,,Amersham,HP7 9NA,Valpak,102422,1,0,,,ORG:102422
Becton  Dickinson U.K.Limited,00852702,,,Wokingham,RG41 5TS,Wastepack GB (SEPA),108289,1,0,,,ORG:108289
Bedec Products Limited,03018513,,,Dunmow,CM6 1RY,Ecosurety (EA),102564,1,0,,,ORG:102564
BEDECK LTD,NI023062,,,CRAIGAVON,BT67 0QS,,108591,1,0,,,ORG:108591
Bedmax Limited,03796823,,,Belford,NE70 7PF,Wastepack GB (SEPA),103165,1,0,,,ORG:103165
Bee Health Limited,06653237,,,London,EC4R 3TT,Wastepack GB (SEPA),101475,1,0,,,ORG:101475
Beechdean Dairies Limited,02729439,,,High Wycombe,HP14 4NL,Veolia (EA),105293,1,0,,,ORG:105293
Beechdean Manufacturing Limited,04134384,,,High Wycombe,HP14 4NL,Veolia (EA),105292,1,0,,,ORG:105292
BEECHFIELD BRANDS LIMITED,02953704,,,Bury,BL9 5AQ,Beyondly,104015,1,0,,,ORG:104015
Beechwood Eggs,,,,Thatcham,RG18 0TL,Comply with Clarity,115918,1,0,,,ORG:115918
Beer52 Ltd,SC449930,,,Edinburgh,EH3 7JA,Scotpak (SEPA),107500,1,0,,,ORG:107500
Bees Seeds Group Limited,11944731,,,Blackburn,BB2 4PJ,Wastepack GB (SEPA),117464,3,2,Bees Seeds limited; Pronto Seed limited,06612649; 11390861,ORG:117464
BEESLEY & FILDES LIMITED,02412526,,,Merseyside,L36 6AF,Biffpack,103184,1,0,,,ORG:103184
Beeswift Limited,01569085,,,Birmingham,B6 7EU,Kite Environmental Solutions,100582,1,0,,,ORG:100582
BEIERSDORF UK LTD.,00468710,,,Birmingham,B37 7ES,Beyondly,100599,1,0,,,ORG:100599
Beijer Ref UK Limited,00467637,,,Leeds,LS27 0LL,Valpak,100442,1,0,,,ORG:100442
Bekaert Bradford UK Limited,00095908,,,Bradford,BD12 0QB,Veolia (EA),100526,1,0,,,ORG:100526
Beko PLC,02415578,,,Watford,WD18 8QU,REPIC,103705,1,0,,,ORG:103705
Bel UK Ltd,00886813,,,Sevenoaks,TN13 1BA,Valpak,102484,1,0,,,ORG:102484
Belkin Limited,03168562,,,Wellingborough,NN8 6GR,Packcare,105388,1,0,,,ORG:105388
Bell Brothers Nurseries Limited,04331554,,,Boston,PE21 6NA,Paperpak,101488,1,0,,,ORG:101488
Bell Sons & Co.(Druggists)Limited,00351951,,,Southport,PR9 9AL,Ecosurety (EA),107300,1,0,,,ORG:107300
Bella & Duke Ltd,SC547789,,,Scotland,KY11 2UT,Valpak Scotland Ltd (SEPA),103419,1,0,,,ORG:103419
Belle Engineering (Sheen) Limited,00682892,,,Nr Buxton,SK17 0EU,Wastepack GB (SEPA),103921,1,0,,,ORG:103921
Bells Food Group Limited,SC045567,,,Shotts,ML7 5BD,Wastepack GB (SEPA),103842,1,0,,,ORG:103842
Bells of Lazonby Limited,00500802,,,Penrith,CA10 1BG,Wastepack GB (SEPA),103593,1,0,,,ORG:103593
Belmont Packaging Ltd,08727841,,,WIGAN,WN3 5AZ,,102537,1,0,,,ORG:102537
BELMONT PRESS LIMITED,00504862,,,Northampton,NN5 7UW,Beyondly,100474,1,0,,,ORG:100474
Belron UK Ltd,00494648,,,Bedford,MK44 3US,Packcare,103284,1,0,,,ORG:103284
Belstaff International Limited,01447390,,,London,E1 6QL,Wastepack GB (SEPA),115951,1,0,,,ORG:115951
Belton Farm Group Ltd,08497200,,,Whitchurch,SY13 1JD,Valpak,106068,3,2,Belton Farm Ltd; Belton Packing & Logistics Ltd,01129055; 11714135,ORG:106068
Belvoir Farm Drinks Limited,10297356,,,Nottingham,NG130DH,Comply with Clarity,100140,1,0,,,ORG:100140
BEMIS LIMITED,00918517,,,Burnley,BB11 5SW,Beyondly,107780,1,0,,,ORG:107780
Bemrose Booth Paragon Limited,04891375,,,Hull,HU7 0XY,Paperpak,103440,2,1,Thames Card Technology Limited,02952822,ORG:103440
BEN AND BILL'S LTD,07018862,,,Colchester,CO6 3AQ,Beyondly,117850,1,0,,,ORG:117850
BENCHMARK DRINKS LTD,11164581,,,STEYNING,BN44 3TN,Comply with Clarity,111176,2,1,BENCHMARK DRINKS SERVICES LIMITED,12206180,ORG:111176
Benecol Ltd,09062361,,,Brentford,TW8 9DW,Valpak,107175,1,0,,,ORG:107175
Benefit Cosmetics Ltd,03922046,,,Chelmsford,CM1 1PH,Valpak,104848,1,0,,,ORG:104848
Benjamin Moore UK Limited,09573012,,,SLOUGH,SL1 4LN,Comply with Clarity,115775,1,0,,,ORG:115775
BENNETT OPIE LIMITED,00124503,,,Kent,ME10 2LE,Beyondly,104482,1,0,,,ORG:104482
BenQ UK Ltd,03462488,,,London,W1G 0PW,Packcare,101923,1,0,,,ORG:101923
Benross Marketing Limited,03037336,,,Liverpool,L24 9HJ,Wastepack GB (SEPA),107940,1,0,,,ORG:107940
Bensonsforbedsmanufacturing LTD,12683167,,,Accrington,BB5 0RE,Wastepack GB (SEPA),103972,1,0,,,ORG:103972
Bensonsforbedsretail LTD,12528962,,,Accrington,BB5 0RE,Wastepack GB (SEPA),101062,1,0,,,ORG:101062
Bentley Motors Limited,00992897,,,Crewe,CW1 3PL,Veolia (EA),105060,1,0,,,ORG:105060
Bents Garden Centre Limited,02869245,,,Glazebury,WA3 5NT,Wastepack GB (SEPA),106817,1,0,,,ORG:106817
Benvic Dugdale Ltd,04116131,,,Sowerby Bridge,HX6 2AA,Valpak,102256,1,0,,,ORG:102256
BERGSTROM (EUROPE) LIMITED,02407030,,,Ystrad Mynach,CF82 7RJ,Comply with Clarity,106780,1,0,,,ORG:106780
BERICAP U.K. LIMITED.,02566980,,,Hull,HU7 0YN,Beyondly,101875,1,0,,,ORG:101875
BERICOTE PARK LIMITED,08156756,,,Leamington Spa,CV33 9BQ,Biffpack,101746,1,0,,,ORG:101746
Berisfords Ltd,02707046,,,Congleton,CW12 1QY,Valpak,101994,1,0,,,ORG:101994
Berkmann Wine Cellars Ltd,02190816,,,LONDON,EC1R 4RR,Comply with Clarity,107602,1,0,,,ORG:107602
BERKSHIRE MEAT TRADERS LIMITED,03724989,,,Newbury,RG19 6AB,Beyondly,108612,1,0,,,ORG:108612
Berlin Packaging Holding UK Ltd,00497950,,,Ipswich,IP7 6AS,Comply with Clarity,100465,1,0,,,ORG:100465
BERNARD MATTHEWS FOODS (DERBY) LIMITED,11899591,,,Birmingham,B3 2BJ,Biffpack,107282,1,0,,,ORG:107282
BERNARD MATTHEWS FOODS (SUNDERLAND) LIMITED,09690151,,,Birmingham,B3 2BJ,Biffpack,107280,1,0,,,ORG:107280
BERNARD MATTHEWS FOODS LIMITED,10036286,,,Birmingham,B3 2BJ,Biffpack,106405,1,0,,,ORG:106405
BERRINGTON PURE SPRING WATER LIMITED,05210588,,,Marden,HR1 3EY,,114877,1,0,,,ORG:114877
Berry Gardens Ltd,01719714,,,Maidstone,ME17 4BA,Comply with Clarity,107631,1,0,,,ORG:107631
BERRYWORLD GROUP LIMITED,14171788,,,Broxbourne,EN10 6NH,Biffpack,114090,3,2,BERRYWORLD LIMITED; POUPART IMPORTS LIMITED,02864233; 09381898,ORG:114090
Bertagni 1882 (UK) Ltd,11033495,,,London,N10 2QD,Valpak,106052,1,0,,,ORG:106052
Bertazzoni UK Limited,10550342,,,Prenton,CH43 3EA,REPIC,111377,1,0,,,ORG:111377
Berwin Rubber Company Limited,00524814,,,Dukinfield,SK16 4UJ,Paperpak,103441,1,0,,,ORG:103441
Besana UK Limited,02507055,,,Ipswich,IP3 9RR,Ecosurety (EA),103108,1,0,,,ORG:103108
Bespak Europe Limited,03515896,,,Kings Lynn,PE30 2JJ,Veolia (EA),101577,1,0,,,ORG:101577
Bespak HC Limited,11343867,,,Holmes Chapel,CW4 8BE,Veolia (EA),107264,1,0,,,ORG:107264
Bespoke Menu Solutions Limited,06279824,,,Coalville,LE67 3FQ,Valpak,103375,1,0,,,ORG:103375
Best C.Veg Limited,06829156,,,Tottenham,N17 0QH,Wastepack GB (SEPA),115926,1,0,,,ORG:115926
BEST FOODS LIMITED,04527390,,,Harpenden,AL5 3PR,Beyondly,108301,1,0,,,ORG:108301
Bestseller Retail UK Limited,05878986,,,London,E1 6PX,ERP UK Ltd,107834,1,0,,,ORG:107834
Bestseller Wholesale UK Limited,03851454,,,London,E1 6PX,ERP UK Ltd,107053,1,0,,,ORG:107053
Bestway Northern Ltd,02675585,,,London,NW10 7BW,Valpak,111749,1,0,,,ORG:111749
Bestway Panacea Holdings Ltd,09225479,,,Manchester,M3 4LZ,Valpak,108286,9,8,Bestway Belfast Chemists Limited; Bestway National Chemists Ltd; Bestway Pharmacy NDC Ltd; Donald Wardle and Son Limited; John Bell & Croyden Ltd; Key Pharmaceuticals Limited; Lexon (UK) Ltd; Norchem Healthcare Ltd,00228331; 01050265; 02914910; 03076698; 03465047; 04082308; 09225457; NI626625,ORG:108286
Bestway Retail Ltd,04103203,,,London,NW10 7BW,Valpak,111747,1,0,,,ORG:111747
Bestway Wholesale Ltd,01207120,,,London,NW10 7BW,Valpak,111501,1,0,,,ORG:111501
Better Taste Holding 1 Ltd,12872150,,,London,W8 5DA,Valpak,112793,3,2,Cote Restaurant Group Ltd; Greenfield Food Supply Ltd,12873009; 12873026,ORG:112793
Bettys & Taylors of Harrogate Ltd,00543821,,,Harrogate,HG1 2QU,Valpak,106514,1,0,,,ORG:106514
Beurer UK Limited,06247279,,,Preston,PR2 2YH,Veolia (EA),102702,1,0,,,ORG:102702
Beverage Plastics Limited,NI017684,,,Craigavon,BT66 6LN,Paperpak,100421,1,0,,,ORG:100421
BEW Electrical Distributors Limited,01703444,,,Chelmsford,CM2 6UW,Wastepack GB (SEPA),117733,1,0,,,ORG:117733
Beyond Retail Ltd,07457691,,,Christchurch,BH23 6DS,Beyondly,100349,1,0,,,ORG:100349
Beyond The Bean Limited,03342222,,,Bristol,BS3 2HA,Ecosurety (EA),102639,1,0,,,ORG:102639
Beyond Wines Ltd,11979276,,,Newport,MK169PY,Comply with Clarity,115620,1,0,,,ORG:115620
BFM Europe Limited,03543354,,,Stoke-on-Trent,ST4 4TJ,Wastepack GB (SEPA),100464,1,0,,,ORG:100464
BFS Group Ltd,00239718,,,Slough,SL1 4BD,Valpak,103276,13,12,Bidfresh Ltd; Caterfood (South West) Ltd; Caterfood Holdings Ltd; Elite Fine Foods Ltd; Harvest Fine Foods Ltd; Nicol Hughes Foodservice Ltd; Northern Bloc Ltd; Simply Food Solutions Ltd; Snowdon & Bridge Limited; South Lincs Foodservice Ltd; Thomas Ridley And Son Ltd; Yarde Farm Ltd,00148692; 00656631; 01074448; 01568776; 02266231; 02833046; 03224824; 03834103; 04153804; 04227047; 06566108; 15732007,ORG:103276
BGC South Ltd,12178153,,,Brigg,DN20 9HE,Wastepack GB (SEPA),105217,1,0,,,ORG:105217
BGRP Ltd,05423920,,,Cramlington,NE23 1WQ,Valpak,107929,1,0,,,ORG:107929
Bharat Forge International Limited,07459638,,,Brentford,TW8 9JJ,Kite Environmental Solutions,105176,1,0,,,ORG:105176
BHF Shops Limited,02472513,,,London,NW1 7AW,Valpak,108066,1,0,,,ORG:108066
BHGS Ltd,04222414,,,Evesham,WR11 1GP,Valpak,112807,1,0,,,ORG:112807
BHH Ltd,NI031884,,,Belfast,BT15 3GW,Valpak,105604,2,1,John Thompson & Sons  Ltd,R0000447,ORG:105604
BHID Group Ltd,09003127,,,Manchester,M17 1RW,Kite Environmental Solutions,107044,3,2,Neville Johnson Limited; Tom Howley Limited,01701103; 07482731,ORG:107044
BHJ UK Limited,01535700,,,Beverley,HU17 ONP,Wastepack GB (SEPA),108541,1,0,,,ORG:108541
BHK (UK) Limited,02195429,,,Peterlee,SR8 2JF,Wastepack GB (SEPA),103453,1,0,,,ORG:103453
Bi-Silque Visual Communication Products Limited,03093943,,,Preston,PR1 8BZ,Ecosurety (EA),100911,1,0,,,ORG:100911
Biachem Group Ltd,03243797,,,London,EC2V 6AX,Valpak,104937,3,2,Biachem Ltd; Biachem Specialities Ltd,01934652; 04103968,ORG:104937
Bic U.K. Ltd,00389090,,,Uxbridge,UB8 1JG,Valpak,100891,1,0,,,ORG:100891
Biesterfeld Petroplas Limited,04493327,,,Abingdon,OX14 4RP,Wastepack GB (SEPA),101199,1,0,,,ORG:101199
BIFFA LIMITED,10336040,,,High Wycombe,HP12 3TZ,Biffpack,101892,11,10,BIFFA (WEST SUSSEX) RECYCLING LIMITED; BIFFA WASTE SERVICES LIMITED; BIFFA WEST SUSSEX LIMITED; COMMUNITY SHOP C.I.C.; COMPANY SHOP LIMITED; ESTERPET LIMITED; FORGE RECYCLING (UK) LIMITED; HAMILTON WASTE & RECYCLING LIMITED; SYRACUSE WASTE LIMITED; TOTAL RECYCLING SERVICES LIMITED,00946107; 01927437; 04939078; 06744107; 06989536; 07383076; 08690615; 11948773; 13269384; SC233908,ORG:101892
Big K Products U.K. Limited,01549574,,,Tottenham Hale,N17 9QU,Wastepack GB (SEPA),101037,1,0,,,ORG:101037
BIGDUG LIMITED,05019218,,,Gloucester,GL2 5DH,Biffpack,107955,1,0,,,ORG:107955
Bighams Limited,03233191,,,London,NW10 7AW,Wastepack GB (SEPA),105800,1,0,,,ORG:105800
BIGJIGS TOYS LIMITED,04710017,,,Ashford,TN24 8DH,Beyondly,114920,1,0,,,ORG:114920
BIL GROUP LIMITED,02603821,,,Wiltshire,SN11 9BW,Beyondly,116792,1,0,,,ORG:116792
Billions Europe Ltd,09298775,,,Stockton-On-Tees,TS18 3EX,Beyondly,101315,1,0,,,ORG:101315
Bills Restaurants Ltd.,05158252,,,London,W1T 6BQ,Paperpak,106936,1,0,,,ORG:106936
Binghams Food Ltd,06351192,,,Sheffield,S10 1LD,Valpak,107037,1,0,,,ORG:107037
Binning Wine Mart Ltd,04831953,,,Luton,LU2 0AH,Paperpak,114500,1,0,,,ORG:114500
Bio Products Laboratory Limited,07343036,,,Elstree,WD6 3BX,Comply with Clarity,104633,1,0,,,ORG:104633
BIO&ME LIMITED,12092366,,,Chester,CH4 8JR,,106868,1,0,,,ORG:106868
Bio-Productions Limited,02886125,,,Lewes,BN7 1JU,Comply with Clarity,104698,1,0,,,ORG:104698
Bio-Rad Laboratories Limited,03044694,,,Watford,WD17 1ET,Smart Comply (EA),117178,1,0,,,ORG:117178
Bio-tiful Dairy Ltd,08181288,,,Market Drayton,TF9 3SQ,Valpak,114609,1,0,,,ORG:114609
Biocare Limited,01948434,,,Redditch,B98 9EY,Wastepack GB (SEPA),106227,1,0,,,ORG:106227
Biological Preparations Limited,06729209,,,Caerphilly,CF83 8DR,,116041,1,0,,,ORG:116041
Biomar Ltd,SC119586,,,Grangemouth,FK3 8UL,,104850,1,0,,,ORG:104850
Biomerieux UK Limited,01061914,,,Basingstoke,RG24 8NA,Kite Environmental Solutions,103761,1,0,,,ORG:103761
Biopak (UK) Ltd,04104861,,,Worcester,WR4 0SX,ERP UK Ltd,102976,1,0,,,ORG:102976
Biopax Ltd,NI656536,,,Belfast,BT12 7AL,Valpak,105681,1,0,,,ORG:105681
BIP Candy & Toys UK Limited,SC198334,,,Edinburgh,EH6 7BD,Ecosurety (EA),102247,1,0,,,ORG:102247
Bird & Blend Tea Ltd,08474525,,,WORTHING,BN12 4QY,Comply with Clarity,106425,1,0,,,ORG:106425
Birds (Derby) Ltd,00252672,,,Derby,DE24 8GN,Valpak,102643,1,0,,,ORG:102643
Birkenstock UK Ltd,09914603,,,LONDON,W1S 1SW,,115975,1,0,,,ORG:115975
BISCHOF & KLEIN (UK) LIMITED,01372782,,,Telford,TF1 7XX,Biffpack,100475,1,0,,,ORG:100475
Biscuit International UK Limited,04352824,,,Gateshead,NE11 0PZ,Wastepack GB (SEPA),104014,1,0,,,ORG:104014
Biscuiteers Limited,16402333,,,London,SW19 2JD,Kite Environmental Solutions,116242,1,0,,,ORG:116242
Bitrez Limited,04138468,,,Wigan,WN6 0XQ,Veolia (EA),101124,1,0,,,ORG:101124
BKUK Group Limited,10980808,,,London,EC4A 3TW,Wastepack GB (SEPA),101789,10,9,BKUK Bristol Ltd; BKUK Crown Leisure Limited; BKUK Crown Limited; BKUK Devco Limited; BKUK Flame Limited; Caspian Food Retailers Limited; Caspian Food Services Limited; Teresina Limited; Zing Leisure Limited,00908355; 01450855; 05175354; 05501116; 06308340; 06397813; 07523162; 07613845; 10980858,ORG:101789
Blachford UK Ltd,06867435,,,Chesterfield,S42 5UY,Valpak,108606,1,0,,,ORG:108606
Black & Decker Ltd BV - UK Branch,,,,Northampton,NN4 7PW,ERP UK Ltd,106779,1,0,,,ORG:106779
Black Cat Fireworks Limited,01900841,,,Salford,M5 3EA,Veolia (EA),112652,1,0,,,ORG:112652
Blackburn Chemicals Ltd,01112362,,,Blackburn,BB1 5SX,ERP UK Ltd,102157,1,0,,,ORG:102157
Blackpool Pleasure Beach Ltd,01876267,,,Blackpool,FY4 1EZ,Valpak,112814,2,1,Ocean Boulevard II Ltd,04461997,ORG:112814
Blackwood Engineering Limited,00423178,,,Aberbeeg,NP13 2LN,Ecosurety (EA),102189,1,0,,,ORG:102189
Blagden Specialty Chemicals Ltd,03914333,,,Westerham,TN16 1PA,ERP UK Ltd,100795,1,0,,,ORG:100795
Blakely Clothing Co Ltd,07973401,,,Norfolk,NR24 2HJ,Valpak,116960,1,0,,,ORG:116960
Blakley Electrics Limited,00592238,,,Crayford,DA1 4QX,,104516,1,0,,,ORG:104516
Blanco UK Ltd,02674018,,,St Albans,AL2 2FL,Valpak,102205,1,0,,,ORG:102205
BLANK STREET UK LIMITED,13887702,,,London,EC4A 3TW,Beyondly,106498,1,0,,,ORG:106498
Blazers Fuels Limited,08594176,,,Penrith,CA10 2EY,Beyondly,117221,1,0,,,ORG:117221
Bleach Products Limited,07951797,,,London,E2 8JE,,106069,1,0,,,ORG:106069
BLENDS LIMITED,03537679,,,Prescot,L34 9FB,Beyondly,117071,1,0,,,ORG:117071
Blinds 2 Go Limited,03954180,,,Nottingham,NG1 3FG,Wastepack GB (SEPA),116315,1,0,,,ORG:116315
Blink Medical Limited,05084548,,,Cheltenham,GL50 1TA,Wastepack GB (SEPA),101621,1,0,,,ORG:101621
Bloom and Wild Holdings Limited,13302625,,,London,SE11 5JH,Ecosurety (EA),116393,3,2,Bloom and Wild Limited; Bloomon UK Ltd.,08419307; 09730173,ORG:116393
Blooming Artificial Limited,04186113,,,Great Yarmouth,NR31 0NW,Valpak,111339,1,0,,,ORG:111339
Blowplast Limited,02294547,,,High Wycombe,HP12 4HJ,Wastepack GB (SEPA),108116,1,0,,,ORG:108116
Blue Bell Foods Ltd,07537614,,,Northwood,HA6 2EH,Valpak,114756,1,0,,,ORG:114756
Blue Diamond (CP) Ltd,NI029850,,,Royal Hillsborough,BT26 6AJ,Scotpak (SEPA),100760,1,0,,,ORG:100760
BLUE DIAMOND PRODUCTS LIMITED,04090477,,,Leeds,LS1 5PS,Beyondly,107936,1,0,,,ORG:107936
Blue Diamond UK Limited,02421720,,,Eastleigh,SO50 6HT,Wastepack GB (SEPA),108651,10,9,BG Garden Centre Limited; Beckworth Limited; Blackdown Garden Centre Limited; Chatsworth Garden Centre Limited; Chester Garden Centre Limited; Fosseway Garden Centre Limited; Frosts Garden Centre Limited; Van Hage & Company  Limited; Yarnton Nurseries LLP,01272637; 01391377; 01513341; 03071469; 06200916; 06665762; 06916966; 16510919; OC335418,ORG:108651
Blue Machinery (Spares) Limited,04597499,,,Warrington,WA4 4SN,Recycling Lives Compliance Services,106183,1,0,,,ORG:106183
Blue Orange Brand Management Limited,03708700,,,,SG8 8DL,Packcare,102992,1,0,,,ORG:102992
Blue Seal Limited,03437267,,,Birmingham,B24 8TQ,Veolia (EA),104540,1,0,,,ORG:104540
Blue Skies Holdings Limited,04049445,,,Northampton,NN6 9AA,Kite Environmental Solutions,101323,2,1,Blue Skies (UK) Limited,03402110,ORG:101323
Blue Sky Designs Ltd,04459190,,,Otley,LS21 3JP,Valpak,101113,1,0,,,ORG:101113
Blue Tree Limited,04255829,,,Royston,SG8 5LE,Wastepack GB (SEPA),103548,1,0,,,ORG:103548
BLUELEAF LIMITED,07872692,,,Crawley,RH10 9BT,Biffpack,101263,1,0,,,ORG:101263
Blueprint Operations Limited,09388354,,,Newark On Trent,NG24 2EU,Wastepack GB (SEPA),108295,1,0,,,ORG:108295
BLUES GROUP (HOLDINGS) LIMITED,08680743,,,Maldon,CM9 4XD,Beyondly,107963,2,1,BLUES GROUP LTD,10890094,ORG:107963
Bluesky (UK) Limited,07763362,,,GRIMSBY,DN31 2TG,Comply with Clarity,114436,1,0,,,ORG:114436
BlueStar Europe Distribution B.V. UK Branch,BR018136,,,Stafford,ST18 0FZ,REPIC,100397,1,0,,,ORG:100397
Bluetree Print Limited,13575578,,,Rotherham,S63 5DR,Veolia (EA),106437,1,0,,,ORG:106437
Blugilt Holdings Ltd,00321419,,,Nottingham,NG3 1DE,Valpak,111258,3,2,Bettix Ltd; Bolton Plastic Components Ltd,00345529; 01770442,ORG:111258
Blum UK,02141589,,,Milton Keynes,MK10 0AW,Paperpak,108140,1,0,,,ORG:108140
BLV Holdings Limited,11378033,,,London,EC1M 6BB,Valpak,116739,3,2,FA Corporate Limited; LPA Trading Limited,08855051; 10374174,ORG:116739
BMI Group Holdings UK Limited,09984607,,,Reading,RG1 1LX,Comply with Clarity,104136,1,0,,,ORG:104136
BMJ PUBLISHING GROUP LIMITED,03102371,,,LONDON,WC1H 9JR,Comply with Clarity,108463,1,0,,,ORG:108463
BMP Europe Limited,01845855,,,Accrington,BB5 5YH,Paperpak,101762,3,2,PPC Solutions Limited; RB Medical Engineering Limited,02420424; 05883598,ORG:101762
BMW (UK) LIMITED,01378137,,,Farnborough,GU14 0FB,Biffpack,104156,1,0,,,ORG:104156
BMW (UK) MANUFACTURING LIMITED,03950868,,,Farnborough,GU14 0FB,Biffpack,102565,1,0,,,ORG:102565
BMW HAMS HALL MOTOREN GMBH,,,,,,Biffpack,102379,1,0,,,ORG:102379
BOAL U.K. LIMITED,02194180,,,Loughborough,LE12 9BS,Beyondly,105596,1,0,,,ORG:105596
Board24 Ltd,02138268,,,Coalville,LE67 1TT,Paperpak,100142,1,0,,,ORG:100142
BOC Ltd,00337663,,,Woking,GU21 6HT,Valpak,101855,1,0,,,ORG:101855
Boden & Davies Limited,00699015,,,Tyldesley,M29 7JF,,107693,1,0,,,ORG:107693
Bodum (U.K.) Limited,01848144,,,Telford,TF7 4QP,Wastepack GB (SEPA),102778,1,0,,,ORG:102778
Bodypak Limited,06502827,,,Diss,IP22 4GT,Wastepack GB (SEPA),101853,1,0,,,ORG:101853
BODYPOWER SPORTS LTD,03644050,,,Northampton,NN3 8RJ,Biffpack,102083,1,0,,,ORG:102083
Bodywise (UK) Limited,02379973,,,Bristol,BS32 4DX,Kite Environmental Solutions,106471,1,0,,,ORG:106471
Boehringer Ingelheim Animal Health UK Ltd,01961886,,,Bracknell,RG12 8YS,Valpak,104083,1,0,,,ORG:104083
Boehringer Ingelheim Ltd,00711858,,,Bracknell,RG12 8YS,Valpak,103685,1,0,,,ORG:103685
Bogod Group Ltd,04592400,,,London,EC1V 7EX,ERP UK Ltd,100153,3,2,Bogod & Company Limited; D R Kitchen Appliances Limited,00600493; 01416524,ORG:100153
Bollin Group Ltd,02404333,,,Macclesfield,SK10 1JQ,Valpak,111324,5,4,Burton McCall Ltd; Go Gas Ltd; Montgomery Duffle Ltd; Outdoor & Sports Company Ltd,00988970; 02168907; 04780042; 05947126,ORG:111324
Bolton BG UK Limited,14034335,,,London,W1S 1BG,Ecosurety (EA),117228,1,0,,,ORG:117228
Bombay Halwa Limited,01093486,,,London,W1T 3AD,ERP UK Ltd,107914,1,0,,,ORG:107914
Bon Bons (Wholesale) Limited,06734747,,,York,YO26 7QG,Kite Environmental Solutions,103458,1,0,,,ORG:103458
Bong UK Limited,03895897,,,Milton Keynes,MK15 8HQ,Ecosurety (EA),105894,1,0,,,ORG:105894
Boningale Limited,00651044,,,Wolverhampton,WV7 3AT,Veolia (EA),102592,1,0,,,ORG:102592
BONNINGTON PLASTICS LIMITED,01306737,,,NOTTINGHAM,NG10 5AD,Beyondly,101230,1,0,,,ORG:101230
Bonta' Italia Ltd,04589545,,,Barnet,EN5 4BE,Kite Environmental Solutions,100113,1,0,,,ORG:100113
Bonus Electrical Group Limited,01422329,,,Hull,HU7 3AP,Wastepack GB (SEPA),102642,5,4,Bonus Accessories Limited; Bonus Electrical Limited; Electricalstock.com Limited; Motorcycle Electrical Services Limited,01191139; 01931017; 03798936; 03985075,ORG:102642
Bonus Trading UK Ltd,08151258,,,Kimbolton,PE28 0NJ,Wastepack GB (SEPA),105699,1,0,,,ORG:105699
Booker Group Ltd,05145685,,,Wellingborough,NN8 1LT,Valpak,102182,5,4,Booker Direct Ltd; Booker Ltd; Booker Retail Partners (GB) Ltd; Makro Self Service Wholesalers Ltd,00197380; 00973269; 04004640; 06460554,ORG:102182
BOOMER INDUSTRIES LIMITED,NI008036,,,Lisburn,BT28 2FW,,106604,1,0,,,ORG:106604
Booost Trading Limited,04236843,,,Putney,SW152PU,,107789,1,0,,,ORG:107789
Bootyman Printers Limited,02733554,,,Hull,HU5 4HF,Veolia (EA),107063,1,0,,,ORG:107063
BOPARAN HOLDINGS LIMITED,03558065,,,Wakefield,WF2 8EE,Biffpack,107249,6,5,2 SISTERS FOOD GROUP LIMITED; CAVAGHAN & GRAY LIMITED; CONVENIENCE FOODS LIMITED; F.W. FARNSWORTH LIMITED; SOLWAY FOODS LIMITED,00159189; 00255912; 02189139; 02226886; 02826929,ORG:107249
Boparan Restaurants Holdings Limited,10192508,,,Birmingham,B3 2BJ,Comply with Clarity,111757,7,6,BRG CONCESSIONS LIMITED; BRG STAR LIMITED; CARLUCCIO'S (UK) LIMITED; CINNAMON COLLECTION LIMITED; GIRAFFE CONCEPTS LIMITED; GOURMET BURGER KITCHEN (UK) LIMITED,03442265; 06800894; 09950317; 12040028; 13940734; 15673160,ORG:111757
Boran-Mopack Limited,NI046138,,,Strabane,BT82 9AQ,Wastepack Northern Ireland (NIEA),102465,1,0,,,ORG:102465
Border Biscuits Limited,SC087177,,,Lanark,ML11 7SR,Wastepack GB (SEPA),102893,1,0,,,ORG:102893
Border Holdings (U.K.) Ltd,01664243,,,Craven Arms,SY7 8DA,Valpak,104503,2,1,Allmakes PR2 4x4 Ltd,02051551,ORG:104503
Border Vending Group Limited,06357748,,,Warrington,WA2 8UF,Wastepack GB (SEPA),117845,3,2,Border Vending North East Ltd; Border Vending North West Limited,06260150; 10905264,ORG:117845
Borealis UK Ltd,01387553,,,Manchester,M2 3DE,Valpak,104732,1,0,,,ORG:104732
BorgWarner Ltd,02346109,,,Bradford,BD4 6SE,Valpak,107800,1,0,,,ORG:107800
BOROUGH BROTH COMPANY LIMITED,09590728,,,Greenford,UB6 8PW,Beyondly,115713,1,0,,,ORG:115713
Borregaard UK Ltd,01141222,,,Warrington,WA3 6QQ,Beyondly,101565,1,0,,,ORG:101565
BOSCH REXROTH LIMITED,00768471,,,Cambs,PE19 2ES,Biffpack,103089,1,0,,,ORG:103089
Bosch Thermotechnology Ltd,01993294,,,Worcester,WR4 9SW,Valpak,101202,1,0,,,ORG:101202
Bose Limited,01187672,,,London,SE1 9SG,REPIC,106957,1,0,,,ORG:106957
Boston Scientific Ltd,02729626,,,Hemel Hempstead,HP2 4TZ,Valpak,105793,1,0,,,ORG:105793
BOTT LIMITED,01325869,,,Bude,EX23 8LY,,106527,1,0,,,ORG:106527
Bottega Veneta U.K. Co. Ltd,02892235,,,Haywards Heath,RH16 3BW,Valpak,108445,1,0,,,ORG:108445
Bourne Holidays Limited,01854900,,,Hemel Hempstead,HP2 4YL,Comply with Clarity,115184,2,1,Heythrop Park Limited,03892420,ORG:115184
Bourne Leisure Limited,04011660,,,Hemel Hempstead,HP2 4YL,Comply with Clarity,100964,6,5,Astril Limited; Celtic Haven Limited; Haven Leisure Limited; Holivans Limited; Palmhall Limited,00493874; 01462084; 01557614; 01968698; 03314060,ORG:100964
BOUTINOT LIMITED,01530086,,,Cheadle,SK8 2GG,Beyondly,106400,1,0,,,ORG:106400
Boux Avenue Ltd,07191520,,,London,SW19 3SE,Valpak,104140,1,0,,,ORG:104140
Bowmed Ibisqus Limited,06204088,,,Manchester,M15 4PY,,115208,1,0,,,ORG:115208
Bowmer and Kirkland Limited,00701982,,,Belper,DE56 2BW,Wastepack GB (SEPA),102072,6,5,B&K Hybrid Solutions Limited; Design IT Solutions Limited; Innovare Offsite Limited; Integrated Building Management Systems Ltd.; Sonic Communications (International) Limited,01248257; 01412073; 03906235; 13698905; 14636646,ORG:102072
Box and Seal Limited,04455760,,,Chippenham,SN15 4RE,Kite Environmental Solutions,105969,1,0,,,ORG:105969
Box-It Ireland Limited,NI061649,,,Newry,BT35 6QH,Scotpak (SEPA),104897,1,0,,,ORG:104897
Boxes & Packaging (UK) Limited,05562625,,,Birmingham,B30 3JN,Paperpak,100203,10,9,Boxes & Packaging (Birmingham) Limited; Boxes & Packaging (Bristol) Limited; Boxes & Packaging (Doncaster) Limited; Boxes & Packaging (Manchester) Limited; Boxes & Packaging (Oxford) Limited; Boxes & Packaging (Swindon) Limited; Boxes and Packaging (Dumbarton) Limited; Boxes and Packaging (Merseyside) Limited; Boxshop Limited  (The),02211041; 05562629; 05562632; 05562638; 05562642; 05562643; 06277110; 06798208; SC097103,ORG:100203
BoxPak Ltd,NI002891,,,Newtownabbey,BT36 7LR,Valpak,101340,1,0,,,ORG:101340
Boxway Packaging Group Limited,13157232,,,Telford,TF7 4QN,Wastepack GB (SEPA),107135,1,0,,,ORG:107135
Boys & Boden  Limited,00215444,,,Welshpool,SY21 7BL,Wastepack GB (SEPA),105302,1,0,,,ORG:105302
BP Marine Ltd,01214291,,,Sunbury On Thames,TW16 7BP,Valpak,104017,1,0,,,ORG:104017
BP Oil UK Ltd,00446915,,,Sunbury On Thames,TW16 7BP,Valpak,105498,1,0,,,ORG:105498
BPS REALISATIONS LTD,04230546,,,Birmingham,B6 7EP,Valpak,100968,1,0,,,ORG:100968
BPW Ltd,01815263,,,Leicester,LE19 1UZ,Valpak,107023,2,1,EMP-FP&S Ltd,03535355,ORG:107023
Brabantia (U.K.) Ltd,04936679,,,Bristol,BS48 4SB,Valpak,104609,1,0,,,ORG:104609
Braces Bakery Ltd,01223575,,,Birmingham,B3 2BJ,Valpak,108297,1,0,,,ORG:108297
Bradbury & Son (Buxton) Limited,00363223,,,Buxton,SK17 9RZ,Wastepack GB (SEPA),102530,2,1,Northumberland Cheese Company Limited,02930474,ORG:102530
Bradford And Sons Limited,00040088,,,Yeovil,BA20 2QR,Comply with Clarity,108499,1,0,,,ORG:108499
Bradshaws Driffield (Holdings) Ltd,01498609,,,Skerne Road,YO25 6EF,Valpak,112650,2,1,E.B.Bradshaw & Sons Ltd,00222864,ORG:112650
Brady Corporation Ltd,04201763,,,Banbury,OX16 3JU,Valpak,103054,1,0,,,ORG:103054
Brainstorm Ltd,03066662,,,Clitheroe,BB7 1QG,Beyondly,100077,1,0,,,ORG:100077
Bramble Foods Group Holdco Limited,12498421,,,Market Harborough,LE16 9EE,Wastepack GB (SEPA),108025,4,3,Bramble Foods Limited; MHT Foods Limited; The Bay Tree Food Co Limited,06426069; 06526126; 07290468,ORG:108025
Brand Addition Ltd,02083209,,,Manchester,M17 1DD,Comply with Clarity,104789,1,0,,,ORG:104789
Brand Architekts Group Limited,01975376,,,Iver,SL0 9HW,Valpak,104754,2,1,The Brand Architekts Ltd,06315241,ORG:104754
BRAND EVANGELISTS FOR BEAUTY LIMITED,10787576,,,Altrincham,WA14 2DT,Beyondly,103340,1,0,,,ORG:103340
Brand Phoenix Ltd,04195741,,,London,EC2A 4NE,Valpak,116007,1,0,,,ORG:116007
Brand Tap Bottling Ltd,12313590,,,Stourbridge,DY8 1LU,Kite Environmental Solutions,116192,1,0,,,ORG:116192
Brand Your Limited,13132827,,,London,NW3 5JJ,Comply with Clarity,116297,1,0,,,ORG:116297
Branded Drinks Ltd,03843119,,,Coleford,GL16 8PN,Wastepack GB (SEPA),105434,1,0,,,ORG:105434
Branded Garden Products Limited,00358372,,,Ipswich,IP8 3BU,Wastepack GB (SEPA),107390,1,0,,,ORG:107390
Brands Direct Ltd,03127307,,,Colchester,CO6 2JX,Valpak,107239,1,0,,,ORG:107239
Brandsby Agricultural Trading Association Limited,IP03289R,,,Malton,YO17 6TA,Wastepack GB (SEPA),100712,2,1,William Thompson (York) Limited,00211711,ORG:100712
BRANSFORD GARDEN PLANTS LIMITED,00686208,,,Bransford,WR65JN,Comply with Clarity,101579,1,0,,,ORG:101579
Branston Ltd,02889789,,,Lincoln,LN4 1NJ,Valpak,103871,1,0,,,ORG:103871
BRAVISSIMO LIMITED,03315389,,,Northamptonshire,NN14 2PG,Beyondly,102971,1,0,,,ORG:102971
BRAVURA FOODS LIMITED,07347764,,,Cardiff,CF23 8RS,Beyondly,105114,1,0,,,ORG:105114
BRAY CONTROLS (UK) LIMITED,SC163206,,,Inchinnan,PA4 9RE 0,,117061,1,0,,,ORG:117061
BRCK Group Plc,11123804,,,Bridgend,CF31 3XG,Comply with Clarity,116255,18,17,Brick Services Ltd; Brick-ability Ltd; Brick-link Ltd; Crest Brick Slate & Tile Ltd; E.T. Clay Products Ltd; FSN Doors Ltd; Forum Tiles Ltd; Frazer Simpson Limited; Heritage Clay Tiles Ltd; LBT BRICK & FACADES LIMITED; Modular Clay Products; ROOFING DISTRIBUTION UK LIMITED; The Bespoke Brick Co Ltd; The Matching Brick Company Limited; Towelrads.com Limited; U PLASTICS LIMITED; Upowa Ltd,01972562; 02245364; 02530773; 02545642; 03373142; 03633185; 03719911; 04906064; 05044301; 05110347; 06471686; 06838234; 07304174; 08723889; 08732318; 13134891; 13451727,ORG:116255
BREAD LIMITED,06186850,,,London,NW9 6AQ,Biffpack,111841,4,3,BREAD FACTORY LIMITED; GAIL'S LIMITED; THE BERTINET BAKERY LIMITED,03237576; 06055393; 07323700,ORG:111841
Breedon Cement Limited,08284549,,,Derby,DE73 8AP,Veolia (EA),105491,1,0,,,ORG:105491
Breedon Group plc,14739556,,,Derby,DE73 8AP,Veolia (EA),107377,1,0,,,ORG:107377
Brenntag UK Holding Limited,05777067,,,Leeds,LS16 6QY,Veolia (EA),116499,3,2,Brenntag UK Limited; Monarch Chemicals Limited,02404731; 05262170,ORG:116499
BRETT LANDSCAPING LIMITED,00342312,,,Canterbury,CT4 7PP,Biffpack,101786,1,0,,,ORG:101786
Brett Martin Daylight Systems Ltd,01225853,,,Coventry,CV2 2QU,Valpak,100960,1,0,,,ORG:100960
Brett Martin Limited,NI008627,,,Mallusk,BT36 4RB,Wastepack Northern Ireland (NIEA),104733,1,0,,,ORG:104733
Brevitt-Rieker Limited,02418034,,,Market Harborough,LE16 9HW,Kite Environmental Solutions,100758,1,0,,,ORG:100758
BRG Appliances Ltd,08223512,,,London,EC2A 4NE,Valpak,111388,1,0,,,ORG:111388
Bri-Ton Fine Foods Ltd,01056729,,,Newcastle,ST5 6BE,Valpak,116345,1,0,,,ORG:116345
Brian James Trailers Limited,03844151,,,Rugby,CV212SG,Comply with Clarity,116257,1,0,,,ORG:116257
Bridge Farm Horticulture Limited,07632692,,,Spalding,PE11 2TA,Wastepack GB (SEPA),105547,1,0,,,ORG:105547
BRIDGE JOHNSON LIMITED,SC293861,,,Kilmarnock,KA2 0FJ,Beyondly,106944,1,0,,,ORG:106944
Bridge Stores Ltd,01840540,,,Preston,PR4 6SN,ERP UK Ltd,108039,1,0,,,ORG:108039
Bridgnorth Aluminium Limited,04155640,,,Bridgnorth,WV15 6AU,Kite Environmental Solutions,101050,1,0,,,ORG:101050
Bridgwater Bros.Holdings Ltd,00893784,,,Havant,PO9 2NL,Valpak,106842,8,7,Cornish Bakehouse UK Ltd; Essex Flameproofing Ltd; Heirlooms Ltd; John Dwyer Bakery Ltd; Odlings Ltd; Odlings MCR Ltd; Peck and Strong Ltd,00890557; 00890658; 01763283; 02276219; 04441546; 04676102; 06169499,ORG:106842
Bridon International Ltd.,00416671,,,Doncaster,DN4 8DG,Valpak,104969,1,0,,,ORG:104969
BRIDOR FRESHLY BAKED SOLUTION LIMITED,01543222,,,London,EC3A 7BA,Biffpack,107726,1,0,,,ORG:107726
BRIGHT BLUE FOODS LIMITED,08211695,,,Blackburn,BB1 2PT,Beyondly,101908,1,0,,,ORG:101908
Brightgreen Plastics Ltd,07289595,,,Castleford,WF10 2AL,Valpak,103753,1,0,,,ORG:103753
Brightwell Dosing Limited,00661996,,,Newhaven,BN9 0DQ,Comply with Clarity,108548,1,0,,,ORG:108548
BRINDISA LIMITED,02214956,,,London,SW12 0LT,Beyondly,105296,1,0,,,ORG:105296
Brinkman (Horticultural Service) U.K. Limited,01178930,,,Beverley,HU17 0RT,Kite Environmental Solutions,106605,1,0,,,ORG:106605
Brioche Pasquier U.K. Ltd,04039198,,,Milton Keynes,MK8 8DF,Valpak,105550,1,0,,,ORG:105550
BRISTAN GROUP LIMITED,01318148,,,Leeds,LS1 5AB,Biffpack,103247,1,0,,,ORG:103247
Bristol Laboratories Limited,03393503,,,Berkhamsted,HP4 1EG,Paperpak,108539,1,0,,,ORG:108539
Bristol-Myers Squibb Pharmaceuticals Ltd,02487574,,,Denham,UB8 1DH,Valpak,107465,1,0,,,ORG:107465
Brita Vivreau Limited,02875749,,,Bicester,OX26 4JT,Wastepack GB (SEPA),114642,1,0,,,ORG:114642
Brita Water Filter Systems Limited,02700375,,,Bicester,OX26 4JT,Wastepack GB (SEPA),101899,1,0,,,ORG:101899
BRITAL FOODS LIMITED,02966384,,,London,SE1 2JE,Beyondly,104944,1,0,,,ORG:104944
Britannia Fire Limited,06935191,,,Ashwellthorpe,NR16 1ER,Kite Environmental Solutions,116940,1,0,,,ORG:116940
Britannia Hotels Ltd,01343600,,,Hale,WA15 8RE,Scotpak (SEPA),107194,1,0,,,ORG:107194
Britannia Pharmaceuticals Ltd,01557088,,,Reading,RG2 6GP,Valpak,116433,1,0,,,ORG:116433
Britannia Superfine Limited,00526712,,,POLEGATE,BN26 6JF,Comply with Clarity,105087,1,0,,,ORG:105087
Britax Excelsior Limited,00294545,,,Andover,SP10 4DU,Wastepack GB (SEPA),106735,1,0,,,ORG:106735
Britchem Limited,04465919,,,Beverley,HU17 0LN,Wastepack GB (SEPA),108404,1,0,,,ORG:108404
BRITISH AIRWAYS PLC,01777777,,,Harmondsworth,UB7 0GB,Comply with Clarity,105779,6,5,BA CITYFLYER LIMITED; BA EUROFLYER LIMITED; BRITISH AIRWAYS AVIONIC ENGINEERING LIMITED; BRITISH AIRWAYS INTERIOR ENGINEERING LIMITED; British Airways Engineering Wales Limited,02204178; 02571224; 02775232; 03109109; 13734241,ORG:105779
British American Tobacco UK Ltd,02346565,,,London,W4 5YG,ERP UK Ltd,105342,1,0,,,ORG:105342
British Bakels Ltd,00430208,,,Bicester,OX26 4JT,Valpak,104267,1,0,,,ORG:104267
British Cables Company Ltd,08118255,,,Blackley,M9 8ES,Comply with Clarity,106981,1,0,,,ORG:106981
BRITISH ELECTRIC LAMPS LIMITED,00167205,,,NORMANTON,WF6 1TN,Comply with Clarity,102259,1,0,,,ORG:102259
British Engines (UK) Limited,07159418,,,Newcastle upon Tyne,NE61BS,Comply with Clarity,105305,9,8,BEL ENGINEERING (UK) LIMITED; BEL VALVES LIMITED; CMP LIMITED; MICHELL BEARINGS LIMITED; ROTARY POWER LTD.; STADIUM EXPORT SERVICES LIMITED; STEPHENSON GOBIN LIMITED; TYNE PRESSURE TESTING LIMITED,00167542; 00931010; 01061427; 03066363; 03497689; 07970363; 09165220; 09390648,ORG:105305
British Polythene Industries Ltd,00108191,,,Corby,NN17 5JX,Valpak,105449,3,2,British Polythene Ltd; Flexfilm Ltd,00350729; 03379307,ORG:105449
British Steel Ltd,12303256,,,Scunthorpe,DN16 1XA,Valpak,105080,1,0,,,ORG:105080
British Sugar Plc,00315158,,,London,W1K 4QY,Comply with Clarity,100469,1,0,,,ORG:100469
BRITISH TELECOMMUNICATIONS PUBLIC LIMITED COMPANY,01800000,,,London,E1 8EE,Biffpack,102772,4,3,EE LIMITED; OPENREACH LIMITED; PLUSNET PLC,02382161; 03279013; 10690039,ORG:102772
British Wool Marketing Board,,,,Bradford,BD2 1AZ,Valpak,104177,2,1,Wool Growers (Great Britain) Ltd,00628994,ORG:104177
BRITVIC LIMITED,05604923,,,Hemel Hempstead,HP2 4TZ,Beyondly,107441,2,1,BRITVIC SOFT DRINKS LIMITED,00517211,ORG:107441
Britvic Northern Ireland Ltd,NF000009,,,Dublin,D02T 380,Beyondly,107389,1,0,,,ORG:107389
Broad Oak Farm Sausage Co. Limited,02034575,,,Bishops Stortford,CM22 7LQ,Wastepack GB (SEPA),102692,1,0,,,ORG:102692
Broadland Drinks Limited,00859081,,,Norwich,NR10 4BG,Comply with Clarity,102124,1,0,,,ORG:102124
Brockmans Gin Limited,05988509,,,London,W1W 8DY,Ecosurety (EA),116782,1,0,,,ORG:116782
BRODERICK GROUP LIMITED,01459430,,,Manchester,M22 4TE,Biffpack,103928,1,0,,,ORG:103928
Brodie Melrose Drysdale & Co Ltd,SC201590,,,Musselburgh,EH21 6SY,,104984,1,0,,,ORG:104984
Brokk UK Limited,04063287,,,Milnthorpe,LA7 7NU,Comply with Clarity,116454,1,0,,,ORG:116454
Brook Taverner Limited,00450639,,,Keighley,BD21 5BU,Paperpak,100287,1,0,,,ORG:100287
Brookerpaks Ltd,04466553,,,Newington,ME9 7PE,Valpak,103401,1,0,,,ORG:103401
Brooks Bros. (UK) Limited,01644146,,,Maldon,CM9 4GG,Kite Environmental Solutions,100696,1,0,,,ORG:100696
Brooks Sports Ltd,09290582,,,Birmingham,B26 3RZ,Valpak,117252,1,0,,,ORG:117252
BROOM HOUSE INVESTMENTS LIMITED,01156457,,,Brighouse,HD6 1LU,Beyondly,105901,1,0,,,ORG:105901
Brose Ltd,00849216,,,Coventry,CV7 9NW,Valpak,105846,1,0,,,ORG:105846
Brother Industries (U.K.) Ltd,01888853,,,Wrexham,LL14 6HA,Valpak,108622,1,0,,,ORG:108622
Brother International Europe Ltd,00664172,,,Manchester,M34 5JE,Valpak,104367,1,0,,,ORG:104367
Brother Sewing Machines Europe GmbH UK Branch,FC029339,,,Audenshaw,M34 5JD,Valpak,106833,1,0,,,ORG:106833
Brother U.K. Ltd,00029301,,,Manchester,M34 5JD,Valpak,105461,1,0,,,ORG:105461
Brothers Drinks Co. Limited,02711055,,,Shepton Mallet,BA4 5ND,Paperpak,107896,1,0,,,ORG:107896
Broughton Plant Hire and Sales Limited,01722401,,,Brentwood,CM13 1XD,Comply with Clarity,117003,1,0,,,ORG:117003
Brown-Forman Beverages  Europe  Ltd,04129810,,,London,W1W 8HJ,Valpak,107476,1,0,,,ORG:107476
Brownings The Bakers,SC218108,,,Kilmarnock,KA1 2NP,Scotpak (SEPA),107577,1,0,,,ORG:107577
Browns Bedrooms & Kitchens Ltd,03832767,,,Cramlington,NE23 1WD,Wastepack GB (SEPA),102454,1,0,,,ORG:102454
Browns Builders Merchants Limited,02478452,,,Derby,DE1 3QQ,Wastepack GB (SEPA),100311,1,0,,,ORG:100311
Browns Food Group Limited,SC236133,,,Kelloholm,DG4 6RB,,115757,5,4,Browns Manufacturing Limited; Importo Limited; John Robertson & Sons Hamcurers Limited; Lairds Foods Limited,SC022598; SC105710; SC177975; SC452282,ORG:115757
Broxburn Bottlers Ltd,SC088127,,,Broxburn,EH52 5ND,Valpak Scotland Ltd (SEPA),111402,1,0,,,ORG:111402
Bruce Douglas Marketing Ltd,SC059670,,,Dundee,DD2 3JP,,104911,1,0,,,ORG:104911
Bruichladdich Distillery Company Ltd,SC209196,,,Argyll,PA49 7UN,Scotpak (SEPA),105106,1,0,,,ORG:105106
Brunel Healthcare Manufacturing Limited,04504895,,,Swadlincote,DE11 0BB,Wastepack GB (SEPA),104113,1,0,,,ORG:104113
BRUSH GROUP LIMITED,14235315,,,Loughborough,LE11 1EX,Beyondly,116627,3,2,BRUSH TRANSFORMERS LIMITED; HAWKER SIDDELEY SWITCHGEAR LIMITED,00370559; 00589650,ORG:116627
BRYAN W. NASH & SONS LIMITED,01145449,,,Dorking,RH4 2EU,Beyondly,100188,1,0,,,ORG:100188
Bryan's Salads Ltd.,04093925,,,Preston,PR4 6LJ,Ecosurety (EA),100961,1,0,,,ORG:100961
Bryants Nurseries Limited,00640145,,,,HP3 0NA,Smart Comply (EA),104579,1,0,,,ORG:104579
BS Plastics Ltd,09350237,,,Birmingham,B6 7EQ,Packcare,107473,1,0,,,ORG:107473
BS Polythene Ltd,07428899,,,Birmingham,B6 7EQ,Packcare,107475,1,0,,,ORG:107475
BSH Home Appliances Limited,01844007,,,Wolverton,MK12 5PT,REPIC,104734,1,0,,,ORG:104734
BSM Packaging Supplies Limited,02508832,,,Hockley,SS5 4AD,Wastepack GB (SEPA),117089,1,0,,,ORG:117089
BSW TIMBER LIMITED,SC108926,,,Dunfermline,KY11 8RY,Biffpack,116594,3,2,BSW SAWMILLS LIMITED; TILHILL FORESTRY LIMITED,03242286; SC033398,ORG:116594
BSW Timber Solutions Ltd,02541468,,,Stoke on Trent,ST1 5PG,Beyondly,106526,1,0,,,ORG:106526
BUBBLE MAX LTD,11202125,,,Doncaster,DN9 3QZ,Beyondly,105957,1,0,,,ORG:105957
Bucher Municipal Limited,00199841,,,Dorking,RH4 1XF,Veolia (EA),102014,1,0,,,ORG:102014
BUCKINGHAM VINTNERS INTERNATIONAL LIMITED,04402527,,,Bracknell,RG12 1NF,Beyondly,102461,1,0,,,ORG:102461
BUCKLER BOOTS LIMITED,SC182006,,,Dundee,DD2 1SW,Beyondly,102472,1,0,,,ORG:102472
Budweiser Budvar UK Limited,04309989,,,Bristol,BS20 0DD,Veolia (EA),103799,1,0,,,ORG:103799
BUFA Composites UK Ltd.,02090336,,,Maningtree,CO11 1NT,Wastepack GB (SEPA),105098,1,0,,,ORG:105098
BUFAB (UK) LIMITED,02646431,,,High Wycombe,HP12 3PY,Biffpack,106624,1,0,,,ORG:106624
Build-A-Bear UK Holdings Limited,05651132,,,Slough,SL1 3SA,Ecosurety (EA),102682,2,1,Build-A-Bear Workshop UK Limited,04537212,ORG:102682
Building Adhesives Limited,00742637,,,Stoke-on-Trent,ST4 8JB,Ecosurety (EA),106382,1,0,,,ORG:106382
BUILDING AND PLUMBING SUPPLIES LIMITED,00288407,,,Leamington Spa,CV34 6RH,Biffpack,108658,1,0,,,ORG:108658
BULK HARDWARE LIMITED,01177960,,,Wells,BA5 2LA,,111219,1,0,,,ORG:111219
Bull Brand Limited,04045290,,,Keighley,BD20 0EE,Comply with Clarity,105720,1,0,,,ORG:105720
Bulrush Horticulture Limited,NI013566,,,Magherafelt,BT45 8ND,Wastepack Northern Ireland (NIEA),100477,1,0,,,ORG:100477
BULTEN LIMITED,SC085664,,,Edinburgh,EH2 4JN,Beyondly,106280,1,0,,,ORG:106280
BUMBLE HOLE FOODS LIMITED,04297967,,,Worcestershire,B61 9JA,Beyondly,101155,1,0,,,ORG:101155
Bunches Florapost Limited,03924234,,,Nottingham,NG15 0DQ,Veolia (EA),100524,1,0,,,ORG:100524
Bundaberg Brewed Drinks UK PTY Limited,04749599,,,Halifax,HX3 6AS,Comply with Clarity,111753,1,0,,,ORG:111753
Bunzl UK Ltd,02902454,,,London,W1H 7JT,Valpak,103908,1,0,,,ORG:103908
Buoyant Upholstery Limited,03690496,,,Nelson,BB9 8AJ,Wastepack GB (SEPA),100885,1,0,,,ORG:100885
Burberry Ltd,00162636,,,London,SW1P 2AW,Valpak,104840,1,0,,,ORG:104840
Burbidge & Son Limited,00376700,,,Coventry,CV5 6BS,Wastepack GB (SEPA),103785,1,0,,,ORG:103785
Burford Garden Centre Ltd,02773151,,,Oxford,OX1 4HL,Valpak,102443,1,0,,,ORG:102443
Burgess Farms Ltd,03107225,,,Peterborough,PE7 3TW,Comply with Clarity,108197,3,2,NESSGRO LIMITED; PRODUCE WORLD GROUP LTD,03117070; SC274212,ORG:108197
Burgess Group Limited,00445555,,,Pickering,YO18 7YB,Valpak,103961,2,1,Naturevito Limited,06758577,ORG:103961
Burgon & Ball Ltd,02074260,,,Sheffield,S3 9QX,Valpak,105966,1,0,,,ORG:105966
BURTS SNACKS LIMITED,02665660,,,London,NW10 7ST,Beyondly,107741,1,0,,,ORG:107741
Bushboard Ltd,03943217,,,Wellingborough,NN8 4BA,Valpak,106102,1,0,,,ORG:106102
BUTCHER'S PET CARE LIMITED,01716195,,,Thirsk,YO7 3HE,Beyondly,103379,1,0,,,ORG:103379
BUTCOMBE BREWERY LIMITED,04631145,,,Bristol,BS40 5PA,Biffpack,107832,1,0,,,ORG:107832
Bute Island Foods Ltd.,SC237960,,,Rothesay,PA20 9JH,Ecosurety (EA),104521,1,0,,,ORG:104521
Butlers Farmhouse Cheeses Limited,03660805,,,Preston,PR3 2LH,Comply with Clarity,107296,1,0,,,ORG:107296
Butlins Skyline Limited,04011665,,,Hemel Hempstead,HP2 4TZ,Comply with Clarity,107292,1,0,,,ORG:107292
Butterfly Poultry Limited,02513659,,,Newark,NG24 2EG,Smart Comply (EA),111825,1,0,,,ORG:111825
Buttle's plc,02657821,,,St Albans,AL3 6NX,Wastepack GB (SEPA),114763,1,0,,,ORG:114763
BUTTRESS GROUP LIMITED,01632071,,,Brackley,NN13 7UG,Beyondly,114424,1,0,,,ORG:114424
BUXTON LIME LIMITED,14245883,,,Buxton,SK17 8TG,Beyondly,108642,1,0,,,ORG:108642
Buy It Direct Ltd,04171412,,,Huddersfield,HD2 1UA,Wastepack GB (SEPA),115010,1,0,,,ORG:115010
Buy Whole Foods Online Ltd,06643885,,,Ramsgate,CT12 4EX,Valpak,100719,1,0,,,ORG:100719
BUZZ GROUP LIMITED,00794943,,,Nottingham,NG7 1TN,Biffpack,107181,1,0,,,ORG:107181
BWT UK Limited,01386074,,,High Wycombe,HP12 4HJ,Ecosurety (EA),117338,1,0,,,ORG:117338
BYK Additives Ltd,04050418,,,Widnes,WA8 3AA,Valpak,101060,1,0,,,ORG:101060
Byredo UK Ltd,08144057,,,London,WC2E 9NH,Valpak,106525,1,0,,,ORG:106525
B�hler UK Ltd,00434274,,,London,E16 2BF,Valpak,106853,1,0,,,ORG:106853
C & C HOLDINGS (NI) LIMITED,NI022259,,,Hillsborough,BT26 6JJ,Beyondly,106625,7,6,BIBENDUM OFF TRADE LIMITED; C&C IP UK LIMITED; MAGNERS GB LIMITED; MATTHEW CLARK BIBENDUM LIMITED; TENNENT CALEDONIAN BREWERIES UK LIMITED; TENNENT'S NI LIMITED,01655729; 02550982; 07063165; 12290352; R0000299; SC362352,ORG:106625
C & D Foods (Larkshall) Unlimited,03836597,,,Thetford,IP24 1QY,Wastepack GB (SEPA),100383,1,0,,,ORG:100383
C & K Meats Ltd,02770891,,,Coventry,CV2 2QB,Valpak,101737,1,0,,,ORG:101737
C & P Bird Bros. Ltd,01333687,,,Bedfordshire,MK44 2SU,Valpak,103553,1,0,,,ORG:103553
C & P Medical Trading Limited,03613589,,,Derby,DE74 2HJ,Ecosurety (EA),105365,1,0,,,ORG:105365
C & W BERRY LIMITED,01464224,,,Leyland Preston,PR25 2LE,Biffpack,105978,1,0,,,ORG:105978
C CARNEVALE LIMITED,06546531,,,London,N7 9BN,Beyondly,116908,1,0,,,ORG:116908
C D T Sidoli (Welshpool) Limited,01656459,,,Welshpool,SY21 7BE,Wastepack GB (SEPA),103527,1,0,,,ORG:103527
C J Wildbird Foods Limited,02101581,,,Shrewsbury,SY4 4UR,Wastepack GB (SEPA),103775,1,0,,,ORG:103775
C K's Supermarket Limited,03639524,,,Carmarthenshire,SA15 2BT,ERP UK Ltd,107251,1,0,,,ORG:107251
C S LABELS LIMITED,01267599,,,Wolverhampton,WV11 3BF,Beyondly,105247,1,0,,,ORG:105247
C&D Foods (Driffield) Unlimited,02678260,,,Driffield,YO25 9DJ,Wastepack GB (SEPA),107954,1,0,,,ORG:107954
C. & J. Clark International Limited,00141015,,,Street,BA16 0EQ,Ecosurety (EA),102876,1,0,,,ORG:102876
C. & O. Wines Limited,02729653,,,Timperley,WA14 5QH,Wastepack GB (SEPA),116533,1,0,,,ORG:116533
C. L. Jones Ltd.,03923685,,,Bangor,LL57 3BX,Wastepack GB (SEPA),108244,1,0,,,ORG:108244
C.A. Group Limited,01745027,,,Evenwood,DL14 9SF,Wastepack GB (SEPA),104800,1,0,,,ORG:104800
C.Brewer & Sons Ltd,00203852,,,Eastbourne,BN21 3TR,Comply with Clarity,101759,1,0,,,ORG:101759
C.E.X. Limited,03194152,,,Walthamstow,E17 4EE,Wastepack GB (SEPA),111214,1,0,,,ORG:111214
C.G. Fixings Limited,04666779,,,Newton Aycliffe,DL5 6AR,Wastepack GB (SEPA),108494,1,0,,,ORG:108494
C.G.Hacking & Sons Limited,01002291,,,London,SE1 1XW,Ecosurety (EA),102154,1,0,,,ORG:102154
C.J. LANG & SON LIMITED,SC017664,,,Tayside,DD4 8JU,Beyondly,107696,1,0,,,ORG:107696
C.K. FOODS HOLDINGS LIMITED,05040550,,,HULL,HU2 0JB,Beyondly,116073,4,3,C.K. (FAST FOOD SUPPLIERS) LIMITED; C.K. FOODS (PROCESSING) LIMITED; C.K. RETAIL LTD,03879367; 05328790; 13671420,ORG:116073
C.R. Walter (Coventry) Ltd,01278754,,,Coventry,CV4 9TB,Valpak,105240,1,0,,,ORG:105240
C.R.T. Packaging (U.K.) Limited,03173508,,,Cramlington,NE23 7RZ,Wastepack GB (SEPA),103246,1,0,,,ORG:103246
C.S. Ellis (Holdings) Limited,08405320,,,Oakham,LE15 8NF,Kite Environmental Solutions,106128,3,2,C S Ellis Logistics Limited; Rutland Nursery Limited,00852320; 02380250,ORG:106128
CABLE SERVICES LIMITED,05174041,,,Wrexham,LL13 9PS,Biffpack,101975,1,0,,,ORG:101975
Cables Direct Ltd,02819039,,,Lake View Drive,NG15 0ED,Valpak,104286,1,0,,,ORG:104286
Cabot Carbon Ltd,00462857,,,Penarth,CF64 5RP,Valpak,102563,1,0,,,ORG:102563
CAFE CONNECTIONS LIMITED,04502423,,,Uxbridge,UB8 2YF,Biffpack,104649,1,0,,,ORG:104649
CAFEA UK LIMITED,02974751,,,Dunstable,LU5 4LT,Comply with Clarity,100811,1,0,,,ORG:100811
CafeDirect Plc,SC141496,,,Edinburgh,EH2 4JN,Wastepack GB (SEPA),105532,1,0,,,ORG:105532
Cafedirect Roastery Limited,04022650,,,Huddersfield,HD9 4EP,Paperpak,107836,1,0,,,ORG:107836
Cake Decor Ltd,SC298811,,,Cumbernauld,G68 9LH,Beyondly,105931,1,0,,,ORG:105931
Cakesmiths Group Limited,05586303,,,Bristol,BS2 0JZ,Wastepack GB (SEPA),116893,1,0,,,ORG:116893
Calbee Group (UK) Ltd,08949175,,,Altrincham,WA142DT,Comply with Clarity,104350,1,0,,,ORG:104350
Calder Industrial Materials Limited,00028073,,,Chester,CH1 4EX,Ecosurety (EA),102954,1,0,,,ORG:102954
CALDER MILLERFIELD LIMITED,SC013663,,,Glasgow,G40 3DX,Biffpack,103554,1,0,,,ORG:103554
Calders & Grandidge (Boston) Limited,12512544,,,Boston,PE21 7HJ,,112423,1,0,,,ORG:112423
Calderys NGJ Ltd,04148785,,,Ellesemere Port,CH66 1ST,Comply with Clarity,104491,1,0,,,ORG:104491
CALDEX HOLDINGS LIMITED,06401841,,,HALIFAX,HX2 9AP,,101465,1,0,,,ORG:101465
Caldic (UK) Ltd,02084881,,,Chesterfield,S42 5UG,Valpak,103393,2,1,Caldic Ingredients UK Ltd.,09345197,ORG:103393
Caledonian Alloys Limited,SC162625,,,Livingston,EH54 5BZ,Kite Environmental Solutions,101452,1,0,,,ORG:101452
Caledonian Plywood Company Ltd.,SC195444,,,Glasgow,G71 5PF,Wastepack GB (SEPA),100459,1,0,,,ORG:100459
CALIFIA FARMS UK LIMITED,10594783,,,Chester,CH1 3EQ,Beyondly,107095,1,0,,,ORG:107095
Calington Limited,04908778,,,Welwyn Garden City,AL8 6NS,Wastepack GB (SEPA),102105,1,0,,,ORG:102105
Callaway Golf Europe Ltd,02756321,,,London,E1 6RS,Valpak,107541,1,0,,,ORG:107541
Calleva Limited,02880629,,,Bridgwater,TA66DF,,117505,1,0,,,ORG:117505
Calor Gas Ltd,00303703,,,Warwick,CV34 5AH,Valpak,104758,1,0,,,ORG:104758
Calor Gas Northern Ireland Limited,NI008192,,,Belfast,BT3 9EE,Wastepack Northern Ireland (NIEA),103915,1,0,,,ORG:103915
CAMBIUM OPERATIONS LIMITED,13308203,,,London,W6 8DL,Beyondly,114472,5,4,LITTLE LIST LIMITED; PREZOLA LIMITED; WEDDING LIST SOLUTIONS LIMITED; WEDDING PRESENTS DIRECT LIMITED,02519495; 04531550; 07630238; 13948035,ORG:114472
Cambrian Packaging Ltd,07289081,,,Newtown,SY16 4LE,Wastepack GB (SEPA),100625,1,0,,,ORG:100625
Cambridge Commodities Limited,03590758,,,Ely,CB6 3NX,Wastepack GB (SEPA),104697,1,0,,,ORG:104697
Cambridge Nutritional Foods Limited,05530118,,,Corby,NN17 5LU,Wastepack GB (SEPA),116337,4,3,Cambridge Weight Plan Limited; Food Nutrition Partners Limited; Serenova Nutrition Limited,01673704; 10681854; 16077279,ORG:116337
Camel Valley Limited,04159388,,,Bodmin,PL30 5LG,,101995,1,0,,,ORG:101995
Camerons Brewery Limited,03571101,,,Hartlepool,TS24 7QS,Wastepack GB (SEPA),105531,3,2,The Head of Steam Ltd; The Leeds Brewery Holding Company Limited,01462504; 07681733,ORG:105531
CAMFIL LIMITED,01404355,,,Lancashire,BB4 4EG,Beyondly,102549,1,0,,,ORG:102549
Camira Group Ltd,05635756,,,Mirfield,WF14 8HE,Wastepack GB (SEPA),102960,4,3,Camira Fabrics Limited; Camira Yarns Limited; Holmfirth Dyers Limited,00187655; 02180957; 02215654,ORG:102960
CAMPACK LIMITED,03749580,,,CHIPPENHAM,SN15 3HR,Beyondly,103198,1,0,,,ORG:103198
Campbell's Prime Meat Limited,SC051565,,,Edinburgh,EH3 8HE,Ecosurety (EA),104932,1,0,,,ORG:104932
Campbells Shortbread,,,,Callander,FK17 8BL,Scotpak (SEPA),103437,1,0,,,ORG:103437
Camseng International Foods Distributors,NI617389,,,Belfast,BT9 7DW,Scotpak (SEPA),101220,1,0,,,ORG:101220
Camvac International Ltd,15238561,,,Thetford,IP24 3QY,Beyondly,116300,1,0,,,ORG:116300
CAMVAC ROCKWELL LIMITED,SC177774,,,Dundee,dd2 4tg,Valpak Scotland Ltd (SEPA),107517,1,0,,,ORG:107517
Canal Toys Distribution Ltd,11132457,,,York,YO26 6RW,Valpak,116074,1,0,,,ORG:116074
CANCER RESEARCH UK TRADING LIMITED,04355631,,,London,E201JQ,Beyondly,101319,1,0,,,ORG:101319
Candle Shack Limited,07331656,,,London,EC1V 2NX,Wastepack GB (SEPA),102699,1,0,,,ORG:102699
Candlelight Products Ltd,01190834,,,Rotherham,S65 3SH,Valpak,104016,1,0,,,ORG:104016
CANO WATER LIMITED,09483931,,,London,SW1Y 4EL,,105719,1,0,,,ORG:105719
Canon Europa NV,,,,Amstelveen,1185 XB,ERP UK Ltd,105300,2,1,Canon (UK) Limited,01264300,ORG:105300
CANPACK UK LIMITED,06366267,,,Scunthorpe,DN15 8NN,Beyondly,106953,1,0,,,ORG:106953
Canyon Europe Limited,NI019880,,,Co Antrim,BT36 4PR,Wastepack Northern Ireland (NIEA),104064,1,0,,,ORG:104064
Capestone Organic Poultry Limited,03693186,,,Haverfordwest,SA62 3DY,Wastepack GB (SEPA),106445,1,0,,,ORG:106445
Capita Managed IT Solutions Limited,NI032979,,,Newtownabbey,BT36 7LQ,Wastepack Northern Ireland (NIEA),108042,1,0,,,ORG:108042
Capital (Hair and Beauty) Limited,00530201,,,Brighton,BN1 8AP,Wastepack GB (SEPA),107943,2,1,College Kits Direct Limited,06854627,ORG:107943
Capital Coated Steel Limited,01066357,,,Newport,NP11 7PX,Wastepack GB (SEPA),103883,3,2,Brunel Steel Services Limited; Macward Steel Slitting  Services Limited,01214501; 01302195,ORG:103883
Capital Refractories Limited,01101489,,,Chesterfield,S43 4AB,Smart Comply (EA),116685,1,0,,,ORG:116685
Capper Trading Limited,NI020754,,,Dungannon,BT71 6HW,Wastepack Northern Ireland (NIEA),102726,1,0,,,ORG:102726
Capri Sun UK Limited,12116020,,,Purley,CR8 2BR,Ecosurety (EA),111611,1,0,,,ORG:111611
CAPS CASES LIMITED,01636565,,,Newmarket,CB8 7AU,Comply with Clarity,102826,1,0,,,ORG:102826
Carclo Plc,00196249,,,Mitcham,CR4 4HR,Valpak,101869,3,2,Bruntons Aero Products Ltd; Carclo Technical Plastics Ltd,00045894; 03088344,ORG:101869
CareCo (UK) Limited,06831125,,,Braintree,CM77 7AT,Recycling Lives Compliance Services,116392,1,0,,,ORG:116392
Cargill Bioindustrial UK Limited,13642628,,,London,EC4R 9AT,Wastepack GB (SEPA),114811,1,0,,,ORG:114811
Cargill plc,01387437,,,London,EC4R 9AT,Comply with Clarity,101227,1,0,,,ORG:101227
Carl Kammerling International Ltd,00764323,,,Pwllheli,LL53 5LH,Valpak,103727,2,1,Nerrad Limited,06475810,ORG:103727
Carl Zeiss Vision UK Ltd,02838963,,,Birmingham,B1 2JT,ERP UK Ltd,101895,1,0,,,ORG:101895
CARLSBERG MARSTON'S BREWING COMPANY LIMITED,00078439,,,Wolverhampton,WV1 4JT,Beyondly,102810,1,0,,,ORG:102810
Carlton Packaging LLP,OC380622,,,Kempston,MK43 9SS,Beyondly,100166,1,0,,,ORG:100166
Carolia Tower Hotel Limited,09331942,,,London,NW1 4ND,,107065,1,0,,,ORG:107065
Carpenter & Paterson Limited,00559771,,,Welshpool,SY21 7BE,Veolia (EA),116542,1,0,,,ORG:116542
Carpenter Limited,00214781,,,Glossop,SK13 6LE,Comply with Clarity,103324,1,0,,,ORG:103324
Carr's Flour Mills Ltd,00480341,,,Wellingborough,NN8 2DT,Valpak,104701,1,0,,,ORG:104701
Carrick Holdings Ltd,SC011797,,,Glasgow,G21 4PB,Comply with Clarity,107400,3,2,James G Carrick & Company Ltd; Plastic Closures Ltd,01941001; SC115023,ORG:107400
Carrier Solutions UK Ltd.,03723803,,,Plymouth,PL6 7DB,Ecosurety (EA),101917,1,0,,,ORG:101917
Carron Bathrooms Ltd,SC080506,,,Falkirk,FK2 8UW,,100761,1,0,,,ORG:100761
Carron Lodge Ltd,03186709,,,Preston,PR3 2LN,Valpak,107576,1,0,,,ORG:107576
Carrs Coatings Limited,06628569,,,Redditch,B98 9HF,Veolia (EA),106266,1,0,,,ORG:106266
CARTE BLANCHE GREETINGS LIMITED,02265225,,,Chichester,PO20 2FT,Biffpack,100780,1,0,,,ORG:100780
CARTONAGE LIMITED,05668766,,,Leeds,BD11 1DR,Beyondly,105947,1,0,,,ORG:105947
Cartonplast (UK) Ltd,04092100,,,Barrow Upon Humber,DN19 7DJ,Valpak,107478,1,0,,,ORG:107478
Cartoon (Holdings) Ltd,05964718,,,Manchester,M17 1LE,Kite Environmental Solutions,102430,5,4,BKSL Limited; TFS Buying Limited; TFS Stores 2 Limited; TFS Stores Limited,06001689; 06789840; 06789842; 12559333,ORG:102430
CARTRIDGE SAVE LIMITED,04983326,,,Stockport,SK5 7SS,Beyondly,101000,1,0,,,ORG:101000
Carver (Wolverhampton) Ltd,00164692,,,Wolverhampton,WV1 1JY,Valpak,101695,1,0,,,ORG:101695
CARVER GROUP LIMITED,00509127,,,Walsall,WS9 8QD,Biffpack,102420,2,1,CARVER INTERNATIONAL LIMITED,00388866,ORG:102420
Carwood Motor Units Ltd,00469608,,,Coventry,CV3 2RQ,Valpak,102085,1,0,,,ORG:102085
Carysil Surfaces Ltd,02079134,,,Alfreton,DE55 4QX,Valpak,102171,1,0,,,ORG:102171
Casa Julia Ltd,01209630,,,Braintree,CM7 2YN,Valpak,103092,1,0,,,ORG:103092
Cascade (U.K.) Limited,01986500,,,Openshaw,M11 2DD,Comply with Clarity,102337,1,0,,,ORG:102337
Cascade Holdings Limited,00708310,,,Oldham,OL9 9RJ,Paperpak,100228,1,0,,,ORG:100228
CASDON LIMITED,00565383,,,Blackpool,FY4 4QW,Beyondly,104444,1,0,,,ORG:104444
CASELLA FAMILY BRANDS (EUROPE) LIMITED,02710556,,,Cambridge,CB22 4QH,Beyondly,100373,1,0,,,ORG:100373
Casio Electronics Co Ltd,01203633,,,London,EC4A 1BD,ERP UK Ltd,104845,1,0,,,ORG:104845
Castacrete Limited,00875221,,,Maidstone,ME15 0PW,Ecosurety (EA),104396,1,0,,,ORG:104396
Castell Howell Foods Limited,02269053,,,Llanelli,SA14 6SX,Wastepack GB (SEPA),103255,1,0,,,ORG:103255
Castelli UK Limited,03441802,,,Sevenoaks,TN13 1JF,Comply with Clarity,102843,1,0,,,ORG:102843
CASTINGS PUBLIC LIMITED COMPANY,00091580,,,West Midlands,WS8 6JZ,Beyondly,101129,3,2,DUCTILE CASTINGS LIMITED; WILLIAM LEE LIMITED,02575974; 10273615,ORG:101129
Castle Cartons Limited,00969956,,,Birmingham,B14 6TN,Valpak,116249,1,0,,,ORG:116249
Castle Cement Limited,02182762,,,Maidenhead,SL6 8QZ,Veolia (EA),105898,1,0,,,ORG:105898
Castle Colour Packaging Limited,02601602,,,Norwich,NR5 9JJ,Paperpak,100782,1,0,,,ORG:100782
Castle Dairies Ltd,02028054,,,Caerphilly,CF83 3HU,Valpak,105099,1,0,,,ORG:105099
Castle Industrial Supplies Ltd,07207824,,,Carnforth,LA5 9FD,Wastepack GB (SEPA),104455,1,0,,,ORG:104455
Caswick Limited,01955577,,,Doncaster,DN9 1PN,Kite Environmental Solutions,107935,1,0,,,ORG:107935
Catalent U.K. Swindon Zydis Limited,SC070691,,,Glasgow,G2 1AL,Veolia (EA),107488,1,0,,,ORG:107488
Caterers Choice Limited,02311817,,,Huddersfield,HD2 1GQ,,102789,1,0,,,ORG:102789
Caterforce Limited,02677400,,,Macclesfield,SK10 1LT,Wastepack GB (SEPA),106097,1,0,,,ORG:106097
Catering24 Ltd,03640170,,,Ilkeston,DE7 8FU,Paperpak,105437,1,0,,,ORG:105437
Caterite Food And Wineservice Limited,03639100,,,Cockermouth,CA13 9YA,Ecosurety (EA),102438,1,0,,,ORG:102438
Caterpillar (NI) Limited,NI006692,,,Larne,BT40 1EJ,Wastepack Northern Ireland (NIEA),102111,1,0,,,ORG:102111
Caterpillar UK Group Ltd,05623145,,,Peterborough,PE1 5FQ,ERP UK Ltd,100094,4,3,Caterpillar (UK) Ltd; Caterpillar Marine Power UK Ltd; Caterpillar Shrewsbury Ltd,00484783; 00940053; 03851260,ORG:100094
Cavalier Carpets Limited,01028083,,,Blackburn,BB2 1TX,Ecosurety (EA),102991,1,0,,,ORG:102991
Cave Direct Ltd.,06738514,,,Larkfield,ME20 6SW,Valpak,115832,1,0,,,ORG:115832
Caves de Pierre Limited,04132365,,,London,N1 7BJ,,114825,1,0,,,ORG:114825
Cavity Trays Limited,00766755,,,Corsham,SN13 9BY,Ecosurety (EA),101393,1,0,,,ORG:101393
Cavu Experiences (EMEA) Ltd,05602720,,,Manchester,M90 1QX,Valpak,104674,1,0,,,ORG:104674
CAWINGREDIENTS LIMITED,06625288,,,Northallerton,DL7 9FD,Beyondly,104418,1,0,,,ORG:104418
Cawston Press Limited,04019196,,,Kettering,NN16 8NQ,Paperpak,101414,1,0,,,ORG:101414
CB Paper Sacks Ltd.,03218045,,,Market Rasen,LN8 3HA,Comply with Clarity,104376,1,0,,,ORG:104376
Cbee (Europe) Ltd,06062933,,,Richmond,TW9 1AE,Valpak,105157,1,0,,,ORG:105157
CBT Packaging Ltd,00891861,,,Edgware,HA8 7DB,Valpak,108662,1,0,,,ORG:108662
CCL Industries (UK) Ltd,02422763,,,Castleford,WF10 5QU,ERP UK Ltd,101832,3,2,CCL Label (Ashford) Ltd; CCL Label Ltd,00831497; 04310986,ORG:101832
CCL Label Ireland Limited,NI041288,,,Belfast,BT13 3LZ,Wastepack Northern Ireland (NIEA),106342,1,0,,,ORG:106342
CCS McLays Limited,03602069,,,Cardiff,CF23 8RB,Veolia (EA),105713,1,0,,,ORG:105713
CD WINES AND FOODS LTD,14469284,,,London,SE26 5BW,Comply with Clarity,114623,1,0,,,ORG:114623
CDL Business Services Group Limited,04368116,,,London,SE18 6RS,ERP UK Ltd,107097,3,2,CDL London Ltd; Fairway PSD Ltd,03215853; 04353873,ORG:107097
CDS (SUPERSTORES INTERNATIONAL) LIMITED,02699203,,,Plymouth,PL6 5ZD,Biffpack,104930,1,0,,,ORG:104930
CDW Ltd,02465350,,,London,EC4M 9AF,Valpak,103707,1,0,,,ORG:103707
CED Ltd,00624843,,,Essex,SS4 1NE,Valpak,105677,1,0,,,ORG:105677
Cedesa Ltd,02255194,,,Letchworth,SG6 1WT,Valpak,107224,1,0,,,ORG:107224
CEDO LIMITED,00934776,,,Telford,TF7 4LZ,Beyondly,105697,1,0,,,ORG:105697
Celebration Packaging Ltd,01743179,,,Burton-On-Trent,DE14 1DY,Valpak,100343,1,0,,,ORG:100343
Celestron Global Limited,08913001,,,Thatcham,RG19 4JZ,Ecosurety (EA),100143,1,0,,,ORG:100143
Celli Group (UK) Ltd,03230525,,,Thirsk,YO7 3BX,Valpak,106159,1,0,,,ORG:106159
Celtic Chemicals Limited,01438896,,,Port Talbot,SA13 2PE,Wastepack GB (SEPA),102281,1,0,,,ORG:102281
Celtica Foods Limited,04612694,,,Llanelli,SA14 6SX,Wastepack GB (SEPA),103257,1,0,,,ORG:103257
Cemcor Ltd,09559778,,,Shrewsbury,SY1 2EN,Valpak,102437,1,0,,,ORG:102437
Cemex UK Operations Ltd,00658390,,,Coventry,CV3 2TY,Valpak,104795,3,2,Cemex UK Cement Ltd; Cemex UK Materials Ltd,00475212; 04895833,ORG:104795
Centaur Foods Limited,03314567,,,Bristol,BS16 9QH,,117503,1,0,,,ORG:117503
Centaur Services Limited,00787385,,,Castle Cary,BA7 7EU,ERP UK Ltd,107861,1,0,,,ORG:107861
CENTER PARCS (HOLDINGS 1) LIMITED,07656429,,,Newark,NG22 9DP,Biffpack,104799,1,0,,,ORG:104799
CENTRA BALLINDERRY LIMITED,NI060451,,,Lisburn,BT28 2EU,Biffpack,111301,1,0,,,ORG:111301
CENTRAL CHEMICAL SUPPLIES LIMITED,NI032489,,,Craigavon,BT66 7LJ,Comply with Clarity,105338,1,0,,,ORG:105338
Central Foods Limited,02666517,,,Northampton,NN4 0NB,Wastepack GB (SEPA),101883,1,0,,,ORG:101883
Centrica plc,03033654,,,Windsor,SL4 5GD,Valpak,102604,5,4,British Gas Services Ltd; Centrica Business Solutions UK Ltd; Centrica Energy Assets Holdings Ltd; Centrica Hive Ltd,01874716; 03141243; 05006144; 05782908,ORG:102604
Centriforce Products Limited,03347875,,,Liverpool,L20 8EE,Wastepack GB (SEPA),105211,1,0,,,ORG:105211
Cepac Ltd,03373762,,,London,NW8 6BN,Valpak,103788,1,0,,,ORG:103788
Cercis Limited,14521244,,,Windlesham,GU20 6LQ,Comply with Clarity,112398,1,0,,,ORG:112398
Cereal Partners UK,,,,Welwyn Garden City,AL7 1RR,Ecosurety (EA),106537,1,0,,,ORG:106537
Cereform Limited,00346958,,,London,W1K 4QY,Comply with Clarity,102521,2,1,Romix Foods Limited,08487078,ORG:102521
Certas Energy UK Limited,04168225,,,Birchwood,WA3 6GR,Wastepack GB (SEPA),102663,1,0,,,ORG:102663
Certikin International Limited,03047290,,,Witney,OX29 0AX,Paperpak,100510,1,0,,,ORG:100510
Certis Belchim BV,BR005674,,,Great Abington,CB21 6AD,Valpak,104933,1,0,,,ORG:104933
Certus Card Group Ltd,01431189,,,Skelmersdale,WN8 8EB,Valpak,101961,1,0,,,ORG:101961
CEVA ANIMAL HEALTH LIMITED,03085474,,,High Wycombe,HP10 0HH,Beyondly,102268,2,1,RIDGEWAY BIOLOGICALS LIMITED,04897974,ORG:102268
Ceva Logistics Ltd,01291251,,,Ashby-de-la-Zouch,LE65 9BA,Valpak,100239,1,0,,,ORG:100239
CEWE Limited,00485715,,,Warwick,CV34 6RR,Kite Environmental Solutions,100584,1,0,,,ORG:100584
CF FERTILISERS UK LIMITED,03455690,,,Billingham,TS23 1PY,Biffpack,100853,1,0,,,ORG:100853
Chairs Limited,02714841,,,Accrington,BB5 5TU,Wastepack GB (SEPA),105093,1,0,,,ORG:105093
Challenge Packaging Ltd,04415655,,,Coalville,LE67 1TT,Valpak,102546,1,0,,,ORG:102546
Challs International Limited,02707348,,,Ipswich,IP7 6BQ,Wastepack GB (SEPA),101418,1,0,,,ORG:101418
Chameleon Technology (UK) Ltd,07388340,,,Harrogate,HG3 1UF,Packcare,105224,1,0,,,ORG:105224
Champagne Warehouse Ltd,04096032,,,Wetherby,LS22 5DZ,Wastepack GB (SEPA),103840,1,0,,,ORG:103840
Champagnes And Chateaux Ltd.,02388877,,,London,N3 1LF,Wastepack GB (SEPA),103127,1,0,,,ORG:103127
Champion Technologies Ltd,SC224908,,,Aberdeen,AB12 3HT,Comply with Clarity,102883,1,0,,,ORG:102883
CHANDLER MATERIAL SUPPLIES LIMITED,01480021,,,Essex,CM2 8SY,Biffpack,102161,1,0,,,ORG:102161
Chanel Ltd,00203669,,,London,W1J 6DG,Valpak,106363,7,6,Barrie Knitwear Limited; Eres Fashion UK Limited; Goossens UK Limited; Maison Michel UK Limited; Orlebar Brown Limited; Ready to Care London Limited,00893083; 02997679; 05502027; 09083976; 12572546; 15697737,ORG:106363
Chapelton Board Sales Ltd,01898401,,,Aylesford,ME20 7AU,Paperpak,103306,1,0,,,ORG:103306
CHARACTER OPTIONS LIMITED,02587289,,,London,EC2Y 9AW,Beyondly,100164,1,0,,,ORG:100164
CHARACTER WORLD LIMITED,04160087,,,Cheadle,SK8 6QL,Beyondly,106114,1,0,,,ORG:106114
CHARBONNEL ET WALKER LIMITED,00169938,,,London,W1S 4BT,Beyondly,100368,1,0,,,ORG:100368
Chargemaster Ltd,06720009,,,Sunbury-On-Thames,TW16 7BP,Valpak,106928,1,0,,,ORG:106928
Charles Bentley & Son Limited,01409627,,,Loughborough,LE11 5TP,Wastepack GB (SEPA),101537,1,0,,,ORG:101537
CHARLES FARAM & CO. LIMITED,00686409,,,Malvern,WR13 5BB,,103168,1,0,,,ORG:103168
Charles Gordon Associates Limited,01279733,,,Brockworth,GL3 4FE,Wastepack GB (SEPA),104049,1,0,,,ORG:104049
Charles Ransford & Son Limited,01185122,,,Salop,SY9 5AQ,ERP UK Ltd,114183,1,0,,,ORG:114183
Charles Robertson (Holdings) Ltd,07810463,,,Plymouth,PL14 6HY,Valpak,101531,5,4,Trago Mills (Falmouth) Ltd; Trago Mills (Merthyr) Ltd; Trago Mills (South Devon) Ltd; Trago Mills Ltd,00629619; 00902430; 01283363; 10896932,ORG:101531
Charles Saunders Limited,01581532,,,Yate,BS37 5NG,Comply with Clarity,105501,1,0,,,ORG:105501
Charles Taylor Wines Limited,02022550,,,London,SW1E 6DX,,114802,1,0,,,ORG:114802
Charles Tennant & Company  Ltd,SC008811,,,Glasgow,G72 0TH,Valpak Scotland Ltd (SEPA),105348,1,0,,,ORG:105348
Charles Trent Ltd,14938085,,,Poole,BH12 4ND,,114512,1,0,,,ORG:114512
CHARLES TYRWHITT SHIRTS LIMITED,02914928,,,London,SE1 9HZ,Biffpack,105565,1,0,,,ORG:105565
Charles Wells Limited,00106884,,,Bedford,MK41 7FY,Ecosurety (EA),102294,1,0,,,ORG:102294
CHARLIE STEWART SPIRITS (HOLDINGS) LIMITED,03699814,,,Rushden,NN10 0FN,Beyondly,117066,16,15,ABER FALLS DISTILLERY LIMITED; CARTMEL DISTILLERS LIMITED; Castle Rum Company Ltd; H. J. NEILL LTD; HALEWOOD ARTISANAL SPIRITS (UK) LIMITED; HALEWOOD INTERNATIONAL BRANDS LIMITED; HALEWOOD INTERNATIONAL STREAMS OF WHISKEY LIMITED; HALEWOOD SALES LIMITED; HAWKSHEAD BREWERY LIMITED; JOHN CRABBIE & COMPANY LIMITED; LIVERPOOL GIN DISTILLERY LIMITED; SADLER'S BREWHOUSE LIMITED; THE BRISTOL & BATH DISTILLERY LIMITED; THE CORNISH RUM COMPANY LTD; VESTAL VODKA LIMITED,03209508; 03896214; 03920410; 05539318; 07255560; 07963963; 09416020; 09927950; 09997019; 10647576; 10842166; 10847544; 11556789; 11609078; SC302845,ORG:117066
Charlotte Tilbury Beauty Ltd,08037372,,,London,WC2R 2ND,Valpak,103673,1,0,,,ORG:103673
Charlton & Jenrick Ltd,02037946,,,Telford,TF3 3AR,Packcare,102133,1,0,,,ORG:102133
CHARPAK LIMITED,01588917,,,Huntingdon,PE29 7DG,Beyondly,100112,1,0,,,ORG:100112
CHARTERHOUSE HOLDINGS PLC,00981987,,,Castle Donington,DE74 2PY,Biffpack,104483,1,0,,,ORG:104483
Chatsworth Estate Trading Limited,02032738,,,Bakewell,DE45 1PJ,Paperpak,103235,1,0,,,ORG:103235
Checkfire Ltd,07990436,,,Caerphilly,CF38 8DR,Wastepack GB (SEPA),117011,1,0,,,ORG:117011
CHEEKY RASCALS LIMITED,03933118,,,Liss,GU33 7BD,Beyondly,108284,1,0,,,ORG:108284
Chelmer Foods Limited,02704138,,,Braintree,CM77 7AA,Ecosurety (EA),100404,1,0,,,ORG:100404
Chelsom Limited,00626933,,,Blackpool,FY4 4QA,Ecosurety (EA),106225,1,0,,,ORG:106225
Chemetall Limited,00252864,,,Milton Keynes,MK1 1BU,Wastepack GB (SEPA),103968,1,0,,,ORG:103968
Chemfix Products Ltd,04334528,,,Dewsbury,WF12 9BQ,Valpak,102724,1,0,,,ORG:102724
Chemidex Pharma Limited,01676110,,,Egham,TW20 8RN,Kite Environmental Solutions,106815,1,0,,,ORG:106815
Chemique Adhesives and Sealants Ltd,01945954,,,Aldridge,WS9 8UR,Valpak,100532,1,0,,,ORG:100532
Chemoxy International Ltd,00350164,,,Middlesbrough,TS3 6AF,Valpak,103487,1,0,,,ORG:103487
Chemring Group plc,00086662,,,Romsey,SO51 0ZN,Valpak,103837,5,4,Chemring Countermeasures Ltd; Chemring Energetics UK Ltd; Chemring Technology Solutions Ltd; Roke Manor Research Ltd,00218229; 00267550; 01528540; SC237472,ORG:103837
Chemviron Carbon Limited,02208285,,,Ashton-In-Makerfield,WN4 8DE,Wastepack GB (SEPA),103075,1,0,,,ORG:103075
Chep UK Ltd,00197807,,,Addlestone,KT15 2HJ,Comply with Clarity,101783,1,0,,,ORG:101783
Cherry Equity Partners Limited,16030393,,,London,EC1M 4JN,Wastepack GB (SEPA),117015,4,3,Cherry Equity Three Ltd; Cherry Two Ltd; Fired Up One Ltd,05835180; 12148890; 16333316,ORG:117015
Cherry Pipes Ltd,NI053648,,,Dungannon,BT716NH,,111369,1,0,,,ORG:111369
Cherrytree Bakery Limited,01821491,,,Burnley,BB11 5UB,Recycling Lives Compliance Services,103304,1,0,,,ORG:103304
Cherwell Packaging Limited,01320468,,,Southham,CV47 0FB,Ecosurety (EA),100921,1,0,,,ORG:100921
Cheshire Farm Ice Cream Ltd.,11623385,,,Chester,CH3 9NE,Veolia (EA),116985,1,0,,,ORG:116985
Cheshire Mouldings & Woodturnings Limited,02322883,,,St Helens,WA9 4JQ,Veolia (EA),107030,1,0,,,ORG:107030
CHESTERFIELD POULTRY LIMITED,04516852,,,Thorne,DN8 5JT,Beyondly,104809,1,0,,,ORG:104809
Chestnut Dairies Limited,02488792,,,Hull,HU11 5RJ,Wastepack GB (SEPA),101842,1,0,,,ORG:101842
Chevler Limited,06736785,,,Hengoed,CF82 8AU,Paperpak,100537,1,0,,,ORG:100537
Chevron Phillips Chemicals UK Ltd,04018188,,,Manchester,M2 3AE,Valpak,116513,1,0,,,ORG:116513
Chevron Products UK Ltd,03600726,,,London,E14 4HA,ERP UK Ltd,111375,1,0,,,ORG:111375
CHF GLOBAL HOME LIMITED,04266364,,,Launceston,PL15 7AF,Biffpack,114492,1,0,,,ORG:114492
CHH Conex Ltd,02566897,,,Birmingham,B6 7AX,Valpak,100176,1,0,,,ORG:100176
Chicken Cabins Ltd,00865970,,,Northwood,HA6 2EH,Valpak,107615,1,0,,,ORG:107615
Chik'n Ltd,10499976,,,London,IP28 7DE,Valpak,114640,1,0,,,ORG:114640
Childrensalon Limited,04997666,,,Tunbridge Wells,TN1 1UL,Wastepack GB (SEPA),100606,1,0,,,ORG:100606
Childs Farm Ltd,07454284,,,Manchester,M22 5TG,Valpak,105398,1,0,,,ORG:105398
Chilly's Bottles Ltd,07326177,,,London,N1 7SG,Valpak,100784,1,0,,,ORG:100784
China Cash And Carry Limited,NI608371,,,Heron Road,BT3 9LE,Wastepack Northern Ireland (NIEA),105455,1,0,,,ORG:105455
China Enterprise UK Limited,05686504,,,Lichfield,WS13 6QZ,Wastepack GB (SEPA),112492,1,0,,,ORG:112492
China Industries Ltd,04989385,,,Wolverhampton,WV10 9TG,Valpak,114475,1,0,,,ORG:114475
Chiquita Europe BV  UK Branch,BR017857,,,Sheerness,ME12 1RS,Wastepack GB (SEPA),108344,1,0,,,ORG:108344
Chivas Brothers Ltd,SC268758,,,Dumbarton,G82 2SS,Valpak Scotland Ltd (SEPA),103976,1,0,,,ORG:103976
Choice Discount Stores Ltd,01712914,,,Hadleigh Benfleet,SS7 2ND,Valpak,103872,1,0,,,ORG:103872
Chopstix Group Ltd,10702275,,,London,NW1 8NL,Comply with Clarity,111612,4,3,CHOPSTIX RESTAURANT LIMITED; CHOPSTIX STORES LIMITED; CHOPSTIX TRADING LIMITED,07101365; 07403915; 13433275,ORG:111612
CHR. HANSEN (UK) LIMITED,00145472,,,Hungerford,RG17 0YT,Biffpack,105418,1,0,,,ORG:105418
Christeyns Food Hygiene Ltd,02456403,,,Warrington,WA2 8RE,Valpak,103546,1,0,,,ORG:103546
Christeyns Professional Hygiene UK Ltd,02476263,,,High Peak,SK23 7DQ,Valpak,108000,1,0,,,ORG:108000
Christeyns UK Ltd,00847863,,,Bradford,BD4 7EA,Valpak,101178,2,1,Oscrete UK Ltd,13537420,ORG:101178
Christopher Piper Wines Limited,01509601,,,Ottery St. Mary,EX11 1NR,Ecosurety (EA),100702,1,0,,,ORG:100702
CHT UK Bridgwater Ltd,01185365,,,Bridgwater,TA6 6AJ,Valpak,104520,1,0,,,ORG:104520
Chubb Fire & Security Limited,00524469,,,Blackburn,BB1 2PR,Wastepack GB (SEPA),101983,1,0,,,ORG:101983
Church & Dwight UK Ltd,00375793,,,Folkestone,CT19 6PG,Valpak,106341,1,0,,,ORG:106341
Churchill China Plc,02709505,,,Stoke-on-Trent,ST6 5NZ,Valpak,104705,3,2,Churchill China (UK) Ltd; Furlong Mills Ltd,00057091; 00270153,ORG:104705
Cider of Sweden Ltd,05857605,,,Leeds,LS1 4PR,Valpak,101197,1,0,,,ORG:101197
Cineworld Cinemas Ltd,01915767,,,Brentford,TW8 9AG,Valpak,105941,1,0,,,ORG:105941
Circle Foods Ltd,07782248,,,Redhill,RH1 1LQ,Valpak,107385,1,0,,,ORG:107385
CIRCON LIMITED,05121722,,,Newbury,RG14 2TF,Beyondly,116866,1,0,,,ORG:116866
CIRET LIMITED,00674416,,,Havant,PO9 5AX,Beyondly,100070,1,0,,,ORG:100070
CIRRUS LIMITED,NI020574,,,PORTADOWN,BT63 5WD,,104349,1,0,,,ORG:104349
Cisco International Ltd,06640658,,,Feltham,TW14 8HA,Valpak,101092,1,0,,,ORG:101092
Citizen Watch United Kingdom  Ltd,04104163,,,Wokingham,RG41 2PL,Beyondly,105998,1,0,,,ORG:105998
City Electrical Factors Ltd,00336408,,,Kenilworth,CV8 2SU,Comply with Clarity,102488,1,0,,,ORG:102488
City Technology Limited,01326515,,,Bracknell,RG12 1EB,Ecosurety (EA),105340,1,0,,,ORG:105340
CLAAS UK Limited,00467407,,,Bury St Edmunds,IP28 6QZ,,103438,1,0,,,ORG:103438
Clarendon Specialty Fasteners Limited,02666902,,,London,EC1M 6EE,Wastepack GB (SEPA),108236,1,0,,,ORG:108236
Clariant Services UK Ltd,03031202,,,Leeds,LS4 2EW,Valpak,106967,2,1,Clariant Oil Services UK Ltd,01216200,ORG:106967
Clarins (U.K.) Ltd,01580079,,,London,W1G 9DN,Valpak,107806,1,0,,,ORG:107806
Clark Foyster Wines Limited,02932943,,,London,W5 4QT,Comply with Clarity,103008,1,0,,,ORG:103008
CLARKE INTERNATIONAL LIMITED,00972660,,,Epping,CM16 4LG,Beyondly,107227,1,0,,,ORG:107227
Class Delta Ltd,08170845,,,Liverpool,L24 9HZ,Wastepack GB (SEPA),107002,1,0,,,ORG:107002
Classic Cuisine of Northampton Limited,06654587,,,Nottingham,NG1 6GN,Wastepack GB (SEPA),107487,1,0,,,ORG:107487
Classic Fine Foods UK Limited,00207864,,,London,NW10 7SA,Veolia (EA),115998,1,0,,,ORG:115998
Clays Ltd.,00342498,,,Bungay,NR35 1ED,Veolia (EA),103945,1,0,,,ORG:103945
CLAYTON GLASS LIMITED,05322333,,,STANLEY,DH9 8UX,Comply with Clarity,117128,1,0,,,ORG:117128
Clean Linen Services Ltd,00087908,,,Camberley,GU15 3DB,Valpak,103339,1,0,,,ORG:103339
CLEAN TECH U.K. LIMITED,10445078,,,Hemswell,DN21 5TU,Beyondly,104074,1,0,,,ORG:104074
CleanCo Ventures Limited,11868187,,,LONDON,WC2A 1LS,Comply with Clarity,117047,1,0,,,ORG:117047
Cleaning and Paper Disposables Limited,02247941,,,Hull,HU5 1SG,Wastepack GB (SEPA),103027,1,0,,,ORG:103027
Cleanux Chemicals Ltd,10956835,,,Waltham Abbey,EN9 1AF,Wastepack GB (SEPA),114752,1,0,,,ORG:114752
Clear Amber Group Limited,SC545283,,,Milnathort,KY13 9XL,,116201,1,0,,,ORG:116201
Clearly Drinks Limited,07505787,,,Manchester,M17 1AF,Wastepack GB (SEPA),103191,1,0,,,ORG:103191
CLEARSPRING LIMITED,02834835,,,London,W3 7QE,Beyondly,101095,2,1,CLEARSPRING SHOP LIMITED,14411655,ORG:101095
Clearwater Hampers Limited,06167203,,,Abingdon,OX14 4RT,Kite Environmental Solutions,100406,1,0,,,ORG:100406
CLEENOL GROUP LIMITED,00635803,,,Banbury,OX16 1RB,Biffpack,105597,1,0,,,ORG:105597
Cleland Mciver Limited,01689093,,,Rochdale,OL16 4GW,Wastepack GB (SEPA),105518,1,0,,,ORG:105518
Cleone Foods Ltd,02264840,,,Birmingham,B18 5AY,Valpak,114950,1,0,,,ORG:114950
Cleva Europe Ltd,10960450,,,Newcastle Upon Tyne,NE12 8EZ,Wastepack GB (SEPA),108240,1,0,,,ORG:108240
CLEVELAND CABLE COMPANY LIMITED,05538824,,,Cleveland,TS2 1QW,Biffpack,103394,1,0,,,ORG:103394
Cleveland Cascades Ltd,04970054,,,THORNABY,TS17 9LT,Comply with Clarity,116341,1,0,,,ORG:116341
CLF LIMITED,04276700,,,Huntingdon,PE28 2UW,Beyondly,107698,3,2,BOXWISE LIMITED; CLF BOXWISE LIMITED,01192635; 02607549,ORG:107698
CLIFFE PACKAGING LIMITED,04829354,,,Crewe,CW1 6HX,Beyondly,100376,1,0,,,ORG:100376
CLIFTON PACKAGING GROUP LIMITED,04623230,,,Leicester,LE19 1WH,Biffpack,117035,1,0,,,ORG:117035
Climax Molybdenum U.K. Limited,00359564,,,Stowmarket,IP14 2AE,Wastepack GB (SEPA),103627,1,0,,,ORG:103627
Clinimed (Holdings) Limited,02640337,,,High Wycombe,HP10 9QY,Wastepack GB (SEPA),102673,7,6,Careflex Limited; Clinimed Limited; Flexible Medical Packaging Limited; Helapet Limited; Hydrokem Aerosols Limited; Welland Medical Limited,01022136; 01448119; 01646927; 01787363; 02170535; 02650254,ORG:102673
Clinisupplies Group Limited,14506446,,,0,EC2M 4RB,Packcare,117550,1,0,,,ORG:117550
Clipper Retail Ltd,07602693,,,Colchester,CO4 9QR,Valpak,114075,1,0,,,ORG:114075
CLOETTA UK LIMITED,01726257,,,Fareham,PO17 6AR,Beyondly,100850,1,0,,,ORG:100850
Cloughbane Farms Foods Ltd,NI612729,,,Dungannon,BT70 3EB,,117757,1,0,,,ORG:117757
Clynderwen and Cardiganshire Farmers Limited,,,,Clynderwen,SA66 7NW,Wastepack GB (SEPA),102842,1,0,,,ORG:102842
CMB Water Ltd,04208428,,,Deal,CT14 7NA,ERP UK Ltd,104974,1,0,,,ORG:104974
CMD Ltd,02290387,,,Telford,TF3 3BD,Valpak,104914,1,0,,,ORG:104914
CMS Cepcor (Holdings) Limited,10669097,,,Coalville,LE67 3AP,Kite Environmental Solutions,101430,2,1,CMS Cepcor Limited,02390549,ORG:101430
CMS Distribution Limited,02214562,,,London,EC2A 2DT,Packcare,115609,1,0,,,ORG:115609
CNH Industrial N.V.,FC031116,,,Basildon,SS14 3AD,Veolia (EA),111180,1,0,,,ORG:111180
CO-OP Wholesale Limited,00980790,,,Scunthorpe,DN15 9GE,ERP UK Ltd,111463,1,0,,,ORG:111463
Co-operative Group Limited,IP00525R,,,Manchester,M60 0AG,Ecosurety (EA),100445,2,1,Co-operative Group Food Limited,IP26715R,ORG:100445
Coach Stores Limited,07224597,,,London,W2 1DG,ERP UK Ltd,103425,1,0,,,ORG:103425
Coat Trading Ltd,12502151,,,London,EC1V 2NX,Valpak,103890,1,0,,,ORG:103890
COBA HOLDINGS LIMITED,11815142,,,Leicester,LE8 8UR,Beyondly,114241,4,3,COBA AUTOMOTIVE (UK) LIMITED; COBA PLASTICS MOULDING LIMITED; COPELY DEVELOPMENTS LIMITED,00885482; 07035172; 10359582,ORG:114241
COBA INTERNATIONAL LIMITED,05040384,,,Leicester,LE8 8UR,Beyondly,101367,3,2,CARPET ACCESSORY TRIMS LIMITED; COBA EUROPE LIMITED,01988635; 05040377,ORG:101367
Coca-Cola Europacific Partners Great Britain Ltd,00027173,,,Uxbridge,UB8 1EZ,Valpak,102204,1,0,,,ORG:102204
Coca-Cola HBC Northern Ireland Limited,NI001920,,,Lisburn,BT28 2SZ,Wastepack Northern Ireland (NIEA),102270,1,0,,,ORG:102270
Cocopac Ltd,06492821,,,Yeovil,BA22 7LH,Paperpak,101354,1,0,,,ORG:101354
CODA PLASTICS LIMITED,01116956,,,Norfolk,NR28 0AJ,Beyondly,101143,1,0,,,ORG:101143
Codorniu UK Limited,03712632,,,Bristol,BS1 6TP,Comply with Clarity,105026,1,0,,,ORG:105026
COFCO International UK Ltd,00165772,,,Ipswich,IP3 9SJ,Wastepack GB (SEPA),103291,1,0,,,ORG:103291
Coffetek Limited,02841455,,,Bristol,BS32 4QE,,102964,1,0,,,ORG:102964
Coin-A-Drink Limited,00870282,,,Walsall,WS2 8TF,Comply with Clarity,114271,1,0,,,ORG:114271
Coinstone Limited,01850620,,,Tetbury,GL8 8RP,Wastepack GB (SEPA),106700,4,3,PM Corporation Limited; Shipton Mill Limited; The Celtic Bakers Limited,01458168; 01902575; 03143330,ORG:106700
Colart UK Ltd,00016193,,,London,W12 7FP,Valpak,108596,1,0,,,ORG:108596
Colas Limited,02644726,,,Birmingham,B37 7YB,Wastepack GB (SEPA),104013,1,0,,,ORG:104013
Coldstores Ltd,05680704,,,Downham Market,PE38 9BJ,Valpak,102027,1,0,,,ORG:102027
Cole Fabrics Plc,02150561,,,West Bridgford,NG2 6HF,Comply with Clarity,101123,1,0,,,ORG:101123
Coletta Holdings Ltd,03807081,,,Beverley,HU17 0RU,Comply with Clarity,108028,1,0,,,ORG:108028
Colgate-Palmolive (U.K.) Ltd,00178909,,,Woking,GU21 6DB,ERP UK Ltd,100437,1,0,,,ORG:100437
Colian UK Ltd,03737259,,,Bristol,BS34 8SR,Valpak,104816,1,0,,,ORG:104816
Collingwood Lighting Limited,00900626,,,Sywell,NN6 0BT,ERP UK Ltd,107688,1,0,,,ORG:107688
Collins Aerospace,03599118,,,Leighton Buzzard,LU7 4TB,,114444,1,0,,,ORG:114444
COLLOIDS LIMITED,05058123,,,Kirkby,L33 7SY,Biffpack,103161,2,1,PERFORMANCE MASTERBATCHES LIMITED,01145445,ORG:103161
Colombier (UK) Ltd,00942522,,,Sittingbourne,ME10 3RN,Valpak,103549,1,0,,,ORG:103549
COLOPLAST LIMITED,01094405,,,Peterborough,PE2 6FX,Comply with Clarity,104340,1,0,,,ORG:104340
Colorcon Ltd,00999077,,,Dartford Kent,DA2 6QD,Valpak,101081,1,0,,,ORG:101081
ColorMatrix Europe Ltd,02780189,,,Knowsley,L34 9GT,Valpak,101576,1,0,,,ORG:101576
Colorplas Limited,02592589,,,Stockport,SK4 2HD,Veolia (EA),106598,1,0,,,ORG:106598
Colpac Limited,00326182,,,Flitwick,MK45 5BW,Wastepack GB (SEPA),104181,1,0,,,ORG:104181
Colt International Ltd,01222993,,,Petersfield,GU32 3QF,Valpak,107150,1,0,,,ORG:107150
Columbia Sportswear Company Ltd,03854251,,,Windermere,LA23 2HJ,Valpak,107813,1,0,,,ORG:107813
Com Dev Europe Limited,01863723,,,Bracknell,RG12 1EB,Ecosurety (EA),103523,1,0,,,ORG:103523
Combe International Ltd,01162890,,,Leatherhead,KT22 9RX,Valpak,108367,1,0,,,ORG:108367
Combined Distribution (Holdings) Limited,03136477,,,Birmingham,B6 7BB,Wastepack GB (SEPA),108333,3,2,Centresoft Limited; P.D.Q. Distribution Limited,01673860; 02105582,ORG:108333
Comfortex Limited,03319732,,,Oldham,OL1 2HP,Ecosurety (EA),105639,1,0,,,ORG:105639
Comfy Living Ltd,07271653,,,Bridgwater,TA6 6AJ,Valpak,107821,1,0,,,ORG:107821
Comfy Quilts Ltd,02575781,,,Manchester,M3 5FS,Valpak,101448,1,0,,,ORG:101448
Comline Holdings Limited,10231026,,,Bedford,MK43 9ST,Wastepack GB (SEPA),108426,2,1,Comline Auto Parts Ltd,02227183,ORG:108426
Commercial Body Fittings Limited,01849475,,,Welwyn Garden City,AL7 1JY,Wastepack GB (SEPA),106539,1,0,,,ORG:106539
Commercial Limited,02589514,,,Cheltenham,GL53 0DL,Comply with Clarity,105526,1,0,,,ORG:105526
Commercial Services Education Ltd,02285483,,,West Malling,ME19 4YT,Kite Environmental Solutions,101671,1,0,,,ORG:101671
Commscope Connectivity UK Ltd,03107702,,,London,EC4A 1JP,Valpak,103789,1,0,,,ORG:103789
Community Foods Limited,01328083,,,Witham,CM8 3YQ,Comply with Clarity,102845,1,0,,,ORG:102845
Community Products (UK) Limited,03498955,,,Roberts Bridge,TN32 5DR,Wastepack GB (SEPA),106495,1,0,,,ORG:106495
Compagnie Fruitiere UK Limited,00969262,,,West Malling,ME19 4UY,Wastepack GB (SEPA),103234,1,0,,,ORG:103234
COMPASS GROUP  UK AND IRELAND LIMITED,02272248,,,Birmingham,B45 9PZ,Comply with Clarity,101979,14,13,CH & CO CATERING LIMITED; Chartwells Hounslow (Feeding Futures) Limited; Compass Contract Services (U.K.) Ltd; Dine Contract Catering Limited; Excel Vending Limited; Hallmark Vending Ltd; INSPIRE CATERING SCOTLAND LLP; MORVEND LIMITED; Mother Group Limited; NORTHBRIDGE VENDING COMPANY LIMITED; To Go Group Limited; V H GRADDON & SONS VENDING LIMITED; Vending Enterprises Limited,00915003; 01453578; 02114954; 02292634; 02613820; 04391451; 07297044; 07869266; 08897140; 08989091; 09786110; SC143435; SO301918,ORG:101979
COMPLETE POOL CONTROLS LIMITED,05956913,,,Leckhampton,GL53 0AN,,104033,1,0,,,ORG:104033
Compugraphics International Limited,00895170,,,Woking,GU21 5RW,Wastepack GB (SEPA),103678,1,0,,,ORG:103678
COMPUTACENTER (UK) LIMITED,01584718,,,Hatfield,AL10 9TW,Biffpack,114050,1,0,,,ORG:114050
CONCENTRIC BIRMINGHAM LIMITED,00671254,,,Birmingham,B24 8HW,Beyondly,100338,1,0,,,ORG:100338
Concha Y Toro UK Limited,04131411,,,Wheatley,OX33 1ER,Comply with Clarity,101327,1,0,,,ORG:101327
Concrete Fabrications Limited,03705158,,,Bristol,BS2 0UG,Wastepack GB (SEPA),101921,1,0,,,ORG:101921
CONDALE PLASTICS LIMITED,00992692,,,East Grinstead,RH19 1TU,Comply with Clarity,103884,1,0,,,ORG:103884
Conde Nast Holdings Limited,05516970,,,London,WC2N 6HT,Valpak,104588,2,1,Conde Nast Publications Ltd (The),00226900,ORG:104588
Condor Wines Ltd,07670221,,,Oxon,OX9 2FX,Beyondly,106349,1,0,,,ORG:106349
CONFECTIONS LIMITED,10326821,,,Burnley,BB11 5SQ,Beyondly,111893,4,3,CHOCLEYS LIMITED; STOCKLEYS SWEETS LIMITED; THE SUPER FLYERS FACTORY LIMITED,06847256; 10735793; 11625215,ORG:111893
Confex Limited,01072545,,,Cheltenham,GL54 2QB,ERP UK Ltd,111177,1,0,,,ORG:111177
Conglom International Ltd,,,,Dublin,A96W9N1,Comply with Clarity,116470,1,0,,,ORG:116470
Conica Ltd,02547695,,,Newark,NG24 2ER,Paperpak,101557,1,0,,,ORG:101557
Conilon Ltd,08663274,,,London,SE1 1UN,Comply with Clarity,106570,1,0,,,ORG:106570
Connect Chemicals (UK) Limited,04245089,,,Northwich,CW8 4DU,Wastepack GB (SEPA),103502,1,0,,,ORG:103502
Connection Flooring Ltd,07924240,,,Bishop Auckland,DL146WA,Comply with Clarity,104206,1,0,,,ORG:104206
Connectix Ltd,02814569,,,Braintree,CM77 7AA,ERP UK Ltd,105631,1,0,,,ORG:105631
CONNOLLYS' LIQUOR WHOLESALE LIMITED,NI600955,,,Ballycastle,BT54 6PY,Beyondly,114225,1,0,,,ORG:114225
CONSILIENT HEALTH (UK) LIMITED,05427634,,,London,W1W 5PF,,115209,1,0,,,ORG:115209
CONSOLIDATED TIMBER HOLDINGS LIMITED,02295212,,,Tilbury,RM18 7HL,Beyondly,103735,4,3,FALCON TIMBER LIMITED; HOFFMAN THORNWOOD LIMITED; TRIESSE LIMITED,01196158; 01451361; 02013545,ORG:103735
Consort Equipment Products Ltd,03160980,,,Milford Haven,SA73 2RT,Valpak,104235,1,0,,,ORG:104235
Consort Frozen Foods Limited,02079678,,,Burgess Hill,RH15 9TJ,Wastepack GB (SEPA),103183,2,1,Direct Wholesale Foods (London) Limited,01045212,ORG:103183
Constantia FFP Ltd,00893217,,,Northampton,NN3 6PZ,Comply with Clarity,104949,1,0,,,ORG:104949
Constantia Sittingbourne Ltd,03108047,,,Sittingbourne,ME10 3RY,Valpak,104097,1,0,,,ORG:104097
Consumer Brands Ltd,14757702,,,Poole,BH17 7BY,ERP UK Ltd,117074,1,0,,,ORG:117074
Contact Marketing (NI) Ltd,NI047646,,,Randalstown,BT41 2PL,,106320,1,0,,,ORG:106320
Contactum Ltd,06835712,,,Dunstable,LU5 4TS,ERP UK Ltd,100073,1,0,,,ORG:100073
Continental Bottle Co. Ltd,02606480,,,Warwick,CV34 6UW,Comply with Clarity,106916,1,0,,,ORG:106916
Contour Showers Limited,01347879,,,Middlewich,CW10 0GT,Paperpak,100890,1,0,,,ORG:100890
Control Techniques Dynamics Limited,00741360,,,Andover,SP10 5AB,Kite Environmental Solutions,100138,1,0,,,ORG:100138
Convatec Holdings U.K. Ltd,06622360,,,London,W2 6LG,Valpak,111894,3,2,Amcare Ltd; Convatec Ltd,01309639; 03191025,ORG:111894
Conway Packing Services Limited,02648068,,,Tipton,DY4 7UD,Veolia (EA),103838,1,0,,,ORG:103838
Cook (UK) Ltd,01666971,,,Altrincham,WA14 2DT,Comply with Clarity,106430,1,0,,,ORG:106430
Cook Trading Limited,04611064,,,Sittingbourne,ME10 3HH,Ecosurety (EA),104423,1,0,,,ORG:104423
Cooke Aquaculture Scotland Limited,SC419789,,,Glasgow,G1 3BX,Paperpak,102236,1,0,,,ORG:102236
Cooks Professional Limited,13039270,,,Kington,HR5 3QQ,Comply with Clarity,114832,1,0,,,ORG:114832
Cookson Precious Metals Ltd,02775187,,,Birmingham,B1 3NZ,Valpak,104103,1,0,,,ORG:104103
Cooldelight Desserts Ltd,04370310,,,Bury,BL0 9DJ,Valpak,104459,1,0,,,ORG:104459
COOLING'S NURSERIES LIMITED,01534529,,,Nr Sevenoaks,TN14 7NN,Biffpack,111385,1,0,,,ORG:111385
Coolmar Limited,NI604133,,,Ballymena,BT42 2BJ,ERP UK Ltd,102159,1,0,,,ORG:102159
Coombe Castle International Limited,01530888,,,Chippenham,SN15 3HR,Smart Comply (EA),104480,1,0,,,ORG:104480
Cooneen By Design Limited,NI006648,,,Ballymena,BT44 9LD,,105558,4,3,Cooneen At Work Limited; Cooneen Defence Limited; Cooneen Protection Limited,03683670; NI045980; NI049695,ORG:105558
Cooper Coated Coil Ltd,08453794,,,Willenhall,WV13 3XB,Valpak,101670,1,0,,,ORG:101670
Coopervision (UK) Holdings Limited,09037039,,,Fareham,PO15 5RL,Veolia (EA),106745,3,2,Coopervision Limited; No.7 Contact Lens Laboratory Limited,01529851; 03685161,ORG:106745
Coopland & Son (Scarborough) Limited,00465947,,,Eastfield Scarborough,YO11 3YT,Wastepack GB (SEPA),106786,1,0,,,ORG:106786
Coordination Group Publications Ltd,03831170,,,Broughton-In-Furness,LA20 6HH,Wastepack GB (SEPA),103095,3,2,Market Street Filling Station Ltd; Princes Street Retail Limited,03828152; 12754251,ORG:103095
Copeland Ltd,NI030547,,,Cooks Town,BT80 9DG,Valpak,104690,1,0,,,ORG:104690
Coperion UK Limited,05708493,,,Peterborough,PE4 7AP,Valpak,106096,1,0,,,ORG:106096
Coppa Collective PLC,12698869,,,London,SE1 3JW,Valpak,107108,4,3,Coppa Collection Ltd; Rare Bird Hotels at Sonning Ltd; Rare Bird Hotels at Streatley Ltd,09185571; 12764418; 12764529,ORG:107108
Copperweld Bimetallics UK Ltd,03507011,,,Telford,TF7 4NZ,Valpak,104973,1,0,,,ORG:104973
Coppice Alupack Limited,01075225,,,Birmingham,B25 8HE,,108648,1,0,,,ORG:108648
COPTRIN LIMITED,01573719,,,Leeds,LS27 0FU,Comply with Clarity,106399,1,0,,,ORG:106399
Coral Innovations Limited,12494055,,,LONDON,W1W 7LT,Comply with Clarity,115911,1,0,,,ORG:115911
Coral Products Plc,02429784,,,Manchester,M23 9DS,Beyondly,100518,6,5,ALMA PRODUCTS LIMITED; ECODECK GRIDS LIMITED; FILM & FOIL SOLUTIONS LIMITED; GLOBAL ONE-PAK LIMITED; TATRA ROTALAC LIMITED,01665868; 04838498; 04892910; 05665759; 06647377,ORG:100518
Coram UK Holding Ltd,07214057,,,Ilton,TA19 9EA,Valpak,104071,1,0,,,ORG:104071
Corcoran Chemicals Ltd,01246418,,,Wilmslow,SK9 4LD,Valpak,107837,1,0,,,ORG:107837
Cordis Medical UK Limited,13333625,,,Warrington,WA3 6AE,ERP UK Ltd,116106,1,0,,,ORG:116106
Cordstrap Ltd,02211068,,,Skelmersdale,WN8 9PL,Valpak,101023,1,0,,,ORG:101023
Core Fulfilment Limited,03439236,,,Crewe,CW1 6NG,Wastepack GB (SEPA),117943,1,0,,,ORG:117943
Corefresh Limited,06976867,,,Canvey Island,SS8 9PA,Veolia (EA),112792,1,0,,,ORG:112792
Corespec Ltd,03574269,,,Stanley,DH9 7YB,Wastepack GB (SEPA),117965,1,0,,,ORG:117965
Corex (Wigan) Limited,02010900,,,Manchester,M2 3DE,Comply with Clarity,102598,1,0,,,ORG:102598
Corinthian Brands (CBL) Ltd,07409425,,,Knaresborough,HG5 9AY,Valpak,106356,1,0,,,ORG:106356
CORNDELL QUALITY FURNITURE LTD,09094307,,,Andover,SP10 5AZ,Biffpack,114491,1,0,,,ORG:114491
Cornelius Group plc,01936460,,,Bishops Stortford,CM23 5RG,Comply with Clarity,104803,2,1,Cornelius Specialties Ltd,05758693,ORG:104803
Corney and Barrow Limited,02296476,,,London,E1W 1YZ,ERP UK Ltd,100569,1,0,,,ORG:100569
Corning Limited,00173274,,,Ewloe,CH5 3XD,Veolia (EA),101211,1,0,,,ORG:101211
Cornish Concrete Products Limited,01395283,,,Truro,TR4 8QZ,Wastepack GB (SEPA),103935,1,0,,,ORG:103935
CORNISH SCRUMPY COMPANY LIMITED,01459401,,,Plymouth,PL7 5JX,Biffpack,103355,2,1,CYDERHOUSE CO. LIMITED,14206768,ORG:103355
Corrboard UK Ltd,08745634,,,Scunthorpe,DN15 9GE,Valpak,100425,1,0,,,ORG:100425
Corrugated Box Supplies Ltd,03276924,,,West Bromwich,B70 8JF,Paperpak,103330,1,0,,,ORG:103330
Corsair Toiletries Limited,01254443,,,St. Albans,AL2 2DR,Wastepack GB (SEPA),106706,1,0,,,ORG:106706
CORSTON LTD,08553721,,,Calne,SN119HN,Comply with Clarity,106248,1,0,,,ORG:106248
Corteva Agriscience UK Limited,02381612,,,Cambridge Road,SG8 6HB,,102874,1,0,,,ORG:102874
Coryton Advanced Fuels Limited,07232065,,,Stanford Le Hope,SS17 9LN,Comply with Clarity,104461,1,0,,,ORG:104461
Cosatto Limited,06529629,,,Bolton,BL4 7EP,Wastepack GB (SEPA),103096,1,0,,,ORG:103096
Cosmetic Warriors Limited,04165681,,,Poole,BH15 1AB,Ecosurety (EA),108546,1,0,,,ORG:108546
Costa Limited,01270695,,,High Wycombe,HP10 9QR,Ecosurety (EA),106765,1,0,,,ORG:106765
Costco UK Holdings Ltd,03934833,,,Watford,WD25 8JS,Valpak,112439,3,2,Costco Online UK Ltd; Costco Wholesale UK Ltd,02635489; 08055444,ORG:112439
Costcutter Supermarkets Group Ltd,02059678,,,London,NW10 7BW,Valpak,104264,2,1,Ebor Foodmarkets Ltd,01698597,ORG:104264
Coster Aerosols Limited,00897588,,,Chesterfield,S43 4XE,Ecosurety (EA),101219,1,0,,,ORG:101219
Costwise Limited,07906485,,,Okehampton,EX20 1UD,,106680,1,0,,,ORG:106680
Cotek Papers Limited,00821766,,,Moreton-in-Marsh,GL56 9JU,Ecosurety (EA),101588,1,0,,,ORG:101588
COTSWOLD OUTDOOR GROUP LTD,03382348,,,Swindon,SN1 1HN,Biffpack,107424,1,0,,,ORG:107424
Cottage Delight Limited,01728088,,,LONDON,SW1P 1BB,Comply with Clarity,101573,1,0,,,ORG:101573
Cotteswold Dairy Limited,00447327,,,Tewkesbury,GL20 8JE,Wastepack GB (SEPA),100931,1,0,,,ORG:100931
COTTON ON UK (PTY) LIMITED,09680832,,,London,EC2Y 5AU,Beyondly,105786,1,0,,,ORG:105786
Cotton Traders Ltd,02125768,,,Altrincham,WA14 5GZ,Valpak,106220,1,0,,,ORG:106220
COTY UK&I LTD,00271363,,,Ashford,TN25 4AQ,Comply with Clarity,108670,2,1,Coty Manufacturing UK Ltd,00428213,ORG:108670
Counterplas Limited,02560907,,,Walsall,WS6 7AL,Wastepack GB (SEPA),105636,1,0,,,ORG:105636
Country Style Foods Limited,02554051,,,Leeds,LS9 8HY,Kite Environmental Solutions,104131,2,1,Elisabeth the Chef Limited,01561100,ORG:104131
COUNTRYWIDE HEALTHCARE SUPPLIES LIMITED,03209242,,,Caerphilly,CF83 1XH,Beyondly,106024,1,0,,,ORG:106024
COUNTY BUILDING SUPPLIES (HOLDINGS) LIMITED,06633850,,,Malvern,WR14 3PP,Biffpack,108438,1,0,,,ORG:108438
County Milk Products Limited,02873177,,,Wilmslow,SK9 2BT,Recycling Lives Compliance Services,103116,3,2,County Food Ingredients Ltd; The Protein Partners Ltd,10392438; 10701956,ORG:103116
COUNTY SALES LIMITED,04101455,,,Burnley,BB11 5NA,Beyondly,101080,1,0,,,ORG:101080
Cousins Furniture Stores Limited,01763756,,,Oldbury,B69 4HH,Ecosurety (EA),102386,1,0,,,ORG:102386
Coveris Flexibles Holdings Limited,08339980,,,Spalding,PE11 3ZN,Comply with Clarity,106945,8,7,Amberley Adhesive Labels Ltd; Coveris Flexibles (Gainsborough) UK Ltd; Coveris Flexibles UK Ltd; Coveris Louth Ltd; Coveris Speciality Bags Ltd; Coveris Winsford Ltd; RIVENDELL EUROPE LIMITED,02133782; 02925612; 03374815; 04404780; 04786458; 12372044; 12372162,ORG:106945
Coverworld UK Limited,02493685,,,Chesterfield,S44 5GA,Comply with Clarity,106615,1,0,,,ORG:106615
COVESTRO UK LIMITED,03808559,,,Cheadle Hulme,SK8 6PT,Beyondly,100032,1,0,,,ORG:100032
CPG Logistics Limited,02597908,,,Gosport,PO13 0FW,Wastepack GB (SEPA),106502,1,0,,,ORG:106502
CPI Group (UK) Ltd,05567817,,,Croydon,CR0 4TD,Comply with Clarity,103416,4,3,CPI Antony Rowe Ltd; CPI Books Ltd; CPI William Clowes Ltd,02196742; 02823354; 03369829,ORG:103416
CPK REALISATIONS LTD,04658357,,,London,EC1M 4JN,Valpak,104999,1,0,,,ORG:104999
CPL Aromas Ltd,01031292,,,Northampton,NN6 9UB,Valpak,103818,1,0,,,ORG:103818
Craemer UK Limited,02574815,,,Telford,TF1 7GN,Wastepack GB (SEPA),102707,1,0,,,ORG:102707
CRAFTI'S LTD,06225728,,,Towcester,NN12 6FP,Beyondly,108184,1,0,,,ORG:108184
CRAGHOPPERS LIMITED,03057810,,,Urmston,M41 7RR,Beyondly,106329,1,0,,,ORG:106329
Crane Ltd,00098677,,,Ipswich,IP3 9FJ,Valpak,104744,1,0,,,ORG:104744
Crane Process Flow Technologies Limited,00447239,,,Cwmbran,NP44 3XX,Veolia (EA),102540,1,0,,,ORG:102540
Cranstons Quality Butchers Ltd,00228917,,,Penrith,CA11 7EH,Kite Environmental Solutions,100876,1,0,,,ORG:100876
Cranswick Country Foods (Ballymena),NI071259,,,Ballymena,BT42 1EA,Beyondly,100530,1,0,,,ORG:100530
Cranswick Pet Products Ltd,00896298,,,Hessle,HU13 0PA,Valpak,101301,1,0,,,ORG:101301
Cranswick Plc,01074383,,,Hessle,HU13 0PA,Beyondly,100177,3,2,Cranswick Country Foods Plc; RAMONA'S KITCHEN LIMITED,01803402; 05492903,ORG:100177
CRC INDUSTRIES UK LIMITED,04910479,,,Bridgwater,TA6 4DD,,104500,1,0,,,ORG:104500
Creamline Dairies Limited,00396381,,,Manchester,M17 1PB,Ecosurety (EA),103211,1,0,,,ORG:103211
CREATECITY LIMITED,02728626,,,Shildon,DL4 2RB,Biffpack,105083,1,0,,,ORG:105083
Creative Composites Limited,NI038590,,,Lisburn,BT282FW,,103746,1,0,,,ORG:103746
Creative Foods Europe Ltd,05335933,,,Burton-on-Trent,DE14 1DS,Comply with Clarity,114945,1,0,,,ORG:114945
Creative Products Limited,07079498,,,Grantham,NG31 9SE,Wastepack GB (SEPA),114511,1,0,,,ORG:114511
Crediton Dairy Limited,08490730,,,Crediton,EX17 2AH,,107399,1,0,,,ORG:107399
Creed Foodservice Limited,01065559,,,North Shields,NE29 7XJ,Ecosurety (EA),101282,1,0,,,ORG:101282
CREPE CUISINE CORNWALL LTD,11738387,,,Penzance,TR20 8HX,,118298,1,0,,,ORG:118298
Crescent Pharma Ltd,04750933,,,Basingstoke,RG21 8SR,Paperpak,116847,1,0,,,ORG:116847
Crew Clothing Co. Limited,03265824,,,Kingston Upon Thames,KT1 2BQ,ERP UK Ltd,101634,1,0,,,ORG:101634
CRL Foods Ltd,11017052,,,Newcastle Upon Tyne,NE3 1XD,Valpak,117419,1,0,,,ORG:117419
CRM TRADING LIMITED,01645334,,,Salford,M3 5FS,Biffpack,107820,1,0,,,ORG:107820
Crocus.co.uk Ltd,03863497,,,Windlesham,GU20 6LQ,Valpak,104490,1,0,,,ORG:104490
CRODA INTERNATIONAL PUBLIC LIMITED COMPANY,00206132,,,Goole,DN14 9AA,Comply with Clarity,101352,1,0,,,ORG:101352
Cromar Building Products Limited,03296833,,,Goole,DN14 0GH,Wastepack GB (SEPA),103987,1,0,,,ORG:103987
Cromwell Group (Holdings) Limited,01756362,,,Leicester,LE18 2FS,Veolia (EA),114891,1,0,,,ORG:114891
Cromwell Polythene Limited,02230104,,,Sherburn-in-Elmet,LS25 6RE,Wastepack GB (SEPA),102782,1,0,,,ORG:102782
Crop's Foods Ltd.,02368785,,,Luton,LU1 3LU,Wastepack GB (SEPA),100749,1,0,,,ORG:100749
CROPWELL BISHOP CREAMERY LIMITED,00364890,,,Nottingham,NG12 3BQ,Biffpack,104793,1,0,,,ORG:104793
CROSSBIRD LIMITED,08498879,,,Wembley,HA90LQ,,115348,1,0,,,ORG:115348
Crosswater Limited,03619276,,,Dartford,DA1 5FU,Kite Environmental Solutions,101133,1,0,,,ORG:101133
CROSTA & MOLLICA LIMITED,06848372,,,London,W1F 7LD,Beyondly,105985,1,0,,,ORG:105985
Crown Foods Limited,02644956,,,Lymington,SO41 9AP,Wastepack GB (SEPA),100493,1,0,,,ORG:100493
Crown Paints Limited,06624576,,,Darwen,BB3 0BG,Comply with Clarity,102512,1,0,,,ORG:102512
Crown Pet Foods Limited,02744493,,,Castle Cary,BA7 7PH,Ecosurety (EA),102825,1,0,,,ORG:102825
Crown Products (Kent) Ltd,02000579,,,Herne Bay,CT6 5TR,Valpak,114679,1,0,,,ORG:114679
Crown UK Holdings Limited,03182537,,,Wantage,OX12 9BP,Ecosurety (EA),101111,2,1,Crown Packaging Manufacturing UK Limited,10352429,ORG:101111
CRP Subsea Ltd,01369166,,,Gloucester,GL2 4PA,Valpak,100797,1,0,,,ORG:100797
Crush Wines Ltd,05555157,,,Calne,SN11 9LA,,116184,1,0,,,ORG:116184
CSG Global Education Ltd,01702231,,,West Malling,ME19 4YT,Kite Environmental Solutions,106960,1,0,,,ORG:106960
CSL Behring UK Limited,01622483,,,Haywards Heath,RH16 1AH,Veolia (EA),106939,1,0,,,ORG:106939
CT Pyro Group Ltd,10856730,,,Market Rasen,LN8 6HF,Valpak,105385,4,3,BENSTAR FIREWORKS LTD; Chestnut Trading Ltd; Cosmic Fireworks Ltd,05496483; 07694620; 10879820,ORG:105385
CTDI GLENROTHES LIMITED,01319856,,,Milton Keynes,MK12 5TH,Biffpack,102351,1,0,,,ORG:102351
CTEC (NI) LIMITED,NI055929,,,Newry,BT34 1BY,,117269,1,0,,,ORG:117269
CTS Wholesale Limited,05661036,,,Yoxall,DE13 8NJ,Comply with Clarity,100854,1,0,,,ORG:100854
Cube6 Limited,05423224,,,Earls Colne,CO6 2NS,Wastepack GB (SEPA),102115,1,0,,,ORG:102115
Cubis Systems Ltd,NI692328,,,Belfast,BT66 6LN,Valpak,107369,2,1,NAL Ltd,03289863,ORG:107369
Culina Group Limited,05525931,,,Market Drayton,TF9 3SQ,Veolia (EA),112658,7,6,CML F & L [Telford] Ltd; Culina Logistics Limited; Fowler Welch Limited; Great Bear Distribution Limited; Integrated Packing Services Limited; Warrens' Warehousing & Distribution (Midlands) Limited,01001101; 02765595; 02899719; 05128194; 06663387; 06963601,ORG:112658
Culligan Shared Services (UK) Ltd,11540567,,,Reading,RG1 3BD,Valpak,103001,5,4,Fohen Ltd; Harvey Water Softeners Ltd; Monarch Water Ltd; Zerowater UK Ltd,01362650; 06590010; 11858967; 13658207,ORG:103001
Culpitt Ltd,00261326,,,Ashington,NE63 8UQ,Valpak,103228,2,1,Sugarfayre Ltd.,02656629,ORG:103228
Culverhill Retail Ltd,06083324,,,Salisbury,SP2 8DF,ERP UK Ltd,100359,2,1,Otterbourne Retail Limited,10644323,ORG:100359
Cumberland Meat Packers Limited,01341075,,,Coventry,CV2 2LD,Wastepack GB (SEPA),104696,1,0,,,ORG:104696
Cumberland Packaging Ltd,01964182,,,Hadleigh,SS7 2RF,Comply with Clarity,105986,1,0,,,ORG:105986
Cumbrian Marketing Ltd,02610805,,,Brampton,CA8 1SW,Valpak,101605,1,0,,,ORG:101605
CUMMINS EMEA HOLDINGS LIMITED,07829012,,,London,W2 6LG,Biffpack,117294,1,0,,,ORG:117294
CupsDirect Limited,07323455,,,Colchester,CO4 3ZQ,Paperpak,116400,1,0,,,ORG:116400
CURATORS OF FLAVOUR LTD,10602741,,,London,N1 7GU,Comply with Clarity,111837,1,0,,,ORG:111837
Curdle Hill Farm Ltd,12478400,,,London,W1T 3BL,Valpak,116852,1,0,,,ORG:116852
Cure It Composites Ltd,01797547,,,Wigan,WN6 8RY,Valpak,111366,1,0,,,ORG:111366
CURIOUS BREWERY,13138027,,,Bungay,NR35 1NQ,,115770,1,0,,,ORG:115770
Curious Universe UK Limited,11082233,,,Bath,BA1 5BG,Kite Environmental Solutions,104306,1,0,,,ORG:104306
Curran Packaging Company Limited,01490666,,,Oxted,RH8 9EP,Paperpak,102819,1,0,,,ORG:102819
Currys Group Ltd,00504877,,,Newark,NG24 2NH,ERP UK Ltd,107038,1,0,,,ORG:107038
Currys Retail Ltd,02142673,,,Newark,NG24 2NH,ERP UK Ltd,107039,1,0,,,ORG:107039
Curveball Leisure Ltd,05287160,,,Swansea,SA6 8QN,Veolia (EA),117685,1,0,,,ORG:117685
Custom Pharmaceuticals Ltd,01431692,,,Hove,BN3 3LW,Valpak,101602,1,0,,,ORG:101602
Custom Powders Limited,01465593,,,Crewe,CW1 6YT,Wastepack GB (SEPA),104727,1,0,,,ORG:104727
Custompac Limited,01274926,,,Castleford,WF10 1PA,Kite Environmental Solutions,100172,1,0,,,ORG:100172
Cutwel Limited,03202912,,,Cleckheaton,BD19 4DH,Wastepack GB (SEPA),101261,1,0,,,ORG:101261
CVH Spirits Ltd,SC109881,,,East Kilbride,G74 5BU,Valpak Scotland Ltd (SEPA),101824,1,0,,,ORG:101824
CVS (UK) Ltd,03777473,,,Diss,IP22 4ER,Valpak,101798,3,2,Animed Direct Ltd; Vet Direct Services Ltd,05167635; 07007357,ORG:101798
CYBEX GMBH  UK BRANCH,,,,BAYREUTH,95448,Comply with Clarity,116271,1,0,,,ORG:116271
CYCLESPORT NORTH LIMITED,04149504,,,Preston,PR5 8AS,Beyondly,116230,1,0,,,ORG:116230
Cytec Engineered Materials Ltd,02851421,,,Wrexham,LL13 9UZ,Valpak,103351,1,0,,,ORG:103351
Cytec industrial Materials (Derby) Limited,02264869,,,Heanor,DE75 7SP,Veolia (EA),102289,1,0,,,ORG:102289
Cérélia UK Ltd,07412477,,,Corby,NN17 5BE,Kite Environmental Solutions,100365,1,0,,,ORG:100365
D C I & E FOOD LTD,07185551,,,London,E10 7FE,,112659,1,0,,,ORG:112659
D&M Audiovisual Ltd,00801901,,,Worthing,BN11 2BH,Packcare,102380,1,0,,,ORG:102380
D&M Packaging Limited,10985950,,,Whitchurch,SY13 2EX,Ecosurety (EA),115134,1,0,,,ORG:115134
D. & F. MCCARTHY LIMITED,00352674,,,Norwich,NR7 0WH,Biffpack,104474,1,0,,,ORG:104474
D. Jacobson & Sons Ltd,01647853,,,Rossendale,BB4 7PA,Valpak,114708,1,0,,,ORG:114708
D. McGhee & Sons Ltd,SC028084,,,Glasgow,G21 1HX,Scotpak (SEPA),107285,1,0,,,ORG:107285
D.A. Pak Limited,03546924,,,Stoke-On-Trent,ST4 8HX,Comply with Clarity,105298,1,0,,,ORG:105298
D.B. Ramsden & Company Limited,00694043,,,,NW10 7BW,Ecosurety (EA),101144,1,0,,,ORG:101144
D.C.K. Concessions Ltd,02715822,,,Billericay,CM12 0DG,Valpak,106888,1,0,,,ORG:106888
D.J.Squire & Co.  Limited,00316151,,,Twickenham,TW2 5PA,Wastepack GB (SEPA),107173,2,1,Barnsfold Nurseries Limited,09320559,ORG:107173
D.K. Tools Limited,02336735,,,West Drayton,UB7 8EQ,Wastepack GB (SEPA),105345,1,0,,,ORG:105345
D.R.WAKEFIELD & COMPANY LIMITED,00971152,,,London,SE10UQ,,104685,1,0,,,ORG:104685
D.Stewart & Son  Ltd,00142895,,,Christchurch,BH23 4FL,Valpak,107544,1,0,,,ORG:107544
D.T.(Automotives)Limited,01049663,,,Wrexham,LL13 9UG,Kite Environmental Solutions,100137,1,0,,,ORG:100137
D.W. Windsor Limited,01309755,,,Telford,TF3 3BD,Veolia (EA),106020,1,0,,,ORG:106020
Dacrylate Paints Ltd,01744820,,,Nottingham,NG17 8AL,Valpak,102188,1,0,,,ORG:102188
DAF Trucks NV,,,,Eindhoven,5643 TW,Veolia (EA),107342,1,0,,,ORG:107342
Daiichi Sankyo UK Ltd,01998736,,,Uxbridge,UB8 1DH,Valpak,102450,1,0,,,ORG:102450
Daikin Airconditioning UK Limited,04616794,,,Weybridge,KT13 0NY,Ecosurety (EA),100229,1,0,,,ORG:100229
Daily Bake Holdings Ltd,NI631635,,,Armagh,BT60 1HW,Comply with Clarity,105891,3,2,DAILY BAKE (IRELAND) LIMITED; Daily Bake Manufacturing Ltd,NI630248; NI642663,ORG:105891
DAIMLER TRUCK UK LIMITED,10304244,,,Milton Keynes,MK15 0YS,Comply with Clarity,107191,1,0,,,ORG:107191
Dairi-Pak Limited,05616891,,,Shrewsbury,SY4 1LS,Paperpak,102153,1,0,,,ORG:102153
DAIRY CONSUMER FOODS (UK) LIMITED,12866409,,,Staines Upon Thames,TW18 4LG,Biffpack,103148,1,0,,,ORG:103148
Dairy Crest Limited,02085882,,,Weybridge,KT13 0NY,Ecosurety (EA),102428,1,0,,,ORG:102428
Dairy Partners Limited,02900999,,,Stonehouse,GL10 3RL,Wastepack GB (SEPA),103780,2,1,Dairy Partners (Cymru Wales) Limited,08527303,ORG:103780
Dairygold Food Ingredients (UK) Limited,01514948,,,Crewe,CW1 6FU,Kite Environmental Solutions,107778,1,0,,,ORG:107778
Daisy's Nail Company Ltd,08216906,,,Brighton,BN1 2RA,Comply with Clarity,116396,1,0,,,ORG:116396
Daiwa Sports Ltd,01295286,,,London,SE1 2QG,Valpak,101882,1,0,,,ORG:101882
Dale Farm Limited,NI025356,,,Belfast,BT3 9LS,Comply with Clarity,101466,2,1,UNITED FEEDS LIMITED,NI038000,ORG:101466
Daler-Rowney Ltd,00194555,,,Bracknell,RG12 8SS,Valpak,106237,1,0,,,ORG:106237
DALESMAN (NEWCASTLE) LIMITED,02096726,,,Bradford,BD5 8HW,Beyondly,116623,1,0,,,ORG:116623
DALOON FOODS (U.K.) LIMITED,01659909,,,Stamford,PE9 1XP,Biffpack,106806,1,0,,,ORG:106806
Dalston's Soda Company Ltd,08020637,,,London,E8 3DL,Paperpak,114193,1,0,,,ORG:114193
Dalter UK Ltd,07571025,,,Exeter,EX5 1FY,Valpak,108406,1,0,,,ORG:108406
Damartex UK Limited,00852773,,,Bingley,BD97 1AD,Wastepack GB (SEPA),103162,1,0,,,ORG:103162
Damm 1876 Ltd,07243661,,,London,SE1 0UH,Ecosurety (EA),107606,1,0,,,ORG:107606
DAMS Furniture Limited,07014675,,,Knowsley,L33 7XS,Ecosurety (EA),100735,1,0,,,ORG:100735
Dana UK Axle Limited,06088792,,,Stratford-Upon-Avon,CV37 6YX,Veolia (EA),107435,1,0,,,ORG:107435
Dandy Lions Ltd,03868466,,,London,W1B 1DY,Valpak,104496,1,0,,,ORG:104496
Danesmoor Group Limited,08143416,,,Newton Aycliffe,DL5 6AH,Wastepack GB (SEPA),107535,3,2,Life Kitchens for Living Limited; PWS Distributors Limited,02214406; 11042139,ORG:107535
Danfoss Limited,02605811,,,Beaconsfield,HP9 1NB,Kite Environmental Solutions,105417,1,0,,,ORG:105417
Daniel Thwaites Public Limited Company,00051702,,,Blackburn,BB2 7LB,Ecosurety (EA),101586,1,0,,,ORG:101586
Danish Crown UK Ltd,02021233,,,Rochdale,OL16 4SY,Valpak,103504,1,0,,,ORG:103504
Danone Holdings (UK),02255846,,,London,W4 5YG,Valpak,104798,4,3,Harrogate Water Brands Ltd; Nutricia Ltd; SHS International Ltd,00112075; 00275552; 06126126,ORG:104798
Danzer UK Ltd,01387446,,,Maldon,CM9 4QA,Valpak,100502,1,0,,,ORG:100502
DAR Lighting Limited,05270864,,,Banbury,OX16 3JZ,Wastepack GB (SEPA),102955,1,0,,,ORG:102955
Darby Nursery Stock Ltd,00748302,,,Thetford,IP26 4PW,ERP UK Ltd,100403,1,0,,,ORG:100403
Darcy Products Limited,00472058,,,Larkfield,ME20 6GN,Comply with Clarity,100211,1,0,,,ORG:100211
Daregal Gourmet Ltd,06032669,,,Long Stratton,NR15 2YA,ERP UK Ltd,106895,1,0,,,ORG:106895
Darley Limited,00405648,,,Burton Upon Trent,DE14 2AD,,104684,1,0,,,ORG:104684
Darlington and Daughters,06255483,,,Crewe,CW1 6FF,ERP UK Ltd,114029,1,0,,,ORG:114029
Dart Tool Group Ltd,SC425064,,,Kirkcaldy,KY1 3PD,Wastepack GB (SEPA),108680,1,0,,,ORG:108680
Darta UK Ltd,04652372,,,Driffield,YO25 9DR,Wastepack GB (SEPA),100718,1,0,,,ORG:100718
Darta Yorkshire Ltd,10595430,,,Driffield,YO25 9DR,Wastepack GB (SEPA),100730,1,0,,,ORG:100730
Dartmoor Brewery Limited,02909638,,,Torquay,TQ2 6UA,Veolia (EA),111686,1,0,,,ORG:111686
Dartmouth Foods Ltd,03935293,,,Plymouth,PL7 5HH,Valpak,107254,1,0,,,ORG:107254
Dash Brands Ltd,10016000,,,London,WC1V 7HP,Valpak,107007,1,0,,,ORG:107007
Datim Ltd,08813037,,,Chesterfield,S41 9RN,Valpak,111488,1,0,,,ORG:111488
DAU DRAEXLMAIER AUTOMOTIVE UK LIMITED,03485431,,,Tamworth,B78 1SE,Smart Comply (EA),101266,1,0,,,ORG:101266
DAVENPORT PAPER CO LIMITED,02012280,,,Derby,DE1 3DE,Biffpack,107957,1,0,,,ORG:107957
DAVID AUSTIN ROSES LIMITED,02701780,,,Wolverhampton,WV7 3HB,Beyondly,105746,1,0,,,ORG:105746
DAVID COVER AND SON LIMITED,00396804,,,Chichester,PO19 8PE,Biffpack,104923,1,0,,,ORG:104923
DAVID LLOYD LEISURE LIMITED,01516226,,,Hatfield,AL10 9AX,Biffpack,106774,1,0,,,ORG:106774
David Wood Baking Ltd,06541251,,,Leeds,LS26 8JD,Valpak,102322,1,0,,,ORG:102322
Davidson Holdings Ltd,04970157,,,Leeds,LS11 5AE,Valpak,107743,5,4,Cistermiser Ltd; Keraflo Ltd; Salamander Pumped Shower Systems Ltd; Talon Manufacturing Ltd,01455630; 01774986; 02778382; 10451620,ORG:107743
Davis & Moore Limited,09995335,,,Trafford Park,M17 1NJ,REPIC,116469,1,0,,,ORG:116469
Davis Schottlander & Davis Limited,00505471,,,Letchworth Garden City,SG6 2WD,Wastepack GB (SEPA),101828,1,0,,,ORG:101828
Davy & Company Limited,00129564,,,London,SE10 8JA,Ecosurety (EA),101806,1,0,,,ORG:101806
Davy's of London (Wine Merchants) Limited,00963147,,,London,SE10 8JA,Ecosurety (EA),104322,1,0,,,ORG:104322
Dawn Foods Ltd,02417948,,,Evesham,WR11 4QU,ERP UK Ltd,104962,1,0,,,ORG:104962
Day Group Ltd,00432417,,,Brentford,TW8 9HF,Packcare,100419,1,0,,,ORG:100419
Day International (U.K.) Ltd,SC031497,,,Glasgow,G2 1BP,Valpak Scotland Ltd (SEPA),105174,1,0,,,ORG:105174
DAY LEWIS PLC,01202866,,,Croydon,CR0 4UQ,Biffpack,102632,7,6,ABC DRUG STORES LIMITED; CAPE HOLDINGS LIMITED; CRADLECREST LIMITED; HARLEQUIN BPI LTD; LEACH AND BURTON LIMITED; TAYZANA LIMITED,01612286; 02022221; 02302184; 02825947; 08132968; 09440413,ORG:102632
Daybreak Foods Limited,06787889,,,Ascot,SL5 9NP,Smart Comply (EA),105042,1,0,,,ORG:105042
Dayes Limited,03765504,,,Batheaston,BA1 7RL,Wastepack GB (SEPA),102109,1,0,,,ORG:102109
Dayla Limited,00384654,,,Aylesbury,HP22 5AH,Veolia (EA),107462,1,0,,,ORG:107462
Daymer Ingredients Ltd,04835154,,,Shipston On Stour,CV36 4FF,Valpak,100655,1,0,,,ORG:100655
DCS Group (UK) Limited,02580758,,,Banbury,OX16 2AA,,104275,1,0,,,ORG:104275
DD Products And Services Ltd,01196676,,,Witham,CM8 3SX,Valpak,107966,1,0,,,ORG:107966
DDW Colours UK Ltd.,02345988,,,Willesborough,TN24 0LT,Wastepack GB (SEPA),102635,1,0,,,ORG:102635
DE BURGH FINE WINE LIMITED,SC435185,,,Dalkeith,EH22 2PQ,,116323,1,0,,,ORG:116323
DE CECCO U.K. LIMITED,04653850,,,London,EC2A 2EW,Comply with Clarity,104941,1,0,,,ORG:104941
De Groot Fresh Produce UK Ltd,06026309,,,Eastleigh,SO53 3LG,Valpak,106058,1,0,,,ORG:106058
De Ree UK Limited,05357534,,,Bolton,BL6 6HG,Wastepack GB (SEPA),107984,1,0,,,ORG:107984
DE SANGOSSE LTD.,02871017,,,Newmarket,CB8 7SQ,Beyondly,106395,1,0,,,ORG:106395
Dean Packaging Limited,04036546,,,Huntingdon,PE19 2HF,Paperpak,117857,1,0,,,ORG:117857
Dean's of Huntly Limited,SC116801,,,Huntly,AB54 8JX,,102199,2,1,Duncan's of Deeside,SC330548,ORG:102199
Deansbridge Supermarket Limited,NI047946,,,,BT61 9DF,Scotpak (SEPA),104145,1,0,,,ORG:104145
DEAO Limited,08552357,,,Pontypridd,CF37 5SP,Wastepack GB (SEPA),114670,1,0,,,ORG:114670
Debenhams Group Holdings Ltd,11941376,,,Manchester,M1 2HF,Valpak,106033,13,12,Boohoo.Com UK Ltd; Burton Online Ltd; Coastlondon.com Ltd; Debenhams Brands Ltd; Dorothy Perkins Online Ltd; Karenmillen.com Ltd; Miss Pap UK Ltd; Nasty Gal Ltd; Oasis Fashions Online Ltd; PrettyLittleThing.com Ltd; Wallis Online Ltd; Warehouse Fashions Online Ltd,05723154; 07352417; 10487954; 11897876; 12054246; 12054254; 12578918; 12579412; 13135555; 13158671; 13158699; 13158706,ORG:106033
Debriar Ltd,01585381,,,Elland,HX5 9HB,ERP UK Ltd,100042,1,0,,,ORG:100042
Decantae Mineral Water Ltd,01949922,,,Kempston,MK42 7PN,Valpak,104351,1,0,,,ORG:104351
Decathlon UK Limited,03140144,,,London,SE16 7FU,Wastepack GB (SEPA),100294,1,0,,,ORG:100294
Decent Packaging Ltd,11709102,,,Worcester,WR4 0SX,ERP UK Ltd,107504,1,0,,,ORG:107504
DECEUNINCK LIMITED,01565521,,,Calne,SN11 9PX,Beyondly,105973,1,0,,,ORG:105973
Dechra Veterinary Products Limited,05385888,,,Northwich,CW9 7UA,ERP UK Ltd,107082,1,0,,,ORG:107082
Deciem UK Ltd.,08375251,,,London,W1T 3JJ,Kite Environmental Solutions,101459,1,0,,,ORG:101459
Deckers Europe Ltd,05663055,,,London,W1D 5EU,Valpak,106230,1,0,,,ORG:106230
Deckers Trading Ltd,02188064,,,Rochdale,OL11 3EX,Beyondly,100197,1,0,,,ORG:100197
Deckers UK Ltd,06618944,,,London,W1D 5EU,Valpak,106244,1,0,,,ORG:106244
Decora Blind Systems Limited,NI014427,,,Lisburn,BT28 2FL,,104499,1,0,,,ORG:104499
Decorative Panels Holdings Limited,00792998,,,Elland,HX5 9HF,Wastepack GB (SEPA),106034,4,3,Decorative Panels Components Limited; Decorative Panels Furniture Limited; Decorative Panels Lamination Limited,04154876; 04154890; 06773262,ORG:106034
Decospan UK Ltd,02094393,,,Ingatestone,CM4 9DW,Valpak,105919,1,0,,,ORG:105919
Deeside Cereals I Ltd,01246878,,,Kettering,NN15 5JR,Valpak,106519,1,0,,,ORG:106519
Deichmann-Shoes UK Limited,02893066,,,Market Harborough,LE16 9HW,Paperpak,104718,1,0,,,ORG:104718
Dejex Supplies Ltd,01581712,,,Spalding,PE11 4UR,Comply with Clarity,100267,1,0,,,ORG:100267
Del Monte (UK) Ltd,02416083,,,Staines-Upon-Thames,TW18 4RH,Valpak,100822,1,0,,,ORG:100822
Delamere Dairy Ltd,03761294,,,Knutsford,WA16 9BH,Valpak,100196,1,0,,,ORG:100196
Delaware North Companies (UK) Ltd,05166573,,,London,EC4N 6AF,Valpak,102123,4,3,Delaware North Companies (UK) Hospitality Services Ltd; Delaware North Companies (Wembley) Ltd; Magicgoal Ltd,04421857; 04461707; 05165828,ORG:102123
Delegat Europe Limited,03525765,,,London,WC2A 1HP,Wastepack GB (SEPA),101193,1,0,,,ORG:101193
Delice De France Limited,02148529,,,Southall,UB2 5LJ,Kite Environmental Solutions,100401,1,0,,,ORG:100401
DELIFRANCE (UK) LIMITED,02186392,,,Leicestershire,LE18 2FL,Beyondly,107923,1,0,,,ORG:107923
DELIFRESH LIMITED,04437211,,,Leeds,LS1 5AB,Beyondly,103632,1,0,,,ORG:103632
Delimport Limited,10135636,,,London,SW64HH,,117296,1,0,,,ORG:117296
Dell Corporation Ltd,02081369,,,London,EC3A 5AF,ERP UK Ltd,102099,1,0,,,ORG:102099
Dellner Ferrabyrne Limited,00971894,,,Littlehampton,BN17 7QU,Valpak,115110,1,0,,,ORG:115110
Dellner Glass Solutions Ltd,04252701,,,Tamworth,B79 7TL,Valpak,117028,1,0,,,ORG:117028
Dellner Polymer Solutions Ltd,03471683,,,Burton-On-Trent,DE14 2AP,Valpak,115112,1,0,,,ORG:115112
Delphi Food Products Limited,01809102,,,London Colney,AL2 1HA,Kite Environmental Solutions,107092,1,0,,,ORG:107092
Delta Display Limited,02627811,,,London,E11 1GA,Paperpak,104159,3,2,Odessa UK Limited; Superior Creative Services Ltd,01248213; 12237490,ORG:104159
Delta Global Source (UK) Limited,06378991,,,Leicester,LE8 6ZG,Wastepack GB (SEPA),100263,1,0,,,ORG:100263
Delves & Co Limited,08261006,,,Craven Arms,SY7 9PY,Wastepack GB (SEPA),111393,1,0,,,ORG:111393
DELWYN ENTERPRISES LIMITED,NI017284,,,DRAPERSTOWN,BT45 7AP,Comply with Clarity,115721,1,0,,,ORG:115721
Demipower (2017) Ltd,10692963,,,Ruislip,HA4 7LF,Valpak,114087,1,0,,,ORG:114087
Demipower (Eastern) Ltd,10898203,,,Ruislip,HA4 7LF,Valpak,114089,1,0,,,ORG:114089
Demipower Ltd,02341655,,,Ruislip,HA4 7LF,Valpak,111801,2,1,Demipower (1991) Ltd,02661132,ORG:111801
Demos Ciclitira Limited,00525529,,,Braintree,CM7 1AW,Ecosurety (EA),100451,2,1,George Harker and Company Limited,00055983,ORG:100451
Dempson Limited,00712226,,,Maidstone,ME16 9NP,Comply with Clarity,104386,1,0,,,ORG:104386
DENBY HOLDINGS LIMITED,06760049,,,Denby,DE5 8NX,Comply with Clarity,102490,5,4,Burgess & Leigh Limited; Denby Brands Limited; Denby Potteries Limited; The Denby Pottery Company Limited,03820303; 06761664; 06784072; 06798163,ORG:102490
Dendron Brands Ltd,12490687,,,Watford,WD18 7JJ,Valpak,106970,1,0,,,ORG:106970
Dengie Crops Limited,02328408,,,Southminster,CM0 7JF,Wastepack GB (SEPA),102452,1,0,,,ORG:102452
Denhay Farms Ltd,00504226,,,Bristol,BS1 6BX,Valpak,102816,1,0,,,ORG:102816
DENIS BRINICOMBE GROUP LIMITED,04309124,,,,EX173BZ,,114938,1,0,,,ORG:114938
Denmaur Independent Papers Limited,01707312,,,Sittingbourne,ME10 3RY,Smart Comply (EA),100612,1,0,,,ORG:100612
Dennis & Robinson Limited,00460938,,,Lancing,BN15 8UH,Ecosurety (EA),101287,1,0,,,ORG:101287
Dennis Eagle Limited,03794455,,,Warwick,CV34 6TE,Veolia (EA),105544,1,0,,,ORG:105544
Denroy Group Limited,NI009327,,,Belfast,BT20 3JH,Wastepack Northern Ireland (NIEA),103779,3,2,Denman International Limited; Denroy Limited,NI008800; NI012835,ORG:103779
Denso Automotive UK Ltd.,01781529,,,Coventry,CV2 2TB,Wastepack GB (SEPA),101069,1,0,,,ORG:101069
Denso Manufacturing UK Ltd.,02502865,,,Telford,TF1 7FS,Wastepack GB (SEPA),106751,1,0,,,ORG:106751
Denso Marston Ltd,00305275,,,Bradford,BD17 7JR,Wastepack GB (SEPA),101035,1,0,,,ORG:101035
Dentsply IH Limited,01480123,,,Stonehouse,GL10 3GB,Valpak,111449,2,1,Dentsply Sirona Repair Centre (UK) Ltd.,12932925,ORG:111449
Derbyshire Aggregates Limited,01833520,,,Bakewell,DE45 1JS,Comply with Clarity,101310,1,0,,,ORG:101310
DEREK LAMBERT POLYTHENE LIMITED,01915346,,,Bingley,BD16 2RD,Beyondly,104750,1,0,,,ORG:104750
Derryadd Pallets Limited,NI058498,,,Armagh,BT66 7AT,,108058,1,0,,,ORG:108058
Desch Plantpak Limited,00794214,,,Maldon,CM9 6NT,Comply with Clarity,106705,1,0,,,ORG:106705
Design Go Ltd,01477762,,,London,NW7 2HU,Valpak,116472,1,0,,,ORG:116472
DESIGN PACKAGING GROUP LIMITED,02285010,,,LITTLEHAMPTON,BN17 7AU,Comply with Clarity,104724,1,0,,,ORG:104724
Designplan Lighting Limited,00784246,,,Sutton,SM3 9QS,Wastepack GB (SEPA),100358,1,0,,,ORG:100358
Devenish Nutrition Limited,NI003138,,,Belfast,BT3 9AR,Wastepack Northern Ireland (NIEA),102176,1,0,,,ORG:102176
Devonshire Pine Limited,02703600,,,Bideford,EX39 3DX,Comply with Clarity,105146,1,0,,,ORG:105146
Devro (Scotland) Ltd,SC129787,,,Chryston,G69 0JE,Valpak Scotland Ltd (SEPA),101420,1,0,,,ORG:101420
DEWLAY CHEESEMAKERS LIMITED,00681381,,,PRESTON,PR3 0PR,Comply with Clarity,101699,1,0,,,ORG:101699
Dexcel-Pharma Ltd,02963398,,,Coventry,CV1 2FX,Valpak,105767,1,0,,,ORG:105767
Dextra Group plc,01380089,,,Gillingham,SP8 4PX,Packcare,100241,6,5,Dexeco Ltd; Dexretail Ltd; Dextra Lighting Ltd; LEDextra Ltd; Ledex Ltd,06387560; 06460114; 07502961; 07994171; 08058679,ORG:100241
DFS Furniture Company Limited,00972107,,,Doncaster,DN6 7NA,Comply with Clarity,108644,3,2,DFS Trading Ltd; Sofology Ltd,01735950; 01778734,ORG:108644
DGB Europe Limited,05599638,,,Abingdon,OX14 4RY,Veolia (EA),102901,1,0,,,ORG:102901
DGL INTERNATIONAL TRADING LIMITED,09968464,,,London,SW1H 0BL,Valpak,104547,1,0,,,ORG:104547
Dhamecha Foods Limited,01163739,,,Stanmore,HA7 3NR,ERP UK Ltd,107262,1,0,,,ORG:107262
DHL International (UK) Ltd,01184988,,,Colnbrook,SL3 0BB,ERP UK Ltd,107129,1,0,,,ORG:107129
DHL Supply Chain Ltd,00528867,,,Milton Keynes,MK9 1EA,ERP UK Ltd,103447,2,1,Brandpath UK Limited,02870061,ORG:103447
Di Vine Importers Limited,03824754,,,Northfleet,DA11 8HJ,ERP UK Ltd,115608,1,0,,,ORG:115608
DIAGEO PLC,00023307,,,London,W1F 7HS,Biffpack,107347,7,6,DIAGEO GLOBAL SUPPLY IBC LIMITED; DIAGEO GREAT BRITAIN LIMITED; DIAGEO NORTHERN IRELAND LIMITED; DIAGEO SCOTLAND LIMITED; JUSTERINI & BROOKS LIMITED; S & B PRODUCTION LIMITED,00068576; 00507652; NI003038; NI003755; NI042257; SC000750,ORG:107347
Diamond Box Limited,06423200,,,West Bromwich,B70 0TX,Comply with Clarity,102732,1,0,,,ORG:102732
Diamond Corrugated Cases Limited,NI009409,,,Derry,BT48 0LU,,103877,1,0,,,ORG:103877
Diamondpak Limited,06224800,,,Pontypool,NP4 0XZ,Comply with Clarity,107386,1,0,,,ORG:107386
Diamonds and Pearl Trading LTD,09274200,,,,LE1 6UF,Comply with Clarity,115591,1,0,,,ORG:115591
DIAMORPH UK LIMITED,08071521,,,Gloucester,GL1 5TT,Beyondly,106063,2,1,PERMALI GLOUCESTER LIMITED,03546214,ORG:106063
Diaper Poultry Limited,06558450,,,Stowmarket,IP14 3JN,Wastepack GB (SEPA),107360,1,0,,,ORG:107360
DIDIERS PATISSERIE LIMITED,03067961,,,London,SE10 0AT,,114415,1,0,,,ORG:114415
Didsbury Engineering Co Ltd,00371191,,,Handforth,SK9 3LP,,116563,1,0,,,ORG:116563
Die-Pat Holdings Limited,01965584,,,Daventry,NN11 4HE,Veolia (EA),107879,3,2,Die-Pat Divisions Limited; Vantage Products Limited,02963603; 02988354,ORG:107879
Diesel (London) Limited,03005257,,,London,EC2A 2AP,Paperpak,106343,1,0,,,ORG:106343
Dike & Son Ltd,00272536,,,Stalbridge,DT10 2NB,ERP UK Ltd,107442,1,0,,,ORG:107442
Dillon Bass Limited,NI013022,,,Belfast,BT9 7ET,Wastepack Northern Ireland (NIEA),104384,1,0,,,ORG:104384
DIMENSION DEVELOPMENT LIMITED,02494198,,,Leicester,LE1 3RW,Biffpack,102248,1,0,,,ORG:102248
DINA FOODS LIMITED,02651200,,,Uxbridge,UB8 2FX,Biffpack,104170,1,0,,,ORG:104170
Dingbro Ltd,SC079886,,,Aberdeen,AB16 6HQ,ERP UK Ltd,107413,1,0,,,ORG:107413
Diomed Developments Ltd,00745839,,,Loughton,IG10 4PL,Valpak,107599,3,2,Aeropak (Chemical Products) Ltd; Dermal Laboratories Ltd,01514563; 01594795,ORG:107599
Dipwood Holdings Ltd,10599949,,,Consett,DH8 7RN,Valpak,100561,5,4,Dipwood Storage & Distribution Ltd; Just Meats (Nothern) Ltd; Ravendale Foods Ltd; Ravendale North West Ltd,01684198; 07469764; 10442178; 14549185,ORG:100561
Direct Food Ingredients Ltd,03005254,,,Macclesfield,SK11 6QJ,Valpak,105979,1,0,,,ORG:105979
Direct Fruit International Limited,02964645,,,,E1W 9US,Comply with Clarity,103744,1,0,,,ORG:103744
Direct Global Trading Ltd,06419337,,,Barnsley,S75 3EJ,,106274,1,0,,,ORG:106274
Direct Healthcare Group Ltd,05252571,,,Caerphilly,CF83 1BF,ERP UK Ltd,103933,1,0,,,ORG:103933
Direct Packaging Limited,02062528,,,Market Harborough,LE16 9HE,Paperpak,114216,1,0,,,ORG:114216
Direct Packaging Solutions Ltd,04419905,,,Stockport,SK4 3EA,Paperpak,117545,2,1,Direct Foam and Packaging Ltd,08624971,ORG:117545
DIRECT POULTRY SUPPLY (INSKIP) LIMITED,01053707,,,Preston,PR4 0TT,Beyondly,104887,1,0,,,ORG:104887
Direct Table Foods Limited,01816960,,,Bury St Edmunds,IP28 6RX,Ecosurety (EA),103281,1,0,,,ORG:103281
DIRECT WINES HOLDINGS LIMITED,06574767,,,Theale  Berkshire,RG7 4SA,Beyondly,102363,3,2,AVERYS OF BRISTOL LIMITED; DIRECT WINES LIMITED,00376920; 01095091,ORG:102363
DIRECT2MARKET GROUP LIMITED,10774943,,,Leigh-On-Sea,SS9 5LP,Beyondly,106423,2,1,Direct2Market Limited,12472989,ORG:106423
Disaronno International UK Limited,12633468,,,London,EC1V 9LA,Wastepack GB (SEPA),107084,1,0,,,ORG:107084
Discoverie Group Plc,02008246,,,Guildford,GU2 7AH,Ecosurety (EA),100460,12,11,Antenova Limited; CDT 123 Limited; Contour Electronics Limited; Cursor Controls Limited; HiVolt Capacitors Limited; Noratel UK Ltd; Sens-Tech Limited; Silver Telecom Limited; Stortech Electronics Limited; Variohm-Eurosensor Limited; Vertec Scientific Limited,00668759; 01677833; 02217300; 02736925; 02773976; 03434576; 03835617; 04105605; 04136659; 09637514; NI029851,ORG:100460
Discovery Flexibles Limited,02417982,,,London,EC3V 3NG,Comply with Clarity,114533,1,0,,,ORG:114533
Dishoom Limited,06226963,,,London,SW1H 0DB,ERP UK Ltd,100398,1,0,,,ORG:100398
Dispak Limited,02050242,,,Calne,SN11 9BW,Comply with Clarity,103179,1,0,,,ORG:103179
Distinction Doors Limited,05298340,,,Tankersley,S75 3DH,Kite Environmental Solutions,101774,1,0,,,ORG:101774
DISTRIBUTION SUPPLIES LTD,02911319,,,CAMBRIDGE,CB5 8BA,,106231,1,0,,,ORG:106231
Distrupol Ltd,00754472,,,Chertsey,KT16 9AP,Valpak,103995,1,0,,,ORG:103995
Diva Europe Limited,02499521,,,Crawley,RH10 9QR,Wastepack GB (SEPA),103557,2,1,Papergraphics Limited,01726045,ORG:103557
Diverse Dining Ltd,08282915,,,London,SW3 1ET,Kite Environmental Solutions,105605,1,0,,,ORG:105605
Diversey UK Holdings Ltd,04313193,,,Northampton,NN3 8PD,Valpak,111840,2,1,Diversey Ltd,03459907,ORG:111840
DIXON CHEW (BATLEY) LIMITED,01085433,,,Dewsbury,WF13 3LA,Biffpack,105433,1,0,,,ORG:105433
DK Group Investments Ltd,01698977,,,Rugby,CV23 9EU,Valpak,100156,5,4,Centurion Industrial Packaging Ltd; DK Packing & Casemaking Ltd; G E Door Manufacturing Ltd; Lemonpath Ltd,01836419; 04971061; 05667249; 05760210,ORG:100156
DK Household Brands Limited,01268346,,,Farnborough,GU14 7UE,Wastepack GB (SEPA),102658,1,0,,,ORG:102658
DKSH Great Britain Limited,00287620,,,London,EC4M 7AN,Veolia (EA),100945,1,0,,,ORG:100945
DMD (2000) Limited,SC209826,,,Aberdeen,AB23 8EF,,105967,1,0,,,ORG:105967
DMG Mori UK Limited,01030108,,,Coventry,CV3 4PE,Wastepack GB (SEPA),108086,1,0,,,ORG:108086
DN Automotive VMS Ltd,06703842,,,Trowbridge,BA14 0XB,Ecosurety (EA),100221,1,0,,,ORG:100221
Dnata Catering UK Ltd,08005515,,,Manchester,M90 5EX,Valpak,108373,1,0,,,ORG:108373
DNC UK Limited,03707210,,,Weybridge,KT13 9BN,Veolia (EA),102621,1,0,,,ORG:102621
Dobbies Garden Centres Limited,SC010975,,,Lasswade,EH181AZ,Comply with Clarity,100926,1,0,,,ORG:100926
Doby Cleats Limited,00952089,,,Near Stanley,DH9 8UJ,Wastepack GB (SEPA),106575,1,0,,,ORG:106575
Dock & Bay Ltd,09444124,,,London,EC2A 4NE,,115028,1,0,,,ORG:115028
Doff Portland Limited,00421826,,,Hucknall,NG15 6DW,Ecosurety (EA),102985,1,0,,,ORG:102985
Dogmates Ltd,09328607,,,London,EC2V 6DN,Valpak,101497,1,0,,,ORG:101497
Doherty & Gray Limited,NI037742,,,Ballymena,BT42 4HX,Ecosurety (EA),101207,1,0,,,ORG:101207
Dohler (UK) Limited,03114289,,,Milton Keynes,MK15 0DF,Kite Environmental Solutions,102787,1,0,,,ORG:102787
Dole Belfast Limited,NI003151,,,Dunmurry,BT17 9HY,Wastepack Northern Ireland (NIEA),104309,1,0,,,ORG:104309
Dole Packaged Foods Europe,,,,Poole,BH16 6FA,Wastepack GB (SEPA),105153,1,0,,,ORG:105153
Dolphin Solutions Ltd,03702978,,,Robertsbridge,TN32 5BS,Comply with Clarity,116495,1,0,,,ORG:116495
DOMETIC MOBILE COOKING UK LTD,06833828,,,Clitheroe,BB7 1QS,Beyondly,116306,1,0,,,ORG:116306
Dometic UK Awnings Ltd,05964899,,,Witham,CM8 3EU,Beyondly,104134,1,0,,,ORG:104134
Domino Printing Sciences Plc,01363137,,,Cambridge,CB23 8TU,Valpak,107321,2,1,Domino UK Ltd,01750201,ORG:107321
Domino's Pizza UK & Ireland Ltd,02882515,,,Milton Keynes,MK6 4BB,Valpak,101618,1,0,,,ORG:101618
DOMU BRANDS LIMITED,07047520,,,Salford,M3 7BF,Beyondly,107757,1,0,,,ORG:107757
Don & Low Ltd,SC005657,,,Forfar,DD8 1FR,Valpak Scotland Ltd (SEPA),101991,1,0,,,ORG:101991
Donald Cooke Holdings Limited,13181939,,,Sheffield,S3 8DP,Kite Environmental Solutions,115956,3,2,Donald Cooke Ltd; Rod Hutchinson Tackle & Bait Ltd,04615811; 10363357,ORG:115956
Donaldson Filter Components Ltd,01222246,,,Hull,HU1 1QE,Valpak,102606,1,0,,,ORG:102606
Donaldson Filtration (GB) Limited,03914641,,,Hull,HU1 1QE,Wastepack GB (SEPA),105379,1,0,,,ORG:105379
Donaldson Timber Systems Ltd,10375531,,,Witney,OX29 7WJ,Valpak,101992,1,0,,,ORG:101992
Doncasters Limited,00321992,,,Leeds,LS1 5AB,Wastepack GB (SEPA),103302,4,3,Chard Precision Castings Limited; Ross & Catherall Limited; Trucast Limited,04110786; 04110903; 12023013,ORG:103302
DORCO U.K. LIMITED,07286576,,,London,SW19 1NE,,117707,1,0,,,ORG:117707
DOREL (UK) LIMITED,02186663,,,London,WC1V 6BX,Beyondly,105858,1,0,,,ORG:105858
DOREL HOME FURNISHINGS EUROPE LIMITED,07888601,,,LONDON,WC1V 6BX,Beyondly,116044,1,0,,,ORG:116044
Doric Crimped Limited,07404814,,,Ashington,NE63 8UQ,Veolia (EA),106199,1,0,,,ORG:106199
Doric FPD Limited,06956605,,,Ashington,NE63 8UQ,Veolia (EA),105367,1,0,,,ORG:105367
Dormakaba UK Ltd,01361508,,,Tiverton,EX16 6SS,Kite Environmental Solutions,102644,1,0,,,ORG:102644
Dormole Limited,01156193,,,Dartford,DA2 6QE,Wastepack GB (SEPA),103476,6,5,ADP Diamond Cutting Solutions Limited; Galleon Fixings Limited; Harrison & Clough Limited; Olympia Tools (UK) Limited; Toolbank Limited,00529964; 00583552; 03716458; 04916909; 05669467,ORG:103476
DOUBLE DUTCH LTD.,09224365,,,LONDON,NW1 3ER,Comply with Clarity,114112,1,0,,,ORG:114112
Double H (Nurseries) Limited,01114118,,,New Milton,BH25 5NG,Wastepack GB (SEPA),100998,1,0,,,ORG:100998
Doughlicious Limited,09325278,,,London,W3 0RA,Veolia (EA),104052,1,0,,,ORG:104052
Dovecote Park Limited,03167280,,,Pontefract,WF8 3DD,Comply with Clarity,106726,1,0,,,ORG:106726
Dover Fueling Solutions UK Limited,SC058090,,,Edinburgh,EH2 1AF,Paperpak,106899,1,0,,,ORG:106899
Doves Farm Foods Ltd,02301391,,,Hungerford,RG17 0RF,Valpak,102079,1,0,,,ORG:102079
DOW CHEMICAL COMPANY LIMITED,00537161,,,Cheadle,SK8 3SR,Beyondly,101730,1,0,,,ORG:101730
DOW SILICONES UK LIMITED,00486170,,,Barry,CF63 2YL,Beyondly,106444,1,0,,,ORG:106444
Downland Bedding Company Ltd(The),00419883,,,Liverpool,L3 6ER,Valpak,105732,1,0,,,ORG:105732
DOYLE HOTELS HOLDINGS (UK) LIMITED,07676461,,,London,W1G 8DN,Biffpack,117328,4,3,DOYLE BLOOMSBURY HOTEL LIMITED; DOYLE KENSINGTON HOTEL LIMITED; DOYLE LONDON HOTELS LIMITED,01280133; 07676611; 07676690,ORG:117328
DPDGroup UK Ltd,00732993,,,Smethwick,B66 1BY,Veolia (EA),107711,1,0,,,ORG:107711
DPKBV Ltd,04830696,,,Ilford,IG1 4PG,Valpak,108485,1,0,,,ORG:108485
DPS TABLEWARE LIMITED,04169373,,,Stone,ST15 0SS,Beyondly,103613,1,0,,,ORG:103613
DR Inverurie Limited,01820834,,,London,SW1P 1BB,Ecosurety (EA),102046,1,0,,,ORG:102046
Dr Schar UK Ltd,03526628,,,Warrington,WA3 6GA,Wastepack GB (SEPA),105934,1,0,,,ORG:105934
Dr. Oetker (UK) Limited,04293376,,,Leeds,LS15 8GB,Ecosurety (EA),106305,1,0,,,ORG:106305
Dr. Organic Limited,06295606,,,Swansea,SA6 8QP,Veolia (EA),100115,1,0,,,ORG:100115
DR. REDDY'S LABORATORIES (EU) LIMITED,02177715,,,Mirfield,WF14 8HZ,Biffpack,102101,2,1,DR REDDY'S LABORATORIES (UK) LIMITED,01729064,ORG:102101
Draeger Medical UK Ltd,04310199,,,Hemel Hempstead,HP2 7BW,ERP UK Ltd,103252,1,0,,,ORG:103252
Draeger Safety UK Ltd,00777464,,,Blyth,NE24 4RG,ERP UK Ltd,103196,1,0,,,ORG:103196
Dragon Alfa Cement Ltd,03473666,,,Sharpness,GL13 9UX,Valpak,102175,1,0,,,ORG:102175
Dragon Packaging Ltd,04755583,,,,N3 3LF,Packcare,102293,1,0,,,ORG:102293
Drakes Display Ltd,07145595,,,Sturminster Marshall,BH21 4DB,Paperpak,100814,1,0,,,ORG:100814
DRAMMOCK INTERNATIONAL LIMITED,02865882,,,Kirk Lane Yeadon,LS19 7LX,Beyondly,111171,1,0,,,ORG:111171
Draper Tools Ltd,00570630,,,Eastleigh,SO53 1YF,Valpak,106846,1,0,,,ORG:106846
Drayne's Dairy Limited,,,,Lisburn,BT28 3UP,Comply with Clarity,106036,1,0,,,ORG:106036
Dreams Limited,08428347,,,High Wycombe,HP10 9YU,,105352,1,0,,,ORG:105352
Dreamtex Limited,08139916,,,Chorley,PR6 8AE,Comply with Clarity,116682,1,0,,,ORG:116682
Dreibach Ltd,11302910,,,Wembley,HA9 8JU,Valpak,108368,1,0,,,ORG:108368
Drinks Wholesale Group Ltd,01839722,,,Mitcham,CR4 3HG,Wastepack GB (SEPA),111284,1,0,,,ORG:111284
DrinkWell Beverages Ltd,08267996,,,Manchester,M20 4AF,Valpak,116997,1,0,,,ORG:116997
Drive Medical Ltd,04301005,,,Halifax,HX2 9TN,Packcare,100372,3,2,Drive DeVilbiss Sidhil Ltd; Specialised Orthotic Services Ltd,00495946; 02996918,ORG:100372
DRV UK Ltd,13007127,,,London,EC4N 1TX,Wastepack GB (SEPA),116510,1,0,,,ORG:116510
DRYROBE LIMITED,08782079,,,Braunton,EX33 2FB,Beyondly,115829,1,0,,,ORG:115829
Drywite Ltd,00278011,,,Halesowen,B63 2RA,Valpak,101160,1,0,,,ORG:101160
DS Smith Corrugated Packaging Limited,00053913,,,London,W2 1DL,,106775,1,0,,,ORG:106775
DS Smith Packaging Limited,00630681,,,London,W2 1DL,,106614,1,0,,,ORG:106614
DSF Refractories & Minerals Ltd,SC144005,,,Edinburgh,EH3 9WJ,Valpak Scotland Ltd (SEPA),104364,1,0,,,ORG:104364
DSM Nutritional Products (UK) Ltd,04031360,,,Southall,UB2 5NN,Valpak,115525,1,0,,,ORG:115525
DSV Contract Logistics Limited,03294472,,,Harwich,CO12 4QG,Veolia (EA),102098,1,0,,,ORG:102098
Du Pont (U.K.) Limited,04556216,,,Stevenage,SG1 2NG,Veolia (EA),102977,1,0,,,ORG:102977
Dualit Limited,00452403,,,Crawley,RH11 7ST,REPIC,100578,1,0,,,ORG:100578
Dufaylite Developments Ltd,00556002,,,St Neots,PE19 1QW,Valpak,106267,1,0,,,ORG:106267
Duferco UK Limited,03538773,,,Bromsgrove,B60 3DX,Wastepack GB (SEPA),104954,1,0,,,ORG:104954
Duffields Mills Limited,00732968,,,Yeovil,BA21 5HR,Wastepack GB (SEPA),107226,3,2,Duffields (South West) Limited; W. L. Duffield & Sons Limited,00320320; 02691453,ORG:107226
DUGDALE NUTRITION LIMITED,00294023,,,Clitheroe,BB7 1QW,Beyondly,105033,1,0,,,ORG:105033
Dunbia (UK),03382084,,,Exeter,EX2 5WS,Wastepack GB (SEPA),106392,1,0,,,ORG:106392
Duncairn Wines Limited,NI006351,,,Belfast,BT1 3AJ,Comply with Clarity,115894,1,0,,,ORG:115894
Duncan Print Group Ltd,03275801,,,Welwyn Garden City,AL7 1EU,ERP UK Ltd,103730,1,0,,,ORG:103730
Dune Topco Ltd,13980172,,,London,W11 4AJ,Valpak,100601,1,0,,,ORG:100601
DUNELM (SOFT FURNISHINGS) LTD,02129238,,,Leicester,LE7 1AD,Comply with Clarity,102747,1,0,,,ORG:102747
Dunhills (Pontefract) PLC,00160251,,,Pontefract,WF8 1NJ,Valpak,104903,1,0,,,ORG:104903
DUNI LIMITED,00897172,,,St Helens,WA9 1QT,Beyondly,100072,1,0,,,ORG:100072
Duni Poppies Limited,07191249,,,St Helens,WA9 1QT,Kite Environmental Solutions,100605,1,0,,,ORG:100605
Dunkelman & Son Ltd,00466486,,,Desborough,NN14 2WD,Valpak,101738,1,0,,,ORG:101738
Dunlop Golf Europe Ltd,04244454,,,Aldershot,GU12 5QF,Valpak,105744,1,0,,,ORG:105744
Dunlop Oil & Marine Limited,03471656,,,Grimsby,DN31 2SY,,108666,1,0,,,ORG:108666
Dunster House Limited,02913901,,,Bedford,MK41 0LF,Recycling Lives Compliance Services,106931,1,0,,,ORG:106931
DUO PLASTICS LIMITED,02260922,,,Manchester,M40 8PU,Beyondly,104388,1,0,,,ORG:104388
Durable (UK) Limited,01717136,,,Wimborne,BH21 7SH,Wastepack GB (SEPA),101071,1,0,,,ORG:101071
Duracell UK Ltd,09490724,,,Richmond,TW9 1BN,Valpak,100770,1,0,,,ORG:100770
Duravit UK Limited,04298108,,,Milton Keynes,MK10 0DE,Wastepack GB (SEPA),102305,1,0,,,ORG:102305
DURAWELD LIMITED,07027865,,,Scarborough,YO11 3UP,Beyondly,108329,1,0,,,ORG:108329
Durham Box Company Ltd,02374363,,,Coalville,LE67 1TT,Valpak,105038,1,0,,,ORG:105038
Durston Garden Products Ltd,04999384,,,Street,BA16 9SE,Valpak,116344,1,0,,,ORG:116344
Duvel Moortgat UK Limited,05825040,,,London,EC3V 0BT,Wastepack GB (SEPA),106616,1,0,,,ORG:106616
DWH FOOD HALLS LTD,NI042108,,,Enniskillen,BT74 4RR,Biffpack,107055,1,0,,,ORG:107055
DWK Life Sciences Limited,07723574,,,Stoke- On- Trent,ST4 4TW,Wastepack GB (SEPA),105045,1,0,,,ORG:105045
Dyaco UK Limited,11232048,,,Milton Keynes,MK12 5ZD,Wastepack GB (SEPA),105048,2,1,Sweatband.com Limited,03132260,ORG:105048
DYDO DRINCO UK LTD,12224029,,,London,W5 5SL,Beyondly,102762,1,0,,,ORG:102762
Dyson UK Holdings Ltd,03772814,,,Malmesbury,SN16 0RP,Valpak,105196,4,3,Dyson Ireland Ltd; Dyson Ltd; Dyson Technology Ltd,01959090; 02627406; BR015992,ORG:105196
E H SMITH HOLDINGS LTD,00979888,,,Solihull,B90 4LH,Biffpack,114174,4,3,ADVANCED CONSTRUCTION SYSTEMS LIMITED; E H SMITH (BUILDERS MERCHANTS) LIMITED; NORTHCOT BRICK LIMITED,00494330; 00800907; 05837352,ORG:114174
E I Wines Limited,06891852,,,London,N7 8PG,Ecosurety (EA),101578,1,0,,,ORG:101578
E.A. Ellison & Co Ltd,00596289,,,Coventry,CV7 9EF,ERP UK Ltd,102095,1,0,,,ORG:102095
E.G.L. Homecare Ltd,01416097,,,Shoeburyness,SS3 9FL,Valpak,102208,1,0,,,ORG:102208
E.H.Booth & Co. Limited,00049933,,,Preston,PR2 5BX,Ecosurety (EA),101854,1,0,,,ORG:101854
E.J. Godwin (Peat Industries) Limited,00317585,,,Glastonbury,BA6 9SP,Smart Comply (EA),116016,1,0,,,ORG:116016
E.L.F. Beauty UK Ltd,13023979,,,London,N1 0PQ,Valpak,116931,1,0,,,ORG:116931
E.P. Barrus Limited,00148476,,,Bicester,OX26 4UR,Paperpak,100487,1,0,,,ORG:100487
E.Park & Sons Ltd,01043787,,,Macclesfield,SK10 4LL,Valpak,103448,1,0,,,ORG:103448
E.S.K. Wholesale Limited,01502278,,,Hastings,TN34 1DJ,Wastepack GB (SEPA),103733,1,0,,,ORG:103733
E.W.G.A. LIMITED,04704072,,,Warton,LA6 1HP,Biffpack,114830,1,0,,,ORG:114830
Eakin Healthcare Group Ltd,NI060981,,,Comber,BT23 5QY,Paperpak,105383,4,3,Armstrong Medical Ltd; Pelican Healthcare Limited; Respond Healthcare Limited,02648823; NI025560; NI629409,ORG:105383
Earth's Bounty Ltd,08059811,,,Nottingham,NG13 8BQ,Valpak,101194,1,0,,,ORG:101194
Easi-bind International Limited,01325556,,,Heanor,DE75 7SW,Veolia (EA),107520,1,0,,,ORG:107520
Easiyo Products (UK) Limited,03590257,,,Derby,DE21 4SZ,Wastepack GB (SEPA),112344,1,0,,,ORG:112344
East Midlands Pharma Ltd,05365532,,,Rothley,LE7 7NL,Smart Comply (EA),111985,1,0,,,ORG:111985
EAST OF ENGLAND CO-OPERATIVE SOCIETY LIMITED,,,,,,Biffpack,106912,1,0,,,ORG:106912
East Riding Horticulture Ltd,02332205,,,York,YO41 4BY,Valpak,106414,1,0,,,ORG:106414
East Riding Sacks Limited,02102303,,,Scarborough,YO11 3TU,Paperpak,103500,1,0,,,ORG:103500
East Sussex Press Limited,02872719,,,Uckfield,TN22 1PL,Paperpak,102868,4,3,Ashford Colour Limited; Imprint Creative Solutions Ltd; Pureprint Group Limited,01493898; 04463646; 16078295,ORG:102868
Eastbrook Limited,,,,Gloucester,GL4 3DB,Comply with Clarity,105513,1,0,,,ORG:105513
Eastern Shires Purchasing Organisation,,,,Enderby,LE19 1ES,ERP UK Ltd,108677,1,0,,,ORG:108677
Eastman Company UK Ltd,03176591,,,Newport,NP19 4XF,Valpak,112651,1,0,,,ORG:112651
Easy Cleaning Solutions Ltd,00487516,,,Thetford,IP24 1HF,Valpak,100306,1,0,,,ORG:100306
Eaton Electrical Products Limited,01342230,,,Slough,SL1 4DX,Kite Environmental Solutions,101369,1,0,,,ORG:101369
Eaton Holding Limited,03316660,,,Slough,SL1 4DX,Kite Environmental Solutions,101232,3,2,Eaton Electric Limited; Eaton Limited,00155621; 04617032,ORG:101232
Eaton Industries (U.K.) Limited,06023445,,,Slough,SL1 4DX,Kite Environmental Solutions,102701,3,2,Eaton Electrical Systems Ltd; Eaton MEDC Limited,01202172; 03012749,ORG:102701
EBAC LIMITED,01089991,,,County Durham,DL5 6SR,Biffpack,104844,1,0,,,ORG:104844
eBay (UK) Limited,03726028,,,London,SE1 2AF,,102938,1,0,,,ORG:102938
ebm-papst UK Limited,01212237,,,Chelmsford,CM2 5EZ,Wastepack GB (SEPA),100540,1,0,,,ORG:100540
Ecco Safety Group (UK) Limited,00406476,,,Leeds,LS14 1FB,Wastepack GB (SEPA),105442,1,0,,,ORG:105442
ECCO SALES LIMITED,07317197,,,London,W1C 2PP,Beyondly,115056,1,0,,,ORG:115056
Echlinville Distillery Limited,NI053151,,,Newtownards,BT22 1AJ,,107527,1,0,,,ORG:107527
Echo Packaging Ltd,02717201,,,Corby,NN17 5XL,Valpak,101697,1,0,,,ORG:101697
Ecolab Ltd,00649192,,,Northwich,CW8 4DX,Comply with Clarity,108065,1,0,,,ORG:108065
Ecopak International Limited,07523732,,,Bromley,BR2 0JN,Wastepack GB (SEPA),116766,1,0,,,ORG:116766
ECORRUGATED LIMITED,07564536,,,Ellesmere Port,CH66 1ST,,106446,1,0,,,ORG:106446
Ecover (UK) Ltd,02754638,,,Camberley,GU16 7AJ,Valpak,105089,1,0,,,ORG:105089
ECUBE SOLUTIONS LIMITED,07832893,,,Barry,CF62 4AF,Beyondly,117009,1,0,,,ORG:117009
Ed's Trading Limited,05495111,,,Brackley,NN13 5YD,Paperpak,107263,1,0,,,ORG:107263
EDBRO HYDRAULICS LIMITED,00283933,,,Bolton,BL3 2JJ,Biffpack,107064,1,0,,,ORG:107064
Edding (UK) Ltd,01249697,,,St Albans,AL4 0JY,Valpak,100409,1,0,,,ORG:100409
Ede & Ravenscroft Limited,00424854,,,London,WC2A 1DU,Wastepack GB (SEPA),100258,4,3,Ede & Ravenscroft Graduation Services Limited; Lafayette Photography Limited; Wm. Northam & Company Limited,01387249; 02341012; 05699331,ORG:100258
Eden Springs UK Limited,04063744,,,High Wycombe,HP12 4HJ,Ecosurety (EA),106995,1,0,,,ORG:106995
EDF Energy Holdings Ltd,06930266,,,London,SW1E 5BY,Valpak,101472,5,4,CB Heating Ltd; Contact Solar Ltd; EDF Energy Customers Ltd; EDF Energy Nuclear Generation Ltd,02228297; 03076445; 08847741; 09885603,ORG:101472
Edgetech (UK) Limited,08610330,,,Coventry,CV3 4FG,Wastepack GB (SEPA),102628,1,0,,,ORG:102628
Edible Oils Ltd,05309847,,,Liverpool,L3 1NX,Ecosurety (EA),114737,1,0,,,ORG:114737
EDMI Europe Ltd,07810330,,,Hook,RG27 9XA,Valpak,107486,1,0,,,ORG:107486
Edmundson Electrical Limited,02667012,,,Knutsford,WA16 6AY,Wastepack GB (SEPA),106481,1,0,,,ORG:106481
EDWARD BILLINGTON AND SON LIMITED,00059883,,,Liverpool,L3 9QJ,Beyondly,107268,4,3,BILLINGTON FOODS LIMITED; CARRS BILLINGTON AGRICULTURE (SALES) LIMITED; ENGLISH PROVENDER COMPANY LIMITED,00189740; 02499642; 02593588,ORG:107268
EDWARD VINSON LIMITED,01741468,,,Faversham,ME13 8UP,Biffpack,103594,2,1,EDWARD VINSON PLANTS LIMITED,05208076,ORG:103594
EDWARDS BEERS AND WINE SUPPLIES LTD,07090162,,,LEIGHTON BUZZARD,LU7 4SE,Beyondly,114884,1,0,,,ORG:114884
EDWARDS LIFESCIENCES LIMITED,03879325,,,London,EC4N 6AF,Biffpack,101521,1,0,,,ORG:101521
Edwards Ltd,06124750,,,West Sussex,RH15 9TW,Valpak,103868,1,0,,,ORG:103868
Edwin Holden's Bottling Company Limited,00379383,,,Woodsetton,DY1 4LW,Ecosurety (EA),114654,1,0,,,ORG:114654
EFKA FRAME SOLUTIONS LIMITED,10875188,,,Castle Donington,DE74 2NP,Beyondly,116223,1,0,,,ORG:116223
Eftec Ltd,01406940,,,Aberdare,CF44 9UE,Valpak,106408,1,0,,,ORG:106408
EG Retail Services Ltd,13920167,,,Blackburn,BB1 2FA,Valpak,114854,3,2,EG On The Move Ltd; EG on the Move 2 Limited,05952225; 14960308,ORG:114854
Egger (UK) Limited,02813369,,,Hexham,NE46 4JS,Wastepack GB (SEPA),103398,2,1,Campact Limited,02258069,ORG:103398
EGGFREE CAKE BOX LIMITED,06861652,,,Enfield,EN3 7PJ,Beyondly,102677,1,0,,,ORG:102677
EGLINTON (TIMBER PRODUCTS) LTD,NI019444,,,,BT473PY,,108290,1,0,,,ORG:108290
Eglo UK Ltd,04314239,,,Wellingborough,NN8 2QH,Valpak,100534,1,0,,,ORG:100534
EGO PHARMACEUTICALS (UK) LIMITED,04352008,,,Maidenhead,SL63UD,,108050,1,0,,,ORG:108050
EGR EUROPE LIMITED,02491025,,,Milton Keynes,MK14 6FE,Biffpack,101637,1,0,,,ORG:101637
Egreen International Ltd,01858859,,,Sutton,SM1 1JB,Valpak,104301,1,0,,,ORG:104301
Ehrmann Cornish Dairy Ltd,06155887,,,Lostwithiel,PL22 0LW,Valpak,108340,1,0,,,ORG:108340
Ehrmann UK Ltd,12843911,,,Lostwithiel,PL22 0LW,Valpak,114611,1,0,,,ORG:114611
EHV UK Limited,11284867,,,Maidenhead,SL6 2SL,Ecosurety (EA),103932,1,0,,,ORG:103932
Einhell UK Ltd,03901625,,,Upton,CH49 0AB,Recycling Lives Compliance Services,100523,1,0,,,ORG:100523
EJ UK FABRICATION & ACCESS SOLUTIONS LIMITED,01271357,,,Attleborough Nuneaton,CV11 6RZ,Biffpack,102904,1,0,,,ORG:102904
EJOT U.K. LIMITED,SC094473,,,Glasgow,G46 6JQ,,117750,1,0,,,ORG:117750
Ekaterra Holdco UK Limited,13138772,,,Manchester,M17 1NH,Ecosurety (EA),108163,2,1,Lipton Manufacturing UK Limited,13265556,ORG:108163
ekeg Limited,05826492,,,Rotherham,S63 0BA,Valpak,114942,1,0,,,ORG:114942
Ekornes Limited,01109326,,,London,W1T 7PD,Wastepack GB (SEPA),102994,1,0,,,ORG:102994
Elanco UK AH Ltd,11378434,,,Hook,RG27 9XA,Valpak,105179,1,0,,,ORG:105179
Eland Cables Ltd,01229226,,,London,NW1 7HW,Packcare,106119,1,0,,,ORG:106119
Elanders Ltd,03788582,,,Newcastle upon Tyne,NE27 0QG,Wastepack GB (SEPA),105230,1,0,,,ORG:105230
Electric Mobility Euro Ltd,02419231,,,Ilminster,TA19 9DL,Valpak,104375,1,0,,,ORG:104375
Electrolux Plc,02331516,,,Luton,LU4 9QQ,ERP UK Ltd,100411,1,0,,,ORG:100411
Electrolux Professional Ltd,00637383,,,Luton,LU4 9QQ,ERP UK Ltd,101543,1,0,,,ORG:101543
Electrosteel Castings (UK) Ltd,04057880,,,Chesterfield,S41 9QJ,Valpak,111407,1,0,,,ORG:111407
Elekta Ltd,03244454,,,Crawley,RH10 9BL,Comply with Clarity,108158,1,0,,,ORG:108158
Elementis plc,03299608,,,London,EC1N 8HN,Valpak,111423,2,1,Elementis UK Ltd,00656457,ORG:111423
Elemis Ltd,02279688,,,Bristol,BS346FD,Valpak,104987,1,0,,,ORG:104987
Eley Hawk Ltd,02004633,,,Sutton Coldfield,B76 1BA,Valpak,107189,1,0,,,ORG:107189
ELGATE PRODUCTS LIMITED,01013962,,,Broadstairs,CT10 2LF,Biffpack,107421,1,0,,,ORG:107421
Eli Lilly and Company Ltd,00284385,,,Basingstoke,RG21 4FA,Valpak,107008,1,0,,,ORG:107008
ELIOR UK HOLDINGS LIMITED,02352329,,,Cheshire,SK11 6ET,Biffpack,105671,6,5,CATERPLUS SERVICES LIMITED; EDWARDS AND BLAKE LIMITED; ELIOR UK PLC; LEXINGTON CATERING LIMITED; TAYLOR SHAW LIMITED,01106729; 02594800; 03428444; 03461947; 06576188,ORG:105671
ELIS UK LIMITED,00228604,,,Basingstoke,RG24 8NA,Biffpack,102336,1,0,,,ORG:102336
Elite Mobile Limited,02987598,,,Wembley,HA9 0TU,Wastepack GB (SEPA),114171,2,1,Galaxy Connect Limited,06059467,ORG:114171
Elite Office Furniture (UK) Ltd,03365655,,,Goole,DN14 8BF,Valpak,101429,1,0,,,ORG:101429
Elite Plastics Limited,02465066,,,Abergavenny,NP75NF,,103811,1,0,,,ORG:103811
Elizabeth Arden (UK) Ltd,04126357,,,London,NW1 7QX,Valpak,107034,1,0,,,ORG:107034
Elizabeth Scarlett Limited,08632591,,,Potters Bar,EN6 3JN,,118050,1,0,,,ORG:118050
Elkem Silicones (UK) Ltd,05958909,,,Bordon,GU35 0NH,ERP UK Ltd,105643,1,0,,,ORG:105643
ELLA'S KITCHEN (BRANDS) LIMITED,05183743,,,Rotherfield Greys,RG( 4QG,,103825,1,0,,,ORG:103825
ELLIOTT ABSORBENT PRODUCTS LIMITED,03786926,,,Littleborough,OL15 9FG,Beyondly,108451,1,0,,,ORG:108451
Elliott Baxter & Company Limited,00463083,,,Farnborough,GU12 5QE,Paperpak,103568,1,0,,,ORG:103568
Elliott Brothers (Builders Merchants) Limited,00070611,,,Southampton,SO14 5AG,Wastepack GB (SEPA),107085,3,2,Elliott Brothers Limited; Futuremost Limited,02207885; 02511005,ORG:107085
Elliotts Tradition Ltd,NI055163,,,Portadown,BT63 5WJ,Scotpak (SEPA),114478,1,0,,,ORG:114478
Ellis Of Richmond Limited,00384864,,,Hanworth,TW13 6JE,Ecosurety (EA),101003,1,0,,,ORG:101003
ELLPRO TIMBER LIMITED,07045259,,,ipswich,ip10 0eu,,101437,1,0,,,ORG:101437
ELLSI LIMITED,12013674,,,Scunthorpe,DN15 8SL,Beyondly,117017,1,0,,,ORG:117017
Ellsworth Adhesives Ltd,SC122624,,,Glasgow,G75 0YG,Valpak Scotland Ltd (SEPA),103615,2,1,Robnor Resinlab Ltd,00664718,ORG:103615
Elmdene International Ltd,00752060,,,Portsmouth,PO3 5QD,Valpak,104764,1,0,,,ORG:104764
ELNUR UK LIMITED,03910988,,,Leigh,WN7 1BU,,105649,1,0,,,ORG:105649
Elopak UK Limited,00687462,,,Cheadle,SK8 2EA,Paperpak,101678,1,0,,,ORG:101678
ELOVATE GROUP LIMITED,12048420,,,York,YO267NH,Beyondly,106243,3,2,MOSAIC FULFILMENT SOLUTIONS LIMITED; THORN DISTRIBUTION LTD,06891662; 12406797,ORG:106243
Elring Klinger (Great Britain) Limited,02181033,,,Cleveland,TS10 5RX,Wastepack GB (SEPA),103464,1,0,,,ORG:103464
Elster Metering Ltd,00873781,,,Bracknell,RG12 1EB,Valpak,105077,1,0,,,ORG:105077
Elster Water Metering Ltd,08624958,,,Bracknell,RG12 1EB,Valpak,104751,1,0,,,ORG:104751
Eltherington Group Limited,00648546,,,Hull,HU9 5QD,ERP UK Ltd,106882,3,2,Eltherington Aluminium Limited; Eltherington Industries Limited,04544043; 04544592,ORG:106882
EMBALLATOR (UK) LIMITED,03648265,,,Bradford,BD4 8JP,Beyondly,101428,1,0,,,ORG:101428
Embecta U.K. Limited,12567262,,,Wokingham,RG41 5TP,Wastepack GB (SEPA),116196,1,0,,,ORG:116196
Embleton Hall Dairies Limited,01820846,,,Wingate,TS28 5NU,Wastepack GB (SEPA),101279,1,0,,,ORG:101279
Emerson Holding Company Ltd,01790726,,,London,EC3V 0HR,Valpak,103833,8,7,Emerson Automation Fluid Control & Pneumatics UK Ltd; Emerson Automation Solutions Final Control UK Ltd; Emerson Electric U.K. Ltd; Emerson Process Management Ltd; Flexim Instruments UK Ltd.; National Instruments Corporation (UK) Ltd; Permasense Ltd,00030037; 00671801; 00855587; 02861557; 02999356; 06658969; 08026728,ORG:103833
Emma Bridgewater Limited,01943787,,,Stoke-on-Trent,ST1 3EJ,Veolia (EA),107183,1,0,,,ORG:107183
Emma Matratzen GmbH,,,,Frankfurt am Main,60329,Comply with Clarity,114288,1,0,,,ORG:114288
Emmi UK Limited,04874211,,,London,SW15 2TJ,Ecosurety (EA),100452,1,0,,,ORG:100452
EMPIRE BESPOKE FOODS LIMITED,03417562,,,Northolt,UB5 6AG,Biffpack,102470,1,0,,,ORG:102470
EMPIRE TAPES LTD,02797901,,,Rotherham,S63 7LG,Beyondly,102234,1,0,,,ORG:102234
Emplas Window Systems Limited,01882731,,,Wellingborough,NN8 6AB,Wastepack GB (SEPA),102613,1,0,,,ORG:102613
EMPORIA BRANDS LIMITED,00631970,,,Surrey,GU1 1XR,Beyondly,103270,1,0,,,ORG:103270
EMR Polymers Limited,06455767,,,Warrington,WA5 7NS,Smart Comply (EA),111184,1,0,,,ORG:111184
EMS-Chemie (UK) Ltd,00568534,,,Dunston,ST18 9AB,Wastepack GB (SEPA),104618,1,0,,,ORG:104618
EMTELLE UK LIMITED,SC079486,,,Hawick,TD9 8LF,Comply with Clarity,107011,2,1,Ridgemount Technologies Ltd,03103809,ORG:107011
En Route International Limited,04524355,,,Windsor,SL4 1EN,,115241,2,0,,,ORG:115241
Encirc Limited,NI030990,,,Enniskillen,BT92 9DD,Comply with Clarity,106556,1,0,,,ORG:106556
ENCON INSULATION LIMITED,01377342,,,Wetherby,LS22 7GZ,Biffpack,104190,1,0,,,ORG:104190
Energizer Auto UK Ltd,02362589,,,High Wycombe,HP13 6DG,Valpak,116500,1,0,,,ORG:116500
Energizer Group Ltd,03937798,,,High Wycombe,HP13 6DG,Valpak,107244,1,0,,,ORG:107244
Energizer Trading Ltd,02078560,,,High Wycombe,HP13 6DG,Valpak,105908,1,0,,,ORG:105908
Enersys Ltd,00731261,,,Newport,NP19 4XJ,Valpak,104664,1,0,,,ORG:104664
Enesco Limited,02137296,,,Carlisle,CA3 0EN,,101445,1,0,,,ORG:101445
Engineered Foam Products Limited,11414695,,,Northampton,NN5 7UB,Comply with Clarity,106692,1,0,,,ORG:106692
Engineering  Logistics and Trading International Limited,10214958,,,Godalming,GU7 1HY,Recycling Lives Compliance Services,105938,1,0,,,ORG:105938
English Wines plc,03978908,,,Tenterden,TN30 7NG,Comply with Clarity,101221,1,0,,,ORG:101221
EnjoyDrinks Limited,07079940,,,St Albans,AL4 0LA,,114563,1,0,,,ORG:114563
ENOTRIA WINECELLARS LIMITED,01071904,,,Watford,WD24 4WH,Beyondly,101713,1,0,,,ORG:101713
Entek International Limited,02272415,,,Newcastle upon Tyne,NE12 5XG,Wastepack GB (SEPA),104783,1,0,,,ORG:104783
Enterfoods (FR) Ltd,SC867155,,,Fraserburgh,AB43 9TD,Wastepack GB (SEPA),105868,1,0,,,ORG:105868
Entertainment Magpie Limited,06277562,,,Lostock,BL6 4SD,Ecosurety (EA),101595,1,0,,,ORG:101595
Enva Battery Recycling Limited,06431208,,,Newark,NG22 8UA,Wastepack GB (SEPA),108254,1,0,,,ORG:108254
Enva E-Waste England Limited,04980148,,,Bilsthorpe,NG22 8UA,Wastepack GB (SEPA),114233,1,0,,,ORG:114233
Enva England Limited,03450311,,,Colwick Nottingham,NG4 2JT,Wastepack GB (SEPA),108381,1,0,,,ORG:108381
Enva England Specialist Waste Limited,03328035,,,Newark,NG22 8UA,Wastepack GB (SEPA),108400,1,0,,,ORG:108400
Enva Plastics Limited,04975936,,,Newark,NG22 8UA,Wastepack GB (SEPA),108403,1,0,,,ORG:108403
Enva Scotland Limited,SC057052,,,Paisley,PA3 3BD,Wastepack GB (SEPA),108661,1,0,,,ORG:108661
Envases Liverpool Ltd,09323061,,,Bootle,L20 6BP,Ecosurety (EA),105058,1,0,,,ORG:105058
Envelopes Limited,03551387,,,Newark,NG24 4EQ,Wastepack GB (SEPA),105372,1,0,,,ORG:105372
Envigo RMS (UK) Ltd,01279542,,,Loughborough,LE12 9TE,Valpak,107379,1,0,,,ORG:107379
ENVIRO-CAP LIMITED,08538184,,,Huddersfield,HD5 0BL,Beyondly,101566,1,0,,,ORG:101566
Envirolead Distribution Limited,09175438,,,St Albans,AL1 3SE,Ecosurety (EA),106173,4,3,Associated Lead Mills Ltd.; Jamestown Industries Limited; Royston Lead Limited,00411322; 03382580; 03477187,ORG:106173
Enviropax Limited,07229903,,,Chorley,PR7 6HD,,102242,1,0,,,ORG:102242
Envirostik Holdings (UK) Limited,09296353,,,Stone,ST15 0SS,Wastepack GB (SEPA),100320,1,0,,,ORG:100320
Epicurium Ltd,05587007,,,Consett,DH8 9HU,,115120,1,0,,,ORG:115120
Epoch-Making Toys Ltd,08628316,,,Uxbridge,UB8 1AB,Valpak,108162,2,1,Forever Toys Ltd,09163637,ORG:108162
Epson (UK) Ltd,01461516,,,Watford,WD17 1JA,ERP UK Ltd,102253,1,0,,,ORG:102253
Epson Telford Limited,02090005,,,Telford,TF1 7YD,ERP UK Ltd,107086,1,0,,,ORG:107086
EPSOTECH UK LTD,SC097825,,,Edinburgh,EH28 8PW,,103797,1,0,,,ORG:103797
Epta UK Ltd,00726533,,,Bradford,BD10 8RU,ERP UK Ltd,100095,1,0,,,ORG:100095
EPWIN GROUP LIMITED,07742256,,,Solihull,B90 4BN,Beyondly,105467,6,5,EPWIN MATERIALS LIMITED; Poly-Pure (Kent) Ltd; SPECIALIST BUILDING CONTRACTING LIMITED; SPECIALIST BUILDING PRODUCTS LIMITED; SPECIALIST OUTDOOR PRODUCTS LIMITED,01268689; 04054645; 11714098; 13513236; 15169636,ORG:105467
Equilibrium Chemical Services Ltd,04795027,,,Malvern,WR13 6NP,Valpak,103638,1,0,,,ORG:103638
EQUIP OUTDOOR TECHNOLOGIES UK LIMITED,01168470,,,Alfreton,DE55 4LS,Beyondly,101387,1,0,,,ORG:101387
EQUIP4WORK LTD,05209361,,,Stafford,ST16 3DR,Biffpack,107956,1,0,,,ORG:107956
Ercol Furniture Limited,00163292,,,Princes Risborough,HP27 9PX,Comply with Clarity,101811,1,0,,,ORG:101811
Ergotron UK Ltd,03986983,,,London,W1S 4HQ,Packcare,116378,1,0,,,ORG:116378
Ericsson Ltd,00942215,,,Reading,RG1 1LX,Valpak,104203,1,0,,,ORG:104203
ERIKS INDUSTRIAL SERVICES LIMITED,03142338,,,Oldbury,B69 4JR,Biffpack,100775,1,0,,,ORG:100775
Ernest Doe & Sons Ltd,00431173,,,NR Maldon,CM9 6QH,ERP UK Ltd,107324,1,0,,,ORG:107324
Ernest Jackson & Co. Ltd,00144133,,,Uxbridge,UB8 1DH,Valpak,104671,1,0,,,ORG:104671
ESAB Group (UK) Ltd,00275947,,,Waltham Cross,EN8 8YD,Valpak,103063,1,0,,,ORG:103063
ESKIMO ICE LIMITED,02496217,,,Crawley,RH11 7SS,Beyondly,100897,1,0,,,ORG:100897
ESP Colour Limited,03513763,,,Swindon,SN2 8XU,Paperpak,104067,1,0,,,ORG:104067
ESSECO UK LIMITED,01903619,,,West Yorkshire,WF1 5PH,Beyondly,100858,1,0,,,ORG:100858
Esselle Retail Limited,12671338,,,Rawtenstall,BB4 7LY,Recycling Lives Compliance Services,116221,1,0,,,ORG:116221
ESSENTIA PROTEIN SOLUTIONS LIMITED,00946600,,,Tipton,DY4 9DU,,118034,1,0,,,ORG:118034
Essential Cuisine Ltd,03169326,,,Winsford,CW7 2RH,Valpak,101074,1,0,,,ORG:101074
ESSENTIAL FRUIT LIMITED,08136610,,,Leamington Spa,CV32 4EA,Comply with Clarity,100629,1,0,,,ORG:100629
Essential Trading Co-operative Limited,,,,Bristol,BS16 3JB,Veolia (EA),105685,1,0,,,ORG:105685
Essilor Ltd,00852410,,,Thornbury,BS35 3UW,ERP UK Ltd,102382,1,0,,,ORG:102382
Essity Holding UK Ltd,03665635,,,Dunstable,LU6 3EJ,Comply with Clarity,102233,2,1,Essity UK Ltd,03226403,ORG:102233
Essity PLD UK Ltd,14370823,,,Dunstable,LU6 3EJ,Valpak,108405,1,0,,,ORG:108405
Estee Lauder Cosmetics Ltd,00659213,,,London,W1T 3JJ,Valpak,107110,2,1,Jo Malone Ltd,02781161,ORG:107110
ESTERCHEM LIMITED,03546522,,,Leekbrook  Leek,ST13 7QF,Packcare,116226,1,0,,,ORG:116226
ESTERFORM PACKAGING LIMITED,03627281,,,High Wycombe,HP12 3TZ,Biffpack,111404,1,0,,,ORG:111404
ET Browne (UK) Limited,02759485,,,London,N3 1XW,Smart Comply (EA),102405,1,0,,,ORG:102405
ETERNIS FINE CHEMICALS UK LIMITED,00646784,,,LEEK,ST13 8LD,Comply with Clarity,102526,1,0,,,ORG:102526
Etex (Exteriors) UK Limited,00486100,,,Burton on Trent,DE14 2AP,Wastepack GB (SEPA),102753,1,0,,,ORG:102753
Etex Building Performance Ltd,02163844,,,Bristol,BS20 0NE,Valpak,104822,1,0,,,ORG:104822
Etex UK Insulation Limited,02160591,,,Bristol,BS20 0NE,Ecosurety (EA),104398,1,0,,,ORG:104398
Ethiprint Limited,02955208,,,Derby,DE24 8SR,Wastepack GB (SEPA),103472,1,0,,,ORG:103472
Eurilait Limited,02667268,,,Shepton Mallet,BA4 6LQ,Wastepack GB (SEPA),100883,1,0,,,ORG:100883
Euro Food Brands Ltd,02573100,,,Northampton,NN4 7YB,Valpak,107043,1,0,,,ORG:107043
Euro Packaging UK Limited,07012425,,,Birmingham,B25 8HE,,107570,1,0,,,ORG:107570
Euro Star Industries Limited,03014033,,,Colchester,CO4 9HU,Wastepack GB (SEPA),114495,1,0,,,ORG:114495
EURO WRAP LIMITED,02871882,,,Skelmersdale,WN8 9PP,Beyondly,100522,1,0,,,ORG:100522
Eurocaps Limited,02878879,,,Tredegar,NP22 4EF,Wastepack GB (SEPA),107937,1,0,,,ORG:107937
Eurocell Plc,08654028,,,Alfreton,DE55 2DT,Valpak,108607,9,8,Alunet Systems Limited; Comp Door Limited; Ecoplas Limited; Eurocell Building Plastics Ltd; Eurocell Profiles Ltd; J D (UK) Limited; UK Doors (Midlands) Limited; Vista Panels Ltd,02649790; 03006563; 03071407; 03418474; 04273064; 10172250; 12776674; 13557107,ORG:108607
Euroclad Group Limited,01502586,,,Cardiff,CF3 0EY,Comply with Clarity,104284,1,0,,,ORG:104284
Eurocraft Technologies Limited,08249178,,,Dudley,DY2 9AE,Wastepack GB (SEPA),101204,1,0,,,ORG:101204
Eurofood Partners Ltd,05154063,,,Ormskirk,L39 8RF,Beyondly,100804,1,0,,,ORG:100804
EuroItalia UK,BR023109,,,London,E11 1HT,,105339,1,0,,,ORG:105339
Europa Components & Equipment plc,02646133,,,Luton,LU2 9NH,Comply with Clarity,104450,1,0,,,ORG:104450
Europa Foods Distribution Limited,NI042886,,,Kilrea,BT51 5QU,Wastepack Northern Ireland (NIEA),103224,1,0,,,ORG:103224
European Braking Systems Ltd,03030042,,,Trafford Park  Manchester,M17 1QS,Wastepack GB (SEPA),114186,1,0,,,ORG:114186
European Flavours & Fragrances Plc,01551982,,,Ware,SG12 9QL,Paperpak,116952,1,0,,,ORG:116952
EUROPEAN POLYTHENE INDUSTRIES LIMITED,04244932,,,Bedford,MK42 0LF,Beyondly,101876,1,0,,,ORG:101876
Europlast (Blackburn) Limited,02798524,,,Blackburn,BB1 2QR,Smart Comply (EA),106574,1,0,,,ORG:106574
EURORAD LIMITED,12091868,,,Stoke-on-Trent,ST6 5DX,Beyondly,104008,1,0,,,ORG:104008
Eurosonic Group Limited,01394171,,,Manchester,M32 0TB,Beyondly,116752,1,0,,,ORG:116752
Eurostampa UK Ltd,SC024552,,,Edinburgh,EH12 5HD,Wastepack GB (SEPA),103774,1,0,,,ORG:103774
Eurostar Commodities Limited,03214275,,,Brighouse,HD6 1NG,Kite Environmental Solutions,101731,1,0,,,ORG:101731
EUROWINES LIMITED,00883381,,,London,SW6 4TJ,Beyondly,108274,1,0,,,ORG:108274
EV Cargo Global Forwarding Ltd,00772941,,,Southall,UB2 5ND,Valpak,107908,1,0,,,ORG:107908
Evans Vanodine International Plc,00518504,,,Preston,PR5 8AH,Valpak,103146,1,0,,,ORG:103146
EVENT WINE SOLUTIONS LIMITED,08466687,,,Yeovil,BA22 7HY,Beyondly,111353,1,0,,,ORG:111353
Everards Brewery Limited,00319261,,,Leicester,LE19 2AN,Ecosurety (EA),105788,1,0,,,ORG:105788
Evergreen Garden Care UK Ltd,10735156,,,Camberley,GU16 7ER,Valpak,105279,1,0,,,ORG:105279
Everyman Media Ltd,03883018,,,London,NW3 1NR,Valpak,114103,1,0,,,ORG:114103
Evo Business Supplies Ltd,09060494,,,Normanton,WF6 2TZ,Valpak,106693,5,4,Banner Group Ltd; Complete Business Solutions Ltd; Premier Vanguard Ltd; VOW Europe Ltd,01204488; 01583045; 05510758; 12512432,ORG:106693
Evolution Power Tools Ltd,03442268,,,Sheffield,S20 3FR,Beyondly,106258,1,0,,,ORG:106258
Evonik Chemicals Ltd,00092092,,,Manchester,M11 4SR,Valpak,106037,1,0,,,ORG:106037
Evtec Automotive Limited,12650654,,,Coventry,CV4 9AQ,Kite Environmental Solutions,105805,1,0,,,ORG:105805
Ewos Ltd,01635854,,,London,EC4R 9AT,Valpak,101939,1,0,,,ORG:101939
Exaclair Ltd,00118112,,,Kings Lynn,PE30 4LW,Valpak,104379,1,0,,,ORG:104379
Excel Packaging Limited,02709136,,,Leicester,LE5 5FN,Comply with Clarity,102927,1,0,,,ORG:102927
Exchange Supplies Ltd,04549601,,,Dorchester,DT1 1RD,Comply with Clarity,106754,1,0,,,ORG:106754
Exide Technologies (Transportation) Ltd,02316604,,,Bolton,BL6 6QQ,Valpak,114069,1,0,,,ORG:114069
EXIMEX (UK) LIMITED,07173232,,,Sheffield,S9 4WG,,108679,1,0,,,ORG:108679
Exol Lubricants Ltd,02587124,,,Wednesbury,WS10 9LL,Valpak,104150,1,0,,,ORG:104150
Expac (Preston) Limited,01527395,,,SHEFFIELD,S8 0TB,Comply with Clarity,100756,1,0,,,ORG:100756
Expo Foods Ltd,06277262,,,London,N13 4XS,Wastepack GB (SEPA),118051,1,0,,,ORG:118051
Exporta Global Ltd,SC687543,,,Kinross,KY13 8GD,Valpak Scotland Ltd (SEPA),107144,1,0,,,ORG:107144
Express Engineering (Gateshead) Limited,01405214,,,Gateshead,NE11 0EG,Wastepack GB (SEPA),106742,1,0,,,ORG:106742
Extons Foods Ltd,04723144,,,Manchester,M23 9GE,Ecosurety (EA),101813,1,0,,,ORG:101813
Extra (UK) Ltd,03001918,,,London,SW15 6NP,Valpak,100706,1,0,,,ORG:100706
Extra Cash & Carry Limited,10647237,,,Tottenham,N17 0YD,Wastepack GB (SEPA),115618,1,0,,,ORG:115618
F B PARRISH AND SON LIMITED,09446482,,,Shefford,SG175QB,,114172,1,0,,,ORG:114172
F Bender Ltd,01816910,,,Wrexham,LL12 8LX,Valpak,100737,1,0,,,ORG:100737
F W Thorpe plc,00317886,,,Redditch,B98 9HH,ERP UK Ltd,102508,6,5,Philip Payne Limited; Portland Lighting Limited; Ratio EV Ltd; Solite Europe Limited; TRT Lighting Limited,01361523; 02295852; 02826511; 08092266; 13887306,ORG:102508
F-M Motorparts Ltd,01073619,,,Harrogate,HG1 5PA,Valpak,100585,3,2,Federal-Mogul Aftermarket UK Ltd; Federal-Mogul Friction Products Ltd,00219712; 00447826,ORG:100585
F. Duerr & Sons Limited,00198509,,,Manchester,M23 9NX,Paperpak,100943,1,0,,,ORG:100943
F. Smales & Son (Fish Merchants) Ltd,01129885,,,Hull,HU3 4HL,Valpak,101767,1,0,,,ORG:101767
F.Ball and Co. Ltd,00282893,,,Leek,ST13 7RS,Valpak,100083,1,0,,,ORG:100083
F.C. BROWN (STEEL EQUIPMENT) LIMITED,00693397,,,Newport,NP194PW,Comply with Clarity,105592,1,0,,,ORG:105592
F.D.Copeland & Sons Ltd,00460389,,,London,SE18 5TL,Valpak,103022,1,0,,,ORG:103022
F.D.D. INTERNATIONAL LIMITED,02689858,,,Ascot,SL5 9FE,Beyondly,106808,1,0,,,ORG:106808
F.D.L. Packaging Limited,01724650,,,St Helens,WA11 0RW,Wastepack GB (SEPA),102777,1,0,,,ORG:102777
F.G. Curtis Limited,00367479,,,Redhill,RH1 3DR,Wastepack GB (SEPA),102340,1,0,,,ORG:102340
F.H. Nash Ltd,00787674,,,Braintree,CM7 5EJ,Valpak,101032,2,1,John Loader (Wessex) Ltd,03681136,ORG:101032
F.W.P. Matthews Ltd,00119616,,,Chipping Norton,OX7 6BH,Paperpak,106521,1,0,,,ORG:106521
Fabory UK Ltd,02225266,,,Wednesbury,WS10 7SG,ERP UK Ltd,102387,1,0,,,ORG:102387
Fabrikat (Nottingham) Ltd,01910661,,,Nottingham,NG17 5LN,Valpak,100859,1,0,,,ORG:100859
FACI eChem Ltd,03847035,,,Leeds,LS3 1JN,Wastepack GB (SEPA),102552,1,0,,,ORG:102552
Faci UK Chemicals Ltd,08987602,,,Liverpool,L33 7TW,Valpak,100830,1,0,,,ORG:100830
Faerch Durham Limited,07770672,,,Durham,DH1 2YN,Paperpak,103582,3,2,Faerch Poole Limited; Faerch UK Limited,01014780; 09798126,ORG:103582
FAERCH LONDON LIMITED,02291152,,,Sutton,SM2 5DA,Paperpak,104389,1,0,,,ORG:104389
Fage UK Limited,01341153,,,London,E14 5HU,Comply with Clarity,102022,1,0,,,ORG:102022
FAIRFIELDS FARM PRODUCE LIMITED,08860351,,,Colchester,CO6 3AQ,Beyondly,100480,1,0,,,ORG:100480
Fairview Europe Ltd,10928873,,,Bridgwater,TA6 4FJ,Wastepack GB (SEPA),112666,1,0,,,ORG:112666
Faith in Nature Limited,SC068493,,,Edinburgh,EH2 4JN,Ecosurety (EA),106454,1,0,,,ORG:106454
Falcombe Holdings Limited,06429116,,,London,W1B 4BQ,Veolia (EA),105559,3,2,Leaguenotion; Noble Restaurant Group Limited,02540173; 04712181,ORG:105559
Falconer Print & Packaging Ltd,04317696,,,Elland,HX5 9HB,Packcare,100641,1,0,,,ORG:100641
Faltec Europe Limited,02385379,,,Sunderland,SR5 3FH,Wastepack GB (SEPA),101435,1,0,,,ORG:101435
Fannin (UK) Ltd,02663514,,,Swadlincote,DE12 7DT,Valpak,105647,1,0,,,ORG:105647
FAR EAST DIRECT  UK LTD,05650777,,,Crediton,EX17 6HG,Beyondly,116283,1,0,,,ORG:116283
Farecla Products Ltd,01032360,,,Loughborough,LE12 6JU,Ecosurety (EA),102084,1,0,,,ORG:102084
Fargroup Ltd,13118500,,,Arundel,BN18 9PY,Valpak,102500,3,2,Fargro Home & Garden Limited; Fargro Ltd,00993155; 06386629,ORG:102500
Farm and Pet Place Ltd,03716795,,,Abergele,LL22 7HZ,Valpak,100091,1,0,,,ORG:100091
Farmer J Ltd,09266719,,,London,SE11 5EL,ERP UK Ltd,103776,1,0,,,ORG:103776
Farmfoods Limited,SC030186,,,Cumbernauld,G67 2TU,,102135,1,0,,,ORG:102135
Farmfresh Fillings Limited,04239336,,,Cross Hands,SA14 6RZ,Wastepack GB (SEPA),108585,1,0,,,ORG:108585
Farmhouse Biscuits Ltd,01145352,,,Nelson,BB9 9PX,Valpak,103240,1,0,,,ORG:103240
Farmhouse Potato Bakers Ltd,01894079,,,Bridlington,YO15 3QY,Valpak,101094,1,0,,,ORG:101094
Farmview Dairies Limited,NI026689,,,Portadown,BT62 3EU,Wastepack Northern Ireland (NIEA),100808,1,0,,,ORG:100808
Farne Salmon & Trout Limited,SC076613,,,Duns,TD11 3HS,Comply with Clarity,104990,1,0,,,ORG:104990
Farplants Sales Limited,02661123,,,Arundel,BN18 0AS,Wastepack GB (SEPA),102559,1,0,,,ORG:102559
Farr Vintners Limited,01393302,,,London,SW18 1TW,Kite Environmental Solutions,114169,1,0,,,ORG:114169
Farrington Oils Ltd,05372301,,,Wellingborough,NN9 6BP,Valpak,111813,1,0,,,ORG:111813
Farrow & Ball Ltd,00999927,,,Wimborne,BH21 7NL,Valpak,101390,1,0,,,ORG:101390
Fassa UK Ltd,08870971,,,Tewkesbury,GL20 8TD,Valpak,103225,1,0,,,ORG:103225
Fast-Pak Packaging Limited,03106800,,,Altrincham,WA14 1AU,Paperpak,106309,1,0,,,ORG:106309
Fastbox Limited,05155083,,,Leeds,LS10 1RT,Paperpak,103683,1,0,,,ORG:103683
FAT FACE LIMITED,02954734,,,Leicester,LE19 4AT,Biffpack,108663,1,0,,,ORG:108663
Faurecia Automotive Seating UK Limited,02556213,,,London,EC3M 3BY,Wastepack GB (SEPA),107459,1,0,,,ORG:107459
Faurecia Emissions Control Technologies UK Limited,06163599,,,London,EC3M 3BY,Wastepack GB (SEPA),108044,1,0,,,ORG:108044
FAVORITE FRIED CHICKEN LIMITED,02044486,,,Clacton on Sea,CO15 4XD,Beyondly,105274,1,0,,,ORG:105274
Fayrefield Foods Limited,01639747,,,Crewe,CW1 5UF,Ecosurety (EA),100441,3,2,Dairy Solutions Limited; Love Food Heaven Limited,04514636; 08404526,ORG:100441
FB Beauty Ltd,06981955,,,Manchester,M44 5AY,Valpak,104262,2,1,Wormser UK Ltd,06454482,ORG:104262
FDS CORPORATION LTD,08890000,,,Ipswich,IP6 0FL,ERP UK Ltd,117526,1,0,,,ORG:117526
Febvre & Company Limited,FC034452,,,Cork,T12 Tn99,Wastepack GB (SEPA),117276,1,0,,,ORG:117276
Federici Brands Ltd,06059366,,,London,W12 7SA,Valpak,108171,1,0,,,ORG:108171
Feelunique International Limited,07883226,,,Nottingham,NG2 1BJ,ERP UK Ltd,107849,1,0,,,ORG:107849
FEI Foods Ltd,07215803,,,Swansea,SA1 7DA,Valpak,108246,1,0,,,ORG:108246
Feilo Sylvania UK Limited,00487252,,,Newhaven,BN9 0FA,Kite Environmental Solutions,101871,1,0,,,ORG:101871
Fellowes Ltd,00865306,,,Doncaster,DN11 0BF,Valpak,106300,1,0,,,ORG:106300
FEME Limited,03108133,,,London,SW19 3XD,,117828,1,0,,,ORG:117828
FENDER MUSICAL INSTRUMENTS EUROPE LIMITED,03127180,,,East Grinstead,RH19 1QZ,Biffpack,104673,1,0,,,ORG:104673
FENDI U.K. LIMITED,03898318,,,London,EC3A 7BA,,108198,1,0,,,ORG:108198
Fenmarc Produce Limited,02508638,,,Wisbech,PE14 0EG,Wastepack GB (SEPA),101933,1,0,,,ORG:101933
Fentimans Ltd,02967193,,,Hexham,NE46 4TU,Valpak,102049,1,0,,,ORG:102049
Fenton Packaging Limited,01701605,,,Leeds,LS9 0SH,Packcare,101077,1,0,,,ORG:101077
Fenwick  Limited,00052411,,,Newcastle Upon Tyne,NE99 1AR,Wastepack GB (SEPA),101796,1,0,,,ORG:101796
Feralco (UK) Ltd,04052278,,,Widnes,WA8 0PH,Valpak,105095,1,0,,,ORG:105095
Ferdinand Bilstein UK Limited,02231185,,,Chesterfield,S43 3FG,Ecosurety (EA),104310,1,0,,,ORG:104310
FERGUSON & MENZIES LTD,SC034282,,,GLASGOW,G51 2JW,,105120,1,0,,,ORG:105120
Fernco Ltd,02450903,,,Barnsley,S73 0UW,Packcare,100683,1,0,,,ORG:100683
Fernox Limited,00208173,,,Woking,GU21 5RW,Wastepack GB (SEPA),105680,1,0,,,ORG:105680
Ferovinum Limited,11276611,,,LONDON,W1F 7BU,Comply with Clarity,115750,1,0,,,ORG:115750
Ferplast (UK) Ltd,02176594,,,Kidderminster,DY11 7QE,Valpak,100665,1,0,,,ORG:100665
Ferraris Piston Service Limited,04148298,,,Birmingham,B3 2RT,Ecosurety (EA),108169,1,0,,,ORG:108169
Ferrero UK Ltd,00876127,,,Greenford,UB6 0HE,Valpak,106962,2,1,Thorntons Limited,00174706,ORG:106962
Ferryfast Produce Ltd,01486489,,,Pershore,WR10 2JJ,Valpak,107713,1,0,,,ORG:107713
FESTIVE LIGHTS LIMITED,05404923,,,Chorley,PR7 5HH,Beyondly,114243,1,0,,,ORG:114243
Festive Productions Limited,01755658,,,Cwmbran,NP44 7EZ,Wastepack GB (SEPA),103990,1,0,,,ORG:103990
Fevara Plc,00098221,,,Carlisle,CA4 8RR,Valpak,101906,2,1,Fevara (UK) Ltd,00480342,ORG:101906
FEVERTREE LIMITED,05291668,,,London,W6 7NL,,104179,1,0,,,ORG:104179
FHC (HOLDINGS) LIMITED,00886829,,,Runcorn,WA7 1NT,Beyondly,108444,3,2,CALEA UK LIMITED; FRESENIUS KABI LIMITED,02182135; 02506615,ORG:108444
Fiberweb Geosynthetics Limited,01589762,,,Norwich,NR3 1RU,Wastepack GB (SEPA),100450,1,0,,,ORG:100450
Fibre Drums Limited,02519255,,,St Helens,WA11 0RW,Wastepack GB (SEPA),102776,2,1,Cases for Industry Limited,03139374,ORG:102776
Fibregrid Limited,04154095,,,Bristol,BS13 8FD,Wastepack GB (SEPA),103925,1,0,,,ORG:103925
FIBRESTAR DRUMS LIMITED,03928251,,,Stockport,SK7 5AS,Biffpack,106858,1,0,,,ORG:106858
Fibrisol Service Limited,00816031,,,Acton,W3 8TE,Wastepack GB (SEPA),105136,1,0,,,ORG:105136
Fiddes & Son Limited,01864772,,,Cardiff,CF11 8TX,Wastepack GB (SEPA),100946,1,0,,,ORG:100946
Fiddes Payne Limited,02678291,,,Hunslet,LS10 2JH,Wastepack GB (SEPA),105610,1,0,,,ORG:105610
Field & Flower Limited,07183445,,,Shepton Mallet,BA4 4RN,,114213,1,0,,,ORG:114213
Fieldrose Ltd,02729271,,,Sheffield,S9 3YE,Valpak,111798,4,3,Intracave Ltd; Northgate Fast Food Ltd; S.P.Q. Ltd.,01799572; 02841815; 04740228,ORG:111798
Fierce Beer Ltd,SC501206,,,Aberdeen,AB21 0GR,Valpak Scotland Ltd (SEPA),111448,1,0,,,ORG:111448
FIFE CREAMERY LTD,SC069753,,,Kirkaldy,KY1 2YX,Comply with Clarity,114630,1,0,,,ORG:114630
Filco Supermarkets Ltd,03031072,,,Llantwit Major,CF61 1XZ,Valpak,101373,1,0,,,ORG:101373
Fileder Filter Systems Ltd,01595206,,,Maidstone,ME16 0LS,Valpak,101538,1,0,,,ORG:101538
Filippo Berio UK Limited,04108585,,,London,E1W 9US,Ecosurety (EA),102468,1,0,,,ORG:102468
Fillcare Limited,01601166,,,Pontyclun,CF72 8TZ,Ecosurety (EA),100155,1,0,,,ORG:100155
FILOFORM UK LTD,03442664,,,Reading,RG7 4AB,Valpak,117706,1,0,,,ORG:117706
FILON PRODUCTS LIMITED,04507961,,,BURNTWOOD,WS7 3JQ,Beyondly,101117,1,0,,,ORG:101117
Filtration Control Ltd,02524269,,,Northampton,NN4 7PL,Comply with Clarity,105862,1,0,,,ORG:105862
FILTROX Carlson Limited,02269239,,,Barnoldswick,BB18 5HP,Wastepack GB (SEPA),107361,1,0,,,ORG:107361
Findel Education Ltd,01135827,,,Hyde,SK14 4HR,Valpak,104044,1,0,,,ORG:104044
Fine & Rare Wines Ltd,02966320,,,London,EC4R 1QS,Valpak,111435,1,0,,,ORG:111435
FINE DECOR WALLCOVERINGS LIMITED,04110906,,,Congleton,CW12 1UW,Beyondly,104614,1,0,,,ORG:104614
Fine Organics Ltd,01532065,,,Middlesbrough,TS2 1UB,Valpak,103536,1,0,,,ORG:103536
FineCal Group Ltd,01236608,,,Bristol,BS8 3RA,Valpak,102800,2,1,FineCal Labels Limited,15483029,ORG:102800
Finelite Ltd,06034102,,,Penkridge,ST19 5RZ,Valpak,107304,1,0,,,ORG:107304
Finfenaro Innovations Limited,12804683,,,Rugeley,WS12 0QU,Wastepack GB (SEPA),114473,3,2,Dri-Pak Limited; East Lancashire Chemical Company Limited,00228405; 00705398,ORG:114473
Fini Sweets UK Ltd,07789739,,,Woking,GU21 6ET,Valpak,116938,1,0,,,ORG:116938
Finishing Line Limited(THE),02120683,,,Epping,CM16 7EY,Smart Comply (EA),106823,1,0,,,ORG:106823
Finlay Beverages Ltd,00047601,,,Pontefract,WF9 2XS,Valpak,107176,1,0,,,ORG:107176
Finning (UK) Ltd.,00367090,,,Cannock,WS11 8LL,Wastepack GB (SEPA),104427,2,1,Sitech Technology Systems Limited,08760819,ORG:104427
Finsa UK Limited,02518590,,,Birkenhead,CH41 1HW,Comply with Clarity,101328,1,0,,,ORG:101328
Fiona Cairns Limited,00967833,,,,LE88UD,,105706,1,0,,,ORG:105706
FireAngel Safety Technology Limited,03641019,,,Coventry,CV1 2TA,Ecosurety (EA),100488,1,0,,,ORG:100488
FIRED UP CORPORATION LIMITED,03205943,,,Huddersfield,HD1 3LF,Beyondly,102910,1,0,,,ORG:102910
Firmenich UK Limited,02503296,,,Southall,UB2 5NN,Wastepack GB (SEPA),101471,1,0,,,ORG:101471
First Choice Wholesale Foods Limited,01611985,,,Burton upon Trent,DE14 1RZ,Veolia (EA),100978,1,0,,,ORG:100978
FIRST CIRCLE PACKAGING LIMITED,00400002,,,Newport Pagnell,MK16 9QJ,Biffpack,105700,1,0,,,ORG:105700
First Grade International Limited,04603605,,,Bromsgrove,B60 3FQ,Comply with Clarity,101333,1,0,,,ORG:101333
First Greater Western Ltd,05113733,,,Swindon,SN1 1HL,Valpak,105006,1,0,,,ORG:105006
First Line Limited,03972437,,,Banbury,OX16 4XD,Wastepack GB (SEPA),107346,1,0,,,ORG:107346
First Milk Limited,,,,Glasgow,G2 1AL,Ecosurety (EA),111280,4,3,Blackmore Vale Farm Cream Limited; Fast Forward FFW Limited; The First Milk Cheese Company Limited,00614228; 05893846; 07706327,ORG:111280
First Natural Brands Limited,01814713,,,Hassocks,BN6 9LS,Veolia (EA),102835,1,0,,,ORG:102835
First Trenitalia West Coast Rail Ltd,10349442,,,London,W2 1AF,Valpak,103125,1,0,,,ORG:103125
Firth Steels Ltd,01715793,,,Brighouse,HD6 1LU,Packcare,103264,1,0,,,ORG:103264
FIRWOOD TIMBER & PLYWOOD CO. LIMITED,01213142,,,Burscough  Ormskirk,L40 8JS,Biffpack,105859,1,0,,,ORG:105859
FISCHBACH (UK) LIMITED,00974737,,,Runcorn,WA7 1SN,Comply with Clarity,100840,1,0,,,ORG:100840
Fischer Fixings UK Ltd,00959713,,,Wallingford,OX10 9AT,Valpak,100557,1,0,,,ORG:100557
Fischer Future Heat UK Limited,06021954,,,London,W2 1AY,Kite Environmental Solutions,104442,1,0,,,ORG:104442
Fish4pets Limited,05295698,,,Redditch,B98 7FX,Veolia (EA),105594,1,0,,,ORG:105594
Fisher & Paykel Appliances Limited,03957638,,,Northampton,NN4 9BB,REPIC,115048,1,0,,,ORG:115048
Fish�n Chick�n Ltd,01018600,,,Basildon,SS16 4SW,Valpak,106029,1,0,,,ORG:106029
Fiskars UK (Vita) Limited,06805116,,,Stoke-on-Trent,ST12 9ER,Valpak,108421,1,0,,,ORG:108421
Fit Out (U.K.) Ltd,03938313,,,London,NW10 7SJ,Valpak,101928,1,0,,,ORG:101928
Fitflop Ltd,06436347,,,London,EC4A 3AQ,Valpak,102498,1,0,,,ORG:102498
Fitshop UK Ltd,SC071827,,,Glasgow,G73 1DF,Valpak Scotland Ltd (SEPA),108125,1,0,,,ORG:108125
Fittleworth Medical Ltd,01836221,,,Littlehampton,BN17 7FB,Valpak,106750,1,0,,,ORG:106750
Five Guys JV Ltd,08185191,,,London,W10 6TP,Valpak,102122,1,0,,,ORG:102122
Fiveways Shop & Service Station Ltd,NI032698,,,Newry,BT35 6PW,Valpak,100722,1,0,,,ORG:100722
Fixfast Ltd,09481218,,,Aylesford,ME20 7NY,Valpak,103489,1,0,,,ORG:103489
Fizz Creations Limited,07387175,,,Lancing,BN15 8TA,Kite Environmental Solutions,107779,1,0,,,ORG:107779
FKA Brands Limited,04353765,,,Tonbridge,TN11 0GP,Wastepack GB (SEPA),101153,1,0,,,ORG:101153
FLAIR FLOORING SUPPLIES LIMITED,01663400,,,Glossop,SK13 2NS,Beyondly,101705,1,0,,,ORG:101705
Flair Leisure Products Plc,03699727,,,Epsom,KT17 4PF,Beyondly,100652,1,0,,,ORG:100652
Flakt Woods Limited,00233771,,,Colchester,CO4 5ZD,Wastepack GB (SEPA),105125,1,0,,,ORG:105125
Flambeau Europlast Ltd,01216092,,,Ramsgate,CT12 6HW,Valpak,103959,1,0,,,ORG:103959
Flame Homeware Ltd,03203149,,,Sandycroft  Deeside,CH5 2QE,,105642,1,0,,,ORG:105642
Flamingo Horticulture Investments Ltd,08275291,,,Stevenage,SG1 2NB,Valpak,108561,3,2,Flamingo Flowers Ltd; Flamingo Produce Ltd,02921420; 02938560,ORG:108561
FLATCABLE LIMITED,05182584,,,Exeter,EX5 2LZ,Beyondly,107828,3,2,Phil Bettinson Ltd; RUSH GROUP LIMITED,02468580; 07173010,ORG:107828
Flatfish Limited,01409431,,,Grimsby,DN31 3AE,Wastepack GB (SEPA),103949,1,0,,,ORG:103949
Flavour Warehouse Limited,08791964,,,Lancashire,BB3 0RW,Wastepack GB (SEPA),101740,1,0,,,ORG:101740
FLAVOURFRESH SALADS LIMITED,03389630,,,Southport,PR9 8DX,Comply with Clarity,102314,1,0,,,ORG:102314
Flavours and Essences UK Limited,03615408,,,Blackburn,BB1 2QD,Recycling Lives Compliance Services,105245,1,0,,,ORG:105245
FLB Group Ltd,SC007315,,,Edinburgh,EH3 8RY,Valpak Scotland Ltd (SEPA),102681,1,0,,,ORG:102681
FLEXCON EUROPE LIMITED,SC170245,,,Glenrothes,KY6 2TF,,104976,1,0,,,ORG:104976
Flexicare (Group) Limited,09109193,,,Mountain Ash,CF45 4ER,Wastepack GB (SEPA),104081,2,1,Flexicare Medical Limited,02428573,ORG:104081
FLEXOPACK LIMITED,02117982,,,Nottingham,NG4 2PE,Beyondly,116883,1,0,,,ORG:116883
Flexopack Trade and Services UK Limited,09320142,,,London,EC2V 7AB,,111330,1,0,,,ORG:111330
Flexpak (UK) Ltd,06845495,,,Barnsley,S73 0BB,Smart Comply (EA),100468,1,0,,,ORG:100468
FLEXTEX LIMITED,01886312,,,preston,pr4 3rb,Beyondly,106013,1,0,,,ORG:106013
Flextronics Global Services (Manchester) Ltd,02026808,,,Stretton  Warrington,WA4 4TQ,Packcare,105634,1,0,,,ORG:105634
Flight Club Darts Ltd,08824987,,,London,N1 0NY,Valpak,116878,2,1,Electric Shuffle Ltd,11664570,ORG:116878
Flint Ink (U.K.) Ltd,00326153,,,Irlam,M44 5BL,Valpak,102365,2,1,Flint CPS Inks UK Ltd,03256359,ORG:102365
Flint Wines Limited,05735365,,,London,SE11 4AA,Wastepack GB (SEPA),101548,1,0,,,ORG:101548
FloGas Britain Ltd,00993638,,,Leicester,LE7 1PF,Valpak,108556,2,1,Medical Gas Solutions Ltd,04967365,ORG:108556
Flokk Ltd,03335942,,,Mirfield,WF14 0DE,Valpak,116455,1,0,,,ORG:116455
FloPlast Limited,02616448,,,Sittingbourne,ME10 3FP,Comply with Clarity,106871,1,0,,,ORG:106871
Flora Food Sales UK Ltd,09521994,,,London,SE1 0RB,Comply with Clarity,101132,1,0,,,ORG:101132
Floramedia (U.K.) Ltd,01567452,,,Colcehster,CO4 9QX,,103853,1,0,,,ORG:103853
Flower of Life Ltd,08050763,,,Sowerby Bridge,HX6 3AE,Valpak,114206,1,0,,,ORG:114206
Flowerline Limited,08563107,,,Mansfield,NG21 0RT,,116301,1,0,,,ORG:116301
Flowflex Components Limited,00530070,,,Buxton,SK17 7LR,Smart Comply (EA),106386,1,0,,,ORG:106386
Flowmax Limited,03455056,,,Puma Way,CV1 2TT,Wastepack GB (SEPA),116210,14,13,Action-Sealtite Limited; Alpeco Limited; Anglo-Nordic Burner Products Limited; B & D Plastics Group Limited; Biopharma Dynamics Ltd; Buckley Industrial Limited; Castle Pumps Ltd; Centre Tank Services Limited; Essco Controls Limited; Hytek (GB) Limited; Industrial Flow Control Limited; Rob Pond Ltd; Whisper Pumps Limited,01017422; 01300446; 01610309; 01915382; 02111157; 02136427; 04449187; 04548322; 06166936; 06307240; 06576123; 08975406; 10932196,ORG:116210
Flowserve GB Limited,02741659,,,Manchester,M2 3DE,Wastepack GB (SEPA),103970,1,0,,,ORG:103970
Fluidmaster GB Ltd,04652734,,,Hereford,HR2 6JR,Paperpak,107426,1,0,,,ORG:107426
Fluidpower Group UK Ltd,01672034,,,Wilmslow,SK9 1DP,Valpak,115831,1,0,,,ORG:115831
Flying Trade Ltd,02285142,,,Harwich,CO12 4PT,ERP UK Ltd,107033,1,0,,,ORG:107033
FMC Agro Ltd,01973941,,,Pentre,CH5 2DH,Valpak,107081,1,0,,,ORG:107081
FMS Foils Group Limited,03563351,,,Southend-on-Sea,SS2 5TE,Wastepack GB (SEPA),104780,1,0,,,ORG:104780
Focal Point Fires Limited,01726619,,,London,NW8 0DL,Wastepack GB (SEPA),106769,1,0,,,ORG:106769
Fold Hill Foods Limited,01426126,,,Boston,PE22 9PJ,Wastepack GB (SEPA),103457,2,1,Brambles Pet and Wildlife Limited,10799540,ORG:103457
Foleshill Plating Co. Limited,01656795,,,Coventry,CV7 9EJ,Veolia (EA),104416,1,0,,,ORG:104416
Fonthill Waters Ltd,04107923,,,Kempston,MK42 7PN,Valpak,108524,1,0,,,ORG:108524
Food-Bridge GB Limited,10260062,,,Worcester,WR1 2HW,Wastepack GB (SEPA),101512,2,1,Foodbridge FSG (GB) Limited,12437109,ORG:101512
Foodnet Ltd,02509681,,,Amersham,HP7 0DF,Valpak,101252,1,0,,,ORG:101252
Foodspeed Limited,03963404,,,Hayes,UB4 0TH,Comply with Clarity,104056,1,0,,,ORG:104056
Foot Shop Limited,01686089,,,Street,BA16 0HR,Wastepack GB (SEPA),100233,1,0,,,ORG:100233
Footasylum Limited,05535565,,,Rochdale,OL11 1RY,Wastepack GB (SEPA),105189,1,0,,,ORG:105189
Footsure Western Limited,01505399,,,Stonehouse,GL10 3EZ,Ecosurety (EA),107565,1,0,,,ORG:107565
Forbo Flooring UK Limited,09200318,,,Ripley,DE5 3NT,Wastepack GB (SEPA),105840,1,0,,,ORG:105840
Ford Motor Company Limited,00235446,,,Laindon,SS15 6EE,Veolia (EA),104898,1,0,,,ORG:104898
Foremost Pro Ltd,08711807,,,Bognor Regis,PO22 9SE,,106368,1,0,,,ORG:106368
FOREST GARDEN GROUP LIMITED,05805820,,,Kidderminster,DY10 4JB,Beyondly,108251,4,3,FOREST GARDEN LIMITED; FOREST SAWMILLS LIMITED; TAYLORED INVESTMENTS LIMITED,01771349; 06023453; 09458725,ORG:108251
Forest Master Ltd,07402638,,,Whitley Bay,NE26 2NE,Beyondly,108267,1,0,,,ORG:108267
Forever Living Products (U.K.) Limited,02269910,,,Solihull,B91 3QJ,Wastepack GB (SEPA),108321,1,0,,,ORG:108321
Forfarmers UK Limited,00062904,,,Bury St. Edmunds,IP30 9ND,Veolia (EA),103604,1,0,,,ORG:103604
FORGEWAY LTD,07230689,,,NEWTON ABBOT,TQ12 4PH,Beyondly,111368,1,0,,,ORG:111368
Form (Midlands) Ltd,13459922,,,Bedford,MK43 7ST,Kite Environmental Solutions,105487,1,0,,,ORG:105487
Formatt Ltd,03569752,,,Altrincham,WA15 9HW,Valpak,102194,1,0,,,ORG:102194
Formica Ltd,00139731,,,North Shields,NE29 8RE,Valpak,107353,1,0,,,ORG:107353
FORRESTER (SALES) LIMITED,01085750,,,Frodsham Cheshire,WA6 8HY,Beyondly,105027,1,0,,,ORG:105027
FORT VALE ENGINEERING LIMITED,00902920,,,Burnley,BB12 7ND,Beyondly,100185,1,0,,,ORG:100185
Forteq (UK) Limited,00304968,,,Huddersfield,HD5 0QR,Wastepack GB (SEPA),103134,1,0,,,ORG:103134
FORTERRA PLC,09963666,,,Northampton,NN4 5EA,Biffpack,104813,1,0,,,ORG:104813
FORTHGLADE FOODS LIMITED,07781711,,,Exeter,EX2 5WR,Biffpack,103768,1,0,,,ORG:103768
Fortnum & Mason Public Limited Company,00084909,,,London,W1A 1ER,,107553,1,0,,,ORG:107553
FORTUNE PACKAGING LTD,11756725,,,HARROW,HA2 7SE,,108045,1,0,,,ORG:108045
Forum Packaging Ltd,07536149,,,Horncastle,LN9 6NG,Valpak,101500,1,0,,,ORG:101500
Forza Doors Ltd,07112891,,,Horsham,RH13 8RA,Valpak,103687,1,0,,,ORG:103687
Fosroc International Limited,00959643,,,Tamworth,B78 3XN,Wastepack GB (SEPA),104287,1,0,,,ORG:104287
Fossil (UK) Ltd,03062442,,,Milton Keynes,MK9 2LD,Valpak,102567,1,0,,,ORG:102567
Fosters Bakery (Staincross) Ltd,00637941,,,Barnsley,S75 6AS,Valpak,101167,1,0,,,ORG:101167
Fountain Foods Ltd,03224610,,,Wisbech,PE14 9AB,Valpak,104511,1,0,,,ORG:104511
Fountain Frozen Ltd,06430068,,,Wisbech,PE13 3AD,Valpak,104532,1,0,,,ORG:104532
FOUR CROSSES NURSERY LTD,04734858,,,FOUR CROSSES LLANYMYNECH,SY22 6SL,,115087,1,0,,,ORG:115087
Fourayes Farm Ltd,00600317,,,Sittingbourne,ME9 8BJ,Valpak,102066,1,0,,,ORG:102066
Fourstones Paper Mill Company Limited,00509221,,,Hexham,NE46 3SD,Wastepack GB (SEPA),101337,1,0,,,ORG:101337
Fowlers of Bristol Limited,00711079,,,Bristol,BS4 3DR,Ecosurety (EA),100136,1,0,,,ORG:100136
Fox International Group Ltd,01144907,,,Brentwood,CM14 5EG,Valpak,103423,1,0,,,ORG:103423
Fox's Burton's Companies (FBC) UK Ltd,02086754,,,London,EC4M 7BP,Valpak,104282,1,0,,,ORG:104282
Foyle Food Group Limited,NI034218,,,Omagh,BT79 0BQ,Wastepack Northern Ireland (NIEA),102426,1,0,,,ORG:102426
FPS Flexibles UK Ltd,03862410,,,Thirsk,YO7 3HE,Wastepack GB (SEPA),102941,1,0,,,ORG:102941
FQF Holdings Limited,05806947,,,Coalville,LE67 3FS,Ecosurety (EA),114030,3,2,Food Connections Limited; Quorn Country Foods Limited,02715647; 03089071,ORG:114030
Fragrance Direct (UK) Ltd,04098132,,,Dartford,DA2 6QA,Valpak,108478,1,0,,,ORG:108478
Fragrance Oils (International) Ltd,01180568,,,Manchester,M26 2FR,Paperpak,100503,1,0,,,ORG:100503
Framptons Limited,00927723,,,Shepton Mallet,BA4 5PD,Wastepack GB (SEPA),103277,1,0,,,ORG:103277
FRANCIS MAY LIMITED,10413094,,,Langar,NG139HY,Comply with Clarity,100574,3,2,HUSQUI LIMITED; MAINLINE MOULDINGS LTD,03245612; 10429681,ORG:100574
Frank Bird (Poultry) Limited,03310507,,,Penrith,CA10 1NB,Wastepack GB (SEPA),100456,1,0,,,ORG:100456
FRANK KEY GROUP LIMITED,06371399,,,Nottingham,NG5 6BL,Biffpack,112453,2,1,FRANK KEY (NOTTINGHAM) LIMITED,00494174,ORG:112453
Frank Mercer & Sons Ltd,01370465,,,Bolton,BL5 3JF,Valpak,108270,1,0,,,ORG:108270
Frank Wright Limited,00111524,,,Ashbourne,DE6 1HA,Comply with Clarity,111394,1,0,,,ORG:111394
Franke U.K. Ltd,SC126669,,,Carron,FK2 8DR,Valpak Scotland Ltd (SEPA),103927,1,0,,,ORG:103927
Frasers Group PLC,06035106,,,Shirebrook,NG20 8RY,Ecosurety (EA),103013,31,30,Amara Retail Limited; Brands Holdings Limited; Campri Limited; Carlton Sports Company Limited; Criminal Clothing Ltd.; Echo Brand Holdco Limited; FRASERS GROUP TRADING LIMITED; Firetrap Limited; Frasers Group Financial Services Limited; GAME Retail Limited; GUL Watersports Limited; Gelert IP Limited; Golddigga Brands Limited; Hot Tuna IP Limited; House Of Fraser Brands Limited; House of Fraser Limited; I Saw It First Limited; Jack Wills IP Limited; Kangol Limited; Lonsdale Sports Limited; Lovell Sports Limited; Muddyfox IP Limited; Nevica IP Limited; No Fear International Limited; Republic IP Limited; Slazengers Limited; Sofa.com Ltd; Sondico IP Limited; USA Pro IP Limited; USC IP Limited,00116000; 00467686; 00718151; 03343793; 03406347; 04087435; 04184358; 04184750; 04430781; 05222498; 05398677; 05532482; 05635015; 06497914; 06546121; 06636173; 06836684; 06836778; 06836792; 06836808; 07589716; 07837246; 08576185; 10184572; 10246764; 10686681; 10687367; 11634915; 11775495; 12299584,ORG:103013
Fred C Robinson Limited,NI000908,,,Ballyclare,BT39 9DS,Veolia (EA),108154,1,0,,,ORG:108154
Fred Perry Limited,03114528,,,London,WC1X 0AA,Veolia (EA),104907,1,0,,,ORG:104907
Freddie's Flowers Ltd,09192551,,,London,SW8 3NS,Comply with Clarity,104082,1,0,,,ORG:104082
FREDDY HIRSCH GROUP UK LIMITED,12844416,,,Milton Keynes,MK9 1FF,,117219,1,0,,,ORG:117219
Frederic Robinson Limited,00170679,,,Stockport,SK1 1JJ,Ecosurety (EA),104256,1,0,,,ORG:104256
Frederick Jones (Belfast)  Ltd,NI001753,,,Belfast,BT12 5FE,Valpak,107953,1,0,,,ORG:107953
Freed (Veneers) Limited,03917796,,,Stevenage,SG1 3QD,,116458,1,0,,,ORG:116458
Freedom Brewery Ltd,05289932,,,RUGELEY,WS15 3ER,,115286,1,0,,,ORG:115286
Freedom Sportsline Ltd,01779106,,,London,SE1 2AU,Comply with Clarity,108231,1,0,,,ORG:108231
Freefoam Building Products (UK) Ltd,03758946,,,Northampton,NN5 5JP,Valpak,104781,1,0,,,ORG:104781
Freemans Event Partners Holdings Ltd,09996601,,,Hardwicke,GL2 2RN,Wastepack GB (SEPA),114977,4,3,Freeman Event Partners (Catering) Ltd; Freeman Event Partners (Logistics) Ltd.; Freemans Event Partners (Bars) Ltd,05904783; 06984400; 07764577,ORG:114977
Freemans Grattan Holdings Ltd,03781251,,,Bradford,BD99 2XG,Valpak,107965,3,2,Freemans Public Limited Company; Grattan plc,00249001; 00321643,ORG:107965
Freemans Holdings Ltd,,,,Guernsey,GY1 1AR,Comply with Clarity,116318,3,2,Freemans Confectionery Supplies Ltd; House of Lancaster Ltd,02207604; 02798360,ORG:116318
Freeworld Foods Limited,06427416,,,Spalding,PE11 2TA,Comply with Clarity,101525,1,0,,,ORG:101525
Freiberger (UK) Ltd,02400918,,,Spalding,PE11 2AF,Comply with Clarity,104405,1,0,,,ORG:104405
FreiLacke UK Ltd,05873731,,,Birmingham,B15 3BH,Valpak,114429,1,0,,,ORG:114429
Freixenet Copestick Limited,05465686,,,Newbury,RG14 2PZ,Ecosurety (EA),106245,2,1,Bolney Wine Estate Ltd,04697328,ORG:106245
French Connection Group Ltd,01410568,,,London,NW1 0DT,Valpak,108520,3,2,French Connection (London) Ltd; French Connection UK Ltd,00996609; 01222335,ORG:108520
Fresca Group Limited,05307204,,,Paddock Wood,TN12 6UT,Wastepack GB (SEPA),102986,4,3,M.&W. Mack Limited; Primafruit Limited; The Fresh Produce Centre Limited,00447404; 01566082; 10837330,ORG:102986
Fresenius Medical Care UK Limited,03203279,,,Sutton-in-Ashfield,NG17 2HU,ERP UK Ltd,111318,1,0,,,ORG:111318
FRESH & WILD LIMITED,03576009,,,London,EC4N 6AF,Beyondly,104820,1,0,,,ORG:104820
FRESH HUB GROUP LIMITED,12576618,,,Spalding,PE11 3SW,Beyondly,108432,4,3,APG PRODUCE LIMITED; FRUIT FOREVER LIMITED; PARALLEL UK LIMITED,07016526; 11169396; 11206536,ORG:108432
Fresh-Pak Chilled Foods Limited,01616444,,,Nottingham,NG2 1LU,Wastepack GB (SEPA),102678,1,0,,,ORG:102678
Freshpet Europe Ltd,10545785,,,Ipswich,IP2 0EA,Valpak,105044,1,0,,,ORG:105044
FREUDENBERG HOME AND CLEANING SOLUTIONS LIMITED,00940747,,,Lancashire,OL16 2AX,Beyondly,116373,1,0,,,ORG:116373
Freudenberg Performance Materials Lp,LP003346,,,Littleborough,OL15 9AH,Wastepack GB (SEPA),108389,1,0,,,ORG:108389
Freudenberg Sealing Technologies Ltd,10346611,,,Leicester,LE1 1QH,Valpak,101135,1,0,,,ORG:101135
Friar's Pride Limited,01213037,,,Peterborough,PE1 5YW,Wastepack GB (SEPA),100334,1,0,,,ORG:100334
Friarwood Fine Wines Limited,09348046,,,London,SW6 4ST,,115844,1,0,,,ORG:115844
Fridays Limited,01005611,,,Cranbrook,TN17 3PN,,107626,1,0,,,ORG:107626
Fridge Spares Wholesale Ltd,01801677,,,Cannock,WS11 0DJ,Valpak,114394,3,2,BEACON DESIGN & ENGINEERING LIMITED; EQUIPMENT SPARE PARTS LIMITED,03550810; 06510415,ORG:114394
FRIENDSHIP ESTATES LIMITED,00305369,,,Doncaster,DN6 9BU,Beyondly,106925,1,0,,,ORG:106925
Frieslandcampina UK Limited,04684097,,,London,SW1V 1AN,Comply with Clarity,102830,1,0,,,ORG:102830
Frimpeks Ltd,09390816,,,Market Harborough,LE16 7QF,Comply with Clarity,107035,1,0,,,ORG:107035
Frobishers Juices Limited,03738540,,,,MK17 8FL,Ecosurety (EA),101297,1,0,,,ORG:101297
FROMM PACKAGING LIMITED,04709272,,,TAPLOW,SL6 0FE,Comply with Clarity,111213,1,0,,,ORG:111213
Froneri Ice Cream UK Ltd,00901522,,,NORTHALLERTON,DL7 9UL,Comply with Clarity,104397,1,0,,,ORG:104397
FRONTIER AGRICULTURE LIMITED,05288567,,,London,W1K 4QY,Beyondly,107598,2,1,NOMIX ENVIRO LIMITED,10887479,ORG:107598
Frontier NX Limited,10403680,,,Bicester,OX26 4AF,Wastepack GB (SEPA),103831,1,0,,,ORG:103831
Frontier Therapeutics Limited,02552048,,,Tredegar,NP22 3EL,Wastepack GB (SEPA),100438,1,0,,,ORG:100438
Frozen Brothers Ltd,00396263,,,High Wycombe,HP12 3TA,Valpak,101480,1,0,,,ORG:101480
Fruit of the Vine (Belfast) Limited,NI038593,,,Belfast,BT11 9FG,Wastepack Northern Ireland (NIEA),106852,1,0,,,ORG:106852
Fruitful Office Ltd,05655624,,,Borehamwood,WD6 1JD,ERP UK Ltd,106383,1,0,,,ORG:106383
FSI Limited,04077036,,,Measham,DE12 7DS,Kite Environmental Solutions,103529,1,0,,,ORG:103529
FT Foods Ltd,09556834,,,London,E15 2JA,Valpak,115273,6,5,CAPITAL QSR LTD; JAHB LTD; PROFESSIONAL CATERERS LTD; SPECIALIST CATERING LTD; UPMARKET CATERING LTD,04293517; 04637486; 04873136; 06123551; 11325088,ORG:115273
Fuchs Lubricants (UK) plc,02412689,,,Stoke-On-Trent,ST1 5HU,Comply with Clarity,107569,1,0,,,ORG:107569
Fuel Express Limited,03439446,,,Wakefield,WF1 5EP,Wastepack GB (SEPA),117005,1,0,,,ORG:117005
Fuerst Day Lawson Ltd,00607374,,,London,E1W 3SS,Valpak,103470,1,0,,,ORG:103470
Fuji Seal Europe Ltd,02011406,,,Gillingham,ME8 0RJ,Valpak,104774,1,0,,,ORG:104774
Fujichem Sonneborn Limited,00437672,,,Ilford,IG6 3XH,Ecosurety (EA),100514,1,0,,,ORG:100514
Fujifilm Electronic Materials UK Ltd,01050948,,,Bedford,MK42 0ZE,Valpak,108032,1,0,,,ORG:108032
Fujifilm Europe B.V.,,,,Tilburg,5047 TK,Valpak,111345,1,0,,,ORG:111345
Fujifilm Speciality Ink Systems Ltd,04545813,,,Broadstairs,CT10 2LE,Valpak,102958,1,0,,,ORG:102958
Fujifilm UK Limited,01264514,,,Bedford,MK42 0ZE,Ecosurety (EA),104738,1,0,,,ORG:104738
FUJITSU SERVICES LIMITED,00096056,,,Bracknell,RG12 8SN,Beyondly,101503,1,0,,,ORG:101503
Fulfil Limited,07868067,,,Somerset,SP10 5AN,Wastepack GB (SEPA),106818,1,0,,,ORG:106818
Fulfilmentcrowd Ltd,02772373,,,Chorley,PR7 7NB,Kite Environmental Solutions,102146,1,0,,,ORG:102146
Fuller Smith & Turner plc,00241882,,,London,W4 3NN,Ecosurety (EA),116818,1,0,,,ORG:116818
Fullers Foods International Limited,00967673,,,Leeds,LS2 7HA,Wastepack GB (SEPA),102585,1,0,,,ORG:102585
Fullgreen UK Ltd,10012921,,,Kettering,NN16 8NQ,,107703,1,0,,,ORG:107703
Funko UK  Ltd,10506769,,,London,EC1A 2DY,Valpak,100328,1,0,,,ORG:100328
Funkypigeon.com Limited,06208854,,,Wakefield,WF2 0XG,Comply with Clarity,108827,1,0,,,ORG:108827
Furndeco Limited,11023736,,,Gloucester,GL2 2AH,Wastepack GB (SEPA),111829,1,0,,,ORG:111829
Furniss of Cornwall Limited,05898794,,,Redruth,TR15 3RH,Wastepack GB (SEPA),101707,1,0,,,ORG:101707
FURNITURE CHOICE LIMITED,05349107,,,Heckmondwike,WF16 0EN,Beyondly,102539,1,0,,,ORG:102539
Furniture Link (U.K.) Ltd,03588012,,,Telford,TF1 7AD,Valpak,102740,1,0,,,ORG:102740
Furniture Village Limited,02307708,,,Slough,SL1 4DX,,106504,1,0,,,ORG:106504
Fusion Group Ltd,03563691,,,Chesterfield,S41 9PZ,Valpak,102529,1,0,,,ORG:102529
Futamura Chemical UK Limited,10042418,,,Wigton,CA7 9BG,Wastepack GB (SEPA),100371,1,0,,,ORG:100371
Futura Direct Ltd,06002494,,,Adwick-Le-Street,DN6 7AY,Valpak,115942,1,0,,,ORG:115942
FUTURA FOODS UK LIMITED,02819125,,,Dursley,GL11 4HR,Beyondly,102163,1,0,,,ORG:102163
Future Electronics Limited,02087867,,,Egham,TW20 9AH,Veolia (EA),107798,1,0,,,ORG:107798
Future Garments Ltd,02690536,,,Warley,B66 3DL,Valpak,102586,1,0,,,ORG:102586
Future Heights Limited,03385999,,,Liverpool,L9 6DX,Wastepack GB (SEPA),112441,2,1,Aintree Plastics Limited,03132502,ORG:112441
FUTURE PUBLISHING LIMITED,02008885,,,Bath,BA1 1UA,Biffpack,104162,1,0,,,ORG:104162
Fyfes Vehicle and Engineering Supplies Ltd,NI039006,,,Ballymena,BT42 3HB,Wastepack Northern Ireland (NIEA),106787,1,0,,,ORG:106787
FYTERTECH NONWOVENS LIMITED,02985506,,,London,WC2H 7DQ,Beyondly,101527,1,0,,,ORG:101527
G - Tuft Limited,07917706,,,Dewsbury,WF12 9QT,Ecosurety (EA),116309,1,0,,,ORG:116309
G M Packaging (UK) Limited,04257001,,,Murton,SR7 9DR,Wastepack GB (SEPA),105676,1,0,,,ORG:105676
G R Food Ltd,08075751,,,London,E15 2JA,Valpak,115274,1,0,,,ORG:115274
G W Proudfoot Limited,00503044,,,Scarborough,YO11 3YT,ERP UK Ltd,107349,1,0,,,ORG:107349
G&C PACKAGING LIMITED,08515838,,,London,EC2R 5BJ,Beyondly,114182,1,0,,,ORG:114182
G&J Distillers Ltd.,07604280,,,Warrington,WA3 6PH,Ecosurety (EA),105118,1,0,,,ORG:105118
G'S FRESH LIMITED,05440764,,,Ely,CB7 5TZ,Comply with Clarity,102821,1,0,,,ORG:102821
G.C. Birchall Limited,00531040,,,Burnley,BB12 7BF,Ecosurety (EA),100114,1,0,,,ORG:100114
G.F.Smith & Son(London) Limited,00490873,,,Hull,HU2 0HL,Smart Comply (EA),100076,1,0,,,ORG:100076
G.H. Sheldon Wholesale Bakers Limited,01436865,,,Manchester,M11 2GW,Wastepack GB (SEPA),102857,1,0,,,ORG:102857
G.I. Hadfield & Son Limited,01526281,,,Newark,NG22 8UA,Wastepack GB (SEPA),107041,2,1,Enva Wood Recycling Manchester Limited,07462747,ORG:107041
G.I.S. Industrial Supply Co. Limited,01418337,,,St. Albans,AL1 1NS,Wastepack GB (SEPA),116335,1,0,,,ORG:116335
G.J.Handy (Trading) Ltd,00551762,,,Swindon,SN3 5HY,Valpak,103469,1,0,,,ORG:103469
G.L.Pharma UK Limited,11829209,,,Ely,CB7 4EX,Comply with Clarity,111215,1,0,,,ORG:111215
G.R. Lane Health Products Ltd,00843899,,,Gloucester,GL2 0GR,Valpak,104413,2,1,Jakemans (Confectioners) Ltd,00346842,ORG:104413
G.R.Wright & Sons Ltd,00129755,,,Harlow,CM19 5GH,Valpak,103382,2,1,Wright's Milling Ltd,13089488,ORG:103382
GA PET FOOD PARTNERS GROUP LIMITED,04085927,,,Chorley,PR7 7DW,Beyondly,106014,3,2,GA PET FOOD PARTNERS LIMITED; GA PET FOOD PARTNERS MILLING LIMITED,03246557; 04103039,ORG:106014
GABF HOLDINGS LIMITED,04613313,,,London,WC1X 8AQ,Beyondly,117930,4,3,Bagel Nash (Retail) Limited; Oi! Bagel Trading Limited; The Great American Bagel Factory Limited,03232765; 03593876; 06110067,ORG:117930
Gafoor Pure Halal Ltd,07876663,,,Preston,PR1 5AJ,Ecosurety (EA),108018,1,0,,,ORG:108018
Galen Ltd,NI056542,,,Craigavon,BT63 5UA,Valpak,101349,1,0,,,ORG:101349
Galgorm Catering,,,,Ballymena,BT421JQ,,115529,1,0,,,ORG:115529
Gallaher Ltd,01501573,,,London,SW15 2LL,Valpak,102018,1,0,,,ORG:102018
GALLERY DIRECT HOLDINGS LIMITED,05790471,,,Sittingbourne,ME103RN,Beyondly,111254,3,2,DREAMWORKS BEDS LIMITED; GALLERY DIRECT LIMITED,03917740; 04773416,ORG:111254
Gallo Vineyards Inc,,,,Uxbridge,UB8 1QQ,Comply with Clarity,105268,1,0,,,ORG:105268
Gama Healthcare Ltd,05316871,,,Hemel Hempstead,HP2 7TG,Valpak,101814,1,0,,,ORG:101814
Gamebore Cartridge Co. Limited,01181347,,,Kingston upon Hull,HU9 1AR,Wastepack GB (SEPA),102961,1,0,,,ORG:102961
Games Workshop Ltd,01467092,,,Nottingham,NG7 2WS,Valpak,102413,1,0,,,ORG:102413
Gant UK Ltd,02474645,,,London,WC2A 1AN,Valpak,101344,1,0,,,ORG:101344
Garador Ltd,02225871,,,Yeovil,BA20 2EJ,Valpak,101550,1,0,,,ORG:101550
GARDEN OF ELVEDEN LIMITED,06998532,,,Thetford,IP24 3TQ,Beyondly,100835,1,0,,,ORG:100835
Garden Selection Limited,04345265,,,Poole,BH16 5SJ,Comply with Clarity,106699,1,0,,,ORG:106699
Gardiner Bros. and Company (Leathers) Limited,00534801,,,Stonehouse,GL10 3EZ,Ecosurety (EA),107573,1,0,,,ORG:107573
Gardner Aerospace Operations UK Limited,04672639,,,Derby,DE24 8ZF,Wastepack GB (SEPA),117143,1,0,,,ORG:117143
Gardner Denver Ltd,03047245,,,Bradford,BD4 0SG,Valpak,104864,1,0,,,ORG:104864
GARDX International Limited,05465377,,,Portsmouth,PO64TY,Comply with Clarity,111321,1,0,,,ORG:111321
Garland Products Limited,01522740,,,Kingswinford,DY6 7TZ,Packcare,103739,1,0,,,ORG:103739
Garmin (Europe) Ltd,02724437,,,Southampton,SO40 9LR,ERP UK Ltd,101085,1,0,,,ORG:101085
Garthwest Limited,00827523,,,Hull,HU7 0XA,Paperpak,104060,1,0,,,ORG:104060
Gates Worldwide Ltd,00203531,,,Bristol,BS13 8FD,Valpak,107428,3,2,Gates (U.K.) Ltd; Gates Engineering & Services UK Ltd,10806154; SC001771,ORG:107428
GAZEBO FINE FOODS LIMITED,03769616,,,London,W1H 4HG,,112383,1,0,,,ORG:112383
Gazechim Composites UK Ltd,01180999,,,Oxford,OX11 8XD,Valpak,104010,1,0,,,ORG:104010
GBM Digital Technologies Group Limited,12470566,,,Manchester,M40 5BP,Wastepack GB (SEPA),107234,3,2,GBM Digital Technologies Limited; Kingsfield Computer Products Limited,02719704; 03357539,ORG:107234
GBUK Group Limited,09458917,,,Selby,YO8 5DD,Wastepack GB (SEPA),101410,3,2,GBUK Enteral Limited; GBUK Ltd,05135337; 07186410,ORG:101410
GCB Cocoa UK Limited,12730539,,,Sudbury,CO10 7QR,Comply with Clarity,118234,1,0,,,ORG:118234
GCH Corporation Ltd,07200539,,,Hampton,TW12 2BX,Comply with Clarity,106785,8,7,ADM Pressings Ltd; Crompton Lamps Ltd; Dent Steel Services (Yorkshire) Ltd; Newspace Containers Ltd; Sycamore Lighting Ltd; Unitruck Ltd; Whiteline Manufacturing Ltd,02594336; 03603153; 04099207; 05590551; 06042023; 06435969; 06775062,ORG:106785
GE Aviation Systems Ltd,00745917,,,Cheltenham,GL52 8SF,Valpak,108401,1,0,,,ORG:108401
GE ENERGY POWER CONVERSION UK LIMITED,05571739,,,Rugby,CV21 1BD,Beyondly,107313,1,0,,,ORG:107313
GE Healthcare Ltd,01002610,,,Chalfont St. Giles,HP8 4SP,Valpak,104436,1,0,,,ORG:104436
GE Medical Systems Limited,00252567,,,Chalfont St. Giles,HP8 4SP,Kite Environmental Solutions,111346,1,0,,,ORG:111346
GEA Farm Technologies (UK) Ltd,00999260,,,Warminster,BA12 9HT,Ecosurety (EA),101229,1,0,,,ORG:101229
Gear4music Limited,03113256,,,York,YO26 4GN,Kite Environmental Solutions,104959,1,0,,,ORG:104959
Geary's Bakeries Limited,01877775,,,Loughborough,LE12 8LD,Wastepack GB (SEPA),101206,1,0,,,ORG:101206
Geberit Sales Ltd,06142557,,,Warwick,CV34 6NH,Valpak,104551,1,0,,,ORG:104551
Gedney Bulb Company LTD,04924121,,,Spalding,PE12 0AU,,107334,1,0,,,ORG:107334
Geeta’s Foods Limited,02287634,,,London,EC4M 8AB,Comply with Clarity,115761,1,0,,,ORG:115761
GEM Imports Limited,07329987,,,Barnsley,S74 0FQ,ERP UK Ltd,116969,1,0,,,ORG:116969
Gemcom Limited,05263274,,,London,W1W 5DD,Comply with Clarity,101208,1,0,,,ORG:101208
Gemporia Partnership Limited,05914500,,,Redditch,B98 9HF,Kite Environmental Solutions,108507,3,2,Gemporia Craft Limited; Gemporia Limited,06365402; 12268335,ORG:108507
GENERAL ALL PURPOSE PLASTICS LIMITED,02767596,,,Blackburn,bb1 2qp,Beyondly,100922,1,0,,,ORG:100922
General Hvac Solutions UK Limited,06277345,,,Elsetree,WD6 3SG,Ecosurety (EA),100209,1,0,,,ORG:100209
General Mills UK Limited,04633664,,,Bristol,BS13 8FD,Wastepack GB (SEPA),108668,1,0,,,ORG:108668
Generation Phoenix Ltd,03016796,,,Peterborough,PE7 3HH,Valpak,107591,1,0,,,ORG:107591
Genesis Pharmaceuticals Limited,03850289,,,Harrow,HA1 1BQ,,111196,1,0,,,ORG:111196
Genius Foods Limited,SC344777,,,Edinburgh,EH36JD,Comply with Clarity,106056,1,0,,,ORG:106056
Genta Environmental Limited,02682990,,,York,YO26 7QF,Wastepack GB (SEPA),100243,1,0,,,ORG:100243
Genting Casinos UK Limited,01519689,,,Birmingham,B40 1PU,Ecosurety (EA),116447,1,0,,,ORG:116447
Geo Specialty Chemicals UK Ltd,07650493,,,Southampton,SO45 3ZG,Valpak,104583,1,0,,,ORG:104583
Geo. Kingsbury Holdings Limited,00572121,,,Cobham,KT11 1JQ,,104487,4,3,Alsford Timber Limited; Geo. Kingsbury Machine Tools Limited; Turbex Limited,00752572; 01574489; 02827724,ORG:104487
Geofabrics Ltd,02486205,,,Leeds,LS10 1RZ,Valpak,103702,1,0,,,ORG:103702
George Abrahams Limited,02500029,,,London,EC1A 9PQ,Wastepack GB (SEPA),104001,1,0,,,ORG:104001
GEORGE BATEMAN & SON LIMITED,00232213,,,Wainfleet-All-Saints,PE24 4JE,Comply with Clarity,102419,1,0,,,ORG:102419
George Cox Footwear Limited,12727611,,,London,WC1X 0AA,Comply with Clarity,114586,1,0,,,ORG:114586
George Fischer Sales Limited,00273569,,,Coventry,CV2 2ST,Wastepack GB (SEPA),104846,1,0,,,ORG:104846
George Morris and Sons,,,,Norwich,NR4 6EQ,Comply with Clarity,108636,1,0,,,ORG:108636
George Twist (Wholesale) Ltd,01165479,,,Wigan,WN5 8DH,ERP UK Ltd,101988,2,1,J. & G. Twist (Retail) Limited,03290942,ORG:101988
George Walker Transport Limited,01398136,,,Leeds,LS27 0BN,Wastepack GB (SEPA),118041,1,0,,,ORG:118041
Geox UK Limited,04303095,,,London,EC3M 7DQ,ERP UK Ltd,102444,1,0,,,ORG:102444
Gerald McDonald & Company Ltd,00258990,,,Basildon,SS14 3GT,Valpak,106617,2,1,Gerald McDonald (Herbs & Spices) Ltd,00220178,ORG:106617
Gerflor Flooring UK Limited,12579618,,,Altrincham,WA14 2DT,Ecosurety (EA),106287,1,0,,,ORG:106287
Get Fresh Cosmetics Ltd,03573868,,,Bournemouth,BH11 8PT,Valpak,100492,1,0,,,ORG:100492
Getinge Limited,02195291,,,Derby,DE21 6YH,ERP UK Ltd,102185,2,1,Quadralene Limited,00246955,ORG:102185
Geze UK Limited,02303626,,,Lichfield,WS13 8SX,Wastepack GB (SEPA),106301,1,0,,,ORG:106301
GFW Ltd,06895104,,,Darwen,BB3 3RT,Valpak,111276,1,0,,,ORG:111276
GIANT U.K. LIMITED,02167762,,,Leicester,LE7 4UZ,Beyondly,106407,1,0,,,ORG:106407
Gift Republic Ltd,05727004,,,London,SW19 2RL,Veolia (EA),106941,1,0,,,ORG:106941
Gift Universe Group Limited,06862887,,,Dorking,RH4 1XA,Ecosurety (EA),101358,2,1,Gift Universe Limited,06861802,ORG:101358
GIFTWORKS LIMITED,04227137,,,Somerset,BS23 1NF,Biffpack,104835,1,0,,,ORG:104835
Giggling Restaurants Ltd,07094305,,,Guildford,GU1 4UX,Valpak,102239,2,1,Chokdee Ltd,04508336,ORG:102239
Gilbert Thompson (Leeds) Ltd,00416586,,,Leeds,LS9 0PX,Valpak,107484,3,2,G T Prep Ltd; GT Produce Ltd,06843062; 07039530,ORG:107484
Gilberts (Blackpool) Limited,00673483,,,Blackpool,FY4 4QT,Veolia (EA),106668,1,0,,,ORG:106668
Gilbertson & Page Ltd,00055762,,,Welwyn Garden City,Al7 1AN,Valpak,100525,2,1,WV Associates Ltd,01798981,ORG:100525
Gilfresh Produce Ltd,NI065949,,,Loughgall,BT61 8PZ,,115408,1,0,,,ORG:115408
Gill Aggregates Ltd,06181683,,,Kent,DA11 9BB,Valpak,114962,1,0,,,ORG:114962
GILLIES OF BROUGHTY FERRY LIMITED,SC026803,,,Dundee,DD5 2AJ,Beyondly,117099,1,0,,,ORG:117099
Gima (UK) Limited,03638885,,,London,IG11 0RH,Smart Comply (EA),114181,1,0,,,ORG:114181
GIORGIO'S CONTINENTAL LTD.,02135991,,,NOTTINGHAM,NG16 3PX,Beyondly,108109,1,0,,,ORG:108109
Giovanni Rana (UK) Limited,07071515,,,Windsor,SL4 3BL,Veolia (EA),106848,1,0,,,ORG:106848
Giro Food Limited,00947901,,,Birmingham,B9 4EP,Wastepack GB (SEPA),106186,1,0,,,ORG:106186
Givaudan UK Ltd,00691403,,,Ashford,TN24 0LT,Valpak,101248,1,0,,,ORG:101248
Give Back Beauty UK Limited,13640255,,,London,SE1 2JE,,107990,1,0,,,ORG:107990
GL Dameck Limited,SC314389,,,Blairgowrie,PH10 6NW,Comply with Clarity,106938,1,0,,,ORG:106938
Glanbia Performance Nutrition (UK Sales Division) Limited,11010859,,,Harrogate,HG1 5PA,Wastepack GB (SEPA),107893,1,0,,,ORG:107893
Glanbia Performance Nutrition (UK) Limited,02828321,,,Harrogate,HG1 5PA,Wastepack GB (SEPA),102636,1,0,,,ORG:102636
Glasdon Group Ltd,02161331,,,Blackpool,FY4 4WA,Recycling Lives Compliance Services,101084,2,1,GLASDON (UK) LIMITED,02160576,ORG:101084
Glasswells Limited,00602166,,,Bury St. Edmunds,IP33 3TU,Ecosurety (EA),105062,1,0,,,ORG:105062
Glatfelter Lydney  Ltd,05734921,,,Norwich,NR3 1RU,Valpak,103835,1,0,,,ORG:103835
Glaxosmithkline Services Unlimited,01047315,,,London,WC1A 1DG,Veolia (EA),104091,2,1,Glaxosmithkline UK Limited,04310159,ORG:104091
Glazpart Limited,01875968,,,Banbury,OX16 3JU,Wastepack GB (SEPA),101805,1,0,,,ORG:101805
Glebe Farm Foods Limited,06478787,,,St Neots,PE19 2BY,,116467,1,0,,,ORG:116467
Gledhill Building Products Limited,04784515,,,Blackpool,FY4 3RL,Comply with Clarity,107458,1,0,,,ORG:107458
Glen Dimplex Home Appliances Limited,02692306,,,Risley,WA3 6GD,REPIC,102196,1,0,,,ORG:102196
GLEN DIMPLEX UK LIMITED,01313016,,,Southampton,SO30 2DF,Biffpack,103135,1,0,,,ORG:103135
GLEN GRANT LIMITED,SC292101,,,Rothes,AB38 7BS,Beyondly,104794,1,0,,,ORG:104794
Glen Turner Company Ltd,01595703,,,London,WC2B 5DG,Valpak,107392,2,1,Glen Moray Distillery Limited,SC348842,ORG:107392
Glennon Brothers (UK) Limited,SC011487,,,Troon,KA10 6DN,Ecosurety (EA),103039,1,0,,,ORG:103039
GLENRATH FARMS LTD.,SC042166,,,West Linton,EH46 7BD,Comply with Clarity,104331,2,1,GLENRATH EGG PRODUCTS LIMITED,SC440740,ORG:104331
Glens of Antrim Potatoes Ltd,NI030390,,,Belfast,BT3 9DE,Paperpak,106487,1,0,,,ORG:106487
Glenshane Fresh Farm Eggs Limited,NI017971,,,Maghera,BT46 5JQ,Wastepack GB (SEPA),116464,1,0,,,ORG:116464
Glinwell Marketing Limited,02974750,,,Milton Keynes,MK9 1FF,Wastepack GB (SEPA),106747,1,0,,,ORG:106747
Global Brands Limited,03366749,,,Chesterfield,S41 7JB,Comply with Clarity,102587,1,0,,,ORG:102587
GLOBAL CHAIR COMPONENTS LTD,03162189,,,Southwold,IP18 6SY,Beyondly,108351,1,0,,,ORG:108351
Global Ethics Limited,05130101,,,Richmond,TW10 6DQ,Ecosurety (EA),107584,1,0,,,ORG:107584
Global Foods Ltd,01580862,,,Cardiff,CF11 8TS,ERP UK Ltd,107558,1,0,,,ORG:107558
Global Invacom Manufacturing (UK) Limited,02113041,,,Whitstable,CT5 3BJ,Paperpak,106366,1,0,,,ORG:106366
Global Pacific Processors UK Limited,07958754,,,Worcester,WR1 2LB,Comply with Clarity,101658,1,0,,,ORG:101658
Global Stone (Colchester) Ltd,04624375,,,Colchester,CO6 1HX,Wastepack GB (SEPA),104065,1,0,,,ORG:104065
Global Trading U K Limited,01450699,,,London,EN2 8DJ,,107420,1,0,,,ORG:107420
Global Vac Forming Limited,07922841,,,Quorn,LE12 8DX,Veolia (EA),106121,1,0,,,ORG:106121
Globus (Shetland) Limited,SC149147,,,Lerwick,ZE1 0EB,Wastepack GB (SEPA),104295,3,2,Alpha Solway Limited; Vision Lab (Ormskirk) Limited,07491195; SC177721,ORG:104295
Glossop Carton and Print Limited,01682230,,,Stockport,SK4 1NU,Smart Comply (EA),100117,1,0,,,ORG:100117
Glowcroft Limited,02494007,,,Ipswich,IP6 8RW,Comply with Clarity,117065,1,0,,,ORG:117065
Gluecom UK Ltd,13890315,,,Walsall,WS9 8TP,Valpak,116327,6,5,Ace Adhesives Ltd; Adhesives Direct UK Ltd; Aztec Adhesives Ltd; Enterprise Adhesives & Chemicals Ltd; Pafra Adhesives Ltd,00644949; 02014624; 02118556; 02134037; 02943163,ORG:116327
GMA Garnet (Europe) GmbH,,,,Hamburg,20459,Valpak,102646,1,0,,,ORG:102646
GNB Industrial Power (UK) Ltd,02375355,,,Bolton,BL6 6QQ,Valpak,104093,1,0,,,ORG:104093
Go Inspire Group Limited,09903285,,,Leicester,LE3 1UQ,Wastepack GB (SEPA),100805,3,2,Eclipse Colour Print Limited; GI Solutions Group Limited,00655579; 02734835,ORG:100805
Go Superfoods Ltd,08319689,,,Sheffield,S25 3SF,Valpak,111355,1,0,,,ORG:111355
Go-Pak UK Ltd,06786317,,,Bristol,BS37 5NW,Valpak,106169,1,0,,,ORG:106169
Go10 Limited,06015132,,,,WR1 2LB,Packcare,115206,1,0,,,ORG:115206
Goedhuis Waddesdon Ltd,15218543,,,London,EC4A 3DW,Valpak,111491,1,0,,,ORG:111491
Golden Acre Foods Limited,SC252388,,,Staines upon Thames,TW18 3AG,Ecosurety (EA),101109,1,0,,,ORG:101109
Golden Bear Products Ltd,01414582,,,Telford,TF1 7EY,Valpak,100575,1,0,,,ORG:100575
Golden Casket (Greenock) Ltd,00102916,,,Bude,EX23 0ER,Valpak,103292,1,0,,,ORG:103292
Golden Fry Foods Ltd,00693036,,,Wetherby,LS22 7DW,Valpak,103151,1,0,,,ORG:103151
Golden Glen Ltd,NI026862,,,Lisburn,BT28 2LU,ERP UK Ltd,107401,1,0,,,ORG:107401
Goldland Merchants Limited,NI041301,,,Enniskillen,BT92 7PP,ERP UK Ltd,104595,1,0,,,ORG:104595
Goldtique Ltd,03583402,,,Barnet,EN5 5UZ,Valpak,107366,4,3,Heathplace Ltd; Hillcrest Catering Co Ltd; Inspection Ltd,00988614; 03065897; 04217868,ORG:107366
Golf Holdings Limited,NI042002,,,Belfast,BT3 9BU,Wastepack Northern Ireland (NIEA),104986,7,6,James E. McCabe Limited; Philip Russell Limited; Property Management Services (N.I.) Limited; Regency Hotel (Northern Ireland) Limited; Wine Inns Limited; Winemark the Wine Merchants Limited,NI006303; NI007326; NI008313; NI010566; NI012481; NI012743,ORG:104986
Golfclubs4cash Ltd,SC490678,,,Loanhead,EH20 9LZ,Valpak Scotland Ltd (SEPA),108599,1,0,,,ORG:108599
Gompels HealthCare Limited,04416138,,,Melksham,SN12 6GX,Comply with Clarity,106677,1,0,,,ORG:106677
Gonzalez Byass UK Limited,05036529,,,London,WC1H 9LG,Comply with Clarity,106092,1,0,,,ORG:106092
Good Food Wines Ltd,01790019,,,Worksop,S81 7QF,Valpak,104214,1,0,,,ORG:104214
Good Natured (Happy Monkey) Ltd,06205216,,,Halstead,C09 3AH,Valpak,107972,1,0,,,ORG:107972
GOOD PAIR DAYS LTD,13585473,,,London,W4 5LX,,115321,1,0,,,ORG:115321
GOODRAYS LTD,12567100,,,London,N13 4BS,Beyondly,116749,1,0,,,ORG:116749
Goodwin plc,00305907,,,Stoke-on-Trent,ST1 3NR,Valpak,106688,8,7,AVD Fire Limited; Dupre Minerals Ltd; Duvelco Limited; Goodwin International Ltd; Goodwin Refractory Services Ltd; Goodwin Steel Castings Ltd; Hoben International Ltd,00468115; 00597683; 00632213; 00781808; 01797882; 12422228; 14933398,ORG:106688
Google Commerce Ltd UK Establishment,BR017040,,,London,SW1W 9TQ,Valpak,103535,1,0,,,ORG:103535
Goonvean Holdings Limited,06940012,,,St Austell,PL26 7QF,Paperpak,100580,7,6,Dura-ID Solutions Limited; Goonvean Electronics Limited; Goonvean Fibres Limited; North Devon Electronics Limited; Precision Casting Limited; R.H. Fibreboard Containers Limited,00736055; 01109299; 01509242; 01639802; 04735337; 11051129,ORG:100580
Gordian Strapping Limited,00331258,,,Basingstoke,RG21 6XX,Ecosurety (EA),106126,1,0,,,ORG:106126
GORDON RHODES & SON LIMITED,08965543,,,Bradford,BD5 8HW,Beyondly,105975,1,0,,,ORG:105975
Gore Hall Produce Limited,01642080,,,Nr Southport,PR9 8EB,Ecosurety (EA),104883,1,0,,,ORG:104883
Gorgemead Limited,01425062,,,Lostock,BL6 4SA,Wastepack GB (SEPA),103210,1,0,,,ORG:103210
Gorilla Glue Europe Ltd,09219236,,,Chorley,PR7 7NA,Valpak,101210,1,0,,,ORG:101210
Gortmerron Supermarket Ltd,NI604595,,,Dungannon,BT71 6LS,Scotpak (SEPA),115000,1,0,,,ORG:115000
Gosh! Food Ltd,04431334,,,Milton Keynes,MK10 0BD,Valpak,107793,1,0,,,ORG:107793
Gould International UK Limited,00291620,,,Leatherhead,KT22 7SL,Smart Comply (EA),100844,1,0,,,ORG:100844
Gourmet Classic Limited,03530530,,,Ringwood,BH24 1SF,,106985,1,0,,,ORG:106985
Gowine Ltd,03316848,,,Stourbridge,DY7 5EP,Valpak,115697,1,0,,,ORG:115697
Gozney Group Ltd,07200046,,,Bournemouth,BH2 5LP,Valpak,106214,1,0,,,ORG:106214
GPA Global UK Ltd,03175885,,,Royston,SG8 0SS,Valpak,101592,1,0,,,ORG:101592
GPI Cambridge Limited,01256083,,,London,E14 5HU,Paperpak,108272,1,0,,,ORG:108272
GPI Highbridge Limited,06371607,,,London,E14 5HU,Comply with Clarity,103260,1,0,,,ORG:103260
GPI Rotherham Limited,05862237,,,London,E14 5HU,Paperpak,102804,1,0,,,ORG:102804
GPR TOPCO LTD,16559900,,,Pembroke Dock,SA72 4RW,,117903,2,1,Genpower Ltd,05758983,ORG:117903
GPS Food Group (UK) Limited,06610850,,,Waltham Cross,EN8 7NX,ERP UK Ltd,106298,4,3,DEARBOY PETCARE LIMITED; Essex Farm Foods Ltd; Pinnacle Foods Limited,06233958; 09523207; 14621070,ORG:106298
Grace Foods UK Limited,00094632,,,Welwyn Garden City,AL7 1HW,Wastepack GB (SEPA),103817,1,0,,,ORG:103817
Gradus Limited,02152465,,,Altrincham,WA14 2DT,Ecosurety (EA),106285,1,0,,,ORG:106285
Graeme Ellisdon Limited,03056677,,,Great Gaddesden,HP2 6HD,Smart Comply (EA),106384,1,0,,,ORG:106384
Graft Wine Company Limited,08111454,,,Guildford,GU1 3UW,Wastepack GB (SEPA),115506,1,0,,,ORG:115506
GRAFTON GROUP (UK) PUBLIC LIMITED COMPANY,02886378,,,Wythall,B47 6LW,Biffpack,105463,7,6,CPI MORTARS (NORTH) LIMITED; LSDM LIMITED; MACNAUGHTON BLAIR LIMITED; SELCO TRADE CENTRES LIMITED; STAIRBOX LIMITED; T.G. LYNES LTD.,00287486; 02182671; 02826699; 08796521; 11252778; NI023032,ORG:105463
GRAFTON INTERNATIONAL LIMITED,03279497,,,Tamworth,B77 5PT,Beyondly,100639,2,1,THE EYELASH EMPORIUM LIMITED,06744593,ORG:100639
Graham and Green Limited,01262819,,,Bath,BA1 5BG,Kite Environmental Solutions,101103,1,0,,,ORG:101103
Graham's the Family Dairy Group Limited,SC317473,,,Bridge Of Allan,FK9 4RW,,116174,3,2,Graham's The Family Dairy (Milk Products) Limited; Graham's the Family Dairy Limited,SC312966; SC520864,ORG:116174
Grange Fencing Limited,01273959,,,Much Wenlock,TF13 6DD,Smart Comply (EA),107382,1,0,,,ORG:107382
Grangers International Ltd,00327936,,,Chesterfield,S44 5FD,Valpak,101331,1,0,,,ORG:101331
GRANIT PARTS Ltd Partnership,LP010571,,,Peterborough,PE2 6YQ,Packcare,107005,1,0,,,ORG:107005
GRANT & BOWMAN LIMITED,00918578,,,Lower Road,WD3 5LH,Beyondly,103786,1,0,,,ORG:103786
Grant Engineering (UK) Limited,03196757,,,Swindon,SN5 8YG,Comply with Clarity,107162,1,0,,,ORG:107162
GRANTS OAK SMOKED LTD,07207187,,,Cockermouth,CA13 9LQ,Biffpack,104191,1,0,,,ORG:104191
Granville Oil & Chemicals Ltd,01054646,,,Rotherham,S63 9BL,Valpak,101118,1,0,,,ORG:101118
Grapes Direct Limited,03853590,,,Maidstone,ME18 6ET,Ecosurety (EA),102138,1,0,,,ORG:102138
Graphic & Paper Merchants Northern Ireland Limited,NI631045,,,,BT1 5EF,Smart Comply (EA),114777,1,0,,,ORG:114777
Graphic Image Films LTD,02511083,,,Banbury,OX16 3TB,Comply with Clarity,105328,1,0,,,ORG:105328
Graphic Packaging International Europe UK Ltd,00709093,,,London,E14 5HU,Valpak,104853,4,3,Graphic Packaging International Bardon Ltd; Graphic Packaging International Gateshead Ltd; Graphic Packaging International Ltd,00550953; 01298663; 02231043,ORG:104853
Graphic Packaging International Foodservice Europe Ltd,00497043,,,London,E14 5HU,Kite Environmental Solutions,102796,1,0,,,ORG:102796
Gratnells Ltd,00359473,,,Cambridge,CB23 8AG,Valpak,108155,1,0,,,ORG:108155
Gravity Drinks Ltd,10352017,,,London,WC1N 3GS,Valpak,115200,1,0,,,ORG:115200
Green & Brown Ltd,07318566,,,Huddersfield,HD5 0RH,Beyondly,106715,1,0,,,ORG:106715
Green Energy Options Ltd,05783558,,,Cambridge,CB23 7QS,Packcare,103734,1,0,,,ORG:103734
Green Fun Alliance Ltd,11779282,,,Salisbury,SP4 7RT,ERP UK Ltd,107132,1,0,,,ORG:107132
Green Gourmet Limited,02597350,,,Stroud,GL6 6NU,Ecosurety (EA),105017,1,0,,,ORG:105017
Green Label Foods Ltd.,03749653,,,Woodbridge,IP13 6JW,Wastepack GB (SEPA),101911,1,0,,,ORG:101911
Green Rock Group,13604182,,,Wrexham,LL13 8UG,,111817,1,0,,,ORG:111817
Green Sheep Group Ltd,05940523,,,Stratford-Upon-Avon,CV37 0JE,Valpak,105287,1,0,,,ORG:105287
Green Team Christmas Trees Limited,SC316888,,,Inverurie,AB51 5LX,Comply with Clarity,102956,1,0,,,ORG:102956
Greenbrook Industries Ltd,02210812,,,Harlow,CM20 2BG,Valpak,105036,1,0,,,ORG:105036
GREENCORE FOODS LIMITED,07441672,,,Worksop,S80 2RS,Beyondly,107571,4,3,GREENCORE FOOD TO GO LIMITED; GREENCORE GROCERY LIMITED; GREENCORE PREPARED MEALS LIMITED,00298325; 00721411; 01754279,ORG:107571
Greencroft Bottling Company Limited,04768870,,,Annfield Plain,DH9 7XP,Wastepack GB (SEPA),105842,1,0,,,ORG:105842
GREENE KING LIMITED,00024511,,,Bury St Edmunds,IP33 1QT,Biffpack,115061,2,1,GREENE KING BREWING AND RETAILING LIMITED,03298903,ORG:115061
Greenfields Ireland Limited,NI026972,,,Belfast,BT3 9JP,Ecosurety (EA),102849,1,0,,,ORG:102849
Greenhalgh's Craft Bakery Limited,00580014,,,Bolton,BL6 4BU,Paperpak,102538,1,0,,,ORG:102538
Greens Desserts UK Ltd,09669249,,,Doncaster,DN4 5NU,Valpak,105403,1,0,,,ORG:105403
Greenwood & Coope Limited,00200956,,,Bury,BL8 4HR,Paperpak,102848,1,0,,,ORG:102848
Greenyard Frozen UK Ltd,04423715,,,King's Lynn,PE30 4WS,Valpak,101986,1,0,,,ORG:101986
Gregal (UK) Limited,02995690,,,Spalding,PE11 3SW,Wastepack GB (SEPA),101147,1,0,,,ORG:101147
GREGGS PLC,00502851,,,Newcastle Upon Tyne,NE12 8BU,Biffpack,102797,1,0,,,ORG:102797
Greif Delta Plastics UK Ltd,12687368,,,Ellesmere Port,CH65 4EZ,Valpak,103509,1,0,,,ORG:103509
Greif UK Ltd,06633687,,,South Wirral,CH65 4EZ,Valpak,101709,1,0,,,ORG:101709
Greif UK Plastics Ltd,02612195,,,Crewe,CW1 6YA,ERP UK Ltd,101780,1,0,,,ORG:101780
Greiner Bio-One Limited,02734565,,,Stonehouse,GL10 3XG,Ecosurety (EA),101036,1,0,,,ORG:101036
Greiner Packaging Limited,NI008578,,,Dungannon,BT71 6LN,,107968,1,0,,,ORG:107968
Grenade (UK) Limited,06978658,,,Birmingham,B30 2HP,Kite Environmental Solutions,107959,1,0,,,ORG:107959
GRENADIER PACKAGING CORRUGATED LIMITED,01850712,,,Huntingdon,PE19 2HF,Valpak,105276,1,0,,,ORG:105276
Gresham Office Furniture Limited,01284733,,,BOLTON,BL6 4SA,,104271,1,0,,,ORG:104271
Gretsch-Unitas Limited,02320713,,,Coventry,CV5 6UR,Paperpak,106310,1,0,,,ORG:106310
Grey Technology Ltd,04320113,,,Worcester,WR4 9FB,ERP UK Ltd,102611,1,0,,,ORG:102611
Greyhound Box Ltd,02651919,,,Leeds,LS10 2BR,Valpak,102013,1,0,,,ORG:102013
Greyland Ltd,03679207,,,Dukinfield,SK16 4PP,Wastepack GB (SEPA),102803,1,0,,,ORG:102803
GRIFFIN & BRAND (EUROPEAN) LIMITED,00900348,,,Ashford,TN23 4TU,Beyondly,101614,1,0,,,ORG:101614
Griffith Foods Limited,00954742,,,Alfreton,DE55 4NN,Ecosurety (EA),100816,1,0,,,ORG:100816
Griffith Foods Wincanton Ltd,02341727,,,Alfreton,DE55 4NN,Kite Environmental Solutions,100888,1,0,,,ORG:100888
Gripple Limited,01772901,,,Sheffield,S4 7UQ,Kite Environmental Solutions,106138,1,0,,,ORG:106138
Grocery Delivery E-Services UK Ltd.,07893709,,,London,EC2A 2EZ,Wastepack GB (SEPA),103867,1,0,,,ORG:103867
Grohe Ltd,00770795,,,Hounslow,TW6 2SF,Valpak,114722,1,0,,,ORG:114722
Grolman Limited,04252495,,,Portskewett,NP26 5PY,ERP UK Ltd,105581,1,0,,,ORG:105581
Group55 Limited,04613458,,,Chorley,PR7 1NH,Paperpak,108511,1,0,,,ORG:108511
Groupe SEB UK Limited,01450244,,,Datchet,SL3 9LL,REPIC,104650,1,0,,,ORG:104650
GROVE DAIRY LTD,NI641620,,,CASTLEDERG,BT81 7EF,Comply with Clarity,111267,1,0,,,ORG:111267
Groves Of Thame (Holdings) Ltd,08872232,,,Thame,OX9 2ED,Valpak,116849,3,2,Adjustoform Products Ltd; Groves of Thame Ltd,00899244; 01204782,ORG:116849
Grovewell Garden Centres Ltd,06293326,,,London,N3 2JX,Comply with Clarity,106721,1,0,,,ORG:106721
Growth Technology Limited,02766792,,,Taunton,TA2 6BX,Ecosurety (EA),108414,1,0,,,ORG:108414
GRS BUILDING PRODUCTS LIMITED,03916174,,,Nuneaton,CV10 7RJ,,104620,1,0,,,ORG:104620
Grundfos Pumps Limited,00805960,,,Leighton Buzzard,LU7 4TL,Wastepack GB (SEPA),105606,3,2,Grundfos Manufacturing Limited; Grundfos Watermill Limited,01152723; 01666445,ORG:105606
Grunenthal Meds UK Ltd,SC742341,,,Galashiels,TD1 1QH,Valpak Scotland Ltd (SEPA),116907,1,0,,,ORG:116907
Grupo Antolin Leamington Limited,03477767,,,Leamington Spa,CV34 6RH,Wastepack GB (SEPA),103843,1,0,,,ORG:103843
GRUPO BIMBO UK LIMITED,04571039,,,Rotherham,S64 8AB,Biffpack,100997,3,2,BARCEL SNACKS UK LIMITED; ST PIERRE GROUPE LIMITED,03259222; 15364357,ORG:100997
GS Yuasa Battery Europe Limited,04387136,,,Swindon,SN3 5FB,Wastepack GB (SEPA),107121,3,2,GS Yuasa Battery Manufacturing UK Limited; GS Yuasa Battery Sales UK Limited,01548820; 01561536,ORG:107121
GSF CAR PARTS LIMITED,01779084,,,London,EC3A 7BA,Biffpack,107410,1,0,,,ORG:107410
Gtek Foods Limited,06503594,,,Ware,SG11 2EB,Wastepack GB (SEPA),100771,1,0,,,ORG:100771
Gu Indulgent Foods Limited,07104090,,,Bishop's Stortford,CM23 5PA,Comply with Clarity,103434,1,0,,,ORG:103434
Guala Closures U.K. Ltd,SC043087,,,Glasgow,G69 8GQ,Valpak Scotland Ltd (SEPA),102569,2,1,Guala Closures UCP Ltd,SC119026,ORG:102569
Guardian Glass UK Ltd,08288067,,,Goole,DN14 8GA,Valpak,114393,1,0,,,ORG:114393
Guardian Industries U.K. Ltd,04139456,,,Goole,DN14 8GA,Valpak,111055,1,0,,,ORG:111055
Gucci Ltd,00710688,,,Haywards Heath,RH16 3BW,Valpak,105209,1,0,,,ORG:105209
Guenther Bakeries UK Limited,05359892,,,Heywood,OL10 2TN,Wastepack GB (SEPA),107865,1,0,,,ORG:107865
Guerlain Ltd,00317311,,,Hersham,KT12 4NH,Valpak,115859,1,0,,,ORG:115859
Guess U.K. Ltd,05304239,,,Lewes,BN7 1JU,Valpak,116404,1,0,,,ORG:116404
GUSBOURNE ESTATE LIMITED,07665948,,,Appledore,TN26 2BE,Beyondly,106857,1,0,,,ORG:106857
Guylian (UK) Ltd,04058815,,,Kidlington,OX5 1LQ,Paperpak,100184,1,0,,,ORG:100184
Gwalia Healthcare Ltd,09421356,,,Pontypridd,CF37 5TF,Valpak,100544,1,0,,,ORG:100544
Gwynt Y Ddraig Cider Ltd,05159926,,,Pontypridd,CF38 2PW,Kite Environmental Solutions,114590,1,0,,,ORG:114590
GXO Logistics Drinks Ltd,05761433,,,Northampton,NN1 5GE,ERP UK Ltd,103163,1,0,,,ORG:103163
GXO Logistics FST Ltd,12306472,,,Northampton,NN1 5GE,ERP UK Ltd,103174,1,0,,,ORG:103174
GXO Logistics UK Ltd,SC037270,,,Edinburgh,EH3 8RY,ERP UK Ltd,103152,1,0,,,ORG:103152
GYMAX LIMITED,10713300,,,Ipswich,IP1 1UR,,115765,1,0,,,ORG:115765
Gymshark Ltd,08130873,,,Solihull,B90 8AB,Valpak,101821,1,0,,,ORG:101821
H & B Supplies Limited,03558798,,,Cardiff,CF3 2PY,Wastepack GB (SEPA),100362,1,0,,,ORG:100362
H & K Distribution Limited,05714097,,,Rugby,CV21 1QN,Ecosurety (EA),107461,1,0,,,ORG:107461
H C SLINGSBY P L C,00452716,,,Shipley,BD17 7LW,Beyondly,105749,2,1,ESE DIRECT LIMITED,01279230,ORG:105749
H G Walter Limited,07632944,,,London,NW10 7FW,Ecosurety (EA),116181,1,0,,,ORG:116181
H H ASSOCIATES LIMITED,02671533,,,London,EC2N 4AY,Beyondly,111776,1,0,,,ORG:111776
H MART EUROPE LIMITED,06879552,,,New Malden,KT3 3NW,Biffpack,105410,1,0,,,ORG:105410
H N Nuttall Limited,00362138,,,Hyde,SK14 4LF,ERP UK Ltd,104508,1,0,,,ORG:104508
H Young Holdings Plc,00194944,,,Newbury,RG14 1BD,Valpak,100232,3,2,H Young (Operations) Ltd; Rohan Designs Ltd,00706712; 01567549,ORG:100232
H&M HENNES & MAURITZ UK LIMITED,01413450,,,London,W1D 1NN,Comply with Clarity,101481,1,0,,,ORG:101481
H&M HENNES & MAURITZ UK SERVICES LIMITED,12117130,,,London,W1D 1NN,Comply with Clarity,106076,1,0,,,ORG:106076
H&R Chempharm (UK) Limited,05641816,,,Tipton,DY4 8EH,Wastepack GB (SEPA),106984,1,0,,,ORG:106984
H+H UK LIMITED,00247647,,,Sevenoaks,TN15 9HZ,Beyondly,101125,1,0,,,ORG:101125
H-PACK Packaging UK Ltd,10489209,,,Wrexham,LL12 0PG,Valpak,112475,1,0,,,ORG:112475
H. BUTTERFIELD LIMITED,00317566,,,Beds,LU4 8QF,Biffpack,108237,1,0,,,ORG:108237
H.B. FOOD SERVICES LTD,04160293,,,DEWSBURY,WF13 2NA,Beyondly,116910,1,0,,,ORG:116910
H.B. Fuller U.K. Manufacturing Ltd,04180340,,,Dukinfield,SK16 4XE,Valpak,100393,2,1,Kommerling UK Ltd,04028071,ORG:100393
H.Bauer Publishing Limited,02147090,,,Peterborough,PE2 6EA,Ecosurety (EA),111273,2,1,Bauer Consumer Media Limited,01176085,ORG:111273
H.G. Gladwell & Sons Limited,00655853,,,Ipswich,IP8 3LA,Wastepack GB (SEPA),103435,1,0,,,ORG:103435
H.G. Stephenson Ltd,00065741,,,Stockport,SK2 6EQ,Valpak,108625,1,0,,,ORG:108625
H.GEDDES & SONS LIMITED,00458436,,,Walsall,WS9 0DH,Biffpack,101897,1,0,,,ORG:101897
H.I.WELDRICK LIMITED,00623420,,,Doncaster,DN4 5HZ,Biffpack,112707,1,0,,,ORG:112707
H.J. Heinz Foods UK Limited,08322668,,,London,SE1 9SG,Ecosurety (EA),102909,1,0,,,ORG:102909
H.J. Heinz Manufacturing UK Limited,00147624,,,London,SE1 9SG,Ecosurety (EA),102568,1,0,,,ORG:102568
H.J. Langdon & Co (UK) Limited,02562825,,,London,SE1 0BE,Paperpak,100126,1,0,,,ORG:100126
H.L. Hutchinson Ltd,00446633,,,Wisbech,PE13 2RN,Valpak,100609,1,0,,,ORG:100609
H.M.G Powder Coatings Ltd,NI021911,,,BELFAST,BT6 9HU,Comply with Clarity,108609,1,0,,,ORG:108609
H.S.Jackson & Son (Fencing) Ltd,00910291,,,Berkshire,RG12 1RB,Valpak,102312,2,1,Autogate Systems Ltd,06163675,ORG:102312
H.TEMPEST LIMITED,00374510,,,St. Ives,TR26 3HU,Biffpack,104415,1,0,,,ORG:104415
H.Weston & Sons Limited,00672234,,,Ledbury,HR8 2NQ,Ecosurety (EA),100080,1,0,,,ORG:100080
H2 Portes Topco Ltd,10900918,,,Doncaster,DN3 1QR,ERP UK Ltd,101916,3,2,BA Clic Components Ltd; BA Kitchen Components Ltd,NI029035; NI635621,ORG:101916
HABASIT (UK) LIMITED,03712188,,,Elland,HX5 9AF,Biffpack,103845,1,0,,,ORG:103845
Hach Lange Ltd,01029281,,,Manchester,M50 3XW,,105678,1,0,,,ORG:105678
Hachette Partworks Ltd,03642341,,,London,N1 6EB,Valpak,103748,1,0,,,ORG:103748
Hachette UK (Holdings) Limited,03701589,,,London,EC4Y 0DZ,Veolia (EA),103820,7,6,Hachette UK Distribution Limited; Headline Publishing Group Limited; Hodder & Stoughton Limited; Little  Brown Book Group Limited; Octopus Publishing Group Limited; The Orion Publishing Group Limited,00651692; 02304585; 02663988; 02782638; 03541391; 03597451,ORG:103820
Hacker UK Limited,01512032,,,Covent Garden,WC2B 5AH,Wastepack GB (SEPA),103262,1,0,,,ORG:103262
Hackney Gelato Limited,10940084,,,London,E17 5QJ,,115840,1,0,,,ORG:115840
Hadley Industries Holdings Limited,00831538,,,Smethwick,B66 2PA,Comply with Clarity,103699,1,0,,,ORG:103699
Haemmerlin Limited,01943934,,,Walsall,WS1 4NX,Veolia (EA),102651,1,0,,,ORG:102651
HAFELE U.K. LIMITED,01486136,,,Rugby,CV21 1RD,Beyondly,108105,1,0,,,ORG:108105
Hager UK Ltd,03201490,,,Telford,TF1 7FT,Valpak,108637,2,1,Hager Ltd,01551990,ORG:108637
HAGUE PRINT MEDIA SUPPLIES LIMITED,02984490,,,Normanton,WF6 1TD,Beyondly,115922,4,3,HAGUE COMPUTER SUPPLIES LIMITED; PRINT SEARCH LIMITED; PSL Print Management Ltd,01116162; 01500566; 02084294,ORG:115922
Haier HVAC Solutions UK Ltd,09225277,,,Whyteleafe,CR3 0AA,ERP UK Ltd,100058,1,0,,,ORG:100058
Haier Smart Home UK & I Ltd,02521528,,,Warrington,WA3 6XG,REPIC,103881,1,0,,,ORG:103881
Hain Celestial UK Limited,07958787,,,Leeds,LS15 8GB,Ecosurety (EA),115042,3,2,Daniels Chilled Foods Limited; Farmhouse Fare Limited,03102559; 04304990,ORG:115042
Hain Frozen Foods UK Limited,05830980,,,Leeds,LS15 8GB,Ecosurety (EA),104802,1,0,,,ORG:104802
Hair Tools Ltd,03115652,,,Ravensthorpe,WF13 3JY,Packcare,103741,1,0,,,ORG:103741
Haldane Fisher Limited,NI024075,,,Newry,BT35 6QQ,Scotpak (SEPA),102934,1,0,,,ORG:102934
Haleon UK Trading Limited,09237643,,,Weybridge,KT13 0NY,Veolia (EA),106798,1,0,,,ORG:106798
HALF MOON BAY LIMITED,03129562,,,Melksham,SN12 6TS,Biffpack,104912,1,0,,,ORG:104912
Halfords Group PLC,04457314,,,Redditch,B98 0DE,Comply with Clarity,106832,1,0,,,ORG:106832
Hall & Associates (Marketing) Ltd,02238331,,,York,YO26 6RS,Valpak,102535,1,0,,,ORG:102535
Hall & Pickles 1812 Limited,03162309,,,Poynton Stockport,SK12 1NB,Comply with Clarity,105280,1,0,,,ORG:105280
Hall & Roberts (Holdings) Limited,11233867,,,Widnes,WA8 0QN,Ecosurety (EA),102218,3,2,Hall & Roberts (Provisions) Limited; Heathfield Provisions Limited,01227582; 03321272,ORG:102218
Hall and Woodhouse Limited,00057696,,,Blandford Forum,DT119LS,Comply with Clarity,106748,1,0,,,ORG:106748
Hallgarten Wines Ltd,00432433,,,London,W1K 3JB,Valpak,100762,1,0,,,ORG:100762
Halliburton Manufacturing and Services Limited,00611451,,,London,W4 5RP,Wastepack GB (SEPA),100707,1,0,,,ORG:100707
Hallis-Hudson Group Limited,01290285,,,Preston,PR2 5NJ,Wastepack GB (SEPA),117232,1,0,,,ORG:117232
HALLITE SEALS INTERNATIONAL LIMITED,00310223,,,Staffordshire,ST4 4EY,Beyondly,105703,1,0,,,ORG:105703
Hallmark Cards Plc,03414540,,,Bradford,BD4 6HN,Beyondly,100839,1,0,,,ORG:100839
HALLMARK CONSUMER SERVICES LIMITED,02695475,,,Leicester,LE13 1FF,Biffpack,101733,1,0,,,ORG:101733
Hallmark Labels,,,,LOUGHTON,IG10 3TZ,Comply with Clarity,117043,1,0,,,ORG:117043
HALLS FURNISHINGS LTD,05070872,,,Manchester,M16 0NL,Biffpack,105804,1,0,,,ORG:105804
Halma Public Limited Company,00040932,,,Amersham,HP7 0DE,Wastepack GB (SEPA),114290,29,28,ASL Holdings Limited; Advanced Electronics Limited; Alpha Moisture Systems Limited; Ampac Europe Limited; Apollo Fire Detectors Limited; Avire Trading Limited; Castell Safety International Limited; Cranford Controls Limited; Crowcon Detection Instruments Limited; Diba Industries Limited; Elfab Limited; FFE Limited; Fortress Interlocks Limited; HWM-Water Limited; Hyfire Wireless Fire Solutions Limited; Keeler Limited; M.K. Test Systems LTD.; MiniCam Ltd; Navtech Radar Limited; Nimbus Digital Solutions Ltd; Nuvonic Limited; Palintest Limited; Ramtech Electronics Limited; Rohrback Cosasco Systems UK Limited; Shaw Moisture Meters (U.K.) Limited; Static Systems Group Limited; Thermocable (Flexible Elements) Limited; Zonegreen Limited,00408759; 00747791; 00853197; 00978878; 01138135; 01192710; 01204118; 01312085; 01331299; 01463016; 01473077; 01483208; 01514709; 01811556; 02538255; 02706775; 02730480; 03133467; 03653088; 03699400; 03728693; 03750100; 03902302; 04402008; 04982382; 06393298; 06567207; 10249656,ORG:114290
Halo Foods Ltd,02411911,,,Newport,NP19 4XA,Valpak,104611,1,0,,,ORG:104611
Haltermann Carless UK Limited,00429315,,,Leatherhead,KT22 9RX,,107498,1,0,,,ORG:107498
Hamble Distribution Ltd,SC076058,,,Glasgow,G3 6DR,Valpak Scotland Ltd (SEPA),100693,1,0,,,ORG:100693
Hambleside Danelaw Limited,01252230,,,Daventry,NN11 4NR,Veolia (EA),105140,1,0,,,ORG:105140
Hamelin Brands Limited,05680323,,,Red Lodge,IP28 8WG,Ecosurety (EA),100936,1,0,,,ORG:100936
Hameln Pharma Ltd,01034697,,,Gloucester,GL3 4AG,Kite Environmental Solutions,101382,1,0,,,ORG:101382
HAMILTON'S FOODHALLS LTD,NI031779,,,Co. Tyrone,BT81 7AZ,Biffpack,111314,1,0,,,ORG:111314
Hamilton-Schades Labels Limited,15918206,,,Ripley,DE5 3RZ,,111405,1,0,,,ORG:111405
Hamleys of London Limited,02287862,,,London,SW1P 1BB,Veolia (EA),106683,1,0,,,ORG:106683
Hammond Chemicals Limited,00964829,,,Brierley Hill,DY5 1JR,Veolia (EA),100815,1,0,,,ORG:100815
Hammond Food Oils Ltd,07045646,,,Nottingham,NG5 8PB,Valpak,117601,1,0,,,ORG:117601
Hammond Produce Ltd,03776727,,,Nottingham,NG5 8PB,Valpak,103094,1,0,,,ORG:103094
Hammonds Furniture Ltd,01320508,,,Hinckley,LE10 3QQ,Comply with Clarity,108560,1,0,,,ORG:108560
HAMPTON STEEL LIMITED,02627261,,,Wellingborough,NN8 4NL,Beyondly,104422,1,0,,,ORG:104422
Hana Group UK Limited,10098377,,,London,SW15 2TN,Ecosurety (EA),115777,1,0,,,ORG:115777
Handmade Speciality Products Limited,07030982,,,Ingatestone,CM4 9DW,Veolia (EA),102024,1,0,,,ORG:102024
Hanmere Polythene Ltd,00876107,,,Letchworth,SG6 1HD,Valpak,108120,1,0,,,ORG:108120
Hansgrohe Limited,02485328,,,Warwick,CV34 6XQ,Ecosurety (EA),101836,1,0,,,ORG:101836
Hanson Limited,04626078,,,Maidenhead,SL6 8QZ,Veolia (EA),106317,1,0,,,ORG:106317
Hanson Plywood Limited,00336717,,,Halifax,HX3 6RL,Wastepack GB (SEPA),103903,1,0,,,ORG:103903
HAPPY PET PRODUCTS LIMITED,04246736,,,Leicester,LE7 1GU,Beyondly,103083,1,0,,,ORG:103083
HAPPY PLANTS LIMITED,08757301,,,Preston,PR4 6SN,,107723,1,0,,,ORG:107723
Harada Industries (Europe) Limited,02400282,,,Birmingham,B32 3BZ,Wastepack GB (SEPA),101201,1,0,,,ORG:101201
Harbor Lights Entertainment (UK) Limited,02141131,,,Nottingham,NG7 2UW,Veolia (EA),105407,1,0,,,ORG:105407
HARBRO LIMITED,SC230773,,,Aberdeenshire,AB53 4PA,Beyondly,117372,1,0,,,ORG:117372
Hardroad Limited,07631475,,,Carnforth,LA5 9JZ,Comply with Clarity,116136,5,4,BORDER AGGREGATES LIMITED; HAMILTON & BRYDIE LIMITED; LLOYD'S SPAR QUARRIES (MOLD) LIMITED; PEAKDALE QUARRY PRODUCTS LIMITED,00356213; 02737381; 03730173; SC301415,ORG:116136
HARKE UK MANAGEMENT LIMITED,13262522,,,Manchester,M41 9JQ,,117115,1,0,,,ORG:117115
Harlech Foodservice Limited,01413059,,,Criccieth,LL52 0LJ,Ecosurety (EA),102145,1,0,,,ORG:102145
Harlequinn Limited,03401153,,,Pontyclun,CF72 9EW,Paperpak,105641,1,0,,,ORG:105641
Harley-Davidson Europe Ltd,02358344,,,Abingdon,OX14 4SD,Valpak,105784,1,0,,,ORG:105784
Harleys Corrugated Cases Limited,00880424,,,Leicester,LE4 8JF,Paperpak,101215,1,0,,,ORG:101215
Harlow Timber Group Ltd,13794223,,,Loughborough,LE12 5DE,Valpak,106816,5,4,Harlow Bros. Ltd; Harlow Timber Systems (Eastern) Ltd; Harlow Timber Systems Ltd; Harlows Kidderminster LLP,00907445; 01293560; 01801353; OC330392,ORG:106816
Harman International Industries Ltd,01485558,,,Hemel Hempstead,HP3 9TD,REPIC,117040,1,0,,,ORG:117040
Harp International Limited,02432294,,,Pontypridd,CF37 5SX,Ecosurety (EA),102561,1,0,,,ORG:102561
Harper's Home Mix Ltd,02737188,,,Holsworthy,EX22 6ER,Valpak,104541,1,0,,,ORG:104541
HarperCollins Publishers Limited,SC027389,,,GLASGOW,G33 1JN,,108308,1,0,,,ORG:108308
HARRIS & BAILEY LIMITED,00129871,,,Surrey,CR9 6BR,Biffpack,101530,1,0,,,ORG:101530
HARRISON BATHROOMS LIMITED,07029876,,,Harrogate,HG3 1GY,Beyondly,106676,1,0,,,ORG:106676
Harrison Spinks Beds Ltd,00277690,,,Leeds,LS11 5SB,Wastepack GB (SEPA),111670,1,0,,,ORG:111670
Harrod UK Limited,00875029,,,Lowestoft,NR33 7NL,Wastepack GB (SEPA),102570,1,0,,,ORG:102570
Harrods Group (Holding) Limited,05990648,,,London,SW1X 7XL,,115537,4,3,Harrods Beauty; Harrods Limited; Harrods international Limited,00030209; 00099442; 00676533,ORG:115537
HARROW BUSINESS SERVICES LIMITED,07470615,,,Colchester,CO4 9BP,Biffpack,106656,1,0,,,ORG:106656
Harry Corry Limited,NI011994,,,Derriaghy,BT17 9HU,Wastepack Northern Ireland (NIEA),104173,1,0,,,ORG:104173
Harry Ramsden�s Group Limited,04452665,,,Reigate,RH2 9HZ,Comply with Clarity,111337,1,0,,,ORG:111337
HARRY'S GROOMING LIMITED,09938834,,,London,WC2N 4AZ,Beyondly,102209,1,0,,,ORG:102209
Hartford Holdings Group Limited,12417844,,,Huddersfield,HD3 4QG,Wastepack GB (SEPA),108440,4,3,Mantadela Bathroom Company Limited; Thomas Crapper and Company  Limited; Trojan Plastics Limited,00082482; 01995822; 03257914,ORG:108440
HARTMAN OUTDOOR PRODUCTS UK LIMITED,01881797,,,Telford,TF1 7GP,Beyondly,105827,1,0,,,ORG:105827
Hartridges Limited,00286651,,,Hambledon,PO74AE,Comply with Clarity,100515,1,0,,,ORG:100515
Harvey & Son (Lewes) Limited,00235093,,,Lewes,BN7 2AH,Ecosurety (EA),103077,1,0,,,ORG:103077
HARVEY NICHOLS AND COMPANY LIMITED,01774537,,,London,SW1X 7RJ,Biffpack,107107,5,4,HARVEY NICHOLS (OWN BRAND) STORES LIMITED; HARVEY NICHOLS BEAUTY BAZAAR LIMITED; HARVEY NICHOLS REGIONAL STORES LIMITED; HARVEY NICHOLS.COM LIMITED,03869510; 04079425; 04351230; 07855506,ORG:107107
Hasbro U.K. Ltd,01981543,,,Uxbridge,UB11 1ET,Valpak,104430,1,0,,,ORG:104430
HASKETON SMITHFIELD LIMITED,11452800,,,Woodbridge,IP13 6JW,Beyondly,116332,4,3,J.F. EDWARDS (SMITHFIELD) LIMITED; KEN BRIGGS LTD; PETER THOMPSON GROUP LIMITED,01408420; 04761156; 07718791,ORG:116332
Haskins Group Ltd,03901816,,,Ferndown,BH22 9DJ,Valpak,105569,3,2,Birdworld Ltd; Haskins Garden Centres Ltd,00601922; 03368084,ORG:105569
Hastings Hotels Management Limited,NI003445,,,Belfast,BT4 3LP,Ecosurety (EA),116773,1,0,,,ORG:116773
HATCH  MANSFIELD AGENCIES LIMITED,02896078,,,Ascot,SL5 9DJ,Biffpack,107818,1,0,,,ORG:107818
Hatch Brothers Limited,NI640138,,,,BT45 6BB,,104558,1,0,,,ORG:104558
Havwoods Limited,01225320,,,Carnforth,LA5 9FD,Wastepack GB (SEPA),105851,1,0,,,ORG:105851
HAWORTH SCOURING COMPANY LIMITED,01029047,,,West Yorkshire,BD3 9SX,Biffpack,103195,2,1,HAWORTH COMBING COMPANY LIMITED,00695536,ORG:103195
Hay & Brecon Farmers Limited,IP07128R,,,Hay-on-Wye,HR3 5BZ,Wastepack GB (SEPA),111168,1,0,,,ORG:111168
Hayes Fuels,NI627263,,,Dungannon,BT70 TUA,,112694,1,0,,,ORG:112694
Hayley Group Limited,01257303,,,Halesowen,B63 3XL,Paperpak,103846,5,4,Advanced Maintenance Supplies Limited; Bearing Man Limited; Hayley-DIRS Limited; Mercury Bearings Ltd,02399424; 03598993; 03644623; 16005798,ORG:103846
Haynes International Ltd,01209891,,,Manchester,M11 2ER,Packcare,101732,1,0,,,ORG:101732
Haywood and Padgett Limited,02193204,,,Barnsley,S71 3HS,Comply with Clarity,107600,1,0,,,ORG:107600
Hazel 4D,,,,Leeds,LS18 5TN,Beyondly,100725,1,0,,,ORG:100725
HB RTS UK Limited,03504172,,,Droitwich,WR9 0NR,Valpak,111316,1,0,,,ORG:111316
HBI COMMERCE LIMITED,07772128,,,London,EC2R 7HJ,Beyondly,105915,1,0,,,ORG:105915
HC Innovations Ltd,SC430957,,,Perth,PH1 3TS,Paperpak,115737,1,0,,,ORG:115737
HD Plants Limited,03650706,,,Chorley,PR7 1NY,Wastepack GB (SEPA),102953,1,0,,,ORG:102953
Head Sport GmbH,,,,Kennelbach,6921,ERP UK Ltd,106365,1,0,,,ORG:106365
HEAD Watersports S.p.A.,,,,Rapallo (GE),16035,ERP UK Ltd,106887,1,0,,,ORG:106887
Heal's (1810) Limited,12111617,,,London,W1T 7LQ,Wastepack GB (SEPA),105301,1,0,,,ORG:105301
Healthcare 21 (UK) Ltd,05020682,,,Basingstoke,RG24 8PZ,Packcare,117492,1,0,,,ORG:117492
Healthpoint Ltd,03163208,,,Blackpool,FY2 0JN,Valpak,107336,1,0,,,ORG:107336
Healthspan Ltd,,,,St Peter Port,GY1 2QH,Valpak,106505,1,0,,,ORG:106505
Healthy Food Brands Limited,05925078,,,WORTHING,BN11 1QR,Comply with Clarity,105870,1,0,,,ORG:105870
HEALTHY KIDS LIMITED,05446501,,,Kettering,NN16 8NQ,,102313,1,0,,,ORG:102313
Healthy Retail Ltd,06878814,,,London,EC2M 6AB,Valpak,116984,1,0,,,ORG:116984
Healy Chemicals Ltd,03100489,,,Bardon Hill,LE67 1HH,Valpak,103584,1,0,,,ORG:103584
Heataction Ltd,02915880,,,Manchester,M18 8DB,Valpak,114448,1,0,,,ORG:114448
Heathcoat Fabrics Limited,00450787,,,Tiverton,EX16 5LL,Wastepack GB (SEPA),101158,1,0,,,ORG:101158
Heathcote & Ivory Limited,03749171,,,London,NW6 6RD,Ecosurety (EA),100873,1,0,,,ORG:100873
Heather Ale Limited,SC150332,,,Alloa,FK10 1NT,Scotpak (SEPA),106564,1,0,,,ORG:106564
Heatons (NI) Limited,NI035599,,,Belfast,BT1 4NX,Wastepack Northern Ireland (NIEA),103189,1,0,,,ORG:103189
Heaven Scent Incense Limited,03446982,,,Trowbridge,BA14 8EA,Wastepack GB (SEPA),114628,1,0,,,ORG:114628
Heaven Sends Limited,04684442,,,Minworth  Sutton Coldfield,B76 1AL,Wastepack GB (SEPA),101843,1,0,,,ORG:101843
Heavy Duty Parts Limited,03002981,,,Retford,DN22 7PX,Comply with Clarity,116783,1,0,,,ORG:116783
HECK! FOOD LIMITED,05169232,,,Bedale,DL8 2NL,Beyondly,111519,1,0,,,ORG:111519
Hedonism Drinks Limited,07306044,,,London,W1K 3NB,Wastepack GB (SEPA),115990,2,1,85 PICCADILLY LIMITED,08838693,ORG:115990
Heidelberg Graphic Equipment Ltd,01177224,,,Uxbridge,UB11 1EZ,Valpak,104553,1,0,,,ORG:104553
HEINEKEN BEVERAGES (UK) LIMITED,15189784,,,Woking,GU21 6BG,,116142,1,0,,,ORG:116142
Heineken UK Ltd,SC065527,,,Edinburgh,EH2 2BD,Valpak Scotland Ltd (SEPA),106196,4,3,Beavertown Brewery Ltd; Brixton Brewery Ltd; Star Pubs Trading Limited,03512363; 07704796; 08552778,ORG:106196
Hela Brands Limited,01461548,,,Huddersfield,HD3 4EX,Wastepack GB (SEPA),102103,1,0,,,ORG:102103
Helical Technology Ltd,01413643,,,Lytham,FY8 5AQ,Valpak,105175,1,0,,,ORG:105175
Helios Ingredients Limited,05946527,,,Brentford,TW8 9JQ,Ecosurety (EA),104371,1,0,,,ORG:104371
HELIX TRADING LIMITED,07892742,,,Kingswinford,DY6 7FP,Beyondly,112346,1,0,,,ORG:112346
Hella Ltd,00619585,,,Chipping Warden,OX17 1LL,Paperpak,103532,1,0,,,ORG:103532
Hellermanntyton Ltd,05652018,,,Crawley,RH10 1DQ,Valpak,102120,1,0,,,ORG:102120
Helly Hansen UK Ltd,00791202,,,Nottingham,NG8 6AT,Valpak,114514,1,0,,,ORG:114514
Helm Great Britain Ltd,01196136,,,London,WC2B 5AH,Valpak,108283,1,0,,,ORG:108283
Hemel Ltd,NI026632,,,Dungannon,BT71 7SB,Scotpak (SEPA),102012,1,0,,,ORG:102012
Hemingways Marketing Services Ltd,00453174,,,Ripon,HG4 1PB,Scotpak (SEPA),106585,1,0,,,ORG:106585
Hempel UK Limited,00395704,,,Cwmbran,NP44 3FD,Veolia (EA),101863,1,0,,,ORG:101863
Hen House (Wholesale) Limited,02478315,,,Preston,PR1 7XN,Recycling Lives Compliance Services,105113,2,1,The Fresh Chicken Company Limited,05325765,ORG:105113
Henbrandt Limited,01004573,,,Ipswich,IP3 9SW,Comply with Clarity,104417,1,0,,,ORG:104417
Henkel Ltd,00215496,,,Hemel Hempstead,HP2 4RQ,Valpak,106228,1,0,,,ORG:106228
Henley Bridge Ingredients Limited,03605607,,,Leeds,LS10 2JH,Ecosurety (EA),102007,1,0,,,ORG:102007
Henleys Medical Supplies Ltd,00452882,,,Welwyn Garden City,AL7 1AN,Valpak,106681,1,0,,,ORG:106681
Henllan Bread (UK) Limited,06239991,,,Denbigh,LL16 5TA,,107331,1,0,,,ORG:107331
Hennings Wine Merchants Limited,00666499,,,Pulborough,RH20 1AQ,Wastepack GB (SEPA),103337,1,0,,,ORG:103337
Henry Alty Limited,00105398,,,Preston,PR4 5JT,Ecosurety (EA),102071,1,0,,,ORG:102071
Henry Bell & Co (Grantham) Limited,01567159,,,Grantham,NG31 7DB,Wastepack GB (SEPA),100657,1,0,,,ORG:100657
Henry Colbeck Limited,00822749,,,Gateshead,NE11 0HG,Wastepack GB (SEPA),103164,1,0,,,ORG:103164
Henry Schein UK Holdings Limited,11584480,,,GILLINGHAM,ME8 0SB,ERP UK Ltd,103791,4,3,B.A. International Limited; Kent Express Limited; Optident Limited,01880816; 02666617; 03819137,ORG:103791
Henton & Chattell Ltd,00642270,,,Nottingham,NG2 3EW,Packcare,101346,1,0,,,ORG:101346
Hepworth & Company Brewers Limited,04070995,,,Pulborough,RH20 1DJ,Ecosurety (EA),101083,1,0,,,ORG:101083
Heraeus Electro-Nite (UK) Ltd,02345596,,,Chesterfield,S41 9ED,Wastepack GB (SEPA),105832,1,0,,,ORG:105832
Herald Packaging Limited,03471741,,,Corby,NN17 5XZ,Wastepack GB (SEPA),105965,1,0,,,ORG:105965
Herbalife (U.K.) Limited,01710199,,,Uxbridge,UB8 1HB,Wastepack GB (SEPA),103510,1,0,,,ORG:103510
HERBERT WALKERS LIMITED,00405322,,,Shipley,BD17 7AR,Beyondly,100089,1,0,,,ORG:100089
HERE WE FLO LTD,10474281,,,London,E2 8DD,Beyondly,116193,1,0,,,ORG:116193
Hereford Contract Canning (HCC) Limited,07415621,,,Hereford,HR1 1JT,Comply with Clarity,108118,1,0,,,ORG:108118
Herma UK Limited,02580614,,,Haverhill,CB9 8PR,Paperpak,108262,1,0,,,ORG:108262
HERMAN MILLER HOLDINGS LIMITED,07200056,,,Melksham,SN12 6GN,Beyondly,101890,4,3,COLEBROOK BOSSON & SAUNDERS (PRODUCTS) LIMITED; HERMAN MILLER LIMITED; NAUGHT  ONE LTD,01097772; 02516754; 05285557,ORG:101890
Hermes Abrasives Limited,01858788,,,Colchester,CO4 9LW,Wastepack GB (SEPA),108332,1,0,,,ORG:108332
Hermes GB Ltd,00773076,,,London,W1J 5LF,ERP UK Ltd,104963,1,0,,,ORG:104963
Hermolis & Co. Limited,02640282,,,London,NW4 4DJ,Veolia (EA),106713,1,0,,,ORG:106713
HERO UK FOODS LIMITED,02716145,,,Bournemouth,BH2 5LT,Beyondly,100167,1,0,,,ORG:100167
Heron Foods Ltd,01392197,,,Liverpool,L24 8RJ,ERP UK Ltd,107887,1,0,,,ORG:107887
Herrco Cosmetics Limited,06822192,,,Halesworth,IP19 8QR,Comply with Clarity,102416,1,0,,,ORG:102416
Herti UK Limited,06186409,,,Camberley,GU153SY,Comply with Clarity,106910,1,0,,,ORG:106910
Hewlett-Packard International Bank DAC,,,,Leixlip,W23 Y972,ERP UK Ltd,102793,1,0,,,ORG:102793
Hewlett-Packard Limited,00690597,,,Reading,RG41 5TP,Scotpak (SEPA),103751,1,0,,,ORG:103751
Hexadex Limited,02674947,,,Gainsborough,DN21 2BE,Veolia (EA),101078,4,3,CWM Automation Limited; Eminox Limited; Teconnex Limited,01349209; 01447529; 05893689,ORG:101078
HEXCEL COMPOSITES LIMITED,03069887,,,Cambridge,CB22 4QB,Beyondly,101769,1,0,,,ORG:101769
HEXCEL REINFORCEMENTS UK LIMITED,03685736,,,Duxford,CB22 4QB,Beyondly,104881,1,0,,,ORG:104881
Hexpol TPE Ltd,07183047,,,Manchester,M24 2GG,Valpak,103182,1,0,,,ORG:103182
Hexstone Ltd.,00436243,,,Stone,ST15 0SW,Wastepack GB (SEPA),102725,1,0,,,ORG:102725
Heygates Ltd,00603238,,,Northampton,NN7 3QH,Valpak,102665,4,3,Fine Lady Bakeries Ltd; Heygate Farms Swaffham Ltd; Heygates Country Feeds Ltd,00455692; 00521942; 08217519,ORG:102665
HG UKI Ltd,03844599,,,Bishop's Stortford,CM22 6PU,Paperpak,105664,1,0,,,ORG:105664
HG&Co Ltd,01784071,,,Witham,CM8 3YE,Comply with Clarity,105260,1,0,,,ORG:105260
HI-LEX Act Wales Ltd,03771890,,,Ammanford,SA18 3BL,Valpak,101259,1,0,,,ORG:101259
Hi-Tech Mouldings Limited,01752393,,,Waterlooville,PO7 7XY,Kite Environmental Solutions,103823,1,0,,,ORG:103823
Hiatt Hardware (UK) Limited,06804515,,,Birmingham,B6 4SL,Comply with Clarity,116966,1,0,,,ORG:116966
HIB Limited,02621380,,,London,EC2Y 5AU,Wastepack GB (SEPA),103044,1,0,,,ORG:103044
High Seat Holdings Ltd,07019837,,,Batley,WF17 6LN,Valpak,108053,3,2,HSL Manufacturing Ltd; High Seat Ltd,00916661; 01721268,ORG:108053
High Street TV (Group) Ltd,06577510,,,Harrogate,HG3 1UF,Packcare,106198,1,0,,,ORG:106198
High Trees Packers Ltd,00693252,,,Near Dunmow,CM6 1NU,Valpak,102471,1,0,,,ORG:102471
Higham and Higham Ltd,04185867,,,Crewe,CW1 6NG,Valpak,108453,3,2,Cartridge Shop (Uk) Ltd; The Cartridge People Ltd,08257316; 10371306,ORG:108453
Highbourne Group Ltd,06216887,,,Northampton,NN6 7SL,Valpak,100640,7,6,City Plumbing Supplies Holdings Ltd; Direct Heating Spares Ltd; National Shower Spares Ltd; Online Home Retail Ltd; PTS Group Ltd; The Underfloor Heating Store Ltd,02219435; 02489546; 03852312; 05668463; 05687171; SC209728,ORG:100640
Highbury Poultry Farm Produce Limited,01208884,,,Oswestry,SY10 8BH,Veolia (EA),106649,1,0,,,ORG:106649
HIGHER KINGS MILL LIMITED,07735719,,,Cullompton,EX15 1QJ,Beyondly,101423,1,0,,,ORG:101423
Highland Game Ltd,SC179833,,,Dundee,DD2 3TN,Valpak Scotland Ltd (SEPA),100608,1,0,,,ORG:100608
Highland Retail Ltd,SC416448,,,Dundee,DD2 3TN,Valpak Scotland Ltd (SEPA),114251,1,0,,,ORG:114251
Highland Smoked Salmon (Scotland) Ltd,SC124381,,,Fort William,PH33 7PT,Valpak Scotland Ltd (SEPA),101761,1,0,,,ORG:101761
Highland Spring Ltd,SC067339,,,Blackford,PH4 1QA,,104596,1,0,,,ORG:104596
Highly Marelli UK Limited,12434702,,,Washington,NE37 3HR,Veolia (EA),116197,1,0,,,ORG:116197
Hikvision UK Limited,08991238,,,London,UB11 1ET,REPIC,101823,1,0,,,ORG:101823
Hildon Limited,01866557,,,Broughton,SO20 8DQ,,100382,1,0,,,ORG:100382
HILKA TOOLS (UK) LIMITED,01628063,,,Chessington,KT9 1EU,Biffpack,103057,1,0,,,ORG:103057
Hill & Smith Plc,00671474,,,Solihull,B90 4LH,Wastepack GB (SEPA),100982,16,15,ATG Access Ltd; Asset International Structures Limited; Barkers Engineering Limited; Birtley Group Limited; Black Oldco Limited; Bowater Doors Limited; Expamet Limited; Hill & Smith Infrastructure Limited; Joseph Ash Limited; Lionweld Kennedy Flooring Limited; Mallatite Limited; Medway Galvanising Company Limited; Premier Galvanizing Limited; Prolectric Services Limited; Widnes Galvanising Limited,00154773; 00597466; 00602575; 01270322; 01808205; 02206443; 02621328; 02643622; 03873106; 04607208; 05274797; 13738120; 13748629; 14466538; 15082506,ORG:100982
Hill Biscuits Ltd,00088544,,,Ashton-Under-Lyne,OL7 0DB,Valpak,106062,1,0,,,ORG:106062
Hill Brothers (Chichester) Limited,01180441,,,Chichester,PO20 1NL,Wastepack GB (SEPA),100237,1,0,,,ORG:100237
Hill's Pet Nutrition Ltd,01981158,,,Woking,GU21 6DB,ERP UK Ltd,100547,1,0,,,ORG:100547
HILL-ROM LIMITED,02250372,,,Thetford,IP24 3SE,Biffpack,115644,2,1,WELCH ALLYN (U.K.) LIMITED,02408071,ORG:115644
Hillbrow Produce Ltd,03245916,,,London,E10 5SQ,Valpak,100614,1,0,,,ORG:100614
HILLCROFT SURGERY SUPPLIES LTD,08958660,,,YEOVIL,BA22 8RT,,117304,1,0,,,ORG:117304
Hillebrand Bulk Logistics Limited,05983127,,,Southampton,SO30 2AF,Comply with Clarity,107315,1,0,,,ORG:107315
Hills Numberplates Ltd,08800141,,,Birmingham,B6 7JJ,Valpak,101750,1,0,,,ORG:101750
Hills of Corby Hill Limited,01211554,,,Abingdon,OX14 4RZ,Wastepack GB (SEPA),104311,1,0,,,ORG:104311
Hills of Lakeland Limited,01500533,,,Abingdon,OX14 4RZ,Wastepack GB (SEPA),104338,1,0,,,ORG:104338
Hilltop Food Group Limited,09365028,,,Newtown,SY16 1DZ,Kite Environmental Solutions,100627,1,0,,,ORG:100627
Hilti (Gt.Britain) Limited,00479786,,,Manchester,M1 7FS,Ecosurety (EA),104161,1,0,,,ORG:104161
Hilton Foods UK Ltd,NI026872,,,Belfast,BT1 6DN,Comply with Clarity,105425,1,0,,,ORG:105425
Hilton International Master Holding Limited,11520421,,,Watford,WD24 4QQ,,106731,7,6,Adda Hotels; HLT Stakis Operator Limited; Hilton International Hotels (UK) Limited; Hilton Worldwide Limited; Maple Hotels Management Company Limited; Puckrup Hall Hotel Limited,00695283; 00879456; 01609745; 03307736; 06398451; SC022163,ORG:106731
Hinton Perry & Davenhill Ltd,00610931,,,Brierley Hill,DY5 4TH,Valpak,104542,2,1,Ketley Brick Company Ltd,00699040,ORG:104542
HIPP UK LIMITED,04498995,,,Reading,RG10 0SQ,Beyondly,103692,1,0,,,ORG:103692
HIRD GROUP LIMITED,10637239,,,Leeds,LS1 2JT,Beyondly,114191,3,2,HIRD RAIL DEVELOPMENT LIMITED; TROUGH-TEC SYSTEMS LIMITED,07641747; 07688741,ORG:114191
Hisense UK Limited,08233694,,,Leeds,LS11 0EA,Recycling Lives Compliance Services,100031,1,0,,,ORG:100031
HISTORY & HERALDRY LIMITED,03230109,,,Rotherham,S66 8HR,Biffpack,105008,1,0,,,ORG:105008
Hitachi Energy UK Ltd,02985756,,,Birmingham,B1 1TT,ERP UK Ltd,100886,1,0,,,ORG:100886
HITACHI HIGH-TECH EUROPE GMBH,,,,Daresbury,WA4 4AB,,115075,1,0,,,ORG:115075
Hitachi Rail Limited,05598549,,,London,EC4M 7AW,REPIC,108766,2,1,Hitachi Rail GTS UK Limited,03132438,ORG:108766
HJE Limited,02821551,,,Matlock,DE4 2LP,Valpak,104518,1,0,,,ORG:104518
HL Display UK Holding Ltd,07098667,,,Harlow,CM19 5BH,Valpak,114263,4,3,HL Display (UK) Ltd; HL Display Harlow Ltd; HL Display Leeds Ltd,01013343; 02187037; 02325101,ORG:114263
HL Hall (International) Ltd,01858950,,,Maidstone,ME14 5PP,Valpak,104184,1,0,,,ORG:104184
HMG PAINTS LIMITED,00669551,,,Manchester,M40 7RU,Beyondly,102850,1,0,,,ORG:102850
HMS HOST UK Ltd,03650426,,,Feltham,TW14 8HA,ERP UK Ltd,111417,1,0,,,ORG:111417
HMY UK Innovation in Retail Ltd,05822214,,,Newcastle Upon Tyne,NE16 6EA,Smart Comply (EA),106571,1,0,,,ORG:106571
HOBBS HOUSE BAKERY LIMITED,04667987,,,Bristol,BS37 6AA,Beyondly,114509,1,0,,,ORG:114509
Hobbs Limited,01577740,,,London,EC2R 7HF,Wastepack GB (SEPA),108510,1,0,,,ORG:108510
Hobbs The Printers Limited,00422132,,,Southampton,SO40 3WX,Paperpak,102017,1,0,,,ORG:102017
Hobbycraft Trading Ltd,00806269,,,Christchurch,BH23 6HG,Valpak,101064,1,0,,,ORG:101064
Hobsons Brewery and Company Limited,03330811,,,Kidderminster,DY14 8RB,Ecosurety (EA),114189,1,0,,,ORG:114189
Hochiki Europe (U.K.) Ltd,02639909,,,London,WC2B 5AH,Valpak,104775,1,0,,,ORG:104775
Hodge Clemco Ltd,00626216,,,Sheffield,S13 9NR,Valpak,104895,1,0,,,ORG:104895
Hodgson Sealants Limited,05338229,,,Hull,HU17 0LN,Wastepack GB (SEPA),107222,1,0,,,ORG:107222
Hogs Back Brewery Limited,03083006,,,Tongham,GU10 1DE,,105359,1,0,,,ORG:105359
Holchem Laboratories Ltd,01686721,,,Bury,BL9 8RD,Valpak,103432,1,0,,,ORG:103432
Holcim UK Cement Ltd,09326237,,,Coalville,LE67 1TL,Valpak,104730,1,0,,,ORG:104730
HOLCIM UK LIMITED,00245717,,,Coalville,LE67 1TL,Comply with Clarity,106821,1,0,,,ORG:106821
Holden Decor Ltd,02582216,,,Darwen,BB3 2QJ,Valpak,100915,1,0,,,ORG:100915
Holdsworth Chocolate Limited,03984917,,,Bakewell,DE45 1PT,ERP UK Ltd,108002,1,0,,,ORG:108002
HOLLAND & BARRETT INTERNATIONAL LIMITED,04515115,,,Nuneaton,CV10 7RH,Biffpack,106434,1,0,,,ORG:106434
Holland Bazaar LTD,04577156,,,London,SE11 5QU,Comply with Clarity,114893,1,0,,,ORG:114893
Holland Cooper Clothing Limited,07614322,,,Cheltenham,GL52 6UT,Smart Comply (EA),117906,1,0,,,ORG:117906
Hollingsworth and Vose Company (U.K.) Ltd,01664523,,,Cheltenham,GL54 5BB,Valpak,111378,3,2,Hollingsworth & Vose Air Filtration Ltd; Hollingsworth & Vose Company Ltd,00066266; 03926749,ORG:111378
Hollister Ltd,02509735,,,Wokingham,RG41 5TS,Valpak,116452,1,0,,,ORG:116452
Holmen Board and Paper Limited,00075035,,,Workington,CA14 1JX,Valpak,105156,1,0,,,ORG:105156
Holophane Europe Limited,00843054,,,Milton Keynes,MK1 1JG,Ecosurety (EA),102074,1,0,,,ORG:102074
HOLROSE LIMITED,00182321,,,Ashton Road Golborne Warrington,WA3 3UL,Beyondly,108570,1,0,,,ORG:108570
Holy Moly Ltd,10158867,,,Milton Keynes,MK14 6LS,Valpak,102246,1,0,,,ORG:102246
Home Decor GB Ltd,05268170,,,Sheffield,S13 9AD,Valpak,103738,1,0,,,ORG:103738
Homefire Group Limited,00544782,,,Sheffield,S21 1TZ,Kite Environmental Solutions,104058,1,0,,,ORG:104058
HOMELEIGH TIMBER AND BUILDING SUPPLIES LTD,01184172,,,Tonbridge,TN12 0PY,Biffpack,101535,1,0,,,ORG:101535
Hometime Group Ltd,NI619108,,,Belfast,BT3 9BW,ERP UK Ltd,106153,1,0,,,ORG:106153
Honda Motor Europe Limited,00857969,,,Bracknell,RG12 1HL,Comply with Clarity,102181,1,0,,,ORG:102181
Honest Burgers Ltd,07490829,,,London,SE1 1RU,Paperpak,106744,1,0,,,ORG:106744
Honeywell Analytics Limited,00412070,,,Bracknell,RG12 1EB,Ecosurety (EA),104127,1,0,,,ORG:104127
Honeywell Productivity Solutions Limited,03138032,,,Bracknell,RG12 1EB,Ecosurety (EA),116620,1,0,,,ORG:116620
Honeywell UK Limited,00301598,,,Bracknell,RG12 1EB,Ecosurety (EA),103411,1,0,,,ORG:103411
Hoo Hing Ltd,02625487,,,Dagenham,RM8 1RX,Valpak,108337,1,0,,,ORG:108337
Hoobrook Holdings Ltd,02897594,,,Kidderminster,DY10 1XW,Valpak,102147,3,2,Brockway Carpets Ltd; The Grosvenor Wilton Company Ltd,00298275; 10714815,ORG:102147
Hook Norton Brewery Company Limited (The),00066594,,,Oxford,OX15 5NY,Ecosurety (EA),100940,1,0,,,ORG:100940
Hopelake Food Limited,06853937,,,Portsmouth,PO6 1TT,Ecosurety (EA),102728,1,0,,,ORG:102728
Hoppe (U.K.) Ltd,02286568,,,STANDEFORD,WV10 7GW,Comply with Clarity,107350,1,0,,,ORG:107350
Horberg & Co Holdings Ltd,09185187,,,Sharnbrook,MK44 1NP,Wastepack GB (SEPA),108543,2,1,Navigator MSL Limited,00416089,ORG:108543
Hornby Hobbies Ltd,02065081,,,Margate,CT9 4JX,Valpak,102584,1,0,,,ORG:102584
Horsleys International Limited,09332678,,,Wimborne,BH21 1BW,Comply with Clarity,106276,1,0,,,ORG:106276
Hortology Ltd,10513006,,,Carlisle,CA2 7NA,Beyondly,106969,1,0,,,ORG:106969
Horwood Homewares Limited,00308589,,,Avonmouth,BS11 9HX,Wastepack GB (SEPA),107306,1,0,,,ORG:107306
Hoshizaki Europe Limited,02884491,,,Telford,TF3 3BQ,Veolia (EA),101839,1,0,,,ORG:101839
HOT (UK) Limited,02990768,,,London,EC2M 4AG,REPIC,101540,1,0,,,ORG:101540
Hotcakes Limited,01970768,,,Norwich,NR6 6AQ,Kite Environmental Solutions,103098,1,0,,,ORG:103098
Hotel Chocolat Limited,02805730,,,Royston,SG8 5HL,Wastepack GB (SEPA),105658,1,0,,,ORG:105658
HOTHOUSE HOLDINGS LIMITED,11600321,,,Sheffield,S35 9ZX,Beyondly,107852,2,1,HOTHOUSE BEAUTY LIMITED,06228749,ORG:107852
Hotpoint UK Appliances Limited,00106725,,,Peterborough,PE2 9JB,REPIC,100743,1,0,,,ORG:100743
Hotter Shoes Limited,14705827,,,Burgess Hill,RH15 9NB,Paperpak,116963,1,0,,,ORG:116963
Houghton Hams Ltd,02919146,,,Northampton,NN3 6AX,Valpak,100496,1,0,,,ORG:100496
HOUGHTON LIMITED,00063827,,,Manchester,M17 1AF,Beyondly,107872,1,0,,,ORG:107872
HOUSE OF TOWNEND LIMITED,00723084,,,North Ferriby,HU14 3BQ,Beyondly,104623,1,0,,,ORG:104623
House Of Westphalia Ltd,02514239,,,Luton,LU3 3AN,Valpak,111303,1,0,,,ORG:111303
Hovat Ltd,01146599,,,Larkfield,ME20 6XJ,Valpak,111794,1,0,,,ORG:111794
HOVIS LIMITED,08846838,,,High Wycombe,HP12 3QS,Biffpack,114127,1,0,,,ORG:114127
Howarth Timber Group Limited,00067025,,,Leeds,LS9 0RA,Comply with Clarity,103087,5,4,Arbor Forest Products LTD; Howarth Timber Engineered Solutions Ltd; Howarth Timber and Building Supplies Ltd; Verdon Timber Group Ltd,00201929; 00501259; 04163729; 08030489,ORG:103087
Howco Group plc,SC079844,,,Glasgow,G3 7UL,Valpak Scotland Ltd (SEPA),101411,1,0,,,ORG:101411
Howden Joinery Limited,00526923,,,London,W1U 1QY,Ecosurety (EA),100820,1,0,,,ORG:100820
Howmet Fastening Systems Ltd,01736094,,,Telford,TF3 3BQ,Valpak,104556,1,0,,,ORG:104556
Howmet Ltd,02659893,,,Exeter,EX2 7LG,Valpak,101236,1,0,,,ORG:101236
Hozelock Limited,00645367,,,Sutton Coldfield,B76 1AB,ERP UK Ltd,107299,1,0,,,ORG:107299
HP INC UK Ltd,09408979,,,Reading,RG6 1PT,ERP UK Ltd,105988,1,0,,,ORG:105988
HPC Plc,00622352,,,Burgess Hill,RH15 9RQ,Valpak,104199,1,0,,,ORG:104199
HPREF II UK HOTEL MANAGEMENT LIMITED,13712697,,,London,SW1W 0EB,Paperpak,114878,1,0,,,ORG:114878
HPREF Mets Birmingham Ltd,10951264,,,Birmingham,B40 1PP,,106911,1,0,,,ORG:106911
HPREF Mets London Ltd,10951979,,,London,W2 1JU,,106909,1,0,,,ORG:106909
HSNF Ltd,06945009,,,London,E1W 9US,Comply with Clarity,102476,1,0,,,ORG:102476
HT Drinks Holdings Ltd,02957932,,,Park Royal,NW10 7LQ,Kite Environmental Solutions,112376,4,3,Champers (Wholesale) Limited; Drinksupermarket.com Limited; HT Drinks Ltd,01913634; 06078417; 08712600,ORG:112376
HTC Group Limited,01742433,,,Runcorn,WA7 3DU,Wastepack GB (SEPA),102911,1,0,,,ORG:102911
Huawei Technologies (UK) Co.  Ltd,04295981,,,Reading,RG6 1PT,Valpak,103906,1,0,,,ORG:103906
Hub Packaging Limited,NI616476,,,Newry,BT34 5AL,Comply with Clarity,106192,1,0,,,ORG:106192
HUBBELL LIMITED,00669157,,,London,EC4N 6AF,Biffpack,105381,1,0,,,ORG:105381
Huber + Suhner (UK) Limited,00902205,,,Bicester,OX26 4LA,Ecosurety (EA),102933,1,0,,,ORG:102933
Hubergroup UK Limited,01631839,,,Nottingham,NG2 1NA,Wastepack GB (SEPA),104078,1,0,,,ORG:104078
Hubron (International) Ltd,05140826,,,Liverpool,L8 7BA,Valpak,108078,1,0,,,ORG:108078
Huegli UK Ltd.,03712422,,,Redditch,B98 0RE,Paperpak,102304,1,0,,,ORG:102304
Huel Ltd,07907551,,,Tring,HP23 4RN,Valpak,104785,1,0,,,ORG:104785
Hugh Lowe Farms Limited,02477268,,,Maidstone,ME18 5NF,,117069,1,0,,,ORG:117069
Hughes TV and Audio Ltd,00695682,,,Beccles,NR34 7FD,Comply with Clarity,108667,1,0,,,ORG:108667
Hugo Boss UK Limited,03484933,,,London,NW1 0DT,Veolia (EA),108417,1,0,,,ORG:108417
Huhtamaki (Lurgan) Limited,NI001006,,,,BT667JN,,103981,2,1,Huhtamaki (Lisburn) Limited,NI006263,ORG:103981
Huhtamaki (UK) Ltd,00956315,,,Gosport,PO13 0PR,Valpak,103720,1,0,,,ORG:103720
Huhtamaki BCP Ltd,00248918,,,Blackburn,BB1 2JT,Valpak,106017,1,0,,,ORG:106017
Huhtamaki Foodservice Delta Ltd,NI018004,,,Belfast,BT11 9DT,Valpak,100085,1,0,,,ORG:100085
Huhtamaki India Limited,FC024770,,,Thane,400 607,Wastepack GB (SEPA),116916,1,0,,,ORG:116916
Humanscale UK Ltd,09349424,,,London,EC1V 4RN,ERP UK Ltd,104073,1,0,,,ORG:104073
Humble Foods Ltd,12429764,,,London,EC1M 5SA,Ecosurety (EA),114983,1,0,,,ORG:114983
Huntapac Produce Limited,01409925,,,Preston,PR4 6JJ,Ecosurety (EA),101569,1,0,,,ORG:101569
Hunter & Gather Foods Ltd,10469907,,,London,WC2H 9JQ,Valpak,107701,1,0,,,ORG:107701
Hunter Price International Limited,06932457,,,Hollinwood,OL8 4QJ,REPIC,100558,1,0,,,ORG:100558
HUNTERS & FRANKAU LIMITED,00022169,,,London,SW6 3DU,Biffpack,101591,1,0,,,ORG:101591
Huntsman (Holdings) UK,03768308,,,Cambridge,CB22 4XQ,Wastepack GB (SEPA),107973,4,3,Huntsman Corporation UK Limited; Huntsman IFS Polyurethanes Limited; Huntsman Polyurethanes (UK) Ltd,02766797; 02898411; 03767067,ORG:107973
Huntsman Advanced Materials (UK) Limited,03846469,,,Cambridge,CB22 4XQ,Wastepack GB (SEPA),104498,1,0,,,ORG:104498
Hurst Group (Northern) Ltd,02911969,,,Bradford,BD12 0UF,Valpak,101996,3,2,Hurst Joinery Projects Ltd; Hurst Plastics Ltd,02911962; 03034235,ORG:101996
Husco International Partners LLP,OC401166,,,Runcorn,WA7 3DT,Valpak,105971,1,0,,,ORG:105971
Hush Homewear Limited,04791362,,,Clapham,SW4 0JW,Wastepack GB (SEPA),102828,1,0,,,ORG:102828
Husqvarna UK Limited,00974979,,,Newton Aycliffe,DL5 6UP,Wastepack GB (SEPA),102369,1,0,,,ORG:102369
Hutchison 3G UK Limited,03885486,,,Reading,RG2 6GF,Wastepack GB (SEPA),102346,1,0,,,ORG:102346
Hyco Manufacturing Ltd,02462613,,,Castleford,WF10 5NR,Packcare,102966,1,0,,,ORG:102966
Hydac Technology Ltd,01261214,,,Beaconsfield,HP9 1QL,Valpak,104048,1,0,,,ORG:104048
Hydes' Brewery Ltd,00126186,,,Salford,M50 2GL,Valpak,106055,1,0,,,ORG:106055
Hydraforce Hydraulics Limited,02286591,,,Birmingham,B6 7FE,Kite Environmental Solutions,102053,1,0,,,ORG:102053
Hydram Engineering Ltd,02916090,,,FerryHill,DL17 0SG,Valpak,100621,1,0,,,ORG:100621
Hydro Aluminium Deeside Limited,01786117,,,Wrexham,LL13 9PS,Veolia (EA),106795,1,0,,,ORG:106795
Hydro Aluminium UK Ltd,00961843,,,Alfreton,DE55 5NH,Valpak,100541,1,0,,,ORG:100541
Hydro Building Systems UK Ltd,01029071,,,Tewkesbury,GL20 8SF,Valpak,102925,1,0,,,ORG:102925
HYDROGARDEN LIMITED,03104989,,,Coventry,CV32RN,Beyondly,104258,1,0,,,ORG:104258
Hydropac Limited,04308433,,,London,W1H 7JT,Kite Environmental Solutions,103810,1,0,,,ORG:103810
HYGIENE DISPOSABLES GROUP LIMITED,06722780,,,EXETER,EX2 8TS,Beyondly,114307,1,0,,,ORG:114307
Hygiene Supplies Direct Limited,04350856,,,Castleford,WF10 1PA,Smart Comply (EA),106772,1,0,,,ORG:106772
Hyperama Plc,02667340,,,Nottingham,NG7 2UT,ERP UK Ltd,107470,1,0,,,ORG:107470
Hypergood Ltd,04009018,,,London,EC2A 2EA,ERP UK Ltd,114508,1,0,,,ORG:114508
Hyster-Yale UK Limited,02636775,,,Frimley,GU16 7SG,,107066,1,0,,,ORG:107066
Hyve Solutions Europe Limited,02311223,,,Basingstoke,RG24 8YB,Veolia (EA),106085,1,0,,,ORG:106085
I'Anson Bros Limited,00462656,,,Ripon,HG4 4JB,Wastepack GB (SEPA),101255,1,0,,,ORG:101255
I.C.S (UK) Ltd,03665746,,,Bradford,BD4 8TU,Valpak,111516,1,0,,,ORG:111516
I.G. Doors Limited,04867822,,,Blackwood,NP12 4AE,Wastepack GB (SEPA),106648,1,0,,,ORG:106648
I.Grunwerg Limited,00541251,,,Chesterfield,S41 9QB,Wastepack GB (SEPA),106492,1,0,,,ORG:106492
I.M. PARTS AND SERVICE LIMITED,02770614,,,Solihull,B90 4WA,Beyondly,105761,1,0,,,ORG:105761
i2r Packaging Solutions Limited,06032086,,,Telford,TF1 6QJ,Veolia (EA),103963,1,0,,,ORG:103963
IAG Loyalty Retail Ltd,13984706,,,Harmondsworth,UB7 0GB,Valpak,104891,1,0,,,ORG:104891
Ian Edgar(Liverpool)Ltd,00576493,,,Macclesfield,SK11 0LR,Valpak,105326,1,0,,,ORG:105326
Ian Macleod Distillers Ltd,SC032696,,,Broxburn,EH52 5LY,Valpak Scotland Ltd (SEPA),114673,1,0,,,ORG:114673
Ian Smith Group Ltd,01421681,,,West Bromwich,B70 0DJ,Valpak,100744,1,0,,,ORG:100744
IB Group Ltd,09990469,,,Loughborough,LE11 5TX,Beyondly,105031,4,3,BOBBY'S FOODS LIMITED; WORLD OF SWEETS (DISTRIBUTION) LIMITED; WORLD OF SWEETS (HANCOCKS) LIMITED,00868097; 01666996; 04431556,ORG:105031
IBIS Packaging Solutions Ltd,05867131,,,Thatcham,RG19 4NB,Comply with Clarity,107098,1,0,,,ORG:107098
IBP Global Trading Ltd,07577071,,,Kingswinford,DY6 7FT,Valpak,117775,3,2,Conex Universal Ltd; Masterflow Products Limited,07563347; 08922262,ORG:117775
Ibstock PLC,09760850,,,Ibstock,LE67 6HS,Beyondly,101679,6,5,ANDERTON CONCRETE PRODUCTS LIMITED; FORTICRETE LIMITED; IBSTOCK BRICK LIMITED; Longley Concrete Ltd; SUPREME CONCRETE LIMITED,00063230; 00221210; 00440463; 01410463; 01900103,ORG:101679
ICANDY WORLD LIMITED,00282792,,,Biggleswade,SG18 8UB,Beyondly,101922,1,0,,,ORG:101922
Iceco Limited,07000474,,,Pontefract,WF9 3AP,Wastepack GB (SEPA),108531,1,0,,,ORG:108531
ICEFRESH FOODS LIMITED,01366099,,,Norwich,NR11 6RR,Beyondly,106048,1,0,,,ORG:106048
Iceland Foods Limited,01107406,,,Deeside,CH5 2NW,Ecosurety (EA),103410,1,0,,,ORG:103410
Ichiban UK Ltd,08776727,,,Bury St. Edmunds,IP30 9RT,Valpak,103397,1,0,,,ORG:103397
Icon Protection EMEA Limited,SC441508,,,Aberdeen,AB10 1JB,Veolia (EA),117220,1,0,,,ORG:117220
Iconic London (Holdings) Ltd,05014226,,,London,EC3A 7BA,Valpak,108383,1,0,,,ORG:108383
IDEAL STANDARD (UK) LIMITED,00091891,,,Hull,HU5 4HS,Beyondly,101028,1,0,,,ORG:101028
Idemia UK Ltd,03783939,,,Tewkesbury,GL20 8GA,Valpak,104874,1,0,,,ORG:104874
Idexx Laboratories Limited,02454226,,,Wetherby,LS22 7DN,Veolia (EA),102734,1,0,,,ORG:102734
IFC Holdings Limited,SC126718,,,Aberdeen,AB10 1DQ,Wastepack GB (SEPA),101665,4,3,International Fish Canners (Scotland) Limited; Nolan Seafoods (UK) Limited; Nor-Sea Foods Limited,SC054204; SC071763; SC239960,ORG:101665
IFCO Systems UK Ltd,02997052,,,Princes Risborough,HP27 9LE,,107154,1,0,,,ORG:107154
IFG Drake Ltd,00395431,,,Huddersfield,HD7 4JG,Valpak,103781,1,0,,,ORG:103781
IFit Health & Fitness Limited,02995785,,,Altrincham,WA14 2DT,Wastepack GB (SEPA),107383,1,0,,,ORG:107383
IG Design Group UK Ltd,02265899,,,Newport Pagnell,MK16 9PX,Valpak,100764,1,0,,,ORG:100764
IGA Global Ltd,10320277,,,Colchester,CO2 8HA,Wastepack GB (SEPA),115751,1,0,,,ORG:115751
Igloo Books Ltd,04845098,,,London,WC2A 3QG,Valpak,108318,1,0,,,ORG:108318
Igus (UK) Limited,02600806,,,Northampton,NN4 7PW,Wastepack GB (SEPA),103821,1,0,,,ORG:103821
IHP LIMITED,06061061,,,London,W1W 8BD,Beyondly,114804,1,0,,,ORG:114804
IHSS Limited,05233636,,,London,NW10 7NZ,,108280,1,0,,,ORG:108280
IIAA Limited,02810868,,,London,SE1 9HA,Veolia (EA),104749,1,0,,,ORG:104749
IKEA Ltd,01986283,,,London,EC4M 9DQ,Valpak,103957,1,0,,,ORG:103957
IKO Insulations UK Ltd,08188653,,,Huntingdon,PE28 4YA,Valpak,102126,1,0,,,ORG:102126
IKO plc,02678296,,,Wigan,WN6 9AB,Valpak,101650,1,0,,,ORG:101650
Il-UK Fresh Produce Limited,07703353,,,Harrow,HA2 9QL,Paperpak,101580,1,0,,,ORG:101580
Illumina Cambridge Limited,03625145,,,Cambridge,CB21 6DF,Veolia (EA),102655,1,0,,,ORG:102655
Illycaffe UK Ltd,11823145,,,Northampton,NN4 7DY,ERP UK Ltd,100048,1,0,,,ORG:100048
Image Data Group Limited,02452106,,,Willerby,HU10 6EB,Paperpak,107000,1,0,,,ORG:107000
IMAGE ON FOOD LIMITED,03032336,,,Market Drayton,TF9 3UX,Beyondly,106433,1,0,,,ORG:106433
IMCD UK Ltd,02297809,,,Sutton,SM1 4AF,Valpak,101231,2,1,O&3 Ltd,11052797,ORG:101231
Imerys Aluminates Ltd,01974484,,,Purfleet,RM19 1NZ,Valpak,102950,1,0,,,ORG:102950
Imerys Minerals Ltd,00269255,,,Par,PL24 2SQ,Valpak,100713,1,0,,,ORG:100713
IMEX CERAMICS UK LTD,07406802,,,Hailsham,BN27 1DW,Comply with Clarity,106486,1,0,,,ORG:106486
IMI Precision Engineering Ltd,01687068,,,Birmingham,B37 7XZ,Valpak,103310,1,0,,,ORG:103310
IMK Automotive Limited,03932965,,,Kettering,NN14 1UD,Wastepack GB (SEPA),102711,2,1,I M Kelly R & A Ltd,02968744,ORG:102711
IMMEDIATE MEDIA COMPANY LONDON LIMITED,06189487,,,London,W6 7BT,Biffpack,103628,3,2,RIVER STREET EVENTS LIMITED; UPPER STREET EVENTS LTD,02708675; 06350012,ORG:103628
Impact (Boston) Limited,00801126,,,Skegness,PE25 2AT,Paperpak,100122,1,0,,,ORG:100122
Impact Retail Limited,03088906,,,Leicester,LE19 1WY,Paperpak,101146,1,0,,,ORG:101146
Imperial Chemical Industries Ltd,00218019,,,Slough,SL2 5DS,Valpak,108149,1,0,,,ORG:108149
Imperial Office Furniture Ltd,03858693,,,Bury,BL9 0DN,Ecosurety (EA),102110,1,0,,,ORG:102110
IMPERIAL POLYTHENE PRODUCTS LIMITED,03082042,,,Slough,SL30ED,,111354,1,0,,,ORG:111354
Imperial Tobacco Ltd,01860181,,,Bristol,BS3 2LL,ERP UK Ltd,107482,1,0,,,ORG:107482
IMS Euro Ltd,04247118,,,Stockport,SK3 0XA,Valpak,108215,1,0,,,ORG:108215
Incorez Limited,02033501,,,Preston,PR1 1EA,Ecosurety (EA),106770,1,0,,,ORG:106770
Incos Ltd,03644923,,,Harrow,HA1 2EN,Valpak,102730,1,0,,,ORG:102730
Indasa Abrasives (UK) Ltd,02392535,,,Colchester,CO1 2ST,Valpak,100632,1,0,,,ORG:100632
Independent Fertilisers Limited,NI042334,,,Belfast,BT15 3GW,Wastepack Northern Ireland (NIEA),115688,1,0,,,ORG:115688
Independent Glass Company Ltd,SC107294,,,Glasgow,G73 1LD,Valpak Scotland Ltd (SEPA),104439,3,2,IGHW Limited; Strathclyde Insulating Glass Limited,04181248; SC077369,ORG:104439
Indevin UK Limited,12876076,,,London,WC1N 2EB,Comply with Clarity,107705,1,0,,,ORG:107705
Indica Industries UK Limited,09029219,,,Wellington,TA21 8FQ,,115139,3,2,Indica Automotive Limited; Pritex Limited,00618659; 09028998,ORG:115139
Indicor International Holding Ltd,12081981,,,Birmingham,B3 2DX,ERP UK Ltd,107627,5,4,AMOT UK Holdings Limited; Advanced Sensors Limited; Logitech Limited; Technolog Limited,01574170; 02509935; NI053892; SC042330,ORG:107627
INDIGO FOOD GROUP LIMITED,06475914,,,Bristol,BS1 6FL,Beyondly,106064,4,3,B M FOODS LIMITED; EDGMOND FOODS LIMITED; WINNING BLEND LIMITED,02518560; 02590412; 04626117,ORG:106064
INDO EUROPEAN FOODS LIMITED,04105745,,,London,N1 7GU,Beyondly,105753,1,0,,,ORG:105753
Indus Foods Ltd,02430421,,,Birmingham,B11 1BH,ERP UK Ltd,107103,1,0,,,ORG:107103
Industrial Chemicals Limited,03886037,,,Brentwood,CM13 3BE,Wastepack GB (SEPA),102739,1,0,,,ORG:102739
INDUSTRIAL CLEANING EQUIPMENT (SOUTHAMPTON) LTD,02732684,,,Southampton,SO40 9AH,Beyondly,115715,1,0,,,ORG:115715
Industrial Pallet and Transport Services Limited,03148044,,,Harworth,DN11 8SP,Packcare,106334,1,0,,,ORG:106334
Indutrade UK Limited,09287563,,,Manchester,M23 9WB,Veolia (EA),104079,26,25,A L H Systems Limited; Adaero Precision Components Limited; Adam Equipment Co. Limited; Advance Technical Systems Ltd; Alphr Technology Limited; Bailey Morris Limited; Beldam Crossley Limited; Birmingham Specialities Limited; Corrosion Resistant Products Limited; Datum Electronics Ltd; Ellard Limited; Filtration Limited; Flowstop Limited; Fluid Controls Limited; Geosense Limited; Micro Spring & Presswork Company Limited(The); Milltech Precision Engineering Limited; Natgraph Limited; Pipe Equipment Specialists Limited; Precision Products (UK) Limited; Puretech Systems Limited; Sunflower Medical Limited; Trelawny SPT Limited; Vacuum Engineering Services Limited; Verplas Limited,00137350; 00230677; 00814603; 01255492; 01309669; 01345726; 01485098; 01624402; 02033296; 02244893; 02275692; 02565991; 02897361; 02928395; 02967759; 03028778; 03087255; 03355358; 03564229; 03731819; 04036325; 04514281; 04943839; 05418471; 08445199,ORG:104079
Ineos Compounds Aycliffe Limited,08651343,,,Newton Aycliffe,DL5 6EA,Wastepack GB (SEPA),100430,1,0,,,ORG:100430
Ineos European Holdings Limited,05310700,,,Lyndhurst,SO43 7FG,Ecosurety (EA),105652,2,1,Ineos Sales (UK) Limited,07445505,ORG:105652
INEOS Grangemouth Limited,08698417,,,Lyndhurst,SO43 7FG,Ecosurety (EA),106161,2,1,Ineos Commercial Services UK Limited,07445497,ORG:106161
Infinite Towers Services Limited,14874601,,,London,E14 5HU,ERP UK Ltd,116481,1,0,,,ORG:116481
Infinity Foods Co-Operative Limited,IP22397R,,,Brighton,BN1 1YA,ERP UK Ltd,111260,1,0,,,ORG:111260
Infinity Reliance Limited,07033682,,,Northampton,NN4 5FB,Wastepack GB (SEPA),103242,1,0,,,ORG:103242
Inga Group Limited,13222244,,,Pontefract,WF8 3HQ,Beyondly,116386,2,1,ULRICK & SHORT LIMITED,03928777,ORG:116386
Ingenico (UK) Ltd,02135540,,,Leeds,LS1 5AB,Valpak,106336,1,0,,,ORG:106336
INGRAM BROTHERS LTD,SC013147,,,Paisley,PA1 1QA,,105075,1,0,,,ORG:105075
INGRAM CONTENT GROUP UK LTD.,04042196,,,London,EC4A 3TW,Biffpack,103805,1,0,,,ORG:103805
Ingram Micro (UK) Limited,01609968,,,Milton Keynes,MK9 2EA,Ecosurety (EA),115123,1,0,,,ORG:115123
INGRAM MICRO SERVICES LTD,03591124,,,Norwich,NR6 6AQ,Biffpack,105488,1,0,,,ORG:105488
INGREDION UK LIMITED,07315745,,,Manchester,M22 5LW,Beyondly,106241,1,0,,,ORG:106241
INKTECH LIMITED,03107234,,,Lancashire,OL16 5NU,Beyondly,106323,1,0,,,ORG:106323
Innate-Essence Limited,10115324,,,London,W3 7DA,Comply with Clarity,115683,1,0,,,ORG:115683
Innerglass Limited,01564200,,,Peterlee,SR8 2JH,Wastepack GB (SEPA),102303,1,0,,,ORG:102303
Innocent Limited,04007092,,,London,W10 5BU,Ecosurety (EA),101718,1,0,,,ORG:101718
Innospec International Ltd,03316194,,,Ellesmere Port,CH65 4EY,Valpak,114848,3,2,Innospec Ltd; Innospec Performance Chemicals Europe Ltd,00344359; 10327773,ORG:114848
Innovate Foods Limited,SC116286,,,Kirkcaldy,KY1 2YG,Wastepack GB (SEPA),104248,1,0,,,ORG:104248
Innovative Technology Limited,01954947,,,Oldham,OL1 4EQ,Wastepack GB (SEPA),107111,1,0,,,ORG:107111
INNOVIA FILMS LIMITED,00271998,,,Wigton,CA7 9XX,Beyondly,100802,1,0,,,ORG:100802
Inovyn ChlorVinyls Ltd,04068812,,,Runcorn,WA7 4EL,Valpak,105913,1,0,,,ORG:105913
Insight Direct (UK) Ltd,02579852,,,Sheffield,S1 2JF,Veolia (EA),107682,1,0,,,ORG:107682
INSIGHTFUL BRANDS LIMITED,10413489,,,Manchester,M3 4AP,Beyondly,116709,1,0,,,ORG:116709
Insignia Manufacturing Limited,06895006,,,Corby,NN17 5ZA,Wastepack GB (SEPA),105161,1,0,,,ORG:105161
Insinkerator UK LTD,00622077,,,Watford,WD18 8YA,REPIC,107119,1,0,,,ORG:107119
INSPIRED GLOBAL CUISINE LTD,01905169,,,Manchester,M18 8BW,Biffpack,116010,1,0,,,ORG:116010
Inspired Pet Nutrition Limited,02495237,,,Thirsk,YO7 3HE,Wastepack GB (SEPA),108186,1,0,,,ORG:108186
Insta (International) Limited,08945886,,,Wokingham,RG40 4PZ,Kite Environmental Solutions,105004,4,3,Enviroform Solutions Ltd; Insta Coustic Limited; Instagroup Ltd,01500228; 02194536; NI602193,ORG:105004
Instadecor Ltd,10285396,,,Houghton Regis,LU5 5AW,Kite Environmental Solutions,105137,1,0,,,ORG:105137
Instarmac Group plc,01324925,,,Tamworth,B78 1SE,Wastepack GB (SEPA),100400,1,0,,,ORG:100400
Intamarque Ltd,05775185,,,Tewkesbury,GL20 8NB,ERP UK Ltd,107100,1,0,,,ORG:107100
INTATEC LIMITED,04359938,,,STAFFORD,ST18 0PF,Comply with Clarity,101887,1,0,,,ORG:101887
Integral Memory Plc,02480354,,,Iron Bridge Business Park,NW10 0UF,Wastepack GB (SEPA),106946,1,0,,,ORG:106946
Integrated Doorset Solutions Ltd,09241306,,,Rugby,CV23 0UZ,Comply with Clarity,103473,1,0,,,ORG:103473
Integrated Service Solutions Limited,08332191,,,Sittingbourne,ME9 9PR,Comply with Clarity,102759,1,0,,,ORG:102759
INTEGRITY COMMUNICATIONS GROUP LIMITED,06596905,,,Midsomer Norton,BA3 4BS,Beyondly,107014,3,2,A1 SECURITY PRINT LIMITED; INTEGRITY PRINT LIMITED,00275328; 06596913,ORG:107014
Intelliconnect (Europe) Limited,05532738,,,Corby,NN17 1NN,,117586,1,0,,,ORG:117586
Inter- Line Building Supplies Limited,01241530,,,Torquay,TQ2 7BD,Wastepack GB (SEPA),108594,1,0,,,ORG:108594
Intercarabao Ltd,09557445,,,Reading,RG7 4SA,Valpak,115916,1,0,,,ORG:115916
Intercoat Industrial Paints Limited,01211454,,,Walsall,WS2 9NW,Veolia (EA),107411,1,0,,,ORG:107411
INTERCONTINENTAL BRANDS (ICB) LIMITED,02468418,,,Middlesbrough,TS3 8TB,Biffpack,103660,1,0,,,ORG:103660
Interface Europe Ltd.,00309779,,,BIRMINGHAM,B4 6AT,Wastepack GB (SEPA),108348,1,0,,,ORG:108348
Interflex Scotland Limited,SC009850,,,Dalkeith,EH22 4AE,Wastepack GB (SEPA),100905,1,0,,,ORG:100905
Interfloor Ltd,00162988,,,Rossendale,BB4 4LS,Valpak,100194,1,0,,,ORG:100194
Interflora British Unit,00297087,,,Sleaford,NG34 7TB,Valpak,107989,1,0,,,ORG:107989
INTERFUSE LIMITED,00850109,,,Leicestershire,LE4 5PR,Beyondly,100499,1,0,,,ORG:100499
Intergas Heating Limited,06459477,,,Kidderminster,DY11 7AR,,115851,1,0,,,ORG:115851
INTERIOR GOODS DIRECT LIMITED,04966706,,,Huddersfield,HD5 0RH,Beyondly,106716,1,0,,,ORG:106716
INTERKET LIMITED,01290334,,,Adlington,SK10 4ZN,Beyondly,110516,1,0,,,ORG:110516
International Cookware Limited,05631456,,,Seaham,SR7 0PU,Wastepack GB (SEPA),106582,1,0,,,ORG:106582
International Dance Supplies Limited,05452207,,,Newton Abbot,TQ12 4BT,,107673,1,0,,,ORG:107673
INTERNATIONAL DIPLOMATIC SUPPLIES LIMITED,05424401,,,Crawley,RH10 1HT,Beyondly,105035,1,0,,,ORG:105035
International Exhibition Co-Operative Wine Society Limited,IP01824R,,,Stevenage,SG1 2BT,Ecosurety (EA),104227,1,0,,,ORG:104227
International Flavours & Fragrances I.F.F.(Great Britain) Limited,00214174,,,Haverhill,CB9 8LG,Veolia (EA),102265,1,0,,,ORG:102265
International Paint Ltd,00063604,,,Slough,SL2 5DS,Valpak,103362,2,1,Flexcrete Technologies Ltd,05401028,ORG:103362
INTERNATIONAL PLASTIC SYSTEMS LIMITED,02506365,,,County Durham,SR7 0PT,Biffpack,104847,1,0,,,ORG:104847
INTERNATIONAL PLYWOOD (IMPORTERS) LIMITED,01537086,,,Stonehouse,GL10 3WT,Biffpack,107554,1,0,,,ORG:107554
International Procurement and Logistics Ltd,05104448,,,Leeds,LS11 5AD,Valpak,107185,3,2,Forza Foods Ltd; Kober Ltd,07224571; 07443319,ORG:107185
International Tissue Company Limited,12187019,,,Blackburn,BB1 6AR,,106623,1,0,,,ORG:106623
INTERNORM WINDOWS UK LIMITED,06425405,,,Ascot,SL5 9QJ,Beyondly,100347,1,0,,,ORG:100347
INTERSURGICAL LIMITED,01488409,,,Wokingham Berkshire,RG41 2RZ,Beyondly,104704,1,0,,,ORG:104704
Intertape Packaging UK Ltd,13458333,,,Widnes,WA8 8GS,Valpak,115997,1,0,,,ORG:115997
Invacare UK Operations Limited,03281202,,,Bridgend,CF35 5AQ,Ecosurety (EA),116994,2,1,Invacare Limited,05178693,ORG:116994
Invensys Ltd,00166023,,,Telford,TF3 3BL,Valpak,105609,3,2,Schneider Electric Controls UK Ltd; Schneider Electric Systems UK Ltd,00293260; 00739180,ORG:105609
Inver House Distillers Ltd,SC040036,,,Airdrie,ML6 8FU,Valpak Scotland Ltd (SEPA),101544,1,0,,,ORG:101544
Invertek Drives Ltd,03504834,,,Welshpool,SY21 8JF,Valpak,106098,1,0,,,ORG:106098
Invista Textiles (U.K.) Limited,04558109,,,London,EC2V 7AF,Ecosurety (EA),102855,1,0,,,ORG:102855
Involvement Limited,01605376,,,Banbury,OX16 9SA,Veolia (EA),108190,1,0,,,ORG:108190
INX International UK Limited,02716074,,,Heywood,OL10 2TW,Smart Comply (EA),106812,1,0,,,ORG:106812
Ionic Products Ltd,NI666477,,,Lisburn,BT27 5QB,Valpak,108311,1,0,,,ORG:108311
IPL Plastics (UK) Limited,06094735,,,Tamworth,B79 7UL,Veolia (EA),108678,1,0,,,ORG:108678
IPP Logipal,BR007861,,,Coventry,CV5 9RG,Valpak,104918,1,0,,,ORG:104918
IPS Adhesives Europe Ltd,SC056325,,,Edinburgh,EH2 2AF,Wastepack GB (SEPA),105128,1,0,,,ORG:105128
IPSOSOLO LIMITED,06965876,,,Leeds,LS12 6AJ,Beyondly,117029,1,0,,,ORG:117029
Iracroft Limited,01055419,,,Blandford Forum,DT11 7TE,Comply with Clarity,104174,1,0,,,ORG:104174
IRMA Management Ltd,00630597,,,Winchester,SO23 9HJ,Valpak,107533,1,0,,,ORG:107533
IronmongeryDirect Limited,03121306,,,Basildon,SS13 1ND,Comply with Clarity,106959,1,0,,,ORG:106959
Ironsides Lubricants Ltd(The),00360850,,,Stockport,SK3 0DS,Valpak,101185,1,0,,,ORG:101185
IRSAP UK LIMITED,03596023,,,East Grinstead,RH19 2HU,,107762,1,0,,,ORG:107762
IS-Rayfast Limited,01408491,,,London,EC1M 6EE,Wastepack GB (SEPA),108385,1,0,,,ORG:108385
ISAAC TIMMINS LIMITED,00239935,,,Huddersfield,HD1 6PB,Biffpack,111831,3,2,JOHNSONS WELLFIELD LTD; MYERS BUILDING SUPPLIES LTD,00384620; 01116719,ORG:111831
Isaac Wholesale Limited,05570822,,,Peterborough,PE3 7PH,Paperpak,111505,1,0,,,ORG:111505
Iseki UK & Ireland Limited,11016786,,,Ipswich,IP3 9RT,Valpak,116177,1,0,,,ORG:116177
Ishida Europe Ltd.,01832141,,,Birmingham,B32 3DB,Veolia (EA),107804,1,0,,,ORG:107804
Island Drinks,11281620,,,London,SE11 5DP,Comply with Clarity,111356,1,0,,,ORG:111356
ISLE OF HARRIS DISTILLERS LTD,SC334836,,,TARBERT,HS3 3DJ,Comply with Clarity,107496,1,0,,,ORG:107496
Isle of Wight Distillery Ltd,09040283,,,Ryde,PO33 1PX,Comply with Clarity,108551,1,0,,,ORG:108551
Isoclad Limited,04963372,,,North Shields,NE29 8SD,Wastepack GB (SEPA),100879,1,0,,,ORG:100879
Isopartner UK Fabrication Ltd,07382215,,,Manchester,M17 1SB,Valpak,104366,1,0,,,ORG:104366
Isothane Ltd,02975728,,,Accrington,BB5 6NT,ERP UK Ltd,100050,1,0,,,ORG:100050
ISS UK Ltd,00463951,,,Weybridge,KT13 0SL,Comply with Clarity,103559,1,0,,,ORG:103559
IT Luggage Limited,01967787,,,Hertford,SG13 7NN,Wastepack GB (SEPA),106463,1,0,,,ORG:106463
ITAB UK Ltd,03411363,,,Hemel Hempstead,HP2 7EA,Ecosurety (EA),101563,1,0,,,ORG:101563
ITAC Ltd,00499145,,,Castleford,WF10 5HW,Valpak,100831,1,0,,,ORG:100831
Italian Beverage Company Ltd,05067015,,,Stevenage,SG1 3EE,Valpak,105962,1,0,,,ORG:105962
Italian Coffee Holdings Ltd,04129005,,,London,WC2H 9QL,Paperpak,100568,5,4,Coffee #1 Ltd; Harris and Hoole Limited; Nero Coffee Roasting Limited; Nero Holdings Ltd,03288178; 04027169; 06872482; 08094781,ORG:100568
Italmatch Chemicals GB Ltd,11332314,,,Manchester,M17 1SX,Valpak,101304,1,0,,,ORG:101304
Itochu Europe plc,02098168,,,London,EC2A 2EW,Valpak,106151,1,0,,,ORG:106151
ITP Aero UK Ltd,13071140,,,Hucknall,NG15 6YG,Kite Environmental Solutions,115661,1,0,,,ORG:115661
ITS Cycling Limited,08583700,,,Horsham,RH13 8AU,Comply with Clarity,100981,1,0,,,ORG:100981
ITSU LIMITED,03286342,,,London,SW1P 1BX,Beyondly,104880,1,0,,,ORG:104880
ITSU [GROCERY] LTD,06598773,,,London,SW1H 0EU,Beyondly,101949,1,0,,,ORG:101949
ITW Ltd,00559693,,,Windsor,SL4 1EN,Valpak,103471,3,2,Shinemark UK Ltd; Stokvis Tapes Ltd,12057509; 14009216,ORG:103471
ITX UK LIMITED,02245999,,,London,W1S 1DA,Biffpack,103639,1,0,,,ORG:103639
Iveco Limited,01975271,,,Basildon,SS14 3EZ,Veolia (EA),111170,1,0,,,ORG:111170
Ivor Rose Ltd,09921234,,,Colchester,CO4 9QT,ERP UK Ltd,106263,4,3,Allan & Bertram Ltd; Novercal Ltd; Rose of Colchester Ltd,00575231; 10780393; 14077380,ORG:106263
Ivor Shaw Limited,00755641,,,Derby,DE24 8WY,Wastepack GB (SEPA),108067,1,0,,,ORG:108067
Ivory & Ledoux Ltd,00529807,,,London,W1W 6XH,ERP UK Ltd,100259,1,0,,,ORG:100259
IVYLINE LTD,12190074,,,Kenilworth,CV8 2LG,Wastepack GB (SEPA),111185,1,0,,,ORG:111185
iZilla Limited,08520738,,,Cambridge,CB24 9PT,ERP UK Ltd,115847,1,0,,,ORG:115847
J & E Dickinson,,,,Holmfirth,HD9 2JD,Wastepack GB (SEPA),103274,1,0,,,ORG:103274
J & E Hall Limited,03120673,,,Dartford,DA1 1PU,Ecosurety (EA),100642,1,0,,,ORG:100642
J & J Ormerod PLC,00931323,,,Bacap,OL13 0EA,Wastepack GB (SEPA),101425,1,0,,,ORG:101425
J & J Wilson (Shops) Ltd,03496955,,,Hunstanton,PE36 6HS,ERP UK Ltd,105626,1,0,,,ORG:105626
J & K Henderson Enterprises Ltd,01403386,,,Bolton,BL5 3XU,Comply with Clarity,114520,1,0,,,ORG:114520
J & Mitchell & Company LImited,SC003582,,,Campbeltown,PA286ET,,115691,1,0,,,ORG:115691
J D Wetherspoon plc,01709784,,,Watford,WD24 4QL,Valpak,104467,1,0,,,ORG:104467
J N Fox and Sons UK Limited,04629051,,,Datchet,SL3 9JT,Wastepack GB (SEPA),102935,1,0,,,ORG:102935
J O SIMS LIMITED,02084187,,,Lincolnshire,PE11 3TJ,Beyondly,100215,1,0,,,ORG:100215
J R Holland Produce Ltd Liability Partnership,OC331566,,,Gateshead,NE11 0RF,Valpak,108616,1,0,,,ORG:108616
J R Industries Limited,00987946,,,Caerphilly,CF83 3HU,Wastepack GB (SEPA),104756,1,0,,,ORG:104756
J T ATKINSON & SONS LIMITED,01027936,,,Middlesbrough,TS3 8DE,Biffpack,104410,1,0,,,ORG:104410
J. & H.M. Dickson Ltd,SC028536,,,Glasgow,G73 1RW,Valpak Scotland Ltd (SEPA),104740,1,0,,,ORG:104740
J. AND A. YOUNG (LEICESTER) LIMITED,01222186,,,Corby,NN18 9EY,,100651,1,0,,,ORG:100651
J. Medler Limited,01104519,,,Norwich,NR10 4DT,ERP UK Ltd,105438,1,0,,,ORG:105438
J. Pao & Co. Limited,01858577,,,Dunstable,LU54TP,,117452,1,0,,,ORG:117452
J. Parker Dutch Bulbs (Wholesale) Ltd,01467306,,,Manchester,M16 9FG,Valpak,101561,1,0,,,ORG:101561
J. R. Holland (Food Services) Limited,03031294,,,Gateshead,NE11 0PZ,Wastepack GB (SEPA),103298,1,0,,,ORG:103298
J. V. Barrett & Co. Ltd,01225448,,,Bristol,BS30 8TY,Valpak,100511,3,2,Barrettine Products Ltd; Woodman Hill Ltd,01675749; 03544384,ORG:100511
J. Wild(Confectioners) Ltd,00355189,,,Keighley,BD20 6RB,Valpak,111818,1,0,,,ORG:111818
J.A. JONES & SONS (CHURCHTOWN) LIMITED,01697442,,,Merseyside,PR9 7NT,Biffpack,102069,1,0,,,ORG:102069
J.Barbour & Sons  Limited,00124201,,,South Shields,NE34 9PD,Wastepack GB (SEPA),107180,1,0,,,ORG:107180
J.C. & R.H. Palmer Limited,01233923,,,Bridport,DT6 4JA,Wastepack GB (SEPA),100290,1,0,,,ORG:100290
J.C. DUDLEY & CO. LTD,01714425,,,Chesham,HP5 1DG,Beyondly,102132,1,0,,,ORG:102132
J.C. Peacock & CO. LIMITED,SC025860,,,Ayr,KA88AE,,108268,1,0,,,ORG:108268
J.C.B. SERVICE,00564955,,,Uttoxeter  Staffs,ST14 5JP,Beyondly,105065,10,9,J.C. BAMFORD EXCAVATORS LIMITED; J.C.B. EARTHMOVERS LIMITED; JCB CAB SYSTEMS LIMITED; JCB COMPACT PRODUCTS LIMITED; JCB Heavy Products Ltd; JCB LANDPOWER LTD.; JCB POWER PRODUCTS LIMITED; JCB POWER SYSTEMS LIMITED; JCB Transmissions,00561597; 00934508; 01224998; 01832206; 01980852; 02321141; 02517503; 04797821; 05846086,ORG:105065
J.C.S. FISH LIMITED,04075067,,,Grimsby,DN31 1LW,Beyondly,103876,1,0,,,ORG:103876
J.Chandler & Company (Buckfast)  Ltd,00222047,,,Weyhill,SP11 8DN,Comply with Clarity,101186,1,0,,,ORG:101186
J.Choo Limited,03185783,,,,SW1P 1GW,Recycling Lives Compliance Services,117049,1,0,,,ORG:117049
J.D. Williams & Company Ltd,00178367,,,Manchester,M60 6ES,Valpak,114828,1,0,,,ORG:114828
J.E. & V.M. Dalton Ltd,00507191,,,Peterborough,PE6 7UD,Valpak,103940,1,0,,,ORG:103940
J.E.Hartley Ltd,00531889,,,York,YO19 6DJ,Valpak,100855,1,0,,,ORG:100855
J.F. McKenna Ltd,NI015435,,,Armagh,BT61 8AE,Valpak,102478,1,0,,,ORG:102478
J.F.B. Cores Limited,02118310,,,Runcorn,WA7 3DU,Paperpak,100478,1,0,,,ORG:100478
J.H. Leeke and Sons Limited,05216515,,,Pontyclun,CF72 8PN,Ecosurety (EA),100930,4,3,Bottlers & Distillers (Wales) Limited; Leekes Limited; Vale of Glamorgan Hotel Limited,00563751; 03698783; 11306361,ORG:100930
J.L. Priestley & Co. Ltd,01176188,,,Sleaford,NG34 8GL,Valpak,105337,1,0,,,ORG:105337
J.P. Boden & Co Ltd,02692601,,,London,NW10 6NY,ERP UK Ltd,107270,1,0,,,ORG:107270
J.P.McDougall & Co.Ltd,00254941,,,Slough,SL2 5DS,Valpak,104409,1,0,,,ORG:104409
J.R. Dalziel Ltd,SC335080,,,Bellshill,ML4 3NS,Valpak Scotland Ltd (SEPA),101947,4,3,Dalziel Ingredients Ltd; Dalziel Ltd; Rillatech Ltd,01284445; 01674358; SC063157,ORG:101947
J.Rainford and Sons Limited,00786442,,,Chorley,PR7 5EB,Ecosurety (EA),101275,1,0,,,ORG:101275
J.STELL & SONS LIMITED,00246435,,,Keighley,BD21 4AF,Beyondly,100103,1,0,,,ORG:100103
J.T. PRODUCE LIMITED,02738078,,,London,E10 5SQ,Beyondly,100329,1,0,,,ORG:100329
J.T.DOVE LIMITED,00085529,,,Newcastle Upon Tyne,NE15 8SF,Biffpack,102260,1,0,,,ORG:102260
J.T.S. (Cushions) Ltd,04243630,,,Keighley,BD21 5JG,Valpak,108193,1,0,,,ORG:108193
J.W. Filshill Limited,SC019246,,,Renfrew,PA4 8DJ,Wastepack GB (SEPA),111429,2,1,Differentiator Brands Limited,SC484051,ORG:111429
J.W.Lees & Co.(Brewers)Limited,00557225,,,Manchester,M24 2AX,Ecosurety (EA),101999,1,0,,,ORG:101999
JABLITE GROUP LIMITED,12641113,,,Nr Arundel,BN18 0BD,Beyondly,112266,3,2,BEWI INSULATION & CONSTRUCTION (UK) LTD; BEWI PACKAGING & COMPONENTS (UK) LTD,12644570; 12644682,ORG:112266
Jack Brand Limited,02026169,,,London,W1W 8BD,Wastepack GB (SEPA),106627,1,0,,,ORG:106627
Jack Sealey Ltd,01329173,,,Colchester,CO4 9YQ,Valpak,101426,1,0,,,ORG:101426
Jack Wolfskin UK Ltd,07163871,,,London,SW1H 0BL,Valpak,108553,1,0,,,ORG:108553
Jackson Nugent Vintners Limited,01422656,,,Horsham,RH12 4QD,Ecosurety (EA),116209,1,0,,,ORG:116209
Jacksons (Clear-Glass) Ltd,00393759,,,Chessington,KT9 1SG,Valpak,106660,1,0,,,ORG:106660
Jacob Beatus Limited,00359028,,,Rhondda,CF39 9SP,Wastepack GB (SEPA),101112,1,0,,,ORG:101112
Jacobi Carbons Limited,03185100,,,Leigh,WN7 3PT,Ecosurety (EA),100389,1,0,,,ORG:100389
Jacobs & Turner Ltd,SC047678,,,Glasgow,G41 1LU,Valpak Scotland Ltd (SEPA),103583,1,0,,,ORG:103583
Jacobs Douwe Egberts GB Ltd,00999990,,,Maidenhead,SL6 4AY,Ecosurety (EA),105555,1,0,,,ORG:105555
Jacuzzi Spa and Bath Limited,08295533,,,Gildersome  Morley,LS27 7LE,Wastepack GB (SEPA),103648,1,0,,,ORG:103648
Jaguar Land Rover Limited,01672070,,,Coventry,CV3 4LF,Veolia (EA),103682,2,1,Bowler Motors Limited,12363625,ORG:103682
JAINES & SON (GRIMSBY) LIMITED,00438850,,,GRIMSBY,DN31 3SY,Beyondly,105003,1,0,,,ORG:105003
JAKKS Pacific (UK) Ltd,06749712,,,Bracknell,RG12 1WA,Beyondly,101102,1,0,,,ORG:101102
James A. Jobling and Company Limited,01253632,,,Newcastle upon Tyne,NE15 6BZ,Paperpak,114254,1,0,,,ORG:114254
James and James Fulfilment Ltd,07155473,,,Northampton,NN4 7JE,Wastepack GB (SEPA),107093,1,0,,,ORG:107093
James Boylan Safety (NI) Ltd,NI004135,,,Omagh,BT79 0AG,Valpak,104563,2,1,Romar Innovate Ltd,02129067,ORG:104563
James Briggs Limited,08435139,,,Oldham,OL2 6HZ,Ecosurety (EA),112393,1,0,,,ORG:112393
James Burden Ltd,02702908,,,London,EC1A 9PS,Valpak,108161,1,0,,,ORG:108161
JAMES BURRELL LIMITED,00218384,,,Tyne And Wear,NE8 2BR,Biffpack,101862,1,0,,,ORG:101862
JAMES COLES & SONS (NURSERIES) LIMITED,01330804,,,Leics,LE7 9QB,Beyondly,102136,1,0,,,ORG:102136
James Convenience Retail Ltd,09433287,,,Chesterfield,S43 4FD,Valpak,102634,5,4,Eastcliffe News Shops Ltd; Maynews Ltd; Rippleglen Ltd; Supernews Stores Ltd,01415903; 01824104; 03220671; 04200709,ORG:102634
James Cropper Plc,00030226,,,Kendal,LA9 6PZ,Valpak,101931,5,4,James Cropper 3D Products Ltd; James Cropper Converting Ltd; James Cropper Speciality Papers Ltd; Technical Fibre Products Ltd,02053047; 04690526; 04690555; 09633167,ORG:101931
JAMES DAWSON & SON LIMITED,00047152,,,Staffordshire,ST4 4EY,Beyondly,100299,1,0,,,ORG:100299
JAMES DEWHURST LIMITED,00506170,,,Accrington,BB5 5YA,Biffpack,116405,1,0,,,ORG:116405
JAMES DURRANS & SONS LIMITED,00172023,,,Sheffield,S36 9QU,Biffpack,101941,2,1,CARBON INTERNATIONAL LIMITED,02571602,ORG:101941
James F. Kidd & Son Limited,SC040317,,,Edinburgh,EH9 3DP,Wastepack GB (SEPA),108431,1,0,,,ORG:108431
James Galt & Co. Ltd,00135476,,,Cheadle,SK8 2EA,Valpak,106257,1,0,,,ORG:106257
JAMES HALL AND COMPANY (HOLDINGS) LIMITED,01414954,,,Preston,PR2 5QT,Beyondly,114513,7,6,ALSTON DAIRY LIMITED; CLAYTON PARK BAKERY LIMITED; FAZILA FOODS LIMITED; GAP CONVENIENCE DISTRIBUTION LIMITED; GRAHAM EYES HIGH CLASS BUTCHERS LTD; JAMES HALL AND COMPANY LIMITED,01022295; 01255928; 03451078; 04017274; 10430485; 10820458,ORG:114513
James Hamilton & Company (Lurgan) Limited,NI006169,,,Lurgan,BT66 8DH,Wastepack Northern Ireland (NIEA),104985,1,0,,,ORG:104985
James Hardie Building Products Ltd,04611582,,,London,EC4M 7WS,Valpak,115964,1,0,,,ORG:115964
JAMES HARGREAVES(PLUMBERS'MERCHANTS)LIMITED,00188491,,,Burnley,BB11 3JT,Biffpack,102044,1,0,,,ORG:102044
James Johnston & Co. of Elgin Ltd,SC022553,,,Elgin,IV30 4AF,Valpak Scotland Ltd (SEPA),106057,1,0,,,ORG:106057
James Jones & Sons Limited,SC005832,,,Larbert,FK5 4NQ,,104283,1,0,,,ORG:104283
James M.Brown Ltd,00382434,,,Stoke-On-Trent,ST4 4NX,Valpak,100884,1,0,,,ORG:100884
James Mackle Limited,NI019644,,,Moy,BT71 6SW,Wastepack Northern Ireland (NIEA),106778,1,0,,,ORG:106778
James McIntyre & Sons,,,,Blairgowrie,PH10 6UT,Beyondly,112667,1,0,,,ORG:112667
James P Sim & Co. Limited,SC153026,,,Glasgow,G46 8NL,Paperpak,118191,1,0,,,ORG:118191
James T Blakeman & Co (Holdings) Limited,02707551,,,Hessle,HU13 0PA,Veolia (EA),105049,1,0,,,ORG:105049
James Walker (Leith) Ltd,SC026924,,,Livingston,EH54 7AW,Valpak Scotland Ltd (SEPA),101817,3,2,Walker Timber Engineering Ltd; Woodbridge Timber Ltd,SC083339; SC214455,ORG:101817
James Walker Group Ltd,00176600,,,Woking,GU22 8AP,Valpak,104479,7,6,Devol Engineering Ltd; James Walker & Co. Ltd; James Walker Moorflex Ltd; James Walker Townson Ltd; Kea-Flex Mouldings Ltd; Tiflex Ltd,00394614; 00575005; 00598173; 02395892; 02432592; SC043459,ORG:104479
James White Drinks Ltd,02392990,,,Ipswich,IP6 9JS,Wastepack GB (SEPA),100278,1,0,,,ORG:100278
Jangro Limited,03125118,,,Lostock,BL6 4SD,Comply with Clarity,100934,1,0,,,ORG:100934
Janice and Brian Scott t/a Rich's Cider,,,,Highbridge,TA9 4RD,Beyondly,116614,1,0,,,ORG:116614
Janome UK Ltd,00939767,,,Stockport,SK6 2SP,Valpak,107146,1,0,,,ORG:107146
Janssen-Cilag Ltd,01027904,,,High Wycombe,HP12 4EG,Valpak,104604,1,0,,,ORG:104604
JANUS INTERNATIONAL EUROPE LIMITED,03289427,,,Twickenham,TW2 5AG,Beyondly,101326,1,0,,,ORG:101326
Jardin Corrugated Cases Ltd,01332869,,,Birmingham,B30 3JN,Paperpak,104317,1,0,,,ORG:104317
Jardox Limited,00181002,,,Sevenoaks,TN14 5EL,Veolia (EA),101689,1,0,,,ORG:101689
JARROLD RETAIL LIMITED,00075278,,,Norwich,NR3 1SH,Valpak,104362,1,0,,,ORG:104362
Jason Plastics Limited,01062457,,,Bury,BL9 7HZ,,101031,1,0,,,ORG:101031
Jasun Envirocare plc,01078501,,,Bridgwater,TA6 5LB,Valpak,100520,1,0,,,ORG:100520
Jay-Be Ltd,06636595,,,Dewsbury,WF13 3LN,Valpak,102457,1,0,,,ORG:102457
JAYBEAM LIMITED,01008835,,,Wellingborough,NN8 6AX,,107207,1,0,,,ORG:107207
Jaylow Supplies Ltd,00463864,,,London,NW11 7RJ,Valpak,108547,1,0,,,ORG:108547
Jaz Toys UK Ltd,08301967,,,London,N7 8LE,Valpak,100791,1,0,,,ORG:100791
JBS GLOBAL (UK) LIMITED,04285339,,,BOREHAMWOOD,WD6 1JN,Comply with Clarity,100626,1,0,,,ORG:100626
JBS Industries Limited,02846167,,,West Bromwich,B70 8BG,Wastepack GB (SEPA),108074,4,3,Coburn Sliding Systems Limited; Consort Limited; Nico Manufacturing Limited,01574347; 02826971; 02885429,ORG:108074
JCC Lighting Products Limited,03044848,,,Chichester,PO20 2FT,ERP UK Ltd,107672,1,0,,,ORG:107672
JCCO Healthcare Limited,12750007,,,Skelmersdale,WN8 9QX,Kite Environmental Solutions,100096,4,3,Innox Trading Limited; My Health Digital Ltd; My Health Online Ltd,07262043; 12555647; NI677902,ORG:100096
JD Sports Fashion Plc,01888425,,,Bury,BL9 8RR,Valpak,103558,11,10,A Number of Names Ltd; Blacks Outdoor Retail Ltd; Go Outdoors Retail Ltd; Graham Tiso Ltd; Hip Store Ltd; JD Sports Gyms Ltd; Leisure-Lakes Ltd; Mainline Menswear Ltd; Naylor's Equestrian LLP; Size? Limited,01047673; 03412005; 06667750; 07795258; 08709444; 08770057; 09034290; 12659342; OC327916; SC081944,ORG:103558
JDM FOOD GROUP LIMITED,03826975,,,West Yorkshire,WF5 9AX,Beyondly,102717,1,0,,,ORG:102717
JDS Spreads Limited,12913771,,,London,EC1V 2NX,Ecosurety (EA),107922,1,0,,,ORG:107922
Jeld-Wen UK Ltd,00499622,,,Sheffield,S9 1DZ,Valpak,106674,1,0,,,ORG:106674
Jellycat Ltd,03591414,,,London,W12 7FQ,Valpak,116225,1,0,,,ORG:116225
JEMELLA LIMITED,04115691,,,London,W1D 3SP,Beyondly,107196,1,0,,,ORG:107196
JEMMTEC LIMITED,07038303,,,Dewsbury,WF12 8BU,Biffpack,107367,3,2,MAGMA CERAMICS LTD; MAGMA COMBUSTION ENGINEERING LIMITED,07686503; 10990666,ORG:107367
Jempsons Supermarkets Limited,05807590,,,Rye,TN31 6YD,ERP UK Ltd,101607,1,0,,,ORG:101607
JEROBOAMS TRADE LIMITED,03315645,,,London,W11 4LJ,Biffpack,102698,2,1,JEROBOAMS SHOPS LIMITED,02923018,ORG:102698
Jet2.com Ltd,02739537,,,Leeds,LS19 7TU,Valpak,101980,1,0,,,ORG:101980
JFC (UK) Limited,02738190,,,Hayes,UB3 4FR,Veolia (EA),102298,1,0,,,ORG:102298
Jfc Plastics Limited,01038712,,,Startford Upon Avon,CV37 7NB,Wastepack GB (SEPA),100147,1,0,,,ORG:100147
JFH Horticultural Supplies Limited,08758818,,,Sandbach,CW11 3PA,Wastepack GB (SEPA),108350,1,0,,,ORG:108350
JIFFY PACKAGING COMPANY LIMITED,00796167,,,Winsford,CW7 3QR,Biffpack,103254,1,0,,,ORG:103254
Jigsaw Foods Ltd,06553236,,,West Yorkshire,WF5 9AX,Valpak,108069,1,0,,,ORG:108069
Jigsaw Marketing and Media Limited,04175618,,,Wells,BA5 1FD,Wastepack GB (SEPA),108168,1,0,,,ORG:108168
JIM LAWRENCE TRADITIONAL IRONWORK LIMITED,03499172,,,Hadleigh,IP7 6BQ,Comply with Clarity,107122,2,1,Suffolk Glass (UK) Ltd,05149665,ORG:107122
JIMMY'S ICED COFFEE LIMITED,07451862,,,Hemel Hempstead,HP2 4TZ,Beyondly,107668,1,0,,,ORG:107668
JJ Food Service Ltd,02330996,,,Enfield,EN3 7XY,Comply with Clarity,107015,1,0,,,ORG:107015
JK labs Ltd,13226563,,,London,N1 7GU,Beyondly,114879,1,0,,,ORG:114879
JK Powell Ltd,03690043,,,Nottingham,NG15 7AW,Valpak,108650,1,0,,,ORG:108650
JLA Limited,01094178,,,Halifax,HX6 4AJ,Packcare,101514,1,0,,,ORG:101514
JLM PRODUCE LIMITED,05331170,,,Croydon,CR0 8BJ,Biffpack,103966,1,0,,,ORG:103966
JM Brands Limited,05760284,,,Bedford,MK42 9TW,Valpak,107050,1,0,,,ORG:107050
JM Packaging Limited,03561125,,,Malton,YO17 6AB,Wastepack GB (SEPA),108187,1,0,,,ORG:108187
JM Posner Ltd,06800355,,,Ashford,TN24 8LF,,112412,2,1,PARAMOUNT CONTRACTS GB LIMITED,03373160,ORG:112412
JMC Packaging Ltd,NI043499,,,Graigavon,BT63 5QE,Valpak,108582,4,3,Fieldpax Ltd; Infia UK Ltd; Verti-Pack Ltd,03423930; 03423935; 03670396,ORG:108582
JMJ Bulk Packaging Limited,02917694,,,Leicester,LE4 9LJ,Wastepack GB (SEPA),105500,1,0,,,ORG:105500
Jodal Limited,02902783,,,Haverhill,CB9 7XU,Kite Environmental Solutions,100498,1,0,,,ORG:100498
Joe Browns Ltd,02540247,,,Leeds,LS11 0BT,Ecosurety (EA),101716,1,0,,,ORG:101716
Joe Davies (Manchester) Limited,01021665,,,Stockport,SK5 7GA,Wastepack GB (SEPA),102531,1,0,,,ORG:102531
Joe's Gourmet Foods Limited,07399608,,,Woodford Green,IG8 9HD,Wastepack GB (SEPA),106404,1,0,,,ORG:106404
John & Pascalis Limited,00511309,,,London,NW2 7AX,Comply with Clarity,101225,1,0,,,ORG:101225
JOHN A. STEPHENS LIMITED,00894901,,,Nottingham,NG2 1AG,Biffpack,106378,1,0,,,ORG:106378
John Artis Ltd,01201735,,,Chessington,KT9 1SF,Valpak,106246,1,0,,,ORG:106246
John C.Brow  Ltd,NI001729,,,Belfast,BT5 6SA,Valpak,100962,1,0,,,ORG:100962
John Cotton Group Limited,00273492,,,Leeds,LS1 5AB,Wastepack GB (SEPA),100919,1,0,,,ORG:100919
John Coulthurst (Egg Packers) Limited,00607995,,,Preston,PR4 6SN,Ecosurety (EA),100959,1,0,,,ORG:100959
John Davidson (Pipes) Limited,SC050397,,,Inverurie,AB51 0YQ,Veolia (EA),107906,1,0,,,ORG:107906
John Deere Ltd,SC028492,,,Edinburgh,EH3 8RY,ERP UK Ltd,100046,1,0,,,ORG:100046
John Dewar and Sons Ltd,00613551,,,London,SW1P 1QN,Valpak,101552,1,0,,,ORG:101552
John E.Fells & Sons Ltd,00167004,,,Kings Langley,WD4 8LH,Valpak,103313,1,0,,,ORG:103313
John George & Sons Limited,01573582,,,Reading,RG30 6AZ,Wastepack GB (SEPA),102898,1,0,,,ORG:102898
John Gordon & Son Ltd,SC093530,,,Nairn,IV12 5LY,ERP UK Ltd,101355,1,0,,,ORG:101355
John Harrison (Stockton) Ltd,00108064,,,Thornaby,TS17 9NT,Paperpak,103086,1,0,,,ORG:103086
John Hellyar And Company Ltd,00694742,,,Whitstable,CT5 2RX,Valpak,102668,1,0,,,ORG:102668
JOHN HENDERSON (HOLDINGS) LIMITED,NI010588,,,County Antrim,BT36 4RT,Beyondly,114999,4,3,HENDERSON FOODSERVICE LIMITED; HENDERSON RETAIL LIMITED; HENDERSON WHOLESALE LIMITED,NI000068; NI006894; R0000035,ORG:114999
John Henshall (Fruit Salesmen) Limited,00230861,,,Manchester.11,M11 2WP,Ecosurety (EA),102912,1,0,,,ORG:102912
John Hogarth Ltd,SC018340,,,Kelso,TD5 7HP,Valpak Scotland Ltd (SEPA),100697,1,0,,,ORG:100697
JOHN HOGG TECHNICAL SOLUTIONS LIMITED,00147014,,,Trafford Park,M17 1PB,,101493,1,0,,,ORG:101493
John Hornby Skewes And Company Ltd,00863562,,,Leeds,LS25 2HR,Valpak,104786,1,0,,,ORG:104786
John Kilby & Son Limited,00557587,,,Birmingham,B47 5HH,Wastepack GB (SEPA),100809,1,0,,,ORG:100809
John Lewis PLC,00233462,,,London,SW1V 2QQ,Ecosurety (EA),107164,4,3,Dishpatch Ltd; Herbert Parkinson Limited; Waitrose Limited,00099405; 00318082; 12605276,ORG:107164
John Mackle (Moy) Ltd,NI008491,,,Dungannon,BT71 6SL,Scotpak (SEPA),108258,1,0,,,ORG:108258
John Menzies Ltd,SC034970,,,Edinburgh Park,EH12 9DT,Scotpak (SEPA),107301,1,0,,,ORG:107301
John Mills Limited,02021685,,,London,W4 5RU,REPIC,103796,1,0,,,ORG:103796
John Palin Fresh Produce Ltd,04906019,,,Matlock,DE4 5ND,Valpak,106110,1,0,,,ORG:106110
John Pye & Sons Ltd,02564753,,,Nottingham,NG7 7EA,Packcare,105255,1,0,,,ORG:105255
John Roberts Holdings Ltd,03225236,,,Settle,BD24 9LX,Paperpak,103333,1,0,,,ORG:103333
John Saul Ltd,02369313,,,Boston,PE22 0AA,Valpak,108317,1,0,,,ORG:108317
John Sheppard Butchers Limited,02727662,,,Bristol,BS2 9XS,Ecosurety (EA),116719,1,0,,,ORG:116719
John Thomas & Sons (Aberaeron) Limited,01304916,,,Aberaeron,SA46 0AS,ERP UK Ltd,105154,1,0,,,ORG:105154
John Veitch Ltd,02208536,,,Halifax,HX7 5HZ,Wastepack GB (SEPA),102106,1,0,,,ORG:102106
JOHN WEST FOODS LIMITED,00200767,,,Liverpool,L3 1BP,Beyondly,101837,1,0,,,ORG:101837
JOHN WILEY & SONS LIMITED,00641132,,,Bognor Regis,PO22 9NQ,Biffpack,102492,1,0,,,ORG:102492
JOHN WOODS (LISGLYN) LIMITED,NI006498,,,Armagh,BT60 4EZ,Beyondly,111363,1,0,,,ORG:111363
Johnson & Johnson Medical Ltd,SC132162,,,Edinburgh,EH3 9QP,Valpak,101969,1,0,,,ORG:101969
Johnson Brothers (Belfast) Limited,NI004697,,,Lisburn,BT27 5QR,Wastepack Northern Ireland (NIEA),102982,1,0,,,ORG:102982
Johnson Controls Building Efficiency UK Ltd,08993483,,,Waterlooville,PO7 7YH,Valpak,114558,3,2,H & C Contracts Ltd; Sabroe Ltd,01804419; 02201497,ORG:114558
Johnson Health Tech UK Limited,06452654,,,Stoke-On-Trent,ST4 2LW,Wastepack GB (SEPA),106508,1,0,,,ORG:106508
Johnson Matthey Plc,00033774,,,Royston,SG8 5HE,Beyondly,105109,1,0,,,ORG:105109
Johnsons Nurseries Limited,00616324,,,York,YO26 8AQ,Wastepack GB (SEPA),108363,1,0,,,ORG:108363
Johnsons Textile Services Ltd,00464645,,,Preston Brook,WA7 3GH,Valpak,104107,1,0,,,ORG:104107
Johnsons Veterinary Products Limited,00489549,,,Sutton Coldfield,B75 7DF,Wastepack GB (SEPA),103524,1,0,,,ORG:103524
JOINERY AND TIMBER CREATIONS (65) LIMITED,SC099154,,,Dundee,DD2 3SN,,106332,1,0,,,ORG:106332
Jojo Maman Bebe Ltd,02737508,,,London,SW8 3NS,Ecosurety (EA),104070,1,0,,,ORG:104070
Jonesco (Preston) Limited,00901751,,,Preston,PR2 9ZD,Ecosurety (EA),100433,1,0,,,ORG:100433
Joseph Gleave & Son Ltd,00582735,,,Manchester,M32 0NB,Valpak,114199,1,0,,,ORG:114199
Joseph Heler Limited,01071486,,,Nantwich,CW5 7PE,Wastepack GB (SEPA),107495,1,0,,,ORG:107495
Joseph Holt Limited,00182757,,,Manchester,M3 1JD,Ecosurety (EA),103012,1,0,,,ORG:103012
Joseph Joseph Ltd.,04609769,,,London,SE1 0NL,Kite Environmental Solutions,114196,1,0,,,ORG:114196
JOSEPH PARR GROUP LIMITED,00119432,,,Liverpool,L30 6UU,Biffpack,111529,8,7,BUILDERS SUPPLY COMPANY LIMITED (THE); JOSEPH PARR (ALCO) LIMITED; JOSEPH PARR (MIDDLESBROUGH) LIMITED; JOSEPH PARR (NORTHANTS) LIMITED; JOSEPH PARR LIMITED; PARR ROCHDALE LIMITED; W.& H.S.EMERY COMPANY LIMITED,00194760; 00332493; 00449369; 00969846; 01471697; 13043601; SC015129,ORG:111529
JOTUN PAINTS (EUROPE) LIMITED,00925019,,,Flixborough  Scunthorpe,DN15 8RR,Beyondly,103037,1,0,,,ORG:103037
JOULE HOT WATER SYSTEMS UK LTD,07586196,,,Pontefract,WF8 4PS,Beyondly,108276,1,0,,,ORG:108276
Journeys End Vineyards Ltd,10910475,,,London,W6 9DJ,Beyondly,115843,1,0,,,ORG:115843
JOY LIMITED,05652836,,,Aylesbury,HP22 6PE,Biffpack,107453,1,0,,,ORG:107453
JRP Distribution Limited,04234315,,,Chichester,PO20 2FT,Ecosurety (EA),104854,1,0,,,ORG:104854
JSM Group Services Limited,03591105,,,Potters Bar,EN6 3AR,Ecosurety (EA),117907,1,0,,,ORG:117907
JSP Ltd,00791380,,,Cheltenham,GL50 3PR,Valpak,102723,1,0,,,ORG:102723
Jubb (UK) Limited,05662791,,,Leicester,LE18 2FL,Wastepack GB (SEPA),114742,1,0,,,ORG:114742
Jubel Ltd.,09575170,,,London,SE11 5DP,Comply with Clarity,111360,1,0,,,ORG:111360
Juice Global Ltd,07985144,,,Banbury,OX16 5TY,Valpak,104617,1,0,,,ORG:104617
JUICEWORKS LIMITED,04450381,,,Manchester,M22 4RX,Beyondly,108275,1,0,,,ORG:108275
Julian Bowen Limited,02108701,,,London,SW15 6NP,Ecosurety (EA),103137,1,0,,,ORG:103137
Junckers Limited,00692334,,,Milton Keynes,MK12 5NW,Wastepack GB (SEPA),102273,1,0,,,ORG:102273
Juniper Networks (UK) Ltd,03845874,,,Staines,TW18 3BA,Valpak,101341,1,0,,,ORG:101341
JUST 1 SOURCE AND SUPPLY LIMITED,06689740,,,York,YO60 7JX,Beyondly,116957,1,0,,,ORG:116957
Just Eat.co.uk Ltd,04656315,,,London,EC4M 7RF,Valpak,105912,1,0,,,ORG:105912
Just Kampers Limited,03024961,,,Hook,RG29 1JE,Kite Environmental Solutions,101044,1,0,,,ORG:101044
Just Paper Tubes Ltd,09741925,,,Selby,YO8 6EF,Paperpak,100265,1,0,,,ORG:100265
Just Peel Limited,06087203,,,Goole,DN14 9JR,Comply with Clarity,116376,1,0,,,ORG:116376
Just Trays Limited,05113567,,,Farnley,LS12 5JB,Wastepack GB (SEPA),100082,1,0,,,ORG:100082
JUTEXPO LTD,04346277,,,Evesham,WR11 8SN,Beyondly,116485,1,0,,,ORG:116485
JUUL Labs UK Ltd,11015145,,,London,SW1H 0DB,Valpak,101274,1,0,,,ORG:101274
JUVELA LIMITED,06157827,,,Liverpool,L24 8RN,Beyondly,105811,1,0,,,ORG:105811
JV Foods Limited,04306497,,,Reading,RG7 4PF,Paperpak,104964,1,0,,,ORG:104964
JVCKENWOOD U.K. Limited,03537298,,,Watford,WD18 8YX,REPIC,101247,1,0,,,ORG:101247
JXP REALISATIONS LTD,01158409,,,London,EC1M 4JN,Valpak,100970,1,0,,,ORG:100970
JYSK Limited,06336261,,,Stockport,SK7 5BW,REPIC,102630,1,0,,,ORG:102630
K & G McAtamney (Wholesale Meats) Limited,NI614743,,,Ballymena,BT42 4QJ,Wastepack Northern Ireland (NIEA),105349,1,0,,,ORG:105349
K & Z Newhaven Ltd,07904553,,,London,EC1R 5HL,Valpak,108468,3,2,K&Z Crawley Ltd; K&Z South London Ltd,10693407; 10860747,ORG:108468
K J Flanagan & Co Ltd,NI041021,,,Saintfield,BT24 7EP,Wastepack Northern Ireland (NIEA),107831,1,0,,,ORG:107831
K PACKAGING LTD.,07264376,,,ROTHERHAM,S62 6EG,Beyondly,116991,1,0,,,ORG:116991
K.B. Packaging (UK) LLP,OC381178,,,Ilkeston,DE7 4RA,Wastepack GB (SEPA),102829,1,0,,,ORG:102829
K.M. Packaging Services Limited,01837945,,,Oundle,PE8 4EF,Ecosurety (EA),100449,1,0,,,ORG:100449
K.R.M. BUILDING SUPPLIES LIMITED,02365076,,,Derbyshire,DE7 5BN,Biffpack,104167,1,0,,,ORG:104167
K.T.C. (Edibles) Limited,01433723,,,Wellingborough,NN8 2DT,Ecosurety (EA),100690,3,2,Cardowan Creameries Limited; Piquant Limited,01990129; SC016247,ORG:100690
Kab Seating Ltd,02104900,,,Northampton,NN3 8RS,Comply with Clarity,115999,1,0,,,ORG:115999
Kaba Ltd,03792985,,,Tiverton,EX16 6SS,Kite Environmental Solutions,103563,1,0,,,ORG:103563
KAEMINGK B.V.,,,,AALTEN,7122MN,Comply with Clarity,117827,1,0,,,ORG:117827
Kahrs (UK) Limited,01028638,,,Bognor Regis,PO21 1EU,,103444,1,0,,,ORG:103444
Kaifa Technology UK Ltd,08292937,,,London,WC2R 0LR,ERP UK Ltd,106152,1,0,,,ORG:106152
Kaiser + Kraft Limited,01178566,,,Gloucester,GL2 5DH,Wastepack GB (SEPA),103408,1,0,,,ORG:103408
Kallo Foods Limited,02893019,,,Camberley,GU17 9AB,Comply with Clarity,105131,1,0,,,ORG:105131
Kalsi Plastics (UK) Ltd,02975479,,,Birmingham,B11 2NJ,Paperpak,100759,1,0,,,ORG:100759
KANDYTOYS LIMITED,07380842,,,EXETER,EX5 1DR,Packcare,103287,1,0,,,ORG:103287
Kanes Foods Limited,02438826,,,Evesham,WR11 8JS,Veolia (EA),107683,1,0,,,ORG:107683
Kao (UK) Ltd,04471658,,,London,EC1A 2DY,Valpak,104863,1,0,,,ORG:104863
Karaca Porcelain UK Limited,13084022,,,London,N15 4QD,,116104,1,0,,,ORG:116104
Karcher (U.K.) Ltd,01350233,,,Banbury,OX16 3ED,Valpak,102359,1,0,,,ORG:102359
KARL STORZ Endoscopy (UK) Limited,SC151965,,,Dundee,DD2 1UB,Packcare,111427,1,0,,,ORG:111427
KARMA DRINKS UK LIMITED,08911689,,,London,EC2A 4NE,,111228,1,0,,,ORG:111228
Karmel Foods Ltd,05524764,,,London,W9 2PY,Valpak,115907,1,0,,,ORG:115907
Karndean International Limited,01612506,,,Evesham,WR11 1GP,Wastepack GB (SEPA),103771,1,0,,,ORG:103771
KARO HEALTHCARE UK LTD,11784588,,,Maidenhead,SL6 1RL,,115511,2,1,NUTRAVITA LIMITED,09297840,ORG:115511
Karsten UK Limited,04985952,,,Spalding,PE11 3YP,Veolia (EA),111189,1,0,,,ORG:111189
Kasai UK Ltd,02594244,,,Washington,NE37 3HR,Valpak,102684,1,0,,,ORG:102684
Katsouris Brothers Limited,00824300,,,Hessle,HU13 0PA,Kite Environmental Solutions,101441,1,0,,,ORG:101441
Kavli UK Limited,08485608,,,Tyne & Wear,NE11 0ST,Ecosurety (EA),108029,3,2,Castle MacLellan Foods Limited; Primula Limited,00314886; SC077607,ORG:108029
Kawasaki Motors UK,,,,Bourne End,SL8 5XF,Valpak,104201,1,0,,,ORG:104201
Kawasaki Precision Machinery (UK) Limited,02833215,,,Plymouth,PL5 2SA,Wastepack GB (SEPA),101660,1,0,,,ORG:101660
Kay Premium Marking Films Ltd,02482185,,,London,EC3M 5JG,Valpak,108501,1,0,,,ORG:108501
KBF Enterprises Limited,06266859,,,Manchester,M17 1SB,Comply with Clarity,117349,1,0,,,ORG:117349
KCI Medical Ltd,01130981,,,Loughborough,LE11 5RB,ERP UK Ltd,107904,1,0,,,ORG:107904
KDC/One Swallowfield Ltd,11911041,,,Wellington,TA21 8NL,Valpak,104239,1,0,,,ORG:104239
KDM INTERNATIONAL LIMITED,01210564,,,Ipswich,IP3 9SJ,Beyondly,100710,1,0,,,ORG:100710
KDR Resin Systems Limited,08433156,,,Brierley Hill,DY5 3AW,Veolia (EA),106413,1,0,,,ORG:106413
Kebur Garden Materials Llp,OC304389,,,Farnborough,GU14 6JD,Wastepack GB (SEPA),102767,1,0,,,ORG:102767
Kebur Stone Imports Ltd,10059884,,,Camberley,GU15 3SY,Wastepack GB (SEPA),102856,1,0,,,ORG:102856
Keejays Limited,01848004,,,Ipswich,IP7 6RD,ERP UK Ltd,115407,1,0,,,ORG:115407
Keel Toys Limited,03744062,,,Ashford,TN24 0SG,Wastepack GB (SEPA),100227,1,0,,,ORG:100227
Keeling Andrew & Co Limited,10377019,,,London,WC1N 3NB,Wastepack GB (SEPA),107233,1,0,,,ORG:107233
Keelings International Ltd,01628818,,,Kettering,NN9 5NQ,Valpak,106836,1,0,,,ORG:106836
Keen & Toms Holdings Limited,06997035,,,Princes Risborough,HP27 9RT,Comply with Clarity,103326,1,0,,,ORG:103326
Keen Meadows Foods Ltd,02605093,,,Ashford,TN24 8DH,Valpak,108424,1,0,,,ORG:108424
KEENWORK LIMITED,01295911,,,Bristol,BS3 2SS,Beyondly,117762,3,2,BAILEY CARAVANS LIMITED; PRIMA LEISURE LIMITED,00354363; 09943938,ORG:117762
Kefco Sales Ltd,01043591,,,Rochford,SS4 1GP,Valpak,107118,1,0,,,ORG:107118
Kefla UK Ltd,13811010,,,Buckingham,MK18 1TF,Valpak,116325,1,0,,,ORG:116325
Keith Spicer Limited,00348565,,,Wimborne,BH21 7PN,Wastepack GB (SEPA),101505,1,0,,,ORG:101505
Kellaway Building Supplies Limited,02118777,,,Bristol,BS34 5TA,Wastepack GB (SEPA),106381,1,0,,,ORG:106381
Kellogg Company of Great Britain Limited,00199171,,,Manchester,M50 2HF,Ecosurety (EA),103694,1,0,,,ORG:103694
Kellogg Marketing and Sales Company (UK) Limited,03237431,,,Manchester,M50 2HF,Ecosurety (EA),104088,1,0,,,ORG:104088
KellyDeli UK Ltd,09338288,,,London,EC2A 3HZ,Valpak,107396,1,0,,,ORG:107396
Kellys Supermarkets Ltd,NI627483,,,Maghera,BT46 5AB,ERP UK Ltd,107375,3,2,DSP Supermarkets Limited; Falcarrow Limited,NI037833; NI677128,ORG:107375
KELMORE LIMITED,12985784,,,CHORLEY,PR7 6RA,Comply with Clarity,108634,1,0,,,ORG:108634
Kelvion Limited,04057753,,,Fareham,PO15 5TT,Ecosurety (EA),116069,1,0,,,ORG:116069
Kemetyl UK Ltd,06373113,,,Ascot,SL5 7ET,Valpak,116855,1,0,,,ORG:116855
Kemira Chemicals (UK) Ltd,00907866,,,Bradford,BD4 7TT,Valpak,104706,1,0,,,ORG:104706
Kemper System Ltd,03369714,,,Warrington,WA1 4RW,Valpak,101998,1,0,,,ORG:101998
Ken Wilkins Print Limited,01793462,,,Nottingham,NG4 2JQ,Smart Comply (EA),100967,1,0,,,ORG:100967
Kendal Nutricare Ltd,09389871,,,Kendal,LA9 6NL,Ecosurety (EA),102081,1,0,,,ORG:102081
KENDON PACKAGING GROUP PUBLIC LIMITED COMPANY,00279823,,,Enfield,EN3 7FL,Biffpack,102041,1,0,,,ORG:102041
Kennedy Enterprises Limited,03983906,,,Shrewsbury,SY2 6FG,Wastepack GB (SEPA),105155,1,0,,,ORG:105155
Kennedy Hygiene Products Ltd,01401268,,,Uckfield,TN22 1YA,Valpak,108441,1,0,,,ORG:108441
Kennedysmith (Press) Limited,SC186009,,,Irvine,KA11 5DD,Packcare,101068,1,0,,,ORG:101068
Kenneth Green Associates Ltd,02751965,,,Weybridge,KT13 8RX,Valpak,100062,1,0,,,ORG:100062
Kenross Containers Limited,02539994,,,Rossendale,BB4 8QW,Paperpak,100297,1,0,,,ORG:100297
Kent Foods Limited,SC141654,,,Paisley,PA3 2RB,Ecosurety (EA),103505,1,0,,,ORG:103505
KENT PHARMA UK LIMITED,11576098,,,Ashford,TN23 1FB,Beyondly,116939,1,0,,,ORG:116939
Kentmere Limited,00087803,,,Huntingdon,PE19 2HF,Ecosurety (EA),100391,1,0,,,ORG:100391
Kentucky Fried Chicken (Great Britain) Limited,00967403,,,Woking,GU22 7NJ,Ecosurety (EA),103343,2,1,Clokken Limited,15217100,ORG:103343
Kenvue UK Ltd,02175750,,,Reading,RG1 1LN,Valpak,105346,1,0,,,ORG:105346
Kenwood Limited,00872044,,,Havant,PO9 2NH,REPIC,101449,1,0,,,ORG:101449
KEP Print Group Ltd,01569174,,,Tamworth,B77 5AE,Valpak,106331,1,0,,,ORG:106331
Kepak Convenience Foods Ltd,BR018242,,,Kirkham,PR4 2DZ,Valpak,105669,1,0,,,ORG:105669
Kepak Kirkham Ltd,05101877,,,Preston,PR4 2DZ,Valpak,104945,1,0,,,ORG:104945
Kerakoll UK Ltd,04627336,,,Leyland,PR25 2DY,Valpak,115716,1,0,,,ORG:115716
Kerax Limited,04968239,,,Chorley,PR6 9DR,Wastepack GB (SEPA),104020,1,0,,,ORG:104020
Kerbl UK Ltd,12278432,,,Oakham,LE15 6RF,Valpak,108288,1,0,,,ORG:108288
Kernow Coatings Ltd,01092182,,,Penryn,TR10 9DQ,Valpak,100567,1,0,,,ORG:100567
KERRY INGREDIENTS (UK) LIMITED,00329695,,,Bristol,BS20 7NZ,Biffpack,103147,1,0,,,ORG:103147
Kershaws Frozen Foods Ltd,01174084,,,Southport,PR8 5LD,Valpak,102619,1,0,,,ORG:102619
Kervan Gida UK Ltd,08953092,,,London,SW19 4JS,Valpak,106942,1,0,,,ORG:106942
KESTERPORT LIMITED,01338973,,,Chertsey,KT16 9JX,Biffpack,100128,1,0,,,ORG:100128
Kestrel Foods Limited,NI031111,,,Portadown,BT63 5WJ,ERP UK Ltd,107738,1,0,,,ORG:107738
Keter UK Limited,04992337,,,London,WC2B 5AH,Wastepack GB (SEPA),105413,1,0,,,ORG:105413
Kettle Foods Ltd.,02238320,,,Norwich,NR5 9JP,Comply with Clarity,107898,1,0,,,ORG:107898
Kettle Produce Ltd,SC097725,,,Cupar,KY15 7TJ,Valpak Scotland Ltd (SEPA),100500,2,1,Barrowcliffe Ltd,04869022,ORG:100500
KETTLER (G.B.) LIMITED,01937415,,,North Moons Moat,B98 9HL,Beyondly,100106,1,0,,,ORG:100106
Kevin Nash Group Limited,02689107,,,Burnham,CM0 8TE,Wastepack GB (SEPA),108611,1,0,,,ORG:108611
Kew Green Group Limited,09027363,,,Richmond,TW9 1EG,Wastepack GB (SEPA),106518,36,35,Birmingham Hotel Limited; Braintree Hotel Limited; Kew Green (Bromsgrove) Limited; Kew Green (Norwich Property) Limited; Kew Green (Square) Limited; Kew Green Hotels (Ashford) Limited; Kew Green Hotels (Birmingham LRG1) Limited; Kew Green Hotels (Chester) Limited; Kew Green Hotels (Colchester) Limited; Kew Green Hotels (Derby/Nottingham) Limited; Kew Green Hotels (Gatwick) Limited; Kew Green Hotels (Haydock) Limited; Kew Green Hotels (Ipswich LRG1) Limited; Kew Green Hotels (Lancaster) Limited; Kew Green Hotels (Leeds Brighouse) Limited; Kew Green Hotels (Norwich LRG1) Limited; Kew Green Hotels (Portsmouth LRG1) Limited; Kew Green Hotels (Portsmouth) Limited; Kew Green Hotels (Rochester) Limited; Kew Green Hotels (Rugby) Limited; Kew Green Hotels (Runcorn) Limited; Kew Green Hotels (Stansted) Limited; Kew Green Hotels (Stoke) Limited; Kew Green Hotels (Swindon) Limited; Kew Green Hotels (Taunton) Limited; Kew Green Hotels (Wakefield LRG1) Limited; Kew Green Hotels (Warrington) Limited; Kew Green Hotels (Washington) Limited; Kew Green Hotels (York) Limited; Neptune Hotels Limited; Shropshire Hotel Limited; Stardon (Brighton West Pier) Limited; Stardon (East Kilbride) Limited; Stardon (Leeds) Limited; Stardon (Norwich) Limited,03691485; 04444251; 04516241; 05264381; 05855039; 06849201; 06849208; 06849212; 08930279; 08966668; 09096080; 09096082; 09096093; 09096099; 09096113; 09096116; 09096121; 09096124; 09096126; 09096135; 09096148; 09096181; 09096203; 09096229; 09096231; 09096235; 09096238; 09096265; 09096280; 09096292; 09096293; SC281949; SC281953; SC281955; SC281960,ORG:106518
Kewpie Trading Europe B.V.,FC039392,,,,,Biffpack,118101,1,0,,,ORG:118101
Key Promotions (UK) Limited,04522434,,,Rochester,ME2 4EZ,Smart Comply (EA),106591,1,0,,,ORG:106591
Keycraft Ltd,SC466323,,,Peterhead,AB42 1BN,Ecosurety (EA),100726,1,0,,,ORG:100726
KeyMed (Medical & Industrial Equipment) Limited,00966736,,,Southend-on-Sea,SS2 5QH,Ecosurety (EA),103066,2,1,Algram Group Limited,02189247,ORG:103066
Keystone Lintels Ltd,NI021988,,,Cookstown,BT80 9DG,Valpak,111504,1,0,,,ORG:111504
Kidde Safety Europe Ltd,03941629,,,Blackburn,BB1 2QS,Valpak,101645,1,0,,,ORG:101645
Kier Integrated Services Limited,00873179,,,Salford,M50 3XP,Wastepack GB (SEPA),101604,1,0,,,ORG:101604
KIKO UK Ltd,07030612,,,London,W1B 3AQ,Valpak,102755,1,0,,,ORG:102755
Kilco (International) Ltd,NI003240,,,Newtownabbey,BT36 4TY,Wastepack Northern Ireland (NIEA),103551,1,0,,,ORG:103551
KILLER INK LIMITED,06803935,,,Liverpool,L24 9PB,Comply with Clarity,106937,1,0,,,ORG:106937
KILLGERM GROUP LIMITED,01272745,,,Ossett,WF5 9AJ,Beyondly,107829,3,2,KILLGERM CHEMICALS LIMITED; PESTWEST ELECTRONICS LIMITED,02203979; 02794829,ORG:107829
Kilrea Service Station Ltd,NI029028,,,Coleraine,BT51 5QP,ERP UK Ltd,101779,1,0,,,ORG:101779
Kilwaughter Minerals Ltd,NI001351,,,Larne,BT40 2TJ,Valpak,100925,1,0,,,ORG:100925
Kimal Plc,00827857,,,Worcester,WR4 0AE,Wastepack GB (SEPA),101701,1,0,,,ORG:101701
Kimberly - Clark Limited,00308676,,,Tadworth,KT20 7NS,Comply with Clarity,107568,1,0,,,ORG:107568
Kimm & Miller (UK) Ltd.,05964664,,,Bedford,MK42 9TW,Wastepack GB (SEPA),101439,1,0,,,ORG:101439
Kind Snacks UK Limited,09402330,,,London,EC2M 2AT,Ecosurety (EA),103233,1,0,,,ORG:103233
King & McGaw Limited,03850720,,,Newhaven,BN9 0EX,,114775,1,0,,,ORG:114775
Kingasia Foods Limited,02610611,,,Doncaster,DN4 5JJ,Comply with Clarity,103655,1,0,,,ORG:103655
Kingfisher Beer Europe Limited,02367133,,,Aylesford,ME20 6RZ,Wastepack GB (SEPA),115302,1,0,,,ORG:115302
Kingfisher Foods Ltd,01426395,,,Reigate,RH2 9AQ,Valpak,100806,1,0,,,ORG:100806
Kingfisher Packaging Limited,09286176,,,Wellington,TA21 9AQ,Wastepack GB (SEPA),101508,1,0,,,ORG:101508
Kingsland Drinks Limited,02905130,,,Manchester,M44 6BD,Comply with Clarity,101392,1,0,,,ORG:101392
Kingsley Beverage Ltd,09648011,,,Peterborough,PE7 3AG,Valpak,101654,1,0,,,ORG:101654
Kingsmoor Packaging Ltd,02375692,,,London,N7 9DP,Valpak,102394,1,0,,,ORG:102394
Kingspan Group Limited,01447372,,,Holywell,CH8 7GJ,Smart Comply (EA),105843,6,5,Kingspan Insulation Limited; Kingspan Limited; Kingspan Timber Solutions Limited; Kingspan Water & Energy Limited; Tate Global Solutions Limited,00076119; 01037468; 01882722; 04911159; NI017631,ORG:105843
Kingston Carton Company Limited(The),00146383,,,Hull,HU2 0PS,Paperpak,100192,1,0,,,ORG:100192
Kingston Digital Europe Co LLP,OC384047,,,Sunbury on Thames,TW16 7EP,Ecosurety (EA),100148,1,0,,,ORG:100148
KINGSTOWN ASSOCIATES LIMITED,06742414,,,DRIFFIELD,YO25 9DJ,Beyondly,108241,1,0,,,ORG:108241
Kinshofer UK Limited,01705372,,,Cheltenham,GL54 4DX,Comply with Clarity,116543,1,0,,,ORG:116543
KIRIL MISCHEFF LIMITED,00250446,,,London,SE1 9PL,Comply with Clarity,107493,3,2,Annessa Imports Limtied; Primepak Foods Limited,02747288; 04115804,ORG:107493
Kirkstall Brewery Company Limited,06842487,,,Leeds,LS3 1HJ,Wastepack GB (SEPA),114496,1,0,,,ORG:114496
KIRWIN BROTHERS LTD.,02388808,,,Grimsby,DN31 3SY,Beyondly,100643,1,0,,,ORG:100643
Kit & Kin Ltd,09471280,,,Beaconsfield,HP9 1NB,Valpak,115105,1,0,,,ORG:115105
Kitchenmaster (N.I.) Limited,NI018324,,,Carryduff,BT8 8AN,Wastepack Northern Ireland (NIEA),108315,1,0,,,ORG:108315
Kite Packaging Limited,04680835,,,Coventry,CV3 4GB,Kite Environmental Solutions,100033,1,0,,,ORG:100033
Kitwave Limited,02114564,,,North Shields,NE29 7XJ,Paperpak,105152,8,7,Automatic Retailing (Northern) Limited; Central Supplies (Brierley Hill) Ltd; David Miller Frozen Foods Limited; Eden Farm Limited; H.B. Clark & Co (Successors) Limited; Squirrels UK Limited; Westone Wholesale Limited,00130435; 00820872; 01718211; 02330059; 02867452; 03422267; 06195699,ORG:105152
Klasmann-Deilmann Ireland Limited,,,,Mullingar,N91 WK64,Comply with Clarity,105852,1,0,,,ORG:105852
Kleiberit SE & Co KG,,,,Coalville,LE67 3HF,Comply with Clarity,108181,1,0,,,ORG:108181
KLINGER LIMITED,01021936,,,Euroway Trading Estate Bradford,BD4 6SG,Beyondly,105945,1,0,,,ORG:105945
Klingspor Abrasives Limited,SC026372,,,Edinburgh,EH3 8HE,Wastepack GB (SEPA),104506,1,0,,,ORG:104506
Klober Limited,01944435,,,Milton Keynes,MK11 3LW,Veolia (EA),111272,1,0,,,ORG:111272
Klockner Pentaplast Limited,03676460,,,Crumlin,NP11 3EH,Comply with Clarity,111183,1,0,,,ORG:111183
Klondyke Group Ltd,SC063597,,,Grangemouth,FK3 8WX,Valpak Scotland Ltd (SEPA),108402,2,1,William Strike Ltd,00096366,ORG:108402
Kluman and Balter Limited,02995518,,,Leeds,LS16 6QY,Wastepack GB (SEPA),106825,1,0,,,ORG:106825
KME Service Centre UK Limited,05169749,,,Smethwick,B66 2NN,Veolia (EA),111300,1,0,,,ORG:111300
KMF Group Limited,04690455,,,Newcastle under Lyme,ST5 7FU,Comply with Clarity,106877,1,0,,,ORG:106877
KMI Brands Ltd,04276412,,,London,WC2B 6ST,Valpak,101628,1,0,,,ORG:101628
Knauf (UK) GmbH,,,,Sittingbourne,ME9 8SR,Comply with Clarity,101904,1,0,,,ORG:101904
Knauf Insulation Limited,01926842,,,St Helens,WA10 3LZ,Wastepack GB (SEPA),104893,1,0,,,ORG:104893
Knorr-Bremse Rail Systems (UK) Ltd,03974921,,,Melksham,SN12 6TL,Valpak,107941,1,0,,,ORG:107941
KNORR-BREMSE SYSTEMS FOR COMMERCIAL VEHICLES LIMITED,00529247,,,Bristol,BS16 7FE,Beyondly,101845,1,0,,,ORG:101845
Knysna (N.I.) Limited,NI047142,,,Newtownards,BT23 4YH,Wastepack Northern Ireland (NIEA),104747,1,0,,,ORG:104747
KOBAYASHI HEALTHCARE EUROPE LIMITED,04179148,,,Chiswick,W4 5PY,Beyondly,107830,1,0,,,ORG:107830
Kodak Limited,00059535,,,Watford,WD18 8PX,Ecosurety (EA),101822,1,0,,,ORG:101822
Kohler Mira Ltd,00252115,,,Cheltenham,GL52 5EP,Valpak,105126,1,0,,,ORG:105126
Kolak Snack Foods Ltd,01800911,,,London,NW10 7ST,Valpak,102003,1,0,,,ORG:102003
Kolorcraft Holdings Limited,12166250,,,Ossett,WF5 9JE,Comply with Clarity,111232,2,1,K Displays Ltd,13016464,ORG:111232
KOMATSU UK LIMITED,01948743,,,Chester Le Street,DH3 2QX,,107916,1,0,,,ORG:107916
KONE PUBLIC LIMITED COMPANY,01372978,,,Woking,GU21 5BJ,Biffpack,103229,2,1,KONE (NI) LIMITED,NI003522,ORG:103229
Konecranes Demag UK Limited,00969869,,,Ashby De La Zouch,LE65 1NF,Veolia (EA),108386,1,0,,,ORG:108386
KONG COMPANY LIMITED,06341271,,,Salisbury,SP4 6AT,Comply with Clarity,102827,1,0,,,ORG:102827
Konica Minolta Business Solutions (UK) Ltd,01132885,,,Basildon,SS14 3AR,Valpak,104255,1,0,,,ORG:104255
KOOKABURRA LIMITED,02166411,,,Co Durham,SR8 5AE,Beyondly,102714,1,0,,,ORG:102714
Koopman International UK Limited,SC376922,,,Renfrew,PA4 8WF,Wastepack GB (SEPA),102006,1,0,,,ORG:102006
Koppers Performance Chemicals UK Limited,03037845,,,Darlington,DL1 4QA,Valpak,107352,1,0,,,ORG:107352
Korbond Industries Ltd,01719995,,,Ashford,TW15 2QE,Comply with Clarity,106884,1,0,,,ORG:106884
Korda Developments Limited,04336137,,,Romford,RM1 3PJ,Paperpak,111418,1,0,,,ORG:111418
KOREA FOODS COMPANY LIMITED,03896933,,,New Malden,KT3 4PH,Beyondly,115748,1,0,,,ORG:115748
KORG (UK) Ltd,02355914,,,Milton Keynes,MK5 8PA,Valpak,103522,1,0,,,ORG:103522
Korozo UK Ltd,05285894,,,Edgware,HA8 7EB,Valpak,104894,1,0,,,ORG:104894
KOSNIC LIGHTING LIMITED,04380474,,,Newbury,RG14 5PX,Beyondly,100079,1,0,,,ORG:100079
KP Snacks Limited,08314505,,,Slough,SL1 2BE,Ecosurety (EA),101881,1,0,,,ORG:101881
KPSS (UK) Ltd,00599640,,,London,WC2N 4HN,Valpak,104762,1,0,,,ORG:104762
Kramp U.K. Ltd,01139130,,,Biggleswade,SG18 8YL,Kite Environmental Solutions,106485,1,0,,,ORG:106485
Krempel UK Limited,03989743,,,Preston,PR3 3BS,Wastepack GB (SEPA),100084,1,0,,,ORG:100084
KRISPY KREME U.K. LIMITED,04532445,,,Camberley,GU16 7PQ,Biffpack,104905,1,0,,,ORG:104905
Kronos Ltd,02442679,,,London,EC4N 6AF,Valpak,100881,1,0,,,ORG:100881
KRONOSPAN LIMITED,00981905,,,Wrexham,LL14 5NT,,106238,1,0,,,ORG:106238
KSG (2011) Limited,07470886,,,Manchester,M1 4PB,Wastepack GB (SEPA),103503,19,18,A2M Safety Limited; APS Safety Systems Limited; Barton Industrial Services Limited; Fisher Alvin Limited; Harcon Services Limited; Heightsafe Systems Ltd; Highwire Limited; Kee Safety Logistics Limited; Kee Systems Limited; Mantech (Safety Systems) Limited; Oxford Safety Components Limited; Planet Platforms Limited; Portaramp (UK) Limited; Safesite Limited; Safety Engineering Products Limited; Simplified Safety Limited; Skyway Safe Access Equipment (NI) Limited; Steadfast (Anglia) Limited,01546757; 02391277; 02609468; 03182749; 03417319; 03943245; 03967319; 04161232; 05155806; 05556499; 05571445; 06903258; 07064393; 07465868; 08264974; NI019057; NI601274; SC356962,ORG:103503
Kubota (U.K.) Ltd,01299429,,,Thame,OX9 3UN,Valpak,103938,1,0,,,ORG:103938
Kudos Blends Ltd,03827452,,,Kidderminster,DY14 8SY,Valpak,117448,1,0,,,ORG:117448
Kuehne + Nagel Limited,01722216,,,Feltham,TW14 0PH,Ecosurety (EA),103792,1,0,,,ORG:103792
Kurt Geiger Limited,00968046,,,London,EC1M 5UA,Veolia (EA),114226,1,0,,,ORG:114226
Kwan Yick (U.K.) Limited,02166876,,,Newport,NP19 4PW,Ecosurety (EA),104313,1,0,,,ORG:104313
KWS UK Limited,01578784,,,Royston,SG8 7RE,Beyondly,116876,1,0,,,ORG:116876
Kyocera Document Solutions (UK) Ltd,02150688,,,Reading,RG1 5BS,ERP UK Ltd,102914,1,0,,,ORG:102914
Kyoto Futons Limited,03007974,,,Peterborough,PE6 8RP,,117909,1,0,,,ORG:117909
Kyowa Kirin Services Ltd,02360391,,,London,EC3M 6BL,Valpak,117374,1,0,,,ORG:117374
L'Art Du Vin Limited,SC328370,,,Dalgety Bay,KY11 9JT,Scotpak (SEPA),116496,1,0,,,ORG:116496
L'Occitane Limited,03278335,,,London,NW1 5DH,Wastepack GB (SEPA),105742,1,0,,,ORG:105742
L'Oreal (U.K.) Ltd,00271555,,,London,W12 7SA,Valpak,105578,1,0,,,ORG:105578
L. & S. Middleton Limited,01331325,,,Willenhall,WV13 3LH,Smart Comply (EA),114583,1,0,,,ORG:114583
L.E. Pritchitt & Company Limited,01724228,,,Bromley,BR1 1LT,Wastepack Northern Ireland (NIEA),104040,1,0,,,ORG:104040
L.E.C.(L'POOL) Limited,01256061,,,Liverpool,L15 4LH,Kite Environmental Solutions,100123,1,0,,,ORG:100123
L.F.I. (U.K.) Ltd,02222364,,,Kidderminster,DY10 4EU,Valpak,106264,1,0,,,ORG:106264
L.G.Harris & Co.Ltd,00249316,,,Bromsgrove,B60 4AE,Valpak,101076,1,0,,,ORG:101076
L.J. Fairburn & Son Ltd,01182857,,,Alford,LN13 9PL,Paperpak,105458,1,0,,,ORG:105458
La Roc Building Solutions Limited,06380167,,,North Yorkshire,YO7 3HE,Beyondly,116929,1,0,,,ORG:116929
La Tua Pasta Limited,05587428,,,London,NW10 7XT,Paperpak,106901,1,0,,,ORG:106901
LA-Z-BOY MANUFACTURING UK LIMITED,03808156,,,Colne,BB8 9PQ,Beyondly,104254,1,0,,,ORG:104254
LA-Z-BOY UK  LTD.,09965731,,,Berks,SL6 1BU,Beyondly,104257,1,0,,,ORG:104257
Label Apeel Limited,02915169,,,Leicester,LE4 8AS,Paperpak,101551,1,0,,,ORG:101551
Labelneeds Limited,01990280,,,Cardiff,CF5 4AQ,Paperpak,108083,1,0,,,ORG:108083
Labelnet Ltd,03750932,,,Witham,CM8 1BJ,Wastepack GB (SEPA),104842,1,0,,,ORG:104842
Laceby LTD,09659752,,,London,W1D 4EG,Beyondly,100667,1,0,,,ORG:100667
LACKA FOODS LIMITED,08011225,,,Kettering,NN15 5JR,Beyondly,106551,1,0,,,ORG:106551
Lacons Brewery Ltd,02857269,,,Lowestoft,NR33 7NL,Valpak,111329,1,0,,,ORG:111329
Lacoste UK Limited,02365718,,,London,WC1V 7PP,Wastepack GB (SEPA),103069,1,0,,,ORG:103069
LacPatrick Dairies (NI) Limited,NI632764,,,Coleraine,BT52 2NE,Wastepack Northern Ireland (NIEA),104549,1,0,,,ORG:104549
Lactalis McLelland Ltd,SC014583,,,Stranraer,DG9 7DA,Valpak Scotland Ltd (SEPA),101389,4,3,Lubborn Cheese Ltd; McLelland Cheese Packing Ltd; The Caledonian Cheese Company Ltd,01396553; SC152610; SC240059,ORG:101389
Lactalis Nestle Chilled Dairy Company Limited,05849220,,,Redhill,RH1 1LQ,Comply with Clarity,100923,2,1,RACHEL'S DAIRY LIMITED,02545149,ORG:100923
Lactosan-Ovodan UK Limited,02657046,,,Braintree,CM7 2YP,Wastepack GB (SEPA),102332,1,0,,,ORG:102332
Lake Chemicals And Minerals Ltd,04306904,,,Redditch,B98 9PA,Valpak,103386,1,0,,,ORG:103386
Lakeland Ltd,00809688,,,London,W1K 3JZ,Valpak,102331,1,0,,,ORG:102331
Lakes Bathrooms Ltd,02739471,,,Manchester,M1 4PB,Valpak,104298,1,0,,,ORG:104298
LAKESIDE FOOD GROUP LIMITED,02395347,,,Wymondham,NR18 9RS,Beyondly,100310,1,0,,,ORG:100310
Laleham Health and Beauty Ltd,00997221,,,Alton,GU34 2PR,Valpak,101065,1,0,,,ORG:101065
Lallemand U.K. Ltd,SC154790,,,Edinburgh,EH2 4JN,Valpak Scotland Ltd (SEPA),100615,3,2,GB Ingredients Ltd; Lallemand Animal Nutrition UK Ltd,00269810; 02886133,ORG:100615
Laltex & Co.Limited,00741075,,,Leigh,WN7 3XH,Comply with Clarity,103223,1,0,,,ORG:103223
Lamb Weston Uk Ltd,02582604,,,Wisbech,PE13 2RN,Wastepack GB (SEPA),105737,1,0,,,ORG:105737
Lamberts Healthcare Ltd,04500877,,,Tunbridge Wells,TN2 3EH,ERP UK Ltd,105776,1,0,,,ORG:105776
Lamex Foods Europe Limited,00875838,,,Broxbourne,EN10 6NH,Comply with Clarity,104274,1,0,,,ORG:104274
LAMINAR MEDICA LIMITED,01233986,,,London,WC1N 3AX,Beyondly,105310,1,0,,,ORG:105310
Lancashire Board & Paper Co Ltd,01454613,,,Burnley,BB10 2AL,ERP UK Ltd,101016,1,0,,,ORG:101016
Lancashire Eccles Cakes Limited,01398525,,,Manchester,M12 6BH,Paperpak,100620,1,0,,,ORG:100620
LANCASTER HOLDINGS LIMITED,11089637,,,Kenilworth,CV8 2SU,Comply with Clarity,100745,1,0,,,ORG:100745
Lanchester Dairies Limited,02937458,,,Lanchester,DH7 0RL,Wastepack GB (SEPA),106861,1,0,,,ORG:106861
Lanchester Wine Cellars Ltd,01517126,,,Durham,DH9 7XP,Valpak,102096,3,2,Spicers of Hythe Ltd; The Wine Fusion Ltd,02984046; 06471268,ORG:102096
LAND ENERGY GIRVAN LIMITED,06813953,,,Helmsley,YO62 5DQ,Comply with Clarity,107709,1,0,,,ORG:107709
Landauer Ltd,01714846,,,London,E14 9XL,Valpak,111751,2,1,SEA Products International Ltd,04449016,ORG:111751
Lander Automotive Ltd.,00500574,,,Birmingham,B32 3ED,Valpak,111811,1,0,,,ORG:111811
LANDG LONDON LIMITED,10396928,,,London,E14 9DG,,115821,1,0,,,ORG:115821
LANDIS + GYR LIMITED,01202284,,,Manchester,M22 5XB,Biffpack,103603,1,0,,,ORG:103603
Landowner Products Limited,01593442,,,Stafford,ST20 0AU,Paperpak,114635,1,0,,,ORG:114635
Lands' End Europe Ltd,02583731,,,Oakham,LE15 6US,Valpak,107892,1,0,,,ORG:107892
LANGMEAD HERBS LIMITED,03834869,,,Chichester,PO18 8EH,Beyondly,100088,1,0,,,ORG:100088
Langstane Press Limited,SC062202,,,Aberdeen,AB11 5DY,Ecosurety (EA),101976,1,0,,,ORG:101976
Lansinoh Laboratories UK Limited,12372946,,,Leeds,LS16 6QY,Wastepack GB (SEPA),106443,1,0,,,ORG:106443
Lanson International UK Ltd,03154836,,,London,WC2B 4AS,Valpak,100272,1,0,,,ORG:100272
Lantmannen Unibake UK Limited,03358553,,,Bagshot,GU19 5HD,Comply with Clarity,107020,1,0,,,ORG:107020
Lanxess Chemical Ltd,04178371,,,Widnes,WA8 0RF,Valpak,115223,1,0,,,ORG:115223
Lanxess Limited,03498959,,,Manchester,M17 1WT,Veolia (EA),105313,1,0,,,ORG:105313
Lanxess Solutions UK Ltd,02624692,,,Manchester,M17 1WT,Valpak,117749,1,0,,,ORG:117749
LAPORTE INDUSTRIES UK LTD,04042428,,,BOTTESFORD,NG13 0EL,,104320,1,0,,,ORG:104320
LAPP LIMITED,01497180,,,London,NW6 3BT,Beyondly,104041,1,0,,,ORG:104041
LARS (GFUK) Holdings Ltd,07396077,,,Shrewsbury,SY1 4AB,Valpak,108360,3,2,Gastronomy Foods UK Ltd; Gastronomy Restaurants Ltd,05612486; 10693377,ORG:108360
Larsen (Manufacturing) Limited,NI017213,,,Belfast,BT3 9JL,Wastepack Northern Ireland (NIEA),102712,1,0,,,ORG:102712
Larson-Juhl UK Ltd,01196875,,,Bedford,MK43 9SS,ERP UK Ltd,104906,1,0,,,ORG:104906
Latchways plc,01189060,,,Yate,BS37 5QT,Valpak,111842,1,0,,,ORG:111842
Lathams Limited,00967247,,,Hemel Hempstead,HP2 4TZ,Comply with Clarity,101758,1,0,,,ORG:101758
Lattice Labels Limited,02589295,,,St Neots,PE19 8YT,,103226,1,0,,,ORG:103226
Laurence J Betts Ltd,00247405,,,Maidstone,ME18 5NF,Valpak,104899,1,0,,,ORG:104899
Laurent-Perrier (UK) Ltd,01383260,,,Marlow,SL7 1EY,Valpak,108012,1,0,,,ORG:108012
LAURUS BRANDS LIMITED,06639304,,,Totton,SO40 2RW,Beyondly,116270,1,0,,,ORG:116270
Lavazza Coffee (UK) Ltd,02447761,,,London,UB8 1JG,Valpak,100160,1,0,,,ORG:100160
Lavazza Professional UK Limited,06649987,,,Basingstoke,RG24 8NU,Ecosurety (EA),102222,1,0,,,ORG:102222
Lavenham Leisure Limited,03171370,,,CLERKENWELL,WC1X 0AA,Comply with Clarity,114562,1,0,,,ORG:114562
Law Print & Packaging Management Ltd,05016682,,,Stockport,SK7 5ER,Wastepack GB (SEPA),106658,1,0,,,ORG:106658
Lawrence Hunt & Co Ltd,01185833,,,Preston,PR1 0DQ,ERP UK Ltd,107256,1,0,,,ORG:107256
Lawrence Industries Ltd,02878866,,,Tamworth,B79 7TA,Valpak,102326,1,0,,,ORG:102326
Lawsons (Whetstone) Limited,02790259,,,Colney Heath,AL4 0PG,Comply with Clarity,106733,1,0,,,ORG:106733
Lawton Tube Company Limited(The),00165130,,,Coventry,CV4 9AB,Kite Environmental Solutions,102558,1,0,,,ORG:102558
Lawtons Ltd,06280229,,,Liverpool,L3 7HJ,Valpak,101233,1,0,,,ORG:101233
Lay & Wheeler Limited,05730318,,,Ipswich,IP6 0FL,Ecosurety (EA),106306,1,0,,,ORG:106306
Lazy Day Foods Ltd,SC298222,,,Shotts,ML7 5PX,Valpak Scotland Ltd (SEPA),112351,1,0,,,ORG:112351
Lazy Susan Limited,06158162,,,Southsea,PO5 4DJ,Smart Comply (EA),107503,1,0,,,ORG:107503
LBS Builder Merchants Limited,00254946,,,Ammanford,SA18 3FE,Wastepack GB (SEPA),101217,1,0,,,ORG:101217
LBS WORLDWIDE LIMITED,02961161,,,Colne,BB8 7BW,Beyondly,117389,1,0,,,ORG:117389
LBW DRINKS LTD.,02848445,,,Axminster,EX13 7PW,Beyondly,108245,1,0,,,ORG:108245
LC Designs Co. Limited,00360505,,,Aylesford,ME20 6SE,Ecosurety (EA),102824,1,0,,,ORG:102824
LC Packaging UK Ltd,01558016,,,SPALDING,PE12 9EF,Beyondly,101055,1,0,,,ORG:101055
LDH (La Doria) Limited,03291346,,,Ipswich,IP1 5FF,Comply with Clarity,101238,1,0,,,ORG:101238
LE BON VIN LIMITED,04122283,,,South Yorkshire,S9 2SP,Beyondly,115647,1,0,,,ORG:115647
Le Creuset U.K. Ltd,00457936,,,Andover,SP10 5NS,Valpak,101884,1,0,,,ORG:101884
Lea & Sandeman Company Limited,02190567,,,London,SW10 9PR,Kite Environmental Solutions,101773,1,0,,,ORG:101773
Lea Boxes Limited,00132129,,,Luton,LU3 3HP,Paperpak,100792,1,0,,,ORG:100792
Leading Edge Labels Limited,04625250,,,Gravesend,DA11 0DQ,Wastepack GB (SEPA),102687,1,0,,,ORG:102687
Leading Solvent Supplies Limited,02699869,,,Tockwith,YO26 7QF,Paperpak,101141,1,0,,,ORG:101141
Leander International Pet Foods Limited,03189092,,,,BN6 9HE,Comply with Clarity,107018,1,0,,,ORG:107018
LEAR CORPORATION (UK) LIMITED,02818078,,,London,EC2R 7HJ,Beyondly,105543,1,0,,,ORG:105543
Learning Resources Ltd,03005652,,,London,EC2V 7BG,Valpak,100723,1,0,,,ORG:100723
Leathams Limited,01689381,,,London,SE1 2JE,Ecosurety (EA),104934,1,0,,,ORG:104934
Lechler Coatings Ltd,03125348,,,Middlewich,CW10 0GY,Valpak,103214,1,0,,,ORG:103214
Lecico PLC,02088118,,,Bedford,MK41 0QB,Valpak,105670,1,0,,,ORG:105670
LECTA PAPER UK LIMITED,01952963,,,MILTON KEYNES,MK5 6LB,Comply with Clarity,115124,1,0,,,ORG:115124
LEDVANCE LTD,01961715,,,Warrington,WA1 1GG,Biffpack,101584,1,0,,,ORG:101584
Lee Feng Limited T/A Lee Foods,NI621536,,,Belfast,BT1 3BG,Scotpak (SEPA),102968,1,0,,,ORG:102968
Lee Kum Kee (Europe) Limited,03132241,,,London,EC4M 8AB,ERP UK Ltd,115365,1,0,,,ORG:115365
LEEDS PLYWOOD & DOORS LIMITED,02042982,,,Leeds,LS10 2RJ,Beyondly,103951,1,0,,,ORG:103951
Leeson Polyurethanes Limited,02007874,,,Altrincham,WA14 2DT,Comply with Clarity,102666,1,0,,,ORG:102666
Leeways Holdings Ltd,03188897,,,Gloucester,GL2 8AN,Valpak,100944,4,3,Kalex Films Ltd; Leeways Joinery Ltd; Leeways Packaging Services Ltd,01019845; 01030853; 12134900,ORG:100944
LeeWrangler U.K. Ltd,11619825,,,Nottingham,NG1 7AR,Valpak,104117,1,0,,,ORG:104117
Lefktro U.K. Limited,04321141,,,Lopen,TA13 5JS,Wastepack GB (SEPA),107460,1,0,,,ORG:107460
Legends Global Facilities Limited,07393342,,,Manchester,M3 1AR,Valpak,117691,1,0,,,ORG:117691
Legends Global Holdings Limited,05558259,,,Manchester,M3 1AR,Valpak,117260,3,2,CGC Events Limited; Legends Global Services Limited,00390173; 00821116,ORG:117260
LEGGETT & PLATT COMPONENTS EUROPE LIMITED,00236553,,,London,WC1V 6BX,Beyondly,107288,1,0,,,ORG:107288
Lego Company Ltd,00368236,,,Slough,SL1 3UF,Valpak,103200,1,0,,,ORG:103200
Lego System A/S,,,,Billund,DK-7190,Valpak,116528,1,0,,,ORG:116528
LEGRAND ELECTRIC LIMITED,00115834,,,Birmingham,B19 2LF,Biffpack,107452,4,3,POWER CONTROL LTD; STARLINE HOLDINGS TECHNOLOGY LIMITED; USYSTEMS LIMITED,04616025; 07225070; SC152126,ORG:107452
LEHVOSS UK LIMITED,02691340,,,Macclesfield,SK10 1BX,Beyondly,105994,1,0,,,ORG:105994
Leicester Paper Products Limited,06053351,,,Leicester,LE4 7ST,Wastepack GB (SEPA),117916,1,0,,,ORG:117916
Leigh Spinners Limited,00529628,,,Leigh,WN7 2LB,Wastepack GB (SEPA),101467,1,0,,,ORG:101467
LeisureGrow Products Limited,03711684,,,Hinxworth,SG7 5HG,Ecosurety (EA),102023,1,0,,,ORG:102023
Lemieux Limited,04656887,,,Southampton,SO40 2HE,Wastepack GB (SEPA),107328,1,0,,,ORG:107328
LEMON PEPPER HOLDINGS LIMITED,10589672,,,London,W1T 6HE,Beyondly,114946,1,0,,,ORG:114946
Lemonaid Beverages Ltd,09267898,,,London,EC1V9EY,,106074,1,0,,,ORG:106074
Len Wright Salads Ltd,06512836,,,Preston,PR4 6XB,Valpak,104647,1,0,,,ORG:104647
LENDLOCK GROUP LIMITED,04756823,,,Chester,CH3 7EX,Biffpack,114677,8,7,F-L PLASTICS LIMITED; GTL PLASTICS LTD; INTEGRATED ALUMINIUM COMPONENTS LIMITED; LENDLOCK INTERNATIONAL LTD; NEKEM LIMITED; SCOTT CLOSURES INTERNATIONAL LIMITED; SPECIALIST ANODISING COMPANY LIMITED,01052875; 01849981; 02902954; 03420011; 06312849; 06411536; 06516364,ORG:114677
Lenovo Global Technology UK Ltd,10219781,,,Farnborough,GU14 6FE,Valpak,103677,1,0,,,ORG:103677
Lenovo Technology (United Kingdom) Ltd,04912819,,,Farnborough,GU14 6FE,Valpak,103158,1,0,,,ORG:103158
Lenzing Fibers Grimsby Limited,05709148,,,Grimsby,DN31 2TT,Comply with Clarity,101677,1,0,,,ORG:101677
Leo Laboratories Ltd,00662129,,,Maidenhead,SL6 3UD,Valpak,101974,1,0,,,ORG:101974
Leo Textiles Limited,01553406,,,,EX32 8RY,Smart Comply (EA),101795,1,0,,,ORG:101795
Leon Restaurants Ltd,05018441,,,London,EC14 5AB,Valpak,107654,2,1,Leon Grocery Ltd,11605892,ORG:107654
LEONARD F.JOLLYE (BROOKMANS PARK) LIMITED,01015506,,,Waltham Abbey,EN9 1AS,Biffpack,116222,1,0,,,ORG:116222
Leonard Gould & Company Limited,00389906,,,Maidstone,ME15 9XT,Wastepack GB (SEPA),101849,1,0,,,ORG:101849
LEONARDO HOTEL MANAGEMENT (UK) LIMITED,03447849,,,Birmingham,B1 2HQ,Biffpack,101742,7,6,BRIGHTON GRAND HOTEL OPERATIONS LIMITED; FATTAL PICCADILLY LIMITED; FATTAL TURNMILL LIMITED; HOTEL GOTHAM LIMITED; JYRUS EDI LIMITED; SPEEDBIRD DEVELOPMENTS LIMITED,08935930; 08948823; 09285788; 15841120; SC074783; SC110805,ORG:101742
Leonardo UK Ltd,02426132,,,London,SW1Y 6AF,Veolia (EA),108037,1,0,,,ORG:108037
Leoni Wiring Systems UK Ltd,03918171,,,Newcastle,ST5 9BT,ERP UK Ltd,103999,1,0,,,ORG:103999
Leprino Foods Limited,02594981,,,Northwich,CW9 7UD,Wastepack GB (SEPA),103571,1,0,,,ORG:103571
Les Caves De Pyrene Limited,03053492,,,Guildford,GU3 1LP,Ecosurety (EA),100041,1,0,,,ORG:100041
LES DOMAINES UK LIMITED,09144567,,,Dartford,DA1 4QP,Biffpack,102228,1,0,,,ORG:102228
Les Halman Nurseries Limited,04585725,,,Knutsford,WA16 9QA,Wastepack GB (SEPA),116755,1,0,,,ORG:116755
Lesaffre UK and Ireland Ltd,02709750,,,Kidderminster,DY10 4EU,Valpak,106277,1,0,,,ORG:106277
LESJOFORS SPRINGS (UK) LIMITED,02483860,,,Huddersfield,HD3 3TD,Beyondly,104443,1,0,,,ORG:104443
LESLIE A. PARSONS & SONS (BURRY PORT) LIMITED,01321660,,,Burry Port,SA16 0ET,Beyondly,100150,1,0,,,ORG:100150
Lesser & Pavey Ltd.,00998771,,,Dartford,DA1 1JQ,Comply with Clarity,108533,1,0,,,ORG:108533
LESTA PACKAGING PLC,01395330,,,Leicestershire,LE2 0HD,Biffpack,104843,1,0,,,ORG:104843
LEVERTONHELM LIMITED,01265610,,,Basingstoke,RG22 4DQ,Beyondly,104769,1,0,,,ORG:104769
Levi Strauss (U.K.) Ltd,00892419,,,Northampton,NN4 9BA,Valpak,106553,1,0,,,ORG:106553
Leviat Ltd,00210138,,,Sheffield,S4 7UR,Valpak,102021,1,0,,,ORG:102021
Leviton Manufacturing UK Ltd,02340157,,,London,EC4N 6AF,Valpak,100772,1,0,,,ORG:100772
LEWIS PIES LIMITED,04477394,,,SWANSEA WEST,SA5 4DY,Comply with Clarity,108034,1,0,,,ORG:108034
Lewmar Limited,00620277,,,Havant,PO9 1JJ,Kite Environmental Solutions,111447,1,0,,,ORG:111447
Lexmark International Ltd,02567373,,,Maidenhead,SL6 4AY,ERP UK Ltd,101556,1,0,,,ORG:101556
Leyland Trucks Limited,02814092,,,Oxford,OX4 2HN,Veolia (EA),105321,1,0,,,ORG:105321
Leyton Lighting Limited,04711244,,,Basildon,SS15 6GF,Wastepack GB (SEPA),103244,1,0,,,ORG:103244
LFF Holdings Limited,02547922,,,London,W1T 7NF,Ecosurety (EA),100507,4,3,LFF (Scotland) Ltd.; LFF Glamal Holdings Limited; LFF Glamal Limited,01032564; 02166918; 02490141,ORG:100507
LG Electronics U.K. Ltd,02143888,,,Weybridge,KT13 0SL,REPIC,106851,1,0,,,ORG:106851
LG H&H UK LTD,13097570,,,London,EC4M 9DQ,Beyondly,116872,1,0,,,ORG:116872
LHF HOLDINGS LIMITED,08708205,,,Peterborough,PE2 6YG,Biffpack,106167,2,1,LIFE HEALTH FOODS LIMITED,04080435,ORG:106167
Lhoist UK Ltd,04056154,,,Buxton,SK17 0EL,Valpak,107142,1,0,,,ORG:107142
Liberon Ltd,01576138,,,New Romney,TN28 8XU,Valpak,104420,1,0,,,ORG:104420
Liberty House Toys Ltd,06127656,,,Liverpool,L3 7HJ,Valpak,114593,1,0,,,ORG:114593
Liberty Ltd,03967671,,,London,W1B 5AH,Valpak,105477,4,3,Liberty Fabric Ltd; Liberty Retail Ltd; Liberty of London Ltd,00042342; 00162351; 05758084,ORG:105477
Liberty Wines Limited,03293563,,,London,SW4 6LY,Ecosurety (EA),115978,1,0,,,ORG:115978
LIBRA SEAFOOD PROCESSING LIMITED,04601151,,,Jarrow,NE32 3DP,Beyondly,106956,1,0,,,ORG:106956
Libra Speciality Chemicals Limited,01009166,,,Sheffield,S8 0TB,Comply with Clarity,105530,1,0,,,ORG:105530
Libra Systems Limited,04793167,,,Telford,TF7 4QP,Wastepack GB (SEPA),107987,1,0,,,ORG:107987
Licensed Wholesale Company Limited,02053090,,,Middleton,M24 1SW,Wastepack GB (SEPA),117528,4,3,Dorbiere Limited; Hills Prospect Plc; LWC Drinks Limited,01458591; 04257011; 07677007,ORG:117528
Lick Home Ltd,12062607,,,London,SW4 0JT,Valpak,116088,1,0,,,ORG:116088
Lidget LLP,OC340363,,,Bradford,BD7 2NF,Valpak,102143,1,0,,,ORG:102143
Lidl Great Britain Limited,02816429,,,Surbiton,KT5 9NU,Smart Comply (EA),101794,1,0,,,ORG:101794
LIDL NORTHERN IRELAND LIMITED,NI647629,,,Crumlin,BT29 4SR,Comply with Clarity,107042,1,0,,,ORG:107042
Liebherr - Great Britain Limited,00677497,,,Biggleswade,SG18 8QB,Kite Environmental Solutions,100189,1,0,,,ORG:100189
Life Fitness (UK) Limited,02747223,,,Ely,CB6 3NX,Paperpak,102458,1,0,,,ORG:102458
Life Technologies BPD UK Limited,03721319,,,Altrincham,WA14 2DT,Veolia (EA),108024,1,0,,,ORG:108024
Life Technologies Ltd,SC083107,,,Paisley,PA4 9RF,Valpak Scotland Ltd (SEPA),104680,1,0,,,ORG:104680
Lifemarque Limited,02531239,,,Aldermaston,RG7 8EN,,104046,1,0,,,ORG:104046
Lifescan Scotland Ltd,SC154012,,,Inverness,IV2 3ED,Valpak Scotland Ltd (SEPA),104038,1,0,,,ORG:104038
Lifetime Brands Europe Limited,03411690,,,Birmingham,B23 6AH,,101510,1,0,,,ORG:101510
LIGHTS4FUN LIMITED,06232073,,,Harrogate,HG2 8RE,Beyondly,104012,1,0,,,ORG:104012
Lignacite Limited,00436709,,,Brandon,IP27 0AX,Wastepack GB (SEPA),100270,1,0,,,ORG:100270
Likewize Services UK Ltd,08401611,,,Crewe,CW2 5XF,Valpak,106943,1,0,,,ORG:106943
Lil Packaging Limited,01895837,,,Huntingdon,PE29 7EB,Paperpak,100807,1,0,,,ORG:100807
Lil-lets UK Ltd,00548990,,,Solihull,B91 2AA,Wastepack GB (SEPA),103314,1,0,,,ORG:103314
Lilley's Cider Limited,04759960,,,Frome,BA11 5ES,Kite Environmental Solutions,106541,1,0,,,ORG:106541
Lilley's Retail Ltd,NI673711,,,Fermanagh,BT74 5NH,ERP UK Ltd,107305,1,0,,,ORG:107305
Lily's Kitchen Limited,06409873,,,London,W1T 2QA,Ecosurety (EA),105552,1,0,,,ORG:105552
Limagrain UK Ltd,01305690,,,Market Rasen,LN7 6DT,Valpak,105200,1,0,,,ORG:105200
Lime Green Products Ltd,04409990,,,Much Wenlock,TF13 6DG,,108135,1,0,,,ORG:108135
Limehouse Paperboard Mills Ltd,00721440,,,Witham,CM83DR,Comply with Clarity,102504,1,0,,,ORG:102504
Limitless Digital Group Ltd,03955231,,,Burnley,BB11 5UB,Valpak,102193,1,0,,,ORG:102193
LINAK UK Limited,02483800,,,Smethwick,B66 1RJ,Packcare,107072,1,0,,,ORG:107072
Lincat Group Limited,01018610,,,Lincoln,LN6 3QZ,Wastepack GB (SEPA),108659,2,1,Lincat Limited,02175448,ORG:108659
LINCO CARE LIMITED,01420923,,,Manchester,M31 4BX,,105032,1,0,,,ORG:105032
Lincoln & York Ltd,02892244,,,Elsham Brigg,DN20 0SP,Comply with Clarity,107653,1,0,,,ORG:107653
Lincoln Electric (U.K.) Ltd,01982670,,,Sheffield,S26 2BS,Valpak,107133,1,0,,,ORG:107133
LINCOLNSHIRE FIELD PRODUCTS LIMITED,01870434,,,Spalding,PE12 6HW,Comply with Clarity,103219,1,0,,,ORG:103219
Lincolnshire Herbs Ltd,03396683,,,Bourne,PE10 0AT,Paperpak,104121,1,0,,,ORG:104121
Lincs. Electrical Wholesalers Limited,02262735,,,Gainsborough,DN21 1QT,ERP UK Ltd,117939,1,0,,,ORG:117939
Lindab Ltd,01641399,,,Northampton,NN3 9HG,Valpak,107295,3,2,Disys Technologies Ltd; Ductmann Ltd,02887867; 04226796,ORG:107295
Lindal Valve Company Ltd,00631590,,,Leighton Buzzard,LU7 4UH,ERP UK Ltd,101224,1,0,,,ORG:101224
Lindam Limited,02256862,,,Harrogate,HG3 1UF,Wastepack GB (SEPA),100213,1,0,,,ORG:100213
Linde Material Handling (UK) Limited,00324340,,,Basingstoke,RG21 6XJ,Ecosurety (EA),107847,1,0,,,ORG:107847
Lindt & Sprungli (U.K.) Ltd,00266337,,,Richmond,TW9 1HE,Valpak,102045,1,0,,,ORG:102045
Lindum Packaging Ltd,03686136,,,Stallingborough,DN41 8DN,Wastepack GB (SEPA),103528,1,0,,,ORG:103528
Line Mark (UK) Ltd,03043172,,,Royston,SG8 5HW,Valpak,103363,1,0,,,ORG:103363
Linecross Ltd,02523619,,,Oakham,LE15 8NG,Valpak,102309,1,0,,,ORG:102309
Liniar Ltd,03360857,,,Denby,DE5 8JX,Valpak,103275,1,0,,,ORG:103275
Linpac Packaging Ltd,00949597,,,Pontefract,WF7 5DE,Comply with Clarity,106725,1,0,,,ORG:106725
Linread Ltd,00207655,,,Redditch,B98 7TD,Valpak,117392,1,0,,,ORG:117392
LINTBELLS LIMITED,05928692,,,Luton,LU2 8EU,Biffpack,103406,1,0,,,ORG:103406
Linthwaite Limited,02389394,,,Ledbury,HR8 2DJ,Veolia (EA),111832,2,1,LMC Plastics Limited,05849623,ORG:111832
Lintz Hall Farm Ltd,01205062,,,Newcastle Upon Tyne,NE16 6AS,ERP UK Ltd,103212,1,0,,,ORG:103212
Linx Printing Technologies Limited,02066629,,,St Ives,PE27 5JL,Ecosurety (EA),102533,1,0,,,ORG:102533
Lionel Hitchen Limited,00838331,,,Andover,SP10 4JX,Kite Environmental Solutions,107930,1,0,,,ORG:107930
Liqui Moly UK Ltd,13512004,,,Purley,CR8 2BR,Valpak,105181,1,0,,,ORG:105181
Liquidline Limited,07284069,,,Ipswich,IP3 0JA,Beyondly,117341,1,0,,,ORG:117341
Liquiform Limited,06936248,,,Newcastle upon Tyne,NE12 9SZ,Wastepack GB (SEPA),105021,1,0,,,ORG:105021
Liquitherm Technologies Group Limited,03651123,,,Swansea,SA5 4AJ,Kite Environmental Solutions,100130,1,0,,,ORG:100130
Litecast Limited,03619863,,,Nuneaton,CV10 0RG,Wastepack GB (SEPA),100924,1,0,,,ORG:100924
Litho Supplies (UK) Ltd,07088832,,,Ilkeston,DE7 8EF,Valpak,108352,1,0,,,ORG:108352
Little & Cull Ltd,05744061,,,Newton Abbot,TQ12 6RY,Valpak,103436,1,0,,,ORG:103436
LIVE NATION (MUSIC) UK LIMITED,02409911,,,London,EC1M 4AY,Biffpack,103690,4,3,ACADEMY MUSIC GROUP LIMITED; DF CONCERTS LIMITED; TICKETMASTER UK LIMITED,02662632; 03463738; SC333566,ORG:103690
Livent Lithium UK Ltd,04081622,,,Wirral,CH62 3NL,Valpak,102600,1,0,,,ORG:102600
LKAB Minerals Ltd,03799817,,,Derby,DE21 7BE,Valpak,102566,1,0,,,ORG:102566
LKQ Group (UK) Ltd,02680212,,,Dordon,B78 1SE,ERP UK Ltd,107405,1,0,,,ORG:107405
Llewellyn Ryland Ltd,00058528,,,Birmingham,B12 9DB,Valpak,100682,1,0,,,ORG:100682
Lloyd Pascal & Co.Limited,00369093,,,Atherstone,CV9 1QY,Ecosurety (EA),105376,1,0,,,ORG:105376
LMA Services Limited,04948131,,,Pocklington,YO42 1NR,Comply with Clarity,108071,1,0,,,ORG:108071
LNS TURBO UK LTD,03503010,,,Barnsley,S73 0BB,,116935,1,0,,,ORG:116935
Loader Chemicals & Plastics Limited,01114989,,,Brentwood,CM14 4DR,Comply with Clarity,104139,1,0,,,ORG:104139
Loadhog Limited,04627117,,,Sheffield,S9 2SU,Kite Environmental Solutions,107646,1,0,,,ORG:107646
Loake Brothers Limited,00043081,,,Kettering,NN16 9SN,Wastepack GB (SEPA),101936,1,0,,,ORG:101936
Loch Duart Plc,SC195923,,,Glasgow,G2 1RW,Valpak Scotland Ltd (SEPA),106299,1,0,,,ORG:106299
Loch Lomond Distillers Limited,08686920,,,London,W1S 4HQ,Comply with Clarity,104463,1,0,,,ORG:104463
LOCHINVAR LIMITED,03453820,,,London,EC4M 9AF,Beyondly,114649,1,0,,,ORG:114649
Loddington Farm Limited,00356817,,,Maidstone,ME17 4AG,ERP UK Ltd,116834,1,0,,,ORG:116834
Loewe Hermanos (UK) Ltd,01386687,,,London,EC3A 7BA,Valpak,115896,1,0,,,ORG:115896
Lofthouse of Fleetwood Limited,00781277,,,Fleetwood,FY7 7LP,Comply with Clarity,107182,1,0,,,ORG:107182
Logoplaste UK Limited,03834369,,,London,EC2A 4NE,Paperpak,100424,1,0,,,ORG:100424
Logtek Limited,03179154,,,Birmingham,B32 1AF,Kite Environmental Solutions,105489,1,0,,,ORG:105489
Lohmann Technologies U.K. Limited,02715934,,,Milton Keynes,MK9 1NA,Wastepack GB (SEPA),106417,1,0,,,ORG:106417
Lola�s Cupcakes Ltd,05927519,,,London,NW3 1QD,Valpak,116896,1,0,,,ORG:116896
LOMOND FINE FOODS LIMITED,SC175710,,,Glasgow,G21 1HX,Beyondly,100439,1,0,,,ORG:100439
London EV Company Limited,08357576,,,Coventry,CV7 9RF,Wastepack GB (SEPA),102441,1,0,,,ORG:102441
London Lids Ltd,04342072,,,Chingford,E4 8SU,Valpak,113968,1,0,,,ORG:113968
London North Eastern Railway Ltd,04659712,,,York,YO1 6GA,Valpak,105593,1,0,,,ORG:105593
LONDON PILSNER LIMITED,02969265,,,Northwood,HA6 1NW,Beyondly,116445,1,0,,,ORG:116445
Lonestar Fasteners Hydrobolt Limited,04334786,,,Wednesbury,WS10 9UZ,Veolia (EA),101151,1,0,,,ORG:101151
Long Clawson Dairy Limited,,,,Leicester,LE14 4PJ,Wastepack GB (SEPA),106208,1,0,,,ORG:106208
LONG MAN BREWERY LIMITED,07653948,,,Polegate,BN26 5RA,Comply with Clarity,117073,1,0,,,ORG:117073
Long Rake Spar Company Ltd (The),00666952,,,Bakewell,DE45 1LW,Valpak,103889,1,0,,,ORG:103889
Longacres Garden Centre Limited,07689770,,,Bagshot,GU19 5JB,Veolia (EA),105317,1,0,,,ORG:105317
Longaim Ltd.,08006749,,,London,W1U 7EP,Kite Environmental Solutions,103273,1,0,,,ORG:103273
Longfield Chemicals Limited,00925463,,,Manchester,M4 5DL,Kite Environmental Solutions,101070,1,0,,,ORG:101070
Longs Packaging Ltd,01265027,,,Essex,SS9 5LQ,Valpak,115104,1,0,,,ORG:115104
Lookers Motor Group Limited,00143470,,,Stoke-on-Trent,ST4 4GU,Wastepack GB (SEPA),114106,1,0,,,ORG:114106
Loon Fung Limited,01753513,,,London,N17 0DX,ERP UK Ltd,107745,1,0,,,ORG:107745
Lords Group Trading Plc,11633708,,,London,W5 3EL,Kite Environmental Solutions,102548,10,9,A P P Wholesale Limited; A.W. Lumb & Co Limited; CMO Superstores Limited; Carboclass Limited; Condell Ltd; Direct Heating & Plumbing Merchants Limited; Direct Heating & Plumbing Trade Counters Limited; Ultimate Renewables Supplies UK Ltd; Weldit Limited Liability Partnership,00799448; 01906203; 04039026; 05701638; 06552800; 12888477; 14551374; 16498979; OC303415,ORG:102548
LORNAMEAD UK LIMITED,01766292,,,Trowbridge,BA14 0XB,,116194,1,0,,,ORG:116194
LOTAN LIMITED,01948114,,,LEICESTER,LE4 2BQ,Beyondly,107669,1,0,,,ORG:107669
Lothian Electric Machines Ltd,SC036737,,,,EH41 3PD,Packcare,103770,1,0,,,ORG:103770
Lotus Bakeries UK Limited,05594818,,,St. Albans,AL1 3AW,Ecosurety (EA),103653,1,0,,,ORG:103653
Lotus Group International Ltd,02831840,,,Norwich,NR14 8EZ,Valpak,115966,2,1,Lotus Cars Ltd,00895081,ORG:115966
Louis Latour Ltd,02482400,,,London,EC2A 4DJ,Valpak,104208,1,0,,,ORG:104208
Louis Vuitton UK Limited,01633350,,,London,EC3A 7BA,ERP UK Ltd,103090,1,0,,,ORG:103090
Lounge Underwear Ltd,10038870,,,Shirley,B90 8AD,Valpak,116987,1,0,,,ORG:116987
Loungers UK Limited,04595806,,,Bristol,BS1 1SE,Comply with Clarity,111681,1,0,,,ORG:111681
Louver-lite Limited,01011431,,,Hyde,SK14 4BG,,107104,2,1,Excel ManufacturingLimited,05310970,ORG:107104
Lovania Nurseries Limited,03921428,,,Preston,PR4 6UU,Ecosurety (EA),102119,1,0,,,ORG:102119
LOVE CORN LIMITED,10451031,,,Manchester,M3 3HF,Beyondly,116915,1,0,,,ORG:116915
Love Drinks Ltd,06350830,,,London,N13 5RY,Packcare,101260,1,0,,,ORG:101260
Love Struck (F&B) Ltd,05168257,,,Guildford,GU2 7RE,Veolia (EA),108467,1,0,,,ORG:108467
Lovehoney Group UK Limited,04637868,,,Bath,BA1 3EN,Ecosurety (EA),104966,1,0,,,ORG:104966
LOWE RENTAL LTD,NI058627,,,Lisburn,BT28 2LU,Biffpack,116858,1,0,,,ORG:116858
Lowrie Foods Limited,01788833,,,Newcastle Upon Tyne,NE6 2BU,Wastepack GB (SEPA),102801,1,0,,,ORG:102801
Loxleys Print Limited,02998178,,,Sheffield,S8 0YS,Packcare,103519,1,0,,,ORG:103519
LPP Reserved UK Limited,09826314,,,Altrincham,WA14 2DT,Wastepack GB (SEPA),104790,1,0,,,ORG:104790
LPR - LA PALETTE ROUGE (GB) LIMITED,08333365,,,STUDLEY,B80 7AS,Beyondly,107192,1,0,,,ORG:107192
LRUK (RETAIL) LIMITED,00110433,,,Bradford,BD1 4AH,Beyondly,101803,1,0,,,ORG:101803
Lubkowski Saunders And Associates Ltd,01150295,,,Liverpool,L24 9BF,Valpak,105170,1,0,,,ORG:105170
Lubna Foods Limited,01208669,,,Bradford,BD39HB,,107603,1,0,,,ORG:107603
Lubricants UK Ltd,00097216,,,Sunbury On Thames,TW16 7BP,Valpak,105783,1,0,,,ORG:105783
LUBRIZOL LIMITED,00775276,,,Derby,DE56 4AN,Biffpack,101958,1,0,,,ORG:101958
Lucart Hygiene Limited,03123861,,,Worcester,WR8 0EF,Kite Environmental Solutions,100321,1,0,,,ORG:100321
Lucchini Unipart Rail Limited,03120940,,,Manchester,M17 1EH,Wastepack GB (SEPA),107184,1,0,,,ORG:107184
Luceco UK Ltd,02255270,,,Telford,TF3 3BD,Veolia (EA),107686,1,0,,,ORG:107686
Lucozade Ribena Suntory Limited,08603549,,,Uxbridge,UB8 1DH,Ecosurety (EA),103762,1,0,,,ORG:103762
LUCY AND YAK LTD,10850530,,,Barnsley,S74 0FP,Biffpack,106191,1,0,,,ORG:106191
Lucy Group Ltd,00051908,,,Oxford,OX2 6EE,Paperpak,103308,5,4,Lawson Fuses Limited; Lucy Electric Digital Solutions Limited; Lucy Electric UK Limited; Lucy Zodion Limited,00342400; 01179461; 06456307; 07448407,ORG:103308
LUDLOW FOOD CENTRE LIMITED,04441267,,,Ludlow,SY8 2JR,Beyondly,105299,1,0,,,ORG:105299
Lululemon Athletica UK Ltd,07655911,,,London,WC2R 0DT,Wastepack GB (SEPA),103544,1,0,,,ORG:103544
Lunar Ventures Limited,04059678,,,London,N21 1HS,Wastepack GB (SEPA),100953,1,0,,,ORG:100953
Lupa Foods Ltd,04934963,,,Borehamwood,WD6 1JN,Smart Comply (EA),100161,1,0,,,ORG:100161
LUPIN HEALTHCARE UK,06925119,,,Slough,SL1 2BE,,115361,2,1,Renascience Pharma,09420886,ORG:115361
Luscombe Drinks Ltd,02200398,,,Buckfastleigh,TQ11 0LT,Valpak,114597,1,0,,,ORG:114597
Lush Ltd.,02940032,,,Poole,BH15 1AB,Ecosurety (EA),108252,2,1,Lush Manufacturing Limited,03327905,ORG:108252
LUSSO STONE LTD,08679111,,,Stockton On Tees,TS17 6AJ,,117838,1,0,,,ORG:117838
LUVATA WELWYN GARDEN LTD,02636865,,,Welwyn Garden City,AL7 1HT,,104042,1,0,,,ORG:104042
Luxfer Group Limited,03944037,,,Manchester,M27 8LN,Comply with Clarity,101378,3,2,LUXFER GAS CYLINDERS LIMITED; Magnesium Elektron Ltd,03141950; 03376625,ORG:101378
Luxottica North Europe Ltd,01789898,,,London,W8 5RY,ERP UK Ltd,103029,1,0,,,ORG:103029
Luxottica Retail UK Ltd,02767938,,,London,W8 5RY,ERP UK Ltd,108430,1,0,,,ORG:108430
Luxury Goods Outlet S.R.L,BR010575,,,Bicester,OX26 6WD,Valpak,105997,1,0,,,ORG:105997
Luxus Ltd,00834329,,,Louth,LN11 0LQ,Valpak,102601,2,1,Colour Tone Masterbatch Ltd,03176153,ORG:102601
LVF Packaging Ltd,03769841,,,LEEDS,LS10 1TD,Beyondly,103336,1,0,,,ORG:103336
LVMH Fragrance Brands UK Ltd,00939525,,,Hersham,KT12 4NH,Valpak,115856,1,0,,,ORG:115856
LVMH Watch & Jewellery (UK) Limited,01620385,,,Worsley,M28 5GN,,107694,1,0,,,ORG:107694
Lyan Packaging Supplies,02229285,,,Wrexham Industrial Estate,LL139XS,Comply with Clarity,102291,1,0,,,ORG:102291
Lyburn Supplies Limited,05393425,,,Stoke-On-Trent,ST1 5SQ,Wastepack GB (SEPA),101269,1,0,,,ORG:101269
Lyco Group Ltd,02923542,,,Guildford,GU1 4YD,Paperpak,115687,1,0,,,ORG:115687
Lyle & Scott Limited,04111248,,,London,NW1 8NX,Wastepack GB (SEPA),103729,1,0,,,ORG:103729
Lynas Foodservice,NI012505,,,Coleraine,BT52 2NR,Scotpak (SEPA),104207,1,0,,,ORG:104207
Lynn's Country Foods Limited,NI020172,,,Downpatrick,BT30 9UP,Wastepack Northern Ireland (NIEA),104234,1,0,,,ORG:104234
Lyon Equipment Limited,03107118,,,Penrith,CA10 3SS,Wastepack GB (SEPA),103711,1,0,,,ORG:103711
Lyons Seafoods Limited,02987743,,,Warminster,BA12 9DA,Comply with Clarity,105995,1,0,,,ORG:105995
Lyreco UK Limited,00442696,,,Telford,TF2 7NB,Kite Environmental Solutions,100857,1,0,,,ORG:100857
M & L Richardson & Sons Limited,04681129,,,Brampton,CA8 2JE,Wastepack GB (SEPA),102276,1,0,,,ORG:102276
M and M Direct Limited,05069228,,,Hereford,HR4 9HT,Wastepack GB (SEPA),104026,1,0,,,ORG:104026
M J Petfoods & Proteins Limited,04110336,,,Leeds,LS16 6QW,Veolia (EA),102608,1,0,,,ORG:102608
M L Accessories Ltd,03500339,,,Dunstable,LU5 4TP,Valpak,102183,1,0,,,ORG:102183
M Seals UK Limited,14314695,,,London,EC1M 6EE,Wastepack GB (SEPA),108214,3,2,M Seals UK (Engineered Seals Division) Limited; M Seals UK (Technical Distribution) Limited,01470514; 04851586,ORG:108214
M&A Matting UK Ltd,14211686,,,Manchester,M24 2HZ,Valpak,107388,1,0,,,ORG:107388
M. D. Import-Export Limited,03830845,,,Leicester,LE2 7SR,Wastepack GB (SEPA),100740,1,0,,,ORG:100740
M. K. M. BUILDING SUPPLIES LIMITED,03100815,,,Hull,HU8 8DE,Biffpack,107026,122,121,BROOKE CERAMICS LIMITED; M. K. M. BUILDING SUPPLIES (SCARBOROUGH) LIMITED; M.K.M BUILDING SUPPLIES (OBAN) LIMITED; M.K.M. AYR TIMBER & SUPPLIES LIMITED; M.K.M. BUILDING SUPPLIES (ABERDEEN) LIMITED; M.K.M. BUILDING SUPPLIES (AIRDRIE) LIMITED; M.K.M. BUILDING SUPPLIES (ALDERSHOT) LIMITED; M.K.M. BUILDING SUPPLIES (ALNWICK) LIMITED; M.K.M. BUILDING SUPPLIES (ANLABY) LIMITED; M.K.M. BUILDING SUPPLIES (ASHFORD) LIMITED; M.K.M. BUILDING SUPPLIES (AVIEMORE) LIMITED; M.K.M. BUILDING SUPPLIES (BANBURY) LIMITED; M.K.M. BUILDING SUPPLIES (BARNSLEY) LIMITED; M.K.M. BUILDING SUPPLIES (BARROW-IN-FURNESS) LIMITED; M.K.M. BUILDING SUPPLIES (BERWICK ON TWEED) LIMITED; M.K.M. BUILDING SUPPLIES (BEVERLEY) LIMITED; M.K.M. BUILDING SUPPLIES (BICESTER) LIMITED; M.K.M. BUILDING SUPPLIES (BIRKENHEAD) LIMITED; M.K.M. BUILDING SUPPLIES (BIRMINGHAM NORTH) LIMITED; M.K.M. BUILDING SUPPLIES (BISHOP AUCKLAND) LIMITED; M.K.M. BUILDING SUPPLIES (BLACKPOOL) LIMITED; M.K.M. BUILDING SUPPLIES (BOLTON) LIMITED; M.K.M. BUILDING SUPPLIES (BOSTON) LIMITED; M.K.M. BUILDING SUPPLIES (BRIDLINGTON) LIMITED; M.K.M. BUILDING SUPPLIES (BROMSGROVE) LIMITED; M.K.M. BUILDING SUPPLIES (BURNLEY) LIMITED; M.K.M. BUILDING SUPPLIES (BURTON UPON TRENT) LIMITED; M.K.M. BUILDING SUPPLIES (BURY) LIMITED; M.K.M. BUILDING SUPPLIES (CANTERBURY) LIMITED; M.K.M. BUILDING SUPPLIES (CARLISLE) LIMITED; M.K.M. BUILDING SUPPLIES (CASTLEFORD) LIMITED; M.K.M. BUILDING SUPPLIES (CHELMSFORD) LIMITED; M.K.M. BUILDING SUPPLIES (CHESTER) LIMITED; M.K.M. BUILDING SUPPLIES (CHICHESTER) LIMITED; M.K.M. BUILDING SUPPLIES (CORBY) LIMITED; M.K.M. BUILDING SUPPLIES (CREWE) LIMITED; M.K.M. BUILDING SUPPLIES (DARLINGTON) LIMITED; M.K.M. BUILDING SUPPLIES (DEAL) LIMITED; M.K.M. BUILDING SUPPLIES (DERBY) LIMITED; M.K.M. BUILDING SUPPLIES (DEREHAM) LIMITED; M.K.M. BUILDING SUPPLIES (DRIFFIELD) LIMITED; M.K.M. BUILDING SUPPLIES (DUMFRIES) LIMITED; M.K.M. BUILDING SUPPLIES (DUNDEE) LIMITED; M.K.M. BUILDING SUPPLIES (DUNFERMLINE) LIMITED; M.K.M. BUILDING SUPPLIES (DURHAM) LIMITED; M.K.M. BUILDING SUPPLIES (EASTLEIGH) LIMITED; M.K.M. BUILDING SUPPLIES (EDINBURGH) LIMITED; M.K.M. BUILDING SUPPLIES (ELGIN) LIMITED; M.K.M. BUILDING SUPPLIES (GALASHIELS) LIMITED; M.K.M. BUILDING SUPPLIES (GLASGOW) LIMITED; M.K.M. BUILDING SUPPLIES (GLOUCESTER) LIMITED; M.K.M. BUILDING SUPPLIES (GOOLE) LIMITED; M.K.M. BUILDING SUPPLIES (GRANTHAM) LIMITED; M.K.M. BUILDING SUPPLIES (GRIMSBY) LIMITED; M.K.M. BUILDING SUPPLIES (HARTLEPOOL) LIMITED; M.K.M. BUILDING SUPPLIES (HAVERHILL) LIMITED; M.K.M. BUILDING SUPPLIES (HEXHAM) LIMITED; M.K.M. BUILDING SUPPLIES (HONITON) LIMITED; M.K.M. BUILDING SUPPLIES (HULL) LIMITED; M.K.M. BUILDING SUPPLIES (INVERNESS) LIMITED; M.K.M. BUILDING SUPPLIES (IRVINE) LIMITED; M.K.M. BUILDING SUPPLIES (KIDLINGTON) LIMITED; M.K.M. BUILDING SUPPLIES (KILMARNOCK) LIMITED; M.K.M. BUILDING SUPPLIES (KINGS LYNN) LIMITED; M.K.M. BUILDING SUPPLIES (KIRKCALDY) LIMITED; M.K.M. BUILDING SUPPLIES (LEAMINGTON SPA) LIMITED; M.K.M. BUILDING SUPPLIES (LEEDS) LIMITED; M.K.M. BUILDING SUPPLIES (LINCOLN) LIMITED; M.K.M. BUILDING SUPPLIES (LLANDUDNO JUNCTION) LIMITED; M.K.M. BUILDING SUPPLIES (LONDON COLNEY) LIMITED; M.K.M. BUILDING SUPPLIES (LOUTH) LIMITED; M.K.M. BUILDING SUPPLIES (MACCLESFIELD) LIMITED; M.K.M. BUILDING SUPPLIES (MALTON) LIMITED; M.K.M. BUILDING SUPPLIES (MANCHESTER CENTRAL) LIMITED; M.K.M. BUILDING SUPPLIES (MANSFIELD) LIMITED; M.K.M. BUILDING SUPPLIES (MIDDLESBROUGH) LIMITED; M.K.M. BUILDING SUPPLIES (MILTON KEYNES) LIMITED; M.K.M. BUILDING SUPPLIES (MORPETH) LIMITED; M.K.M. BUILDING SUPPLIES (NEWARK) LIMITED; M.K.M. BUILDING SUPPLIES (NEWBURY) LIMITED; M.K.M. BUILDING SUPPLIES (NEWCASTLE) LIMITED; M.K.M. BUILDING SUPPLIES (NEWENT) LIMITED; M.K.M. BUILDING SUPPLIES (NORTH WALSHAM) LIMITED; M.K.M. BUILDING SUPPLIES (NORWICH) LIMITED; M.K.M. BUILDING SUPPLIES (NOTTINGHAM) LIMITED; M.K.M. BUILDING SUPPLIES (PENRITH) LIMITED; M.K.M. BUILDING SUPPLIES (PERTH) LIMITED; M.K.M. BUILDING SUPPLIES (PETERHEAD) LIMITED; M.K.M. BUILDING SUPPLIES (PETERLEE) LIMITED; M.K.M. BUILDING SUPPLIES (REDRUTH) LIMITED; M.K.M. BUILDING SUPPLIES (RETFORD) LIMITED; M.K.M. BUILDING SUPPLIES (RIPON) LIMITED; M.K.M. BUILDING SUPPLIES (RUGBY) LIMITED; M.K.M. BUILDING SUPPLIES (RUTHIN) LIMITED; M.K.M. BUILDING SUPPLIES (SCUNTHORPE) LIMITED; M.K.M. BUILDING SUPPLIES (SELBY) LIMITED; M.K.M. BUILDING SUPPLIES (SHARSTON - MANCHESTER SOUTH) LIMITED; M.K.M. BUILDING SUPPLIES (SHEFFIELD NORTH) LIMITED; M.K.M. BUILDING SUPPLIES (SHEFFIELD PARKWAY) LIMITED; M.K.M. BUILDING SUPPLIES (SKEGNESS) LIMITED; M.K.M. BUILDING SUPPLIES (SKELTON) LIMITED; M.K.M. BUILDING SUPPLIES (SLEAFORD) LIMITED; M.K.M. BUILDING SUPPLIES (SOUTHPORT) LIMITED; M.K.M. BUILDING SUPPLIES (STAFFORD) LIMITED; M.K.M. BUILDING SUPPLIES (STIRLING) LIMITED; M.K.M. BUILDING SUPPLIES (STOCKTON) LIMITED; M.K.M. BUILDING SUPPLIES (STOKE) LIMITED; M.K.M. BUILDING SUPPLIES (SUNDERLAND) LIMITED; M.K.M. BUILDING SUPPLIES (TELFORD) LIMITED; M.K.M. BUILDING SUPPLIES (THAME) LIMITED; M.K.M. BUILDING SUPPLIES (WAKEFIELD) LIMITED; M.K.M. BUILDING SUPPLIES (WALLINGFORD) LIMITED; M.K.M. BUILDING SUPPLIES (WARRINGTON) LIMITED; M.K.M. BUILDING SUPPLIES (WEYMOUTH) LIMITED; M.K.M. BUILDING SUPPLIES (WHITBY) LIMITED; M.K.M. BUILDING SUPPLIES (WIGAN) LIMITED; M.K.M. BUILDING SUPPLIES (WITHERNSEA) LIMITED; M.K.M. BUILDING SUPPLIES (YEOVIL) LIMITED; M.K.M. BUILDING SUPPLIES (YORK) LIMITED; M.K.M. DUMFRIES TIMBER COMPANY LIMITED; M.K.M. LEISURE LIMITED,02188689; 03205362; 03217287; 03497865; 03618684; 03618686; 03634743; 03883449; 04182468; 04202544; 04439020; 04496164; 04500591; 04822185; 04825083; 04904582; 04937006; 05253523; 05368905; 05386527; 05547090; 05717610; 05717644; 05847741; 05847743; 05881114; 05881119; 06057996; 06059849; 06324856; 06406721; 06406741; 06406742; 06406745; 06670654; 06732459; 07334964; 07745980; 07924285; 07962180; 07962183; 08568560; 08568565; 10001064; 10001369; 10023302; 10169929; 10438236; 10689485; 10689517; 10689579; 10689660; 10927579; 10927595; 10927616; 11046758; 11046763; 11082085; 11198939; 11199030; 11199048; 11230822; 11609901; 11609941; 11610011; 11610057; 11610069; 11610080; 11610084; 11610093; 11610282; 11610296; 12123327; 12123328; 12123329; 12123330; 12123331; 12123333; 12123335; 12123336; 12123338; 12123340; 12123342; 13013767; 13013781; 13013988; 13014001; 13014052; 13014065; 13014076; 13014086; 13014090; 13014105; 13014144; 13014161; 13014216; 13014227; 13015371; 13660566; 13660577; 13660583; 13660587; 13660588; 13660594; 13660601; 13660611; 13661379; 13661447; 13661463; 13661480; 13661485; 13661491; 13661682; 13661693; 13661786; 14431893; 14432010; 14432046; 14432119; 14432133; 14432406,ORG:107026
M. Leggate & Sons (Produce) Ltd,01396348,,,Boston,PE22 9AA,Valpak,114163,1,0,,,ORG:114163
M. Marcus Limited,00360234,,,London,EC1R 5HL,Wastepack GB (SEPA),107257,1,0,,,ORG:107257
M.E. Muller Limited,01073307,,,Witney,OX29 7RJ,Paperpak,111887,1,0,,,ORG:111887
M.I. DICKSON LIMITED,00520749,,,South Shields,NE34 0NT,Beyondly,104743,1,0,,,ORG:104743
M.J. ALLEN HOLDINGS LIMITED,00699347,,,Ashford,TN24 8DE,Beyondly,107880,4,3,M.J. ALLEN AUTOMOTIVE LTD; M.J. ALLEN PRECISION LTD; M.J. Allen Castings and Machining Ltd,01861858; 02196037; 02378447,ORG:107880
M.J.AINGE & CO.LIMITED,01100045,,,Leominster,HR6 0QF,Comply with Clarity,102497,1,0,,,ORG:102497
M.P. MORAN & SONS LIMITED,01218121,,,London,NW6 7JR,Biffpack,102667,1,0,,,ORG:102667
M.P. Smith & Co. Limited,01234802,,,Manchester,M28 2LA,Wastepack GB (SEPA),103028,1,0,,,ORG:103028
M.P.V Packaging Ltd,04318157,,,Wigan,WN2 4AU,Valpak,117129,1,0,,,ORG:117129
M.S. George Ltd,01046674,,,Redhill,RH1 6RW,Valpak,107949,1,0,,,ORG:107949
MacDermid Autotype Limited,00192795,,,Wantage,OX12 7BZ,Wastepack GB (SEPA),103755,1,0,,,ORG:103755
Macdermid Canning Ltd,00556556,,,Wigan,WN2 1JR,Valpak,104460,1,0,,,ORG:104460
MACDERMID PERFORMANCE SOLUTIONS UK LIMITED,01290882,,,WOKING,GU21 5RW,Comply with Clarity,102396,1,0,,,ORG:102396
MacDonald & Muir Ltd,SC019038,,,Edinburgh,EH2 2BD,Valpak Scotland Ltd (SEPA),105459,1,0,,,ORG:105459
MacFarlane Group plc,SC004221,,,Glasgow,G3 7YE,Valpak Scotland Ltd (SEPA),108665,11,10,A.E. Sutton Limited; AllPack Packaging Supplies Ltd; Barum and Dewar Ltd; Carters Packaging Ltd; GWP Group Ltd; Gottlieb Packaging Materials Ltd; Macfarlane Group UK Ltd; Nelsons for Cartons & Packaging Ltd; Pitreavie Packaging Ltd; Polyformes Ltd,00712221; 01296564; 01630389; 02351822; 03655833; 04229648; 04691446; 05459368; SC168649; SC290452,ORG:108665
MACHINE MART LIMITED,01555925,,,Nottinghamshire,NG1 1GN,Beyondly,107542,1,0,,,ORG:107542
MACKAY'S LTD.,SC155016,,,Arbroath,DD11 3LR,,105890,1,0,,,ORG:105890
Mackie's Limited,SC030096,,,,AB51 8US,,101357,1,0,,,ORG:101357
MacLean International Group Limited,SC065126,,,Aberdeen,AB12 3HT,Ecosurety (EA),107946,1,0,,,ORG:107946
Macmillan Publishers International Limited,02063302,,,Basingstoke,RG24 8YJ,Kite Environmental Solutions,100234,1,0,,,ORG:100234
Macpac Limited,01107529,,,Stockport,SK4 3EG,Ecosurety (EA),103100,1,0,,,ORG:103100
Macphie Ltd,SC031780,,,Glenbervie,AB39 3YG,Comply with Clarity,104493,1,0,,,ORG:104493
Macron Safety Systems (UK) Ltd,01169587,,,Great Yarmouth,NR31 0NN,Valpak,116932,1,0,,,ORG:116932
MACSWEEN OF EDINBURGH LIMITED,SC150160,,,Loanhead,EH20 9LZ,Beyondly,106814,1,0,,,ORG:106814
Made Beverages Ltd,12942721,,,London,N3 3LF,Comply with Clarity,116080,1,0,,,ORG:116080
Mademoiselle Desserts Corby Limited,02664188,,,Maidenhead,SL6 7TU,Comply with Clarity,108484,1,0,,,ORG:108484
Mademoiselle Desserts Taunton Ltd,00132872,,,Maidenhead,SL6 7TU,Comply with Clarity,104509,1,0,,,ORG:104509
Magic Madhouse Limited,07969584,,,Enfield,EN1 1SH,Kite Environmental Solutions,107080,1,0,,,ORG:107080
Magimix UK Limited,02142370,,,Godalming,GU7 1HY,Recycling Lives Compliance Services,101639,1,0,,,ORG:101639
Magna Exteriors (Banbury) Limited,03255664,,,Banbury,OX16 1TR,Wastepack GB (SEPA),104922,1,0,,,ORG:104922
Magna Foodservice Limited,08411684,,,Hounslow,TW5 9NB,,117046,1,0,,,ORG:117046
MAGNUM PACKAGING (N.E.) LIMITED.,01764041,,,Billingham,TS23 4BY,,111852,1,0,,,ORG:111852
Magrini (UK) Limited,02350124,,,Stoke-on-Trent,ST7 1XW,Veolia (EA),100781,1,0,,,ORG:100781
Mahle Aftermarket Limited,06739653,,,Northampton,NN5 5TZ,Kite Environmental Solutions,102409,1,0,,,ORG:102409
Maier U.K. Ltd,03758650,,,Burntwood,WS7 3GJ,Valpak,104380,1,0,,,ORG:104380
MAIL SOLUTIONS GROUP LIMITED,06125081,,,Telford,TF7 4QH,Beyondly,111512,4,3,INTRINSIC PAPER STRAWS LIMITED; MAIL SOLUTIONS LIMITED; MAIL SOLUTIONS UK LIMITED,02413935; 05157725; 12031604,ORG:111512
Mailway Packaging Solutions Group Ltd,11430011,,,Bradford,BD5 7SG,Kite Environmental Solutions,108477,2,1,Mailway Packaging Solutions Limited,07128297,ORG:108477
Maine Soft Drinks Limited,NI020377,,,Ballymoney,BT53 7EX,Wastepack Northern Ireland (NIEA),101668,1,0,,,ORG:101668
Mainetti (UK) Limited,SC170666,,,Galashiels,TD1 3TE,Wastepack GB (SEPA),102888,1,0,,,ORG:102888
Maison Maurice Ltd,01295119,,,Gravesend,DA11 9BL,Valpak,114657,1,0,,,ORG:114657
Maisons Marques Et Domaines Ltd,01930797,,,London,SW18 1DB,Valpak,102059,1,0,,,ORG:102059
Majestic Wine Warehouses Limited,01594599,,,Watford,WD24 4WH,Comply with Clarity,107345,1,0,,,ORG:107345
Make Believe Ideas Ltd,05140300,,,Berkhamstead,HP4 2AZ,Valpak,103263,1,0,,,ORG:103263
Makita (UK) Limited,03033057,,,Milton Keynes,MK15 8JD,Wastepack GB (SEPA),100661,1,0,,,ORG:100661
MAKITA MANUFACTURING EUROPE LIMITED,02427964,,,Shropshire,TF1 7YX,Beyondly,102010,1,0,,,ORG:102010
Maldon Salt Ltd,00214494,,,Maldon,CM9 6UZ,Valpak,104355,1,0,,,ORG:104355
Malibu Health Products Ltd,03751009,,,St Albans,AL2 2DB,Valpak,106116,1,0,,,ORG:106116
Malipac Ltd,10785637,,,Leicester,LE4 7ST,Wastepack GB (SEPA),117877,1,0,,,ORG:117877
MALLINCKRODT CHEMICAL LIMITED,02154127,,,Chesterfield,S41 8ND,Biffpack,102617,1,0,,,ORG:102617
Malmaison Hotel Du Vin Holdings Limited,03917393,,,London,SW7 4DL,Ecosurety (EA),112542,3,2,Hotel Du Vin Trading Limited; Malmaison Trading Limited,08960725; 08960779,ORG:112542
MAM (UK) Ltd,02380020,,,Teddington,TW11 8LZ,Valpak,104004,1,0,,,ORG:104004
MAMAS & PAPAS LIMITED,04992387,,,West Yorkshire,HD5 0RH,Beyondly,105059,1,0,,,ORG:105059
Man Truck and Bus UK Ltd,02688514,,,Swindon,SN5 8YU,Valpak,103691,1,0,,,ORG:103691
Manchester Drinks Company Ltd,05475848,,,Bury,BL9 5BN,Ecosurety (EA),106253,1,0,,,ORG:106253
Manchester Rusk Company Ltd,01277813,,,Manchester,M22 4XR,Paperpak,105201,1,0,,,ORG:105201
Manchester United Football Club Ltd,00095489,,,Manchester,M16 0RA,Valpak,104163,1,0,,,ORG:104163
Mandarin Slate Limited,02343004,,,Monmouth,NP25 5JB,Wastepack GB (SEPA),105568,1,0,,,ORG:105568
MANGROVE GLOBAL LIMITED,08674207,,,Woodford Green,IG8 0XA,Beyondly,104524,1,0,,,ORG:104524
ManiLife Ltd,09617757,,,Mansfield,NG20 8GQ,Comply with Clarity,115178,1,0,,,ORG:115178
Mann + Hummel (UK) Limited,03152081,,,Wolverhampton,WV10 7HW,Veolia (EA),105972,1,0,,,ORG:105972
Manning Impex Limited,02141125,,,Camberley,GU15 3DF,Wastepack GB (SEPA),107312,1,0,,,ORG:107312
MANNINGHAM CONCRETE LIMITED,00747932,,,Bradford,BD8 9RY,Biffpack,100679,1,0,,,ORG:100679
Mannok Build Limited,NI013573,,,,BT92 9GP,,101838,1,0,,,ORG:101838
Mannok Cement (GB) Limited,13043681,,,Rochester,ME2 4EW,Wastepack GB (SEPA),102633,1,0,,,ORG:102633
Mannok Insulation (GB) Limited,05908781,,,Rochester,ME2 4EW,Wastepack GB (SEPA),102768,1,0,,,ORG:102768
Mannok Pack (GB) Limited,13046459,,,Rochester,ME2 4EW,Wastepack GB (SEPA),102771,1,0,,,ORG:102771
Manor Coating Systems Ltd,00335572,,,Baildon,BD17 7DP,Valpak,102277,1,0,,,ORG:102277
Manor Fresh Ltd,05628117,,,Spalding,PE12 8LR,Valpak,102029,1,0,,,ORG:102029
Manor Packaging Limited,02192064,,,Peterborough,PE7 2HA,Paperpak,111902,1,0,,,ORG:111902
Mansfield Fruit Farms Ltd,08270235,,,Canterbury,CT4 7PF,Valpak,116612,1,0,,,ORG:116612
Mansfield Sand Company Limited,03754188,,,Mansfield,NG184LF,Comply with Clarity,102432,1,0,,,ORG:102432
Manupackaging U.K. Limited,02744359,,,Corsham,SN13 9SW,Comply with Clarity,103176,1,0,,,ORG:103176
Manutan UK Limited,01092975,,,Verwood,BH31 6AT,Ecosurety (EA),103033,1,0,,,ORG:103033
Map Trading Ltd,01826942,,,London,NW10 7BW,Valpak,111584,1,0,,,ORG:111584
Mapa Spontex UK Ltd,01372811,,,Lichfield,WS13 8SS,Valpak,104059,1,0,,,ORG:104059
MAPEI (UK) LIMITED,02391086,,,HALESOWEN,B62 8HD,Comply with Clarity,104953,1,0,,,ORG:104953
MARCEGAGLIA (UK) LIMITED,02677001,,,Dudley,DY2 8TA,Beyondly,100145,1,0,,,ORG:100145
MARCEGAGLIA STAINLESS SHEFFIELD LTD,13909552,,,Sheffield,S91TZ,Beyondly,117417,1,0,,,ORG:117417
March Foods Limited,06801592,,,March,PE15 0AY,Paperpak,111583,1,0,,,ORG:111583
Marelli Automotive Systems UK Limited,02147831,,,Llanelli,SA14 8HU,Veolia (EA),106703,1,0,,,ORG:106703
Margaret Hall Ltd,04626352,,,Warwick,CV34 5DB,Valpak,104035,1,0,,,ORG:104035
MARIGOLD HEALTH FOODS LIMITED,01300295,,,London,N22 7DE,Beyondly,116182,1,0,,,ORG:116182
Marillo Foods Limited,04455911,,,Warrington,WA3 3JD,Wastepack GB (SEPA),101985,1,0,,,ORG:101985
Maris Seafoods Limited,09267341,,,Warrington,WA1 1RL,Wastepack GB (SEPA),101770,1,0,,,ORG:101770
Mark Anthony Brands UK Ltd,12467589,,,London,EC1A 4HY,Valpak,116891,1,0,,,ORG:116891
Mark Vitow Limited,02425046,,,High Wycombe,HP11 1JX,Paperpak,116824,1,0,,,ORG:116824
Marks And Spencer P.l.c.,00214436,,,London,W2 1NW,Valpak,102358,3,2,Gist Ltd; The Sports Edit Ltd,00502669; 09331295,ORG:102358
Markwins Beauty Brands International Ltd,03922404,,,London,EC4A 4AB,Valpak,107586,1,0,,,ORG:107586
Marla Tube Fittings Limited,00572373,,,Alcester,B49 6EH,Veolia (EA),101532,5,4,Eagle Tube & Flanges Limited; Promat BD Limited; Steadfast Engineering Company Limited; Steadfast Scotland Limited,01410223; SC084811; SC129741; SC208370,ORG:101532
MARLETON CROSS LIMITED,01215692,,,Sywell,NN6 0BG,Beyondly,107824,1,0,,,ORG:107824
MARLEYBONES LIMITED,12216353,,,London,NW1 5PU,,116765,1,0,,,ORG:116765
Marlin Industries (Wrexham) Limited,02831738,,,Wrexham,LL12 0PJ,Comply with Clarity,106822,1,0,,,ORG:106822
Marlish Waters Limited,08733724,,,Morpeth,NE61 4ER,Wastepack GB (SEPA),104522,1,0,,,ORG:104522
Marlow Foods Limited,01752242,,,Stokesley,TS9 7AB,Wastepack GB (SEPA),103783,1,0,,,ORG:103783
Marlowe Environmental Services Limited,02184649,,,London,SE1 9SG,Comply with Clarity,106182,8,7,Atana Ltd; Clearwater Technology Ltd; Guardian Water Treatment Ltd; Hydro-X Water Treatment Ltd; Sterling Hydrotech Ltd; WCS Environmental Engineering Ltd; WCS Services Ltd,01818133; 02275897; 02583411; 03659610; 03913977; 04345865; 05300448,ORG:106182
Marmon Group Ltd(The),01376182,,,Wellingborough,NN8 6GR,Valpak,104211,1,0,,,ORG:104211
MARPAK EXTRUSIONS LIMITED,03905265,,,Shipley,BD18 3DZ,Beyondly,106295,1,0,,,ORG:106295
Mars Food UK Limited,06649971,,,Slough,SL1 4LG,Ecosurety (EA),102525,1,0,,,ORG:102525
Mars Horsecare UK Limited,03596340,,,Slough,SL1 4LG,Ecosurety (EA),106213,1,0,,,ORG:106213
Mars Petcare UK,06649984,,,Slough,SL1 4LG,Ecosurety (EA),102448,1,0,,,ORG:102448
Mars Wrigley Confectionery UK Limited,06649982,,,Slough,SL1 4LG,Ecosurety (EA),102107,1,0,,,ORG:102107
Marsden Weighing Machine Group Limited,01014815,,,Rotherham,S60 1DX,Paperpak,117238,1,0,,,ORG:117238
Marshall Amplification Plc,00805676,,,Milton Keynes,MK1 1DQ,Valpak,111200,1,0,,,ORG:111200
Marshall Of Cambridge (Holdings) Ltd,02051460,,,Cambridge,CB5 8RX,Valpak,106855,2,1,Marshall of Cambridge Aerospace Ltd,00245740,ORG:106855
Marshall-Tufflex Limited,00374185,,,St. Leonards-On-Sea,TN38 9NU,Veolia (EA),100937,1,0,,,ORG:100937
Marshalls Foods Limited,05282473,,,Norwich,NR5 0JH,Wastepack GB (SEPA),101704,1,0,,,ORG:101704
Marshalls Group Limited,00481574,,,Elland,HX5 9HT,Wastepack GB (SEPA),111202,4,3,Marley Limited; Marshalls Mono Limited; Viridian Solar Limited,00509579; 04501938; 11519291,ORG:111202
Marston Foods Limited,07207619,,,Frome,BA11 5BS,Comply with Clarity,102449,1,0,,,ORG:102449
Marstons PLC,00031461,,,Wolverhampton,WV2 4BH,,107901,1,0,,,ORG:107901
Martin-Brower UK Ltd,01601427,,,Hemel Hempstead,HP2 4YJ,Wastepack GB (SEPA),105828,1,0,,,ORG:105828
MARTINS CRAFT BAKERY LIMITED,00505826,,,Manchester,M40 1HB,,116772,1,0,,,ORG:116772
Marubeni Europe Plc,01885084,,,London,EC2V 7AB,Valpak,114827,2,1,Marubeni International (Europe) GmbH,BR021033,ORG:114827
Marussia Beverages UK Ltd,02212643,,,London,NW1 5QT,Valpak,106174,1,0,,,ORG:106174
Mash Direct Limited,NI049100,,,Comber,BT23 5JU,Wastepack GB (SEPA),115905,1,0,,,ORG:115905
Masons of Yorkshire Ltd,08303103,,,Leeming Bar,DL7 9EE,Valpak,106197,1,0,,,ORG:106197
Maspex UK LTD,12978390,,,London,W1W 5PF,,117006,1,0,,,ORG:117006
Massey Bros LLP,OC364758,,,Crewe,CW4 8EE,Wastepack GB (SEPA),107308,1,0,,,ORG:107308
Massilly (UK) Ltd,01856541,,,Swansea,SA4 0XP,Valpak,104372,1,0,,,ORG:104372
Masstock Arable (UK) Ltd,02387531,,,Cheltenham,GL54 4LZ,Valpak,111277,1,0,,,ORG:111277
MAST-JAEGERMEISTER UK LIMITED,08646840,,,London,SE1 2HB,Beyondly,111420,1,0,,,ORG:111420
Master Builders Solutions UK Ltd,00514077,,,Manchester,M27 4EU,Valpak,103391,1,0,,,ORG:103391
MASTER DISTRIBUTOR LIMITED,07079855,,,Harrogate,HG2 8PA,Beyondly,103431,1,0,,,ORG:103431
MASTER LOCK UK SALES LIMITED,08758722,,,Stansted,CM24 8GF,Beyondly,106293,1,0,,,ORG:106293
MATALAN RETAIL LTD.,02103564,,,Liverpool,L33 7SZ,Comply with Clarity,107167,1,0,,,ORG:107167
Mathiesons Bakery Ltd,SC424054,,,Larbert,FK5 4RX,Valpak Scotland Ltd (SEPA),111408,1,0,,,ORG:111408
Matki plc,01010424,,,Bristol,BS37 5PL,Valpak,104007,1,0,,,ORG:104007
MATRIX APA (UK) LTD,05758515,,,London,WC1A 1EU,Beyondly,114298,1,0,,,ORG:114298
Matrix Polymers Ltd,02626784,,,Liverpool,L24 1YA,Valpak,107970,1,0,,,ORG:107970
Matsuura Machinery Ltd,02592156,,,Coalville,LE67 4NH,Valpak,101196,1,0,,,ORG:101196
Mattel Europa B.V.,FC039279,,,Amstelveen,1186 MJ,Valpak,115893,1,0,,,ORG:115893
Mattel U.K. Ltd,01471442,,,Slough,SL1 1FQ,Valpak,102274,1,0,,,ORG:102274
Matthew's Foods (Scotland) Ltd,SC210734,,,Glasgow,G49RR,Comply with Clarity,106533,1,0,,,ORG:106533
Mauri Products Limited,01413180,,,London,W1K 4QY,Comply with Clarity,104638,1,0,,,ORG:104638
Maurice Lay Distributors Limited,02070141,,,Avonmouth,BS11 8DW,Comply with Clarity,100972,1,0,,,ORG:100972
Mauser UK Ltd,05798825,,,Littleborough,OL15 9FG,Valpak,102656,1,0,,,ORG:102656
Mauveworx Ltd,10989151,,,Wimborne,BH21 7SH,Wastepack GB (SEPA),106741,1,0,,,ORG:106741
Mawdsley-Brooks & Company Limited,00044701,,,Salford,M50 2PW,ERP UK Ltd,100783,1,0,,,ORG:100783
Maxell Europe Limited,01485997,,,Slough,SL3 9LL,Wastepack GB (SEPA),101763,1,0,,,ORG:101763
Maximover Limited,03459006,,,Scothern,LN2 2UZ,Beyondly,117454,1,0,,,ORG:117454
Maxpack Group Ltd,11961124,,,Shrewsbury,SY3 5HJ,Valpak,108450,1,0,,,ORG:108450
Mayborn Group Limited,00419737,,,Newcastle Upon Tyne,NE12 8EW,Wastepack GB (SEPA),105258,3,2,Mayborn (UK) Limited; Sangenic International Ltd.,01308939; 01894022,ORG:105258
Mayflex UK Ltd,06745491,,,Birmingham,B6 7JJ,Valpak,101775,1,0,,,ORG:101775
Mayflower Hygiene Supplies (London) Ltd,04209551,,,Caerphilly,CF83 1XH,Valpak,103960,1,0,,,ORG:103960
Maypole Limited,01502304,,,Birmingham,B32 3DE,Ecosurety (EA),100363,1,0,,,ORG:100363
Mazda Motors UK Limited,04212655,,,Dartford,DA2 6DT,Paperpak,102520,1,0,,,ORG:102520
MBM Print SCS Limited,SC476715,,,EAST KILBRIDE,G74 5NA,Comply with Clarity,106529,1,0,,,ORG:106529
McAlpine & Company. Ltd,SC006445,,,Glasgow,G52 4LF,Valpak Scotland Ltd (SEPA),101463,1,0,,,ORG:101463
McAnerney Brothers Limited,NI001169,,,Armagh,BT61 7EP,ERP UK Ltd,108487,1,0,,,ORG:108487
MCC Cardiff Ltd,01858357,,,Leeds,LS1 5AB,Valpak,105481,1,0,,,ORG:105481
MCCAIN Foods (G.B.) Limited,00733218,,,Eastfield,YO11 3BS,Ecosurety (EA),105318,1,0,,,ORG:105318
McColgans Quality Foods Limited,NI012744,,,Strabane,BT82 9EA,Wastepack Northern Ireland (NIEA),102926,1,0,,,ORG:102926
McCormick (UK) Ltd,SC015262,,,Edinburgh,EH2 1AF,Valpak Scotland Ltd (SEPA),105111,1,0,,,ORG:105111
McDade Retail Ltd,NI631264,,,Clogher,BT76 0AD,Wastepack Northern Ireland (NIEA),102869,1,0,,,ORG:102869
McDonald's Restaurants Limited,01002769,,,London,N2 8AW,Ecosurety (EA),102969,1,0,,,ORG:102969
McGowan & Rutherford Ltd,02938639,,,Colchester,CO3 3BZ,Valpak,100663,1,0,,,ORG:100663
McHale Komatsu Limited,01040079,,,Redditch,B98 0RT,Ecosurety (EA),104266,1,0,,,ORG:104266
MCKEOWN FINE FOODS LIMITED,NI033660,,,Rasharkin,BT44 8RW,Comply with Clarity,100418,1,0,,,ORG:100418
McKinleys Group Trading Ltd,10433662,,,Newmarket,CB8 7AU,Wastepack GB (SEPA),102751,1,0,,,ORG:102751
MCL Industrial Enclosures Ltd,01300156,,,Stoke-on-Trent,ST8 7NL,Valpak,107840,1,0,,,ORG:107840
MCLAREN AUTOMOTIVE LIMITED,01967717,,,Woking,GU21 4YH,Biffpack,107074,1,0,,,ORG:107074
McLaren Presentation Limited,SC068174,,,Port Glasgow,PA14 5XH,Paperpak,101932,3,2,McLaren Corrugate Limited; McLaren Divisions Limited,SC618815; SC825061,ORG:101932
McMullen & Sons  Ltd,00051456,,,Hertford,SG14 1RD,Valpak,104731,1,0,,,ORG:104731
MCSHANE PACKAGING LIMITED,NI056593,,,Armagh,BT618DJ,,111225,1,0,,,ORG:111225
McWhinneys Sausages Limited,NI602478,,,Bangor,BT19 7QZ,,111293,1,0,,,ORG:111293
MDK Office Seating Ltd,05908256,,,Leicester,LE4 1AW,ERP UK Ltd,101802,1,0,,,ORG:101802
ME AND EM LIMITED,05686460,,,London,W12 7FQ,Biffpack,103879,1,0,,,ORG:103879
Meaco (U.K.) Limited,05000418,,,Guildford,GU3 3BH,Valpak,116865,1,0,,,ORG:116865
Meade-King  Robinson & Company Limited,00146176,,,Liverpool,L2 3YL,Veolia (EA),101593,4,3,Crestchem Limited; H Plus Limited; Oleo Solutions Limited,02332302; 03394219; 05137453,ORG:101593
Meadow Foods Ltd,02720823,,,Chester,CH4 9JS,Valpak,102025,1,0,,,ORG:102025
Meadow Inclusions Ltd,03043114,,,Chester,CH4 9JS,Valpak,101859,1,0,,,ORG:101859
Meadowvale Foods Ltd,02420250,,,Oswestry,SY10 8BH,Veolia (EA),100402,1,0,,,ORG:100402
Measom Freer & Co Ltd,00654605,,,Wigston,LE18 2FL,Valpak,111441,1,0,,,ORG:111441
Mecalac Construction Equipment UK Limited,10516031,,,Coventry,CV6 6PB,Ecosurety (EA),103053,1,0,,,ORG:103053
Medela UK Ltd,04800758,,,Manchester,M44 5EG,Valpak,101793,1,0,,,ORG:101793
Medica Packaging Ltd,02776882,,,Crewe,CW1 6UL,Valpak,103445,1,0,,,ORG:103445
Medical Express (UK) Ltd,01604732,,,Horsham,RH12 1JE,Valpak,108134,2,1,Montagne Jeunesse International Ltd,04209056,ORG:108134
Medicare Colgate Ltd,02958090,,,Cullompton,EX15 2BB,Valpak,115499,1,0,,,ORG:115499
Medicareplus International Ltd,06061230,,,Wembley,HA0 1DX,Valpak,107704,1,0,,,ORG:107704
Medicina Limited,02654669,,,Blackrod,BL6 5BN,Kite Environmental Solutions,106739,1,0,,,ORG:106739
Medik8 Ltd,03783618,,,Elstree,WD6 3SZ,Valpak,101809,1,0,,,ORG:101809
Mediq Healthcare UK Ltd,00062537,,,Castle Donington,DE74 2HJ,Valpak,107327,1,0,,,ORG:107327
Medisave (UK) Ltd,04088271,,,Weymouth,DT3 5FA,Comply with Clarity,106652,1,0,,,ORG:106652
Medtronic Limited,01070807,,,Watford,WD18 8WW,Ecosurety (EA),107927,1,0,,,ORG:107927
MEGA FORTRIS (UK) LIMITED,03303919,,,Burntwood,WS7 3FS,Beyondly,114883,1,0,,,ORG:114883
Mega-Pak Limited,02669618,,,Beaconsfield,HP9 1NB,Wastepack GB (SEPA),100381,1,0,,,ORG:100381
MEGACHEM (UK) LTD.,04079169,,,Monmouthshire,NP26 5AD,Beyondly,104251,1,0,,,ORG:104251
Meggitt Ltd,00432989,,,Coventry,CV7 9JU,Valpak,108597,3,2,Meggitt Aerospace Ltd; Meggitt UK Ltd,00629814; 03477890,ORG:108597
MEIYUME (UK) LIMITED,00483352,,,TROWBRIDGE,BA14 0XB,,114465,1,0,,,ORG:114465
MELCOURT INDUSTRIES LIMITED,01734220,,,Tetbury,GL8 8RT,Beyondly,103175,1,0,,,ORG:103175
MELITTA UK LTD.,01243964,,,Telford,TF17FA,Beyondly,100436,1,0,,,ORG:100436
Melon&Co Ltd,13412644,,,London,WC2B 5AH,Beyondly,100659,1,0,,,ORG:100659
Melrose Industries plc,09800044,,,Birmingham,B4 6AT,Veolia (EA),106950,2,1,GKN Aerospace Services Limited,00355922,ORG:106950
Memo Fashions Limited,01810877,,,London,W5 1UA,Veolia (EA),108504,1,0,,,ORG:108504
Mendip Woodshavings limited,04158389,,,BRISTOL,BS406LE,,107561,1,0,,,ORG:107561
Mentholatum Company Ltd(The),00197071,,,London,SW1H 0DB,Valpak Scotland Ltd (SEPA),115535,1,0,,,ORG:115535
Mentzendorff & Company Limited,00935971,,,London,SE1 3UD,Wastepack GB (SEPA),103858,1,0,,,ORG:103858
MENZIES DISTRIBUTION GROUP LIMITED,11407715,,,London,W1W 7PA,Biffpack,102035,2,1,INPOST DISTRIBUTION LIMITED,01430241,ORG:102035
MENZIES DISTRIBUTION SOLUTIONS GROUP LIMITED,15914324,,,Droitwich,WR9 0LW,Biffpack,114516,2,1,MENZIES DISTRIBUTION SOLUTIONS LIMITED,03805401,ORG:114516
MENZOLIT LTD.,02184127,,,Burnley,BB11 5DB,Beyondly,100485,1,0,,,ORG:100485
MEON LIMITED,07384073,,,Portsmouth,PO6 3TU,Beyondly,102905,1,0,,,ORG:102905
MERCANTILE VENTURES LIMITED,06613191,,,Preston,PR1 3HP,Beyondly,104497,1,0,,,ORG:104497
Mercedes AMG High Performance Powertrains Limited,01760288,,,Brixworth,NN6 9GZ,Comply with Clarity,104341,1,0,,,ORG:104341
Mercedes-Benz Grand Prix Ltd,00787446,,,Brackley,NN13 7BD,Comply with Clarity,106809,1,0,,,ORG:106809
Mercedes-Benz UK Limited,02448457,,,Milton Keynes,MK15 8BA,Comply with Clarity,104533,1,0,,,ORG:104533
Merchant Gourmet Limited,13179628,,,St Albans,AL1 2RE,Ecosurety (EA),103084,1,0,,,ORG:103084
MERCHANT VINTNERS COMPANY LIMITED(THE),00911202,,,Melton,HU14 3BQ,Beyondly,100111,1,0,,,ORG:100111
Merck Sharp & Dohme (UK) Ltd,00233687,,,London,EC2M 6UR,Valpak,106924,1,0,,,ORG:106924
Mercona (G.B.) Limited,02868696,,,Basingstoke,RG25 2JB,Wastepack GB (SEPA),105795,1,0,,,ORG:105795
Mercury Pharmaceuticals Ltd,02619880,,,London,EC2M 1QS,Valpak,117285,1,0,,,ORG:117285
Mergon UK Limited,00894340,,,Blackburn,BB1 2LD,Ecosurety (EA),115295,1,0,,,ORG:115295
Meridian (Speciality Packaging) Ltd,03440767,,,London,EC2A 4NE,Valpak,102534,1,0,,,ORG:102534
Meridian Steel Limited,11929348,,,Dudley,DY2 0XW,,103689,1,0,,,ORG:103689
Merisant UK Ltd,03945005,,,High Wycombe,HP11 1JX,Valpak,108455,1,0,,,ORG:108455
MERITOR HEAVY VEHICLE BRAKING SYSTEMS (UK) LIMITED,03640941,,,Cwmbran,NP44 3XU,Beyondly,106870,1,0,,,ORG:106870
Merley Paper Converters Ltd,02398414,,,Corby Northants,NN17 5YH,Valpak,103561,1,0,,,ORG:103561
Merlin Entertainments Ltd,08700412,,,London,SE1 9AX,Valpak,101867,6,5,Chessington Hotel Ltd; Merlin Attractions Operations Ltd; Merlin Entertainments (Dungeons) Ltd; Merlin Entertainments (SEA LIFE) Ltd; Merlin Entertainments Group Operations Ltd,02182098; 03671067; 03671093; 05686193; 06272935,ORG:101867
MERRITT & FRYERS LIMITED,00305654,,,Skipton,BD23 2PX,Biffpack,107001,1,0,,,ORG:107001
Merrygill Limited,07337308,,,Kirkby Stephen,CA17 4AP,Wastepack GB (SEPA),106881,3,2,Dusal Limited; Out Of Eden Limited,03178081; SC124801,ORG:106881
Mersley Farm Holding Limited,13213529,,,Newchurch,PO36 0NR,Comply with Clarity,117213,3,2,THE GARLIC FARM (I.O.W) LTD; WILD ISLAND LIMITED,04340735; 10059606,ORG:117213
Merton Group (UK) Limited,01405254,,,Leicester,LE3 1TH,Paperpak,111224,1,0,,,ORG:111224
Meta Platforms Technologies UK Ltd,13792358,,,London,NW1 3FG,ERP UK Ltd,108281,1,0,,,ORG:108281
Metal Agencies Limited,02516723,,,London,WC2R 0EX,Comply with Clarity,114227,1,0,,,ORG:114227
METAL DRUM COMPANY LIMITED(THE),00703681,,,Co Durham,DL17 0NU,Beyondly,100877,1,0,,,ORG:100877
Metal Technology Limited,NI018949,,,Antrim,BT41 1AB,Wastepack Northern Ireland (NIEA),104086,1,0,,,ORG:104086
Metaldyne International (UK) Ltd,03384705,,,Halifax,HX1 3RD,Wastepack GB (SEPA),103612,1,0,,,ORG:103612
METALWEB LIMITED,04130945,,,London,EC1Y 4AG,Beyondly,100470,1,0,,,ORG:100470
METAMARK (UK) LIMITED,02750238,,,LANCASTER,LA1 5QP,Beyondly,105865,1,0,,,ORG:105865
Methven UK Limited,06290166,,,Salford,M3 5GS,Comply with Clarity,107094,1,0,,,ORG:107094
METOKOTE UK LIMITED,03346979,,,Daventry,NN11 4ES,Beyondly,108331,1,0,,,ORG:108331
Metpro Ltd,FC029513,,,Ebbw Vale,NP23 5SD,Valpak,101554,1,0,,,ORG:101554
METRO DRINKS LIMITED,03864219,,,Arlington,BN26 6RU,Beyondly,106061,1,0,,,ORG:106061
Metroplan Ltd,01348713,,,Kendal,LA8 9AD,Valpak,100910,1,0,,,ORG:100910
Metsa Tissue Limited,02842567,,,Walton-On-Thames,KT12 1BT,,108055,1,0,,,ORG:108055
METSA WOOD UK LIMITED,03071064,,,Boston,PE21 0BJ,Biffpack,103521,1,0,,,ORG:103521
Metsä Board Oyj,,,,02100 Espoo,2100,Comply with Clarity,116254,1,0,,,ORG:116254
Mettis Aerospace Limited,03292360,,,Redditch,B97 6EF,Veolia (EA),106640,1,0,,,ORG:106640
Mettler-Toledo Safeline Ltd,02261148,,,Salford,M50 2XD,Valpak,114864,1,0,,,ORG:114864
Mex Furniture Ltd,08555092,,,Daventry,NN11 4HB,Valpak,116532,1,0,,,ORG:116532
Mexichem Specialty Compounds Ltd,01572669,,,Melton Mowbray,LE13 0DG,Valpak,105039,1,0,,,ORG:105039
Mexichem UK Ltd,07088219,,,Runcorn,WA7 4QX,Valpak,118105,1,0,,,ORG:118105
Meyer Group Limited,01443669,,,Bromborough,CH62 3RH,Wastepack GB (SEPA),105014,1,0,,,ORG:105014
MEYLE UK Limited,06958563,,,Shoreham-By-Sea,BN43 6PB,Packcare,115991,1,0,,,ORG:115991
MG Motor UK Ltd,05779958,,,Birmingham,B31 2BQ,Valpak,106038,1,0,,,ORG:106038
MGA Entertainment (UK) Limited,05653082,,,Milton Keynes,MK8 0ES,Valpak,101370,1,0,,,ORG:101370
MH Star UK Ltd,07361121,,,Northampton,NN4 9FH,Comply with Clarity,108600,1,0,,,ORG:108600
MHC UK Limited,05886297,,,Oldham,OL1 3HS,Kite Environmental Solutions,102946,3,2,Medlock Medical Limited; Molnlycke Health Care Limited,03493645; 04977601,ORG:102946
MI Hub Limited,00454264,,,Castle Donington,DE74 2UG,Wastepack GB (SEPA),102795,1,0,,,ORG:102795
MIBELLE LTD,05612912,,,Bradford,BD4 8JP,Biffpack,105052,1,0,,,ORG:105052
Michael Davies and Associates Ltd,02165614,,,Blackburn,BB1 2LG,Valpak,101608,1,0,,,ORG:101608
Michael I Holdsworth Limited,02027459,,,Buxton,SK17 8LN,ERP UK Ltd,100059,1,0,,,ORG:100059
Michael Kors (UK) Limited,06481234,,,London,W1T 4EZ,Veolia (EA),106918,1,0,,,ORG:106918
Michelmersh Brick Holdings plc,03462378,,,Haywards Heath,RH17 7HH,Valpak,108566,3,2,FabSpeed UK Limited; Michelmersh Brick UK Ltd,02527552; 12955889,ORG:108566
Micronclean Limited,00176558,,,,PE251SQ,,114872,1,0,,,ORG:114872
Micropress Printers Ltd,01460152,,,Southwold,IP18 6SZ,Valpak,103710,1,0,,,ORG:103710
Microsoft Ireland Operations Ltd,,,,Dublin,Dublin 2,ERP UK Ltd,105896,1,0,,,ORG:105896
Microsoft Ltd,01624297,,,Reading,RG6 1WG,ERP UK Ltd,105917,1,0,,,ORG:105917
Mid Ocean Brands UK  Ltd,03625045,,,Watford,WD18 9PX,Comply with Clarity,105878,1,0,,,ORG:105878
Middleby UK Ltd,02915063,,,Stonecross Park,WA3 3JD,Wastepack GB (SEPA),103068,1,0,,,ORG:103068
Middleton Food Products Limited,02499265,,,Willenhall,WV13 3LH,Smart Comply (EA),104326,1,0,,,ORG:104326
Middleton Paper Company Limited,01243975,,,Willenhall,WV13 2JX,Smart Comply (EA),102708,1,0,,,ORG:102708
Midea Home Appliances UK Ltd,11309511,,,London,EC4A 3TW,Recycling Lives Compliance Services,103980,1,0,,,ORG:103980
MIDLAND CHILLED FOODS LIMITED,01104045,,,Willenhall,WV13 1LX,Biffpack,105439,2,1,GRANAROLO UK LIMITED,08707716,ORG:105439
Midland Fixings Ltd,09421981,,,Nottingham,NG7 2UG,Wastepack GB (SEPA),111398,1,0,,,ORG:111398
Midland Oil Refinery Limited,04832747,,,Halesowen,B63 3PN,Kite Environmental Solutions,101276,1,0,,,ORG:101276
Midland Paper Products Ltd,04989581,,,Stoke Prior,B60 4EA,ERP UK Ltd,100327,1,0,,,ORG:100327
Midland Regional Printers Limited,00961426,,,Nottingham,NG7 7BT,Smart Comply (EA),101021,1,0,,,ORG:101021
Midsummer Energy Ltd,07427197,,,Milton,CB24 6AZ,ERP UK Ltd,101336,1,0,,,ORG:101336
Midwich Ltd,01436289,,,Diss,IP22 4YT,Valpak,101520,2,1,DVS Ltd,04963144,ORG:101520
Miele Company Ltd,00769014,,,Abingdon,OX14 1TW,Valpak,107979,1,0,,,ORG:107979
Mikado Foods (UK) Ltd,07894108,,,High Wycombe,HP13 5RE,Comply with Clarity,116159,1,0,,,ORG:116159
Miles-Bramwell Executive Services Ltd,01242071,,,Alfreton,DE55 4RF,Valpak,100653,1,0,,,ORG:100653
Milestone (Rathfriland) Limited,NI047634,,,Rathfriland,BT34 5PZ,Wastepack Northern Ireland (NIEA),103888,1,0,,,ORG:103888
MILESTONE WINES LIMITED,09181165,,,Clitheroe,BB7 1QS,Beyondly,107485,1,0,,,ORG:107485
MILETA SPORTS LIMITED,01132951,,,Heckmondwike,WF16 0NQ,Wastepack GB (SEPA),106297,1,0,,,ORG:106297
Millennium Dough Company Ltd,02716652,,,Watford,WD17 1AP,Valpak,108361,1,0,,,ORG:108361
Millers Bespoke Bakery Limited,03208563,,,,HA1 2BQ,Smart Comply (EA),116172,1,0,,,ORG:116172
Millers Oils Ltd,00137671,,,Brighouse,HD6 3DP,Valpak,100043,2,1,Fuel Additive Science Technologies Ltd,05469984,ORG:100043
Milliken Industrials Ltd,00172105,,,Wigan,WN6 8RN,Valpak,107467,1,0,,,ORG:107467
MILTON LLOYD LIMITED,01238310,,,LONDON,SE27 9NR,,101345,1,0,,,ORG:101345
Milton Pharmaceutical Company UK Ltd,04194174,,,Bristol,BS6 6LT,Valpak,104661,1,0,,,ORG:104661
Mindful Chef Ltd,09270945,,,London,SW18 1UY,Comply with Clarity,100344,1,0,,,ORG:100344
Minor Figures Ltd,09086859,,,London,E17 5QJ,Valpak,101964,1,0,,,ORG:101964
Minor Weir and Willis Limited,00776793,,,Birmingham,B6 7BH,Veolia (EA),101347,1,0,,,ORG:101347
MINTEQ UK LIMITED,02123886,,,London,E1 6RS,Beyondly,102557,1,0,,,ORG:102557
Mirabeau,,,,Gambetta,83570,Beyondly,111406,1,0,,,ORG:111406
Mirage Inks Ltd,01781305,,,Frome,BA11 2FD,Valpak,107716,1,0,,,ORG:107716
Miriad Quest Leisure Limited,03580475,,,Uttoxeter,ST14 8HU,Veolia (EA),116207,1,0,,,ORG:116207
Mirka (UK) Ltd,01414812,,,Milton Keynes,MK4 1GA,Valpak,102979,1,0,,,ORG:102979
Mission Foods UK Limited,02709105,,,West Drayton,UB7 0DQ,Wastepack GB (SEPA),101097,1,0,,,ORG:101097
MISSION PRODUCE UK LIMITED,13484240,,,Dartford,DA2 6QB,Biffpack,111815,1,0,,,ORG:111815
Miswa Chemicals Limited,01579877,,,Northampton,NN4 7PW,Wastepack GB (SEPA),102480,1,0,,,ORG:102480
Mitchell Potatoes Ltd,01530501,,,Rugby,CV23 9QQ,Valpak,111291,1,0,,,ORG:111291
MITCHELLS & BUTLERS LEISURE RETAIL LIMITED,01001181,,,West Midlands,B3 1JP,Biffpack,106689,1,0,,,ORG:106689
Mitek Industries Limited,00944342,,,Worcester,WR4 0AP,Paperpak,107846,1,0,,,ORG:107846
Mitsubishi Chemical UK Ltd,03830161,,,Hull,HU12 8DS,Valpak,100838,1,0,,,ORG:100838
Mitsubishi Electric Air Conditioning Systems Europe Ltd,SC191805,,,Livingston,EH54 5EQ,,104243,1,0,,,ORG:104243
Mitsubishi Electric Europe B.V.,BR003391,,,Hatfield,AL10 8XB,Valpak,103749,1,0,,,ORG:103749
Mitsubishi Pencil Co. U.K. Ltd.,01853477,,,Milton Keynes,MK5 8GH,Ecosurety (EA),101116,1,0,,,ORG:101116
Mizkan Euro Ltd,08053234,,,London,W4 5YE,Valpak,104624,1,0,,,ORG:104624
MM Flowers Limited,05697954,,,Huntingdon,PE28 4YA,Wastepack GB (SEPA),106889,2,1,Poplar Farm Flowers Limited,04928971,ORG:106889
MM NEWPORT LTD.,07271407,,,Bradford,BD10 9TE,Paperpak,107581,1,0,,,ORG:107581
MM Packaging Deeside Ltd,02729350,,,Deeside,CH5 2NS,Paperpak,102167,1,0,,,ORG:102167
MM Packaging UK Ltd,08226378,,,Bradford,BD10 9TE,Valpak,107540,1,0,,,ORG:107540
MMPI Manufacturing Limited,08840996,,,Farnham,GU10 3AT,Veolia (EA),105617,1,0,,,ORG:105617
MOBIS PARTS EUROPE N.V. UK BRANCH OFFICE,BR008194,,,Dordon,B781SQ,,105450,1,0,,,ORG:105450
Mocap Limited,03088682,,,Telford,TF1 7YW,Wastepack GB (SEPA),103442,1,0,,,ORG:103442
MOCKINGBIRD RAW PRESS LIMITED,08734586,,,London,EC1M 4JN,Beyondly,108573,1,0,,,ORG:108573
MODERN PAPER LIMITED,12484691,,,LONDON,DA8 2AT,,116879,2,1,NATSONS MIDLAND PACKAGING LIMITED,03007756,ORG:116879
Moderna Biotech Distributor UK Ltd,14200885,,,London,W1B 1DY,Valpak,107061,1,0,,,ORG:107061
MODUL-SYSTEM LIMITED,01540940,,,High Wycombe,HP10 0PE,Biffpack,104827,1,0,,,ORG:104827
Modular Stock Limited,03342312,,,Manchester,M44 5EW,Beyondly,117472,3,2,PRE-FORMED COMPONENTS LIMITED; TENMAT LIMITED,00716672; 03342498,ORG:117472
MODUS FURNITURE LIMITED,04105887,,,Taunton,TA1 2PX,Beyondly,114198,1,0,,,ORG:114198
Moet Hennessy U.K. Limited,00371236,,,London,SW1W 0DH,Ecosurety (EA),106190,1,0,,,ORG:106190
Moguntia Food Ingredients UK Limited,02363812,,,Houghton le Spring,DH5 0RH,Wastepack GB (SEPA),103777,1,0,,,ORG:103777
Moguntia Food Limited,07077336,,,Market Harborough,LE16 7DE,Paperpak,103602,1,0,,,ORG:103602
Moju Ltd,09220579,,,London,N1 6DR,Valpak,100495,1,0,,,ORG:100495
Mokate UK Ltd,SC622113,,,Edinburgh,EH12 9DQ,Scotpak (SEPA),106530,1,0,,,ORG:106530
Mole Avon Trading Ltd,01116775,,,Crediton,EX17 3FD,Valpak,107947,1,0,,,ORG:107947
Molson Coors Brewing Company (UK) Limited,00026018,,,Burton Upon Trent,DE14 1JZ,Comply with Clarity,104333,3,2,Aspall Cyder Ltd; Sharp's Brewery Ltd,02032494; 04729760,ORG:104333
Molton Brown Limited,02414997,,,London,WC2N 4HN,Wastepack GB (SEPA),103518,1,0,,,ORG:103518
Moma Foods Ltd,05535154,,,Milton Keynes,MK17 8FL,Valpak,100622,1,0,,,ORG:100622
Momentive Performance Materials Ltd,06376744,,,Bolton,BL6 4SB,Valpak,108657,1,0,,,ORG:108657
Momentum Services Ltd,03874110,,,London,WC1X 8AQ,ERP UK Ltd,107843,1,0,,,ORG:107843
Monaghan Mushrooms Limited,04949651,,,Langford,BS40 5ES,Wastepack GB (SEPA),105362,4,3,Drimbawn (UK) Limited; Tunnel Tech Limited; Tunnel Tech North Limited,01810641; 02356763; 02962358,ORG:105362
Monarch Acoustics Limited,02175879,,,Nottingham,NG5 1AP,Kite Environmental Solutions,102758,1,0,,,ORG:102758
Moncler (UK) Ltd,06935237,,,London,EC4M 7AN,Valpak,115927,1,0,,,ORG:115927
Mondelez UK Limited,00203663,,,Uxbridge,UB8 1DH,Ecosurety (EA),107994,2,1,Kraft Foods UK Intellectual Property Limited,06745218,ORG:107994
Mondi Birmingham,01259298,,,Birmingham,B37 7HB,Comply with Clarity,107524,1,0,,,ORG:107524
Monica Vinader Limited,04428116,,,Wells-Next-The-Sea,NR23 1SH,Wastepack GB (SEPA),108346,1,0,,,ORG:108346
Monkfield Nutrition Ltd,05476225,,,ELY,CB6 2AZ,Comply with Clarity,101616,1,0,,,ORG:101616
Monocon International Refractories Limited,01141077,,,Doncaster,DN12 4LQ,Wastepack GB (SEPA),103901,1,0,,,ORG:103901
Monro Ltd,01832559,,,Leicester,LE67 1PG,Valpak,101226,1,0,,,ORG:101226
Monster Group (UK) Ltd,06134651,,,York,YO60 6PG,Valpak,114098,1,0,,,ORG:114098
Montagu Group Limited,10430518,,,Leeds,LS27 7JZ,Wastepack GB (SEPA),116289,4,3,Expresso Plus Limited; Tavern Snacks Limited; The Vending People Ltd,09989324; 11384900; 11741478,ORG:116289
Montgomery Waters Ltd,03239223,,,Llandrindod Wells,LD1 5HG,Valpak,106670,1,0,,,ORG:106670
Montpellier Domestic Appliances Limited,09158049,,,Tewkesbury,GL20 8JU,Wastepack GB (SEPA),108630,1,0,,,ORG:108630
Monty Trading Ltd,09662682,,,Chippenham,SN15 5BD,Valpak,104628,1,0,,,ORG:104628
Monumart Limited,09049546,,,Ipswich,IP1 5DL,,106077,1,0,,,ORG:106077
Moog Controls Ltd,01171948,,,Tewkesbury,GL20 8NA,Valpak,114768,3,2,Moog Reading Ltd; Moog Wolverhampton Ltd,00586505; 07008386,ORG:114768
Moonpig.com Limited,03852652,,,London,EC1R 5EN,Comply with Clarity,102550,1,0,,,ORG:102550
MOORHOUSE'S BREWERY LTD,01958517,,,BURNLEY,BB11 5EN,,114471,1,0,,,ORG:114471
Moose Toys Ltd,01606138,,,St Columb Major,TR9 6SX,Beyondly,101681,1,0,,,ORG:101681
Moove Lubricants Ltd,02075698,,,Gravesend,DA12 2QX,Valpak,105002,1,0,,,ORG:105002
MORCO PRODUCTS LIMITED,00064585,,,Beverley,HU17 0LD,Beyondly,118001,1,0,,,ORG:118001
More or Less Drinks Company Limited,08354417,,,Nottingham,NG1 5DT,,100367,1,0,,,ORG:100367
Moreco Group Limited,13537233,,,Camberley,GU15 3YL,Wastepack GB (SEPA),108470,1,0,,,ORG:108470
MORENO WINE IMPORTERS COMPANY LIMITED,02286021,,,Cheadle,SK8 2GG,Beyondly,116631,1,0,,,ORG:116631
Morgan Advanced Materials Plc,00286773,,,Windsor,SL4 1DD,Wastepack GB (SEPA),100680,4,3,Morgan Technical Ceramics Limited; Morganite Electrical Carbon Limited; Thermal Ceramics UK Limited,00262938; 00890443; 01034653,ORG:100680
Morgenrot Group Plc,00987162,,,Swinton,M27 8AW,Wastepack GB (SEPA),100305,1,0,,,ORG:100305
Morleys Stores Limited,00054257,,,London,SW9 8EH,Paperpak,100275,9,8,Camp Hopson (Newbury) Ltd; Elys (Wimbledon) P.L.C.; Morleys (Bexleyheath) Ltd; Morleys (Bicester) Ltd; Morleys (Brixton) Ltd; Pearsons (Enfield) Ltd; Roomes (Upminster) Ltd; Selbys (Holloway) Ltd,00242437; 00260445; 00266265; 00368937; 00747644; 06898485; 09231806; 10479549,ORG:100275
Morliny Foods Limited,02874729,,,NORWICH,NR1 3PA,Comply with Clarity,101163,1,0,,,ORG:101163
Morning Foods Ltd,00375854,,,Crewe,CW2 6HP,Valpak,104571,3,2,Buckley Foods Ltd; Hamlyns Of Scotland Ltd,04517233; SC176949,ORG:104571
Moroak Limited,03734189,,,YEOVIL,BA20 2HL,Comply with Clarity,107521,1,0,,,ORG:107521
Morplan Limited,03801026,,,Harlow,CM20 2DY,Wastepack GB (SEPA),105355,1,0,,,ORG:105355
Morrells Woodfinishes Limited,03111062,,,Bristol,BS13 8FD,Veolia (EA),115060,1,0,,,ORG:115060
MORRIS & SON (LEEDS) LIMITED,03226501,,,Barnsley,S75 3SP,Beyondly,105810,1,0,,,ORG:105810
Morsapack Limited,05127146,,,Worsley  Manchester,M28 2LA,Wastepack GB (SEPA),107163,1,0,,,ORG:107163
MOSCA DIRECT LIMITED,03911521,,,Cotgrave,NG12 3HA,Beyondly,117010,1,0,,,ORG:117010
MOSDORFER CCL SYSTEMS LIMITED,02292967,,,Oakham,LE15 7TP,Beyondly,100984,1,0,,,ORG:100984
Moss Bros Group Ltd,00134995,,,London,NW1 7NE,Valpak,104453,1,0,,,ORG:104453
MOTH Drinks Ltd,11525411,,,Pinner,HA5 2EX,Ecosurety (EA),106007,1,0,,,ORG:106007
Moto Hospitality Ltd,00734299,,,Toddington,LU5 6HR,ERP UK Ltd,107232,1,0,,,ORG:107232
MOTOCADDY LIMITED,05181858,,,Bishops Stortford,CM22 7DG,Biffpack,114250,1,0,,,ORG:114250
Motor Parts Direct Limited,03604992,,,Braintree,CM7 2YN,Ecosurety (EA),102392,1,0,,,ORG:102392
MOULDED FIBRE PRODUCTS LIMITED,07990183,,,Scunthorpe,DN15 8SD,Beyondly,116435,1,0,,,ORG:116435
Moulded Foams Ltd,SC146277,,,Glasgow,G67 3EX,Valpak,104063,1,0,,,ORG:104063
Moulded Packaging Solutions Ltd,05923811,,,Blyth,NE24 4RT,Valpak,100617,1,0,,,ORG:100617
MOULTON BULB COMPANY LIMITED,00793018,,,Spalding,PE12 6PP,Beyondly,102000,2,1,MOULTON BULB IMPORTS LIMITED,03683351,ORG:102000
Mountain Warehouse Ltd,03417738,,,London,SW1P 1DZ,Valpak,102401,1,0,,,ORG:102401
Mountney Limited,01407765,,,London,NW7 2DQ,Paperpak,100472,1,0,,,ORG:100472
MOUS PRODUCTS LTD,09468982,,,Eastleigh,SO53 3LG,,116610,1,0,,,ORG:116610
Movado Group UK Limited,06183896,,,London,EC4A 1BR,Comply with Clarity,117072,1,0,,,ORG:117072
Movianto UK Ltd,01243938,,,Bedford,MK43 9SS,Valpak,105135,1,0,,,ORG:105135
Mowi Consumer Products UK Ltd,SC349437,,,Edinburgh,EH3 8BP,Valpak Scotland Ltd (SEPA),106549,1,0,,,ORG:106549
Mowi Scotland Ltd,SC138843,,,Rosyth,KY11 2YW,Valpak Scotland Ltd (SEPA),102121,1,0,,,ORG:102121
MPM Products Limited,04610825,,,Manchester,M22 5XB,Ecosurety (EA),101192,1,0,,,ORG:101192
Mr. Fothergill's Seeds Ltd,01710774,,,Newmarket,CB8 7QB,Valpak,100875,1,0,,,ORG:100875
MSD Animal Health UK Ltd,00946942,,,Milton Keynes,MK7 7AJ,Valpak,106951,1,0,,,ORG:106951
Mu Raml Ltd,09656323,,,Manchester,M16 0RA,Valpak,104387,1,0,,,ORG:104387
Muc-Off Limited,05412872,,,Poole,BH12 1DW,Paperpak,102088,1,0,,,ORG:102088
Mueller Europe Limited,03316088,,,Bilston,WV14 7DS,Wastepack GB (SEPA),103830,1,0,,,ORG:103830
Mulberry Group Plc,01180514,,,Bath,BA3 4EH,Valpak,104334,3,2,Mulberry Company (Design) Ltd; Mulberry Company (Sales) Ltd,01508155; 01954945,ORG:104334
MULKERNS EUROSPAR LIMITED,NI071630,,,Co Down,BT35 8QY,Biffpack,107354,1,0,,,ORG:107354
Muller UK & Ireland Group LLP,OC384928,,,Market Drayton,TF9 3SQ,Beyondly,106084,1,0,,,ORG:106084
Multi-Color Daventry England Ltd,02095758,,,Leeds,LS1 5AB,ERP UK Ltd,100513,1,0,,,ORG:100513
Multifix Supply Company Limited,07889826,,,Maidstone,ME15 6YE,Wastepack GB (SEPA),116426,1,0,,,ORG:116426
Multimatic Ltd,03201056,,,Norwich,NR3 1UB,Valpak,108159,1,0,,,ORG:108159
Multipanel UK Limited,05024774,,,London,EC4A3TW,Kite Environmental Solutions,102501,1,0,,,ORG:102501
MULTIPLASTICS (EUROPE) LIMITED,02393451,,,Northwich,CW9 5ND,Biffpack,104265,1,0,,,ORG:104265
Multisol Limited,00931537,,,Leeds,LS16 6QY,Veolia (EA),103272,1,0,,,ORG:103272
Multivac U.K. Limited,01865375,,,Swindon,SN5 7UY,Ecosurety (EA),104791,1,0,,,ORG:104791
Munster Joinery (U.K.) Limited,03148743,,,Warwick,CV35 9RY,Ecosurety (EA),104766,1,0,,,ORG:104766
Munster Simms Engineering Limited,NI006278,,,BANGOR,BT19 7TA,Comply with Clarity,108580,1,0,,,ORG:108580
Muntons plc,00176992,,,Stowmarket,IP14 2AG,Comply with Clarity,114941,1,0,,,ORG:114941
Murad Europe Ltd,09664383,,,London,SE1 0LH,Valpak,104393,1,0,,,ORG:104393
Muraspec Decorative Solutions Ltd,03564408,,,Hemel Hempstead,HP2 7SJ,Valpak,100205,1,0,,,ORG:100205
MURDOCK BUILDERS MERCHANTS LIMITED,NI037985,,,Newry,BT34 2QU,,108578,1,0,,,ORG:108578
Murfitts Industries Limited,04012599,,,Letchworth Garden City,SG6 2HU,Wastepack GB (SEPA),105845,1,0,,,ORG:105845
Museum Selection Limited,04800487,,,Chalgrove,OX44 7RW,Wastepack GB (SEPA),101361,2,1,Pia Jewellery Direct Limited,08111999,ORG:101361
Musgrave Distribution Limited,NI015409,,,Belfast,BT3 9JG,Wastepack Northern Ireland (NIEA),102761,1,0,,,ORG:102761
Musgrave Retail Partners NI Limited,NI029718,,,Belfast,BT3 9JG,Wastepack Northern Ireland (NIEA),102757,1,0,,,ORG:102757
Must Have Ideas Ltd,11293230,,,Larkfield,ME20 6WT,Kite Environmental Solutions,106532,1,0,,,ORG:106532
Musto Ltd,01004420,,,London,E1W 1UN,Valpak,114519,1,0,,,ORG:114519
My Goodness Limited,04889962,,,London,SE1 3ER,Ecosurety (EA),101885,1,0,,,ORG:101885
Myenergi Ltd,10261262,,,Stallingborough,DN41 8FF,Valpak,105476,3,2,Myenergi Distribution Ireland Ltd; Myenergi GB Ltd,14585891; NI732485,ORG:105476
MYLAR SPECIALTY FILMS UK LIMITED,03776904,,,Redcar,TS10 4RF,Beyondly,104512,1,0,,,ORG:104512
MyLife Bathrooms Limited,NI617167,,,Newry,BT34 2QJ,Wastepack Northern Ireland (NIEA),108104,1,0,,,ORG:108104
MYLIKO INTERNATIONAL (WINES) LTD.,02645621,,,Salford,M6 6BP,Beyondly,116170,1,0,,,ORG:116170
MyPura.com Ltd,12120792,,,Tattenhall,CH3 9HW,Valpak,101753,1,0,,,ORG:101753
N & B FOODS LIMITED,05247937,,,Swindon,SN5 7EX,Beyondly,111854,1,0,,,ORG:111854
N W T Distribution Limited,01773236,,,Ipswich,IP9 2BB,Wastepack GB (SEPA),102285,1,0,,,ORG:102285
N&B FOODS EXETER LIMITED,09696053,,,EXETER,EX2 7LS,,114826,1,0,,,ORG:114826
N.H. CASE LIMITED,01904912,,,Somerset,BA9 9Dt,Beyondly,105747,1,0,,,ORG:105747
N.M. Williams (UK) Ltd.,04734955,,,Clapham Old Town,SW4 0LA,Wastepack Northern Ireland (NIEA),103844,1,0,,,ORG:103844
N.Smith & Company Ltd,00190120,,,Oldbury,B69 2NZ,Valpak,103703,1,0,,,ORG:103703
N.V.C.S. Ltd,01983363,,,Rackheath,NR13 6LQ,Valpak,106908,1,0,,,ORG:106908
NACTAROME LIMITED,04540927,,,Clevedon,BS21 6SR,Beyondly,114604,2,1,Claremont Ingredients Limited,02817306,ORG:114604
Nadder Holdings Limited,12290122,,,Andover,SP10 3RU,Wastepack GB (SEPA),104342,4,3,Hexcelpack (UK) Limited; Protega Global Limited; Test Valley Limited,06991925; 12285922; 12286651,ORG:104342
Nairn's Oatcakes Ltd,SC165734,,,Edinburgh,EH16 5UU,Valpak Scotland Ltd (SEPA),101782,1,0,,,ORG:101782
Naked Foods Ltd,03924935,,,Chester,CH4 9JS,Valpak,111503,1,0,,,ORG:111503
NAKED PAPER LIMITED,12861535,,,Lytchett Matravers,BH16 6FA,Beyondly,105686,1,0,,,ORG:105686
Naked Wines PLC,02281640,,,Norwich,NR2 1RP,Ecosurety (EA),102578,2,1,www.nakedwines.com Limited,06672317,ORG:102578
NANDO'S CHICKENLAND LIMITED,02580031,,,London,SW11 3LD,Biffpack,107807,1,0,,,ORG:107807
Nantwich Cheese Company Limited,06939918,,,Whitchurch,SY13 1TT,Wastepack GB (SEPA),114589,1,0,,,ORG:114589
NAPP Pharmaceutical Holdings Ltd,03486244,,,Cambridge,CB4 OGW,Comply with Clarity,104603,5,4,BARD PHARMACEUTICALS LIMITED; NAPP LABORATORIES LIMITED; NAPP PHARMACEUTICALS LIMITED; QDEM Pharmaceuticals Ltd,00192707; 00987562; 03690299; 07841452,ORG:104603
NASON DAVIS LIMITED,02420832,,,Cambridge,CB22 4QH,Beyondly,111281,1,0,,,ORG:111281
Natco Foods Ltd,00782674,,,Buckingham,MK18 1TB,Valpak,100517,1,0,,,ORG:100517
National Exhibition Centre Ltd (The),00979395,,,Birmingham West Midlands,B40 1NT,Valpak,104204,1,0,,,ORG:104204
NATIONAL FLEXIBLE LIMITED,03486101,,,Bradford,BD11 2PT,Beyondly,100467,1,0,,,ORG:100467
National Floorcoverings Ltd,00545333,,,Liversedge,WF15 7FH,Valpak,105237,1,0,,,ORG:105237
NATIONAL MAGAZINE COMPANY LIMITED(THE),00112955,,,London,SW1Y 4AJ,Biffpack,102555,1,0,,,ORG:102555
National Oilwell Varco UK Ltd,00873028,,,Stonehouse,GL10 3RQ,Valpak,103958,3,2,NOV Process & Flow Technologies; Nov Downhole Eurasia Ltd,00300721; 04514250,ORG:103958
NATIONAL TUBE STOCKHOLDERS LIMITED,01897183,,,Nr Thirsk,YO7 3HE,Biffpack,102395,2,1,JOHN BELL PIPELINE EQUIPMENT COMPANY LIMITED,SC171763,ORG:102395
National Veterinary Services Limited,08489997,,,Stoke-on-Trent,ST1 5FG,ERP UK Ltd,102411,1,0,,,ORG:102411
Nationwide Produce plc,01972264,,,Southport,PR9 0QA,Veolia (EA),103941,1,0,,,ORG:103941
NATOORA LTD,04918799,,,London,SE16 4RA,Biffpack,107635,1,0,,,ORG:107635
NATURAL BALANCE FOODS LIMITED,05083700,,,St Albans,AL1 3AW,Beyondly,107200,1,0,,,ORG:107200
Natural Dog Food Direct Ltd,10856002,,,Bury St. Edmunds,IP30 9HN,Valpak,116615,1,0,,,ORG:116615
Naturaw Pet Food Ltd,10677556,,,Wetherby,LS22 5EU,Kite Environmental Solutions,105791,1,0,,,ORG:105791
Nature Delivered Ltd,06402199,,,London,W1U 7EP,Valpak,100669,1,0,,,ORG:100669
Naturediet Pet Foods Limited,02097854,,,Thetford,IP26 5HX,ERP UK Ltd,102980,1,0,,,ORG:102980
NATUREN LTD.,06893106,,,Wirral,CH47 4AZ,Beyondly,102774,1,0,,,ORG:102774
Natures Aid Ltd,02793629,,,Huddersfield,HD7 5JN,Valpak,103525,1,0,,,ORG:103525
Natures Menu Ltd,01548073,,,Norwich,NR16 2FB,Valpak,108647,1,0,,,ORG:108647
NATURES WAY FOODS INVESTMENT COMPANY LIMITED,05967567,,,West Sussex,PO20 9HP,Beyondly,108180,2,1,NATURES WAY FOODS LIMITED,02896421,ORG:108180
Naue Geosynthetics Limited,04595665,,,Warrington,WA3 7BH,Comply with Clarity,103060,1,0,,,ORG:103060
Nautilus Designs Limited,11055417,,,Bilston,WV14 0LA,Wastepack GB (SEPA),100591,1,0,,,ORG:100591
Navien UK Ltd,09315480,,,Guildford,GU2 8XG,Valpak,107579,1,0,,,ORG:107579
Navigator Holding Tissue UK Limited,09019496,,,Blackburn,BB1 2LD,Ecosurety (EA),114596,4,3,John Dale Limited; Navigator Tissue UK Limited; Severn Delta Limited,02479498; 03639930; 04269451,ORG:114596
Navson Ltd,04440286,,,Egham,TW20 8RY,Beyondly,100684,1,0,,,ORG:100684
NAYLOR COMMERCIAL PROPERTIES LIMITED,02908579,,,Barnsley,S73 0BS,Biffpack,102589,4,3,NAYLOR CONCRETE PRODUCTS LTD; NAYLOR DRAINAGE LTD; NAYLOR TECHNICAL SOLUTIONS LTD.,00342010; 00379438; 04126555,ORG:102589
NCCO International Ltd,08071859,,,Burton-On-Trent,DE13 0BB,Valpak,107894,1,0,,,ORG:107894
NCR LIMITED,00045916,,,London,NW1 5DS,Beyondly,108150,1,0,,,ORG:108150
NDC Polipak Ltd,03858503,,,Sutton Coldfield,B72 1UJ,Valpak,100457,1,0,,,ORG:100457
Neal's Yard Holdings Limited,05471018,,,Covent Garden,WC2H 9DP,Comply with Clarity,107589,1,0,,,ORG:107589
Nectar Imports Limited,02512018,,,Chiswick,W4 2QB,Ecosurety (EA),102939,1,0,,,ORG:102939
Nectar Sleep Ltd,11414108,,,London,EC4M 9DQ,Beyondly,108552,1,0,,,ORG:108552
NEDERMAN LIMITED,01393492,,,Preston,PR5 8AE,Biffpack,104019,1,0,,,ORG:104019
Needwood Foods Limited,03380095,,,Barton Under Needwood,DE13 8AJ,Wastepack GB (SEPA),101307,1,0,,,ORG:101307
NELIPAK ELSHAM LIMITED,02702506,,,Brigg,DN20 0SP,Beyondly,105177,1,0,,,ORG:105177
Nelipak Healthcare Packaging Ltd,NI017929,,,Derry,BT473GQ,Comply with Clarity,104659,1,0,,,ORG:104659
Nemesis Now Limited,04600330,,,Stoke-On-Trent,ST4 2PH,REPIC,105836,1,0,,,ORG:105836
Nenplas Limited,05743422,,,Ashbourne,DE6 1HA,Wastepack GB (SEPA),100261,1,0,,,ORG:100261
Neo G Ltd,05182055,,,Knaresborough,HG5 8LF,Valpak,101574,1,0,,,ORG:101574
Neom Ltd,05127949,,,Altrincham,WA14 2DT,Valpak,105662,1,0,,,ORG:105662
NeoNickel (Blackburn) Ltd,02823637,,,Milton Keynes,MK7 8AT,Valpak,101009,1,0,,,ORG:101009
Neovia Logistics Services (U.K.) Ltd,02136514,,,Hinckley,LE10 3BQ,ERP UK Ltd,100833,1,0,,,ORG:100833
Neptune (Europe) Ltd,03215405,,,Swindon,SN5 8YG,Kite Environmental Solutions,106989,1,0,,,ORG:106989
Nestle UK Ltd.,00051491,,,York,YO31 8TA,Ecosurety (EA),101419,5,4,Nespresso UK Ltd; Nestle Purina UK Commercial Operations Limited; Nestl� Waters UK Limited; Terrafertil UK Limited,00156925; 02334804; 07968310; 11963923,ORG:101419
Netceed UK Ltd,01349036,,,Sawtry. Huntingdon,PE28 5XN,Packcare,104045,1,0,,,ORG:104045
Neville & More Limited,01419152,,,Warwick,CV34 6UW,Comply with Clarity,103085,1,0,,,ORG:103085
Neville UK Plc,04121817,,,Kent,DA8 1EW,Beyondly,105375,1,0,,,ORG:105375
NEW BALANCE ATHLETIC SHOES (U.K.) LIMITED,01616165,,,Warrington,WA3 7WD,Biffpack,107944,1,0,,,ORG:107944
NEW CENTURY FOODS LIMITED,04197908,,,Scunthorpe,DN15 8QW,Biffpack,103350,1,0,,,ORG:103350
New England Seafood International Limited,02565953,,,Chessington,KT9 1TW,Paperpak,103496,1,0,,,ORG:103496
New Era Fuels Limited,07378045,,,London,WC1H 9BQ,Veolia (EA),106966,1,0,,,ORG:106966
New Forest Ice Cream Limited,02522236,,,Lymington,SO41 8LW,Comply with Clarity,101496,1,0,,,ORG:101496
NEW GENERATION WINES LIMITED,04034942,,,London,SE1 7BL,Beyondly,100773,1,0,,,ORG:100773
New Lobster Limited,14841429,,,London,N7 9PW,Wastepack GB (SEPA),116278,1,0,,,ORG:116278
New Look Retailers Limited,01618428,,,Weymouth,DT3 5HJ,Wastepack GB (SEPA),101379,1,0,,,ORG:101379
New World Developments Limited,NI029589,,,Ballymena,BT42 4HX,Wastepack Northern Ireland (NIEA),107212,1,0,,,ORG:107212
New World Foods (Europe) Limited,07843083,,,Preston,PR4 2DZ,Wastepack GB (SEPA),104414,1,0,,,ORG:104414
Newberry International Produce Limited,03262617,,,Ledbury,HR8 2JQ,Veolia (EA),106669,1,0,,,ORG:106669
NEWBURGH FOODS LIMITED,09348820,,,WARRINGTON,WA3 3AP,Beyondly,108235,1,0,,,ORG:108235
Newbury Investments (UK) Limited,02533036,,,Newbury,RG14 5TN,Wastepack GB (SEPA),101613,10,9,DETA Electrical Company Limited; Decco Limited; Norbain Holdings Limited; Primaflow Limited; Ryness Electrical Supplies Limited; Stearn Electric Company Limited; UK Cables Limited; UK Electric Limited; UK Test Instruments Limited,00201097; 00417021; 00612799; 02529960; 02662075; 02742081; 02832874; 04423991; 06248590,ORG:101613
Newby Packaging Limited,06713899,,,Birmingham,B30 3JN,Paperpak,100244,1,0,,,ORG:100244
Newcel Paper Converters Limited,NI009470,,,Newry,BT34 3FN,Wastepack Northern Ireland (NIEA),102738,1,0,,,ORG:102738
Newell Brands Distribution LLC,FC042432,,,Lichfield,WS13 8SS,Ecosurety (EA),116750,1,0,,,ORG:116750
Newell Brands UK Ltd,00104102,,,Lichfield,WS13 8SS,Valpak,108081,1,0,,,ORG:108081
Newell Group Limited,NI638488,,,Dungannon,BT70 1EG,Wastepack Northern Ireland (NIEA),102752,3,2,Newell Stores (Coalisland) Limited; Newell Stores Limited,NI029285; NI073690,ORG:102752
Newey Limited,02207753,,,Chichester,PO20 1LL,Wastepack GB (SEPA),103113,1,0,,,ORG:103113
Newhall Janitorial Limited,02237400,,,Leckwith Industrial Estate,CF11 8BS,Wastepack GB (SEPA),117466,1,0,,,ORG:117466
Newlay Concrete Ltd,06540511,,,Dewsbury,WF12 9HY,Valpak,115003,1,0,,,ORG:115003
NEWLY WEDS FOODS LIMITED,00374033,,,West Yorkshire,WF5 9AX,Beyondly,108036,1,0,,,ORG:108036
Newport Industries limited,03407212,,,Richmond,TW9 2PR,,117098,1,0,,,ORG:117098
Newross Impex Ltd,01530324,,,Leeds,LS9 0SF,Valpak,100724,1,0,,,ORG:100724
Newship Limited,04151389,,,Weybridge,KT13 0AH,Ecosurety (EA),102509,5,4,Beatson Clark Limited; James Gibbons Format Limited; Pont Packaging Limited; Rollalong Limited,00110186; 00153279; 03683003; 04240188,ORG:102509
Newsquest Media Group Limited,01676637,,,Bournemouth,BH1 1BZ,,105692,2,1,NEWSQUEST COMMUNITY MEDIA LIMITED,00019300,ORG:105692
NEWTON PRINT LIMITED,05108407,,,Newton Abbot,TQ12 4PH,Beyondly,115174,1,0,,,ORG:115174
Nexans Logistics Ltd,00719971,,,Milton Keynes,MK6 1LA,Valpak,107297,1,0,,,ORG:107297
Next Group PLC,11118708,,,Leicester,LE19 4AT,Ecosurety (EA),116596,7,6,Next Beauty Limited; Next Retail Limited; Reiss Limited; The Harborough Hare Limited; VS Brands Holdings UK Limited; West Apparel UK Holdings Limited,02655347; 04521150; 09252560; 12823052; 13598059; 14504304,ORG:116596
NEXTGEN360 LIMITED,08116148,,,Stockport,SK4 2JZ,Beyondly,108090,1,0,,,ORG:108090
NEXUS PACKAGING LTD.,SC262044,,,GLASGOW,G52 4NQ,Beyondly,104373,1,0,,,ORG:104373
NGF EUROPE LIMITED,02586467,,,St. Helens,WA9 4PR,Biffpack,102028,1,0,,,ORG:102028
NH Foods UK Limited,02016345,,,London,E1W 1AW,ERP UK Ltd,117215,1,0,,,ORG:117215
Nic Ice Ltd,00394506,,,Barking,IG11 0HZ,Valpak,102039,1,0,,,ORG:102039
Nice-Pak International Limited,02119397,,,Flint,CH6 5EX,Ecosurety (EA),101212,1,0,,,ORG:101212
NICHE DRINKS CO LTD,NI057626,,,LONDONDERRY,BT47 6NS,Comply with Clarity,106584,1,0,,,ORG:106584
Nicholas Packaging Limited,01294184,,,Kingswinford,DY6 7JJ,Wastepack GB (SEPA),108523,1,0,,,ORG:108523
Nicholls & Clarke Limited,00066664,,,Romford,RM8 1SP,Wastepack GB (SEPA),103793,2,1,N & C Building Products Limited,00000140,ORG:103793
Nichols Plc,00238303,,,Newton Le Willows,WA12 0HH,Valpak,100638,2,1,Vimto (Out of Home) Ltd,08795779,ORG:100638
NICKLIN TRANSIT PACKAGING LIMITED,00410867,,,Wednesbury,WS10 7SU,Biffpack,102055,1,0,,,ORG:102055
Nicoventures Retail (UK) Ltd,10235033,,,London,W4 5YG,ERP UK Ltd,106684,1,0,,,ORG:106684
Nicoventures Trading Ltd,06665343,,,London,WC2R 3LA,ERP UK Ltd,104100,1,0,,,ORG:104100
Nidec Control Techniques Limited,01236886,,,Newtown,SY16 3BE,Wastepack GB (SEPA),107809,1,0,,,ORG:107809
NIELSEN DESIGN LIMITED,03692269,,,Diss,IP22 4GT,Biffpack,104475,1,0,,,ORG:104475
Nifco UK Limited,01392769,,,Stockton-on-Tees,TS16 0PS,Wastepack GB (SEPA),102623,1,0,,,ORG:102623
Nijjar Holdings Limited,03027355,,,Riverside Way,GU15 3YL,Wastepack GB (SEPA),101585,3,2,Nijjar Dairies Limited; Nijjar Property Limited,02874484; 03023969,ORG:101585
Nike Retail B.V.,FC019114,,,Hilversum,1213 NL,Wastepack GB (SEPA),103610,1,0,,,ORG:103610
Nikon UK  Branch of Nikon Europe B.V.,FC037710,,,Amstelveen,1181VX,Valpak,114570,1,0,,,ORG:114570
Nikwax Ltd,03101664,,,Wadhurst,TN5 6DF,Valpak,105030,1,0,,,ORG:105030
Nilfisk Ltd,00212642,,,Penrith,CA11 9BQ,ERP UK Ltd,103659,1,0,,,ORG:103659
Nimans Limited,01876587,,,Diss,IP22 4YT,Wastepack GB (SEPA),111833,1,0,,,ORG:111833
Nimlok Ltd,07402516,,,Wellingborough,NN8 6NL,Kite Environmental Solutions,100956,1,0,,,ORG:100956
Nintendo of Europe SE,FC022968,,,Windsor,SL4 1LP,Valpak,106073,1,0,,,ORG:106073
Nippon Gases UK Limited,09938383,,,Immingham,DN40 2NT,,105853,1,0,,,ORG:105853
Nippon Paint Automotive (UK)  Ltd,02651443,,,Swindon,SN3 4ND,Valpak,101968,1,0,,,ORG:101968
Nirvana Brands Ltd,12286852,,,Watford,WD24 7JG,Beyondly,107785,1,0,,,ORG:107785
Nisbets Ltd,01693112,,,Bristol,BS11 8TB,Valpak,104925,3,2,Jongor Limited; Space Catering (UK) Limited,01131172; 08134936,ORG:104925
NISHA ENTERPRISES LIMITED,SC193287,,,Livingston,EH54 5DE,Biffpack,115937,1,0,,,ORG:115937
Nissan Motor Manufacturing (UK) Limited,01806912,,,Sunderland,SR5 3NS,Wastepack GB (SEPA),105694,1,0,,,ORG:105694
Nissan Trading Europe Limited,02461565,,,Sunderland,SR5 3NS,Wastepack GB (SEPA),100973,1,0,,,ORG:100973
Nissens (UK) Limited,02471376,,,Coventry,CV7 7FR,ERP UK Ltd,116622,1,0,,,ORG:116622
NITERRA UK LTD.,01212088,,,London,EC4R 3TT,Beyondly,103969,1,0,,,ORG:103969
Nivek Catering Supplies Ltd,03297723,,,West Malling,ME19 6JU,Paperpak,117783,1,0,,,ORG:117783
Nkuku Limited,04614918,,,Totnes,TQ9 6JB,Kite Environmental Solutions,101724,1,0,,,ORG:101724
NMC (UK) Ltd,01985924,,,Tredegar,NP22 3AA,Valpak,102077,1,0,,,ORG:102077
NNA Limited,06477878,,,Gloucester,GL25EA,Comply with Clarity,106205,1,0,,,ORG:106205
NNB Generation Company (HPC) Limited,06937084,,,Bristol,BS32 4SQ,Veolia (EA),106005,1,0,,,ORG:106005
NNZ LTD,01864778,,,Prescot,L34 9FB,Biffpack,106743,1,0,,,ORG:106743
NOBIA HOLDINGS UK LIMITED,04184676,,,Business Park Darlington,DL1 4XT,Biffpack,103238,1,0,,,ORG:103238
Nobisco Limited,01945617,,,Birmingham,B6 7AF,Paperpak,115409,1,0,,,ORG:115409
Noble Foods Group Guernsey Ltd,,,,Staines-Upon-Thames,TW18 3AG,Comply with Clarity,104752,5,4,NOBLE EGG INNOVATIONS; NOBLE FOODS CO; NOBLE FOODS LIMITED; Plant Heads Ltd,03636168; FC031824; FC032621; FC037410,ORG:104752
Nobody's Child Limited,09567792,,,Angel,N1 9PD,,108588,1,0,,,ORG:108588
Nodor International Ltd,02886136,,,Bridgend,CF31 3PT,Veolia (EA),105232,1,0,,,ORG:105232
Noel Foods Limited,11835666,,,London,WC1H 9BB,Wastepack GB (SEPA),116382,1,0,,,ORG:116382
Nokia UK Limited,02650571,,,Bristol,BS32 4UF,ERP UK Ltd,104548,1,0,,,ORG:104548
NOLATO JAYCARE LIMITED,00598957,,,Newcastle Upon Tyne,NE27 0QF,Biffpack,102316,1,0,,,ORG:102316
NOMOQ Limited,14885323,,,Warwick,CV34 6QP,Ecosurety (EA),115743,1,0,,,ORG:115743
NORAC FOODS UK LIMITED,09350279,,,London,EC3A 7BA,,108660,1,0,,,ORG:108660
Norbev Limited,NI038887,,,Ballymena,BT42 2AF,,105864,1,0,,,ORG:105864
Norbrook Laboratories Limited,NI007665,,,Newry,BT35 6JP,Wastepack Northern Ireland (NIEA),104085,1,0,,,ORG:104085
Norcros Group (Holdings) Limited,00566694,,,Wilmslow,SK9 1BU,REPIC,100516,2,1,Fibo UK Limited,01561013,ORG:100516
Nordic Seafood A/S,,,,Hirtshals,9850,Veolia (EA),117268,1,0,,,ORG:117268
NORDMANN UK GROUP HOLDINGS LTD,07608263,,,Crawley,RH10 7NN,Biffpack,103045,2,1,NORDMANN U.K. LIMITED,03073634,ORG:103045
Norfolk Leisure Lifestyle Ltd,03388553,,,King's Lynn,PE33 0AX,Valpak,106545,1,0,,,ORG:106545
Norgine Limited,00215668,,,Hengoed,CF82 8SJ,Paperpak,101005,1,0,,,ORG:101005
Norgine Pharmaceuticals Limited,03527131,,,Uxbridge,UB8 1DH,Paperpak,101648,1,0,,,ORG:101648
Norgren Ltd,00564656,,,Lichfield,WS14 0QP,Valpak,103346,1,0,,,ORG:103346
Norkem Limited,01091369,,,Knutsford,WA16 9FB,,106282,1,0,,,ORG:106282
Normet UK Limited,06004916,,,Coventry,CV3 4LA,Kite Environmental Solutions,103047,1,0,,,ORG:103047
North Down (Belfast) Limited,NI026776,,,Belfast,BT11 9DT,Wastepack Northern Ireland (NIEA),107236,1,0,,,ORG:107236
North Lakes Foods Limited,04451152,,,Middlesbrough,TS3 8BL,Ecosurety (EA),101134,1,0,,,ORG:101134
North South Wines Ltd,08900184,,,Bicester,OX27 8AL,Valpak,101570,1,0,,,ORG:101570
North West Turf Limited,04403334,,,Aughton,L39 6SR,Comply with Clarity,118133,1,0,,,ORG:118133
Northeast Nutrition Scotland Ltd,SC639310,,,Glasgow,G1 3BX,Valpak Scotland Ltd (SEPA),116441,1,0,,,ORG:116441
Northern Ireland Electricity Networks Ltd,NI026041,,,Belfast,BT9 5HT,Comply with Clarity,103920,1,0,,,ORG:103920
Northern Ireland Plastics Limited,NI013346,,,Belfast,BT1 4GA,Wastepack Northern Ireland (NIEA),102984,1,0,,,ORG:102984
NORTHERN MONK BREWING CO. LTD,08651758,,,Leeds,LS11 9YJ,Beyondly,108601,1,0,,,ORG:108601
Northern Packaging Ltd,01471317,,,Altrincham,WA14 1DW,Valpak,101777,1,0,,,ORG:101777
Northern Snack Foods Limited,NI028847,,,Lisburn,BT28 2RB,Wastepack Northern Ireland (NIEA),100508,1,0,,,ORG:100508
Northern Wholesale Tools Ltd,02220717,,,Middleton,M24 2RW,Packcare,105396,1,0,,,ORG:105396
Northstone Materials Limited,NI001509,,,Belfast,BT17 9NU,Valpak,107497,1,0,,,ORG:107497
Northumbria Blow Mouldings Limited,01670777,,,Newcastle upon Tyne,NE12 9SZ,Wastepack GB (SEPA),105020,1,0,,,ORG:105020
Northumbrian Ice Cream Company Ltd,02892944,,,Ashington,NE63 8QW,Valpak,105873,1,0,,,ORG:105873
Northwood Hygiene Products Ltd,07022313,,,Telford,TF3 3AB,ERP UK Ltd,100396,1,0,,,ORG:100396
Northwood Paper Sales Ltd,03598292,,,Harrow,HA1 3EX,ERP UK Ltd,103737,1,0,,,ORG:103737
Northwood Recycling Ltd,07089478,,,Stockport,SK12 2HW,ERP UK Ltd,105050,1,0,,,ORG:105050
Northwood Tissue (Disley) Ltd,07022309,,,Stockport,SK12 2HW,ERP UK Ltd,101351,1,0,,,ORG:101351
Norton Healthcare Limited,00947980,,,Castleford,WF10 5HX,Veolia (EA),106738,1,0,,,ORG:106738
NORTRADE FOODS LIMITED,01727161,,,Hawkhurst,TN18 5BD,Beyondly,101652,1,0,,,ORG:101652
Norty Ltd,05074428,,,Carpenders Park,WD19 5EF,Scotpak (SEPA),103670,1,0,,,ORG:103670
Not Another Beer Co Ltd,10896978,,,London,W1W 5EA,Ecosurety (EA),115674,1,0,,,ORG:115674
Notcutts Ltd,00393104,,,Woodbridge,IP12 4AF,Valpak,100868,1,0,,,ORG:100868
NOTED AROMAS LTD,11481284,,,Manchester,M3 4LY,Beyondly,115214,1,0,,,ORG:115214
Notedome Ltd,01326364,,,Coventry,CV3 2RT,Valpak,101011,1,0,,,ORG:101011
Novar ED&S Limited,00189291,,,Bracknell,RG12 1EB,Ecosurety (EA),106340,1,0,,,ORG:106340
Novartis Pharmaceuticals UK Ltd,00119006,,,London,W12 7FQ,Valpak,101108,1,0,,,ORG:101108
Novatech Ltd,02605046,,,Portsmouth,PO6 4PU,ERP UK Ltd,100699,1,0,,,ORG:100699
Novo Nordisk Ltd,01118740,,,Gatwick,RH6 0PA,ERP UK Ltd,100991,1,0,,,ORG:100991
Novomatic UK Limited,02816362,,,Bridgend,CF31 3RY,Veolia (EA),102729,4,3,Luxury Leisure; Novomatic Gaming UK Limited; RAL Limited,01940045; 02448035; 11714762,ORG:102729
Now Plastics UK  Inc.,FC024194,,,East Longmeadow,010 28,Wastepack GB (SEPA),118028,1,0,,,ORG:118028
NP Aerospace Limited,03472480,,,Coventry,CV6 5AQ,Valpak,104606,1,0,,,ORG:104606
NSK Europe Ltd,02223191,,,Maidenhead,SL6 1AF,Valpak,103420,4,3,NSK Bearings Europe Ltd; NSK Precision UK Ltd; NSK UK Ltd,01165693; 02215151; 04774647,ORG:103420
NTN Bearings (UK) Ltd,00816672,,,Lichfield,WS13 8RZ,Valpak,103460,1,0,,,ORG:103460
NU-COAT LTD,11155353,,,Slough,SL1 4PY,Biffpack,114467,1,0,,,ORG:114467
Nu-Swift (Engineering) Limited,02916187,,,Elland,HX5 9DY,Packcare,115488,1,0,,,ORG:115488
Nuby UK LLP,OC348931,,,Durham,DH3 2AH,Valpak,106147,1,0,,,ORG:106147
Nuco International Limited,03195826,,,Coventry,CV5 9RG,Comply with Clarity,117101,2,1,Nu Film  Foil and Paper Limited,03739966,ORG:117101
Nufarm UK Ltd,02882993,,,Bradford,BD12 9EJ,Valpak,102562,1,0,,,ORG:102562
Numatic International Limited,00773331,,,Camberley,GU15 3SY,REPIC,100714,1,0,,,ORG:100714
Nurture Brands Ltd,09190657,,,London,W1K 3JE,Packcare,107201,1,0,,,ORG:107201
Nutrabolt Distribution United Kingdom Limited,11786962,,,London,E14 5HU,,107489,1,0,,,ORG:107489
Nutriment Ltd,08506112,,,Camberley,GU16 7AL,Beyondly,104568,1,0,,,ORG:104568
Nutshell Portions Limited,16249769,,,Salisbury,SP2 7PZ,Smart Comply (EA),116621,1,0,,,ORG:116621
NUVIK GLOBAL LIMITED,11603612,,,Leighton Buzzard,LU7 4RW,Biffpack,106620,1,0,,,ORG:106620
NVC Lighting Limited,06264948,,,Birmingham,B31 5HE,Veolia (EA),106678,1,0,,,ORG:106678
NWF Group plc,02264971,,,Nantwich,CW5 6BP,Paperpak,101749,5,4,Boughey Distribution Limited; NWF Agriculture Limited; NWF Fuels Limited; New Breed (UK) Limited,00797672; 01117133; 01117234; 05509470,ORG:101749
Nyetimber Wines And Spirits Group Limited,15281873,,,London,SW1H 0AD,Ecosurety (EA),114518,4,3,Nyetimber Limited; Rolling Green Hills Limited; The Chilgrove Gin Company Ltd,05509845; 08681248; 11759863,ORG:114518
O&M Halyard UK Ltd,11111792,,,London,W1W 8DH,Valpak,107445,1,0,,,ORG:107445
O&S Doors Limited,NI034182,,,Benburb,BT71 7ET,Ecosurety (EA),106139,1,0,,,ORG:106139
O'Brien Fine Foods Leeming Bar Limited,15977039,,,Northallerton,DL7 9BJ,Kite Environmental Solutions,118104,1,0,,,ORG:118104
O'Donnell Moonshine Limited,10474655,,,Manchester,M1 1HR,Smart Comply (EA),111265,1,0,,,ORG:111265
O'HARES SUPERMARKET LIMITED,NI613085,,,Newry,BT34 2ET,Biffpack,115029,1,0,,,ORG:115029
O'neill GmbH,FC029564,,,Wollaston,NN29 7RW,Kite Environmental Solutions,101362,1,0,,,ORG:101362
O'Neills Irish International Sports Company Limited,NI010400,,,Strabane,BT82 9EA,ERP UK Ltd,112646,1,0,,,ORG:112646
O'Reilly's Wholesale Ltd,NI605127,,,Newry,BT34 1BY,Valpak,107373,1,0,,,ORG:107373
O-I Glass Limited,00526983,,,Harlow,CM20 2UG,Wastepack GB (SEPA),100245,1,0,,,ORG:100245
O.A.Taylor & Sons Bulbs Ltd,00971446,,,Holbeach Spalding,PE12 7PP,Valpak,100581,1,0,,,ORG:100581
O.P. Chocolate Ltd,02557248,,,Merthyr Tydfil,CF48 3TB,Valpak,112493,1,0,,,ORG:112493
OADBY PLASTICS LIMITED,03542957,,,Leicester,LE3 1UA,Biffpack,102811,4,3,A.B.G. RUBBER & PLASTICS LIMITED; ANGLIA PLASTICS LIMITED; DIRECT PLASTICS LIMITED,01202761; 02866354; 07018210,ORG:102811
Oak Furnitureland Group Limited,12645185,,,Swindon,SN3 4TN,Kite Environmental Solutions,101673,1,0,,,ORG:101673
Oakes Millers Ltd,00333467,,,Nantwich,CW5 8DH,Valpak,107644,3,2,Dodson & Horrell Ltd; H.J. Lea Oakes Ltd,00218912; 12727165,ORG:107644
OAKFIELD (FOODS) LIMITED,02103137,,,Borehamwood,WD6 1JD,Beyondly,105402,1,0,,,ORG:105402
Oaklands Farm Eggs Limited,00725104,,,Telford,TF6 6QR,Wastepack GB (SEPA),106718,1,0,,,ORG:106718
OAKLEAF FARM LTD,07064519,,,High Wycombe,HP14 4LY,Biffpack,103102,1,0,,,ORG:103102
Oakwood Distribution Ltd,05721635,,,Welwyn Garden City,AL7 1GA,Valpak,107130,1,0,,,ORG:107130
Oakwood Door Designs Limited,NI035907,,,Co Antrim,BT41 3UF,Wastepack Northern Ireland (NIEA),104321,1,0,,,ORG:104321
OASE (UK) Limited,02801813,,,Eastleigh,SO50 9PD,Veolia (EA),106876,1,0,,,ORG:106876
Oatly UK Ltd,08038012,,,London,EC1M 6EJ,Valpak,105841,1,0,,,ORG:105841
Oaxaca Ltd,05836870,,,London,W1W 7JD,Valpak,103913,1,0,,,ORG:103913
Obaby Ltd,03855118,,,Kirton in Lindsey,DN21 4JR,Valpak,108372,1,0,,,ORG:108372
Obex Protection Ltd,09157067,,,Worcester,WR5 2QR,Wastepack GB (SEPA),106484,1,0,,,ORG:106484
Ocado Retail Ltd,03875000,,,Hatfield,AL10 9NE,Valpak,103896,1,0,,,ORG:103896
Ocee International Ltd,10049313,,,NORTHAMPTON,NN4 7AS,Beyondly,106224,4,3,OCEE DESIGN LIMITED; RACE FURNITURE LIMITED; SOUTHERNS BROADSTOCK INTERIORS LIMITED,02454179; 02524177; 16173665,ORG:106224
OCS Group UK Limited,03056469,,,Ipswich,IP3 9SJ,Wastepack GB (SEPA),106839,1,0,,,ORG:106839
OCUK Limited,03869866,,,Stoke-on-Trent,ST1 5GP,Recycling Lives Compliance Services,115711,1,0,,,ORG:115711
ODDBALLS APPAREL LIMITED,08860860,,,North Shields,NE29 7UT,,117410,1,0,,,ORG:117410
ODDBOX DELIVERY LTD,09638976,,,London,SW8 5EL,Beyondly,105576,1,0,,,ORG:105576
ODEON CINEMAS LIMITED,01854132,,,London,W1T 1AT,Biffpack,105799,2,1,ODEON CINEMAS (RL) LIMITED,06113430,ORG:105799
Odysea Limited,02572727,,,London,E10 7QX,Ecosurety (EA),103258,1,0,,,ORG:103258
Off-Piste Wines Limited,05885139,,,Cheltenham,GL50 3PN,Comply with Clarity,104449,1,0,,,ORG:104449
OFFICE HOLDINGS LIMITED,01764341,,,London,EC1V 9BP,Biffpack,106424,1,0,,,ORG:106424
Offset Print & Packaging Ltd,01809712,,,Aylesford,ME20 7DB,Valpak,101030,1,0,,,ORG:101030
OGM Moulding Limited,16188805,,,Oxford,OX5 1QU,Valpak,116473,3,2,OGM (SW) Limited; Owen Greenings & Mumford Ltd,00742307; 11059480,ORG:116473
OKA DIRECT LIMITED,03722366,,,Abingdon,OX14 4SD,Beyondly,117114,1,0,,,ORG:117114
OLAM FOOD INGREDIENTS UK LIMITED,02891838,,,London,WC2N 6HT,Beyondly,108476,1,0,,,ORG:108476
Old Black Dog Holdings Ltd,11646202,,,Abingdon,OX13 5PD,Valpak,117085,3,2,Garden Games Ltd; S&T Wholesale Ltd,02866189; 08302502,ORG:117085
Oldbury Energy Solutions (UK) Ltd,13535021,,,Oldbury,B69 4LN,ERP UK Ltd,101711,1,0,,,ORG:101711
Oldrid & Co Limited,00284283,,,Grantham,NG32 2AB,ERP UK Ltd,107158,1,0,,,ORG:107158
Oleon Ltd.,01501275,,,Northallerton,DL6 2XA,Comply with Clarity,104486,1,0,,,ORG:104486
Olive Catering Services Limited,05076235,,,Atherstone,CV9 3PH,Veolia (EA),103112,1,0,,,ORG:103112
Oliver Bonas Ltd,03799350,,,Chessington,KT9 1TQ,Valpak,102770,1,0,,,ORG:102770
Olives Et Al Ltd,03824308,,,Sturminster Newton,DT10 2GA,Valpak,104458,1,0,,,ORG:104458
Olleco,05878742,,,Shrewsbury,SY1 4AH,Comply with Clarity,105441,1,0,,,ORG:105441
Olly's Olives Ltd,09988592,,,London,W4 3JB,Valpak,111413,1,0,,,ORG:111413
Olson Electronics Ltd,00694134,,,Stanmore,HA7 1JY,Wastepack GB (SEPA),111800,1,0,,,ORG:111800
Olympic Fixings Ireland Ltd,02666419,,,Newbury,RG14 5TN,Ecosurety (EA),108124,1,0,,,ORG:108124
OLYMPIC OILS LIMITED,01946330,,,Whiston,L35 1RZ,Beyondly,106019,1,0,,,ORG:106019
Olympus Dairy UK Ltd,10005283,,,Wolverhampton,WV6 8UA,Kite Environmental Solutions,100593,1,0,,,ORG:100593
Olympus Distribution Ltd,01702340,,,Tipton,DY4 7HY,Valpak,104865,1,0,,,ORG:104865
Omega Pharma Ltd,00922235,,,Braunton,EX33 2DL,Valpak,107123,1,0,,,ORG:107123
Omega Plc,02700038,,,Doncaster,DN8 5TX,Comply with Clarity,106930,1,0,,,ORG:106930
OMEX Agriculture Ltd,01246369,,,Bardney,LN3 5TP,Packcare,102654,1,0,,,ORG:102654
OMEX AGRIFLUIDS LTD,02576923,,,Kings Lynn,PE34 3JA,Packcare,102211,1,0,,,ORG:102211
Omlet Limited,05028498,,,Banbury,OX16 5HX,ERP UK Ltd,100125,1,0,,,ORG:100125
Omnicell Limited,04562981,,,Birchwood Park,WA3 6BA,Ecosurety (EA),106123,1,0,,,ORG:106123
Omron Electronics Ltd,02602783,,,Milton Keynes,MK5 8FR,Valpak,100505,1,0,,,ORG:100505
Omron Healthcare UK Ltd,02498080,,,Milton Keynes,MK5 8FR,Valpak,104517,1,0,,,ORG:104517
Omya UK Ltd,00436591,,,North Ferriby,HU14 3HU,Valpak,104468,1,0,,,ORG:104468
On A Roll Sandwich Company Limited,05994921,,,Middlesbrough,TS2 1RY,Wastepack GB (SEPA),107179,1,0,,,ORG:107179
ONE FOR ALL (UK) LTD,02714191,,,,WD6 3SY,Packcare,108102,1,0,,,ORG:108102
One For Fun Ltd,SC062650,,,Glasgow,G32 8ND,Valpak Scotland Ltd (SEPA),115353,1,0,,,ORG:115353
One Retail Group Limited,08663592,,,Colindale,NW9 6BX,Comply with Clarity,101960,1,0,,,ORG:101960
One Stop Stores Ltd,02462858,,,Walsall,WS8 7HU,Valpak,104632,1,0,,,ORG:104632
ONE+ALL LIMITED,01072854,,,Stockport,SK4 5DZ,Beyondly,100169,1,0,,,ORG:100169
Onebeyond Retail Limited,11595800,,,Barnsley,S74 0FQ,ERP UK Ltd,116450,1,0,,,ORG:116450
ONLINE 4 BABY LIMITED,05332212,,,Oldham,OL9 8EH,Beyondly,116296,1,0,,,ORG:116296
ONLINE HOME SHOP LIMITED,08885099,,,Worsley,M28 2LX,Beyondly,106576,1,0,,,ORG:106576
Only Curls LTD,10088963,,,London,SW13 0PZ,Beyondly,114580,1,0,,,ORG:114580
Ontex Healthcare UK Limited,02274216,,,Corby,NN17 5JG,,103318,1,0,,,ORG:103318
OONI LIMITED,08316049,,,Chatham,ME5 7DX,Beyondly,105819,1,0,,,ORG:105819
OPAK LIMITED,08111984,,,Ashford,TN24 0GR,Beyondly,100180,1,0,,,ORG:100180
Opalion Limited,01574983,,,Baldock,SG7 6NN,ERP UK Ltd,102515,1,0,,,ORG:102515
Opella Healthcare UK Limited,12854035,,,Reading,RG6 1PT,Ecosurety (EA),114035,1,0,,,ORG:114035
Openfolde Ltd,NI005551,,,Belfast,BT2 8DX,Valpak,108526,3,2,Germinal GB Ltd; Samuel McCausland Ltd,NI007063; NI632102,ORG:108526
OPM (Labels & Packaging) Group Limited,01045291,,,Leeds,LS12 6TG,Wastepack GB (SEPA),104746,1,0,,,ORG:104746
OPMobility Exterior UK Limited,03275572,,,Swadlincote,DE12 7DS,Veolia (EA),105457,1,0,,,ORG:105457
Optagon Ltd,07089512,,,Coventry,CV6 4PU,Kite Environmental Solutions,117889,1,0,,,ORG:117889
Optimas Oe Solutions Ltd,09432123,,,Gloucester,GL2 2FR,Comply with Clarity,104590,1,0,,,ORG:104590
Optos Plc,SC139953,,,Dunfermline,KY11 8GR,Valpak Scotland Ltd (SEPA),101484,1,0,,,ORG:101484
Opus Trust Marketing Limited,03829462,,,Leicester,LE3 1UQ,,104657,3,2,Adare SEC Limited; Critiqom Limited,02814431; SC160484,ORG:104657
Oqema Limited,01229506,,,Carterton,OX18 3EZ,Wastepack GB (SEPA),104353,1,0,,,ORG:104353
Oracle Corporation UK Limited,01782505,,,Reading,RG6 1RA,Wastepack GB (SEPA),100687,1,0,,,ORG:100687
Orangebox Limited,03406086,,,Cardiff,CF15 7QU,Kite Environmental Solutions,100787,1,0,,,ORG:100787
Oranka Fruit Juices Limited,04549022,,,Aylesbury,HP18 9PH,Wastepack GB (SEPA),116284,1,0,,,ORG:116284
Orapi Maintenance UK Limited,06247397,,,Wednesbury,WS10 7XB,Valpak,105261,1,0,,,ORG:105261
Orbit International Plc,01866035,,,Birmingham,B18 4JA,Valpak,107551,1,0,,,ORG:107551
Orchard Toys Limited,01460458,,,Nottingham,NG1 7HR,Veolia (EA),102435,1,0,,,ORG:102435
OREAN PERSONAL CARE LIMITED,06723673,,,Cleckheaton,BD19 4TT,Beyondly,106755,1,0,,,ORG:106755
Oregon Tool U.K. Limited,01734794,,,Tewkesbury,GL20 8GY,Wastepack GB (SEPA),102431,1,0,,,ORG:102431
Organon Pharma (UK) Ltd,00820771,,,Cramlington,NE23 3JU,Valpak,107131,1,0,,,ORG:107131
Origin Amenity Solutions Limited,00157345,,,Royston,SG8 5HW,Wastepack GB (SEPA),103693,1,0,,,ORG:103693
ORIGIN COFFEE (HOLDINGS) LIMITED,08604373,,,Porthleven,TR13 9FJ,Beyondly,115968,3,2,ORIGIN COFFEE RETAIL LIMITED; Origin Coffee Ltd,05410302; 08603355,ORG:115968
Origin Frames Limited,04449292,,,High Wycombe,HP12 3TA,Wastepack GB (SEPA),111492,1,0,,,ORG:111492
Origin Northern Ireland Limited,01938123,,,Royston,SG8 5HW,Wastepack GB (SEPA),117022,1,0,,,ORG:117022
Origin Packaging Limited,07097640,,,Melton,HU14 3HJ,Wastepack GB (SEPA),103849,1,0,,,ORG:103849
Origin UK Operations Limited,02465499,,,Royston,SG8 5HW,Wastepack GB (SEPA),102947,1,0,,,ORG:102947
ORIGIN WINE LIMITED,05133477,,,Banbury,OX16 9UX,Comply with Clarity,103973,1,0,,,ORG:103973
Original Additions (Beauty Products) Limited,05094961,,,Uxbridge,UB8 1JG,Veolia (EA),105387,1,0,,,ORG:105387
Original Style Limited,03018117,,,Exeter,EX2 7LF,Veolia (EA),114120,1,0,,,ORG:114120
ORN (Int) Limited,07254574,,,Banbury,OX16 1RH,,104193,1,0,,,ORG:104193
Ornamental Trees Limited,08043890,,,Ilkley,LS29 8AL,,115585,1,0,,,ORG:115585
Ornua Foods UK Limited,00362221,,,Leek,ST13 5SP,Ecosurety (EA),100455,1,0,,,ORG:100455
Ornua Ingredients Europe (UK) Ltd,01933884,,,Nantwich,CW5 6DN,Paperpak,102572,1,0,,,ORG:102572
Ornua Nutrition Ingredients UK Limited,02448349,,,Nantwich,CW5 6DN,Paperpak,102090,1,0,,,ORG:102090
ORONA LIMITED,01317466,,,Sheffield,S9 1XH,Beyondly,100222,1,0,,,ORG:100222
Orphea Limited,10113308,,,Romford,RM3 8UG,Wastepack GB (SEPA),105234,2,1,Macarthys Laboratories Limited,00620024,ORG:105234
ORTHO-CARE (U.K.) LIMITED,01600280,,,Saltaire,BD17 7DR,Beyondly,108513,1,0,,,ORG:108513
Ortho-Clinical Diagnostics,02549777,,,Bridgend,CF35 5PZ,Valpak,106753,1,0,,,ORG:106753
OSC Sales Ltd,09248298,,,Sittingbourne,ME10 3UP,Wastepack GB (SEPA),114602,1,0,,,ORG:114602
OSCAR MAYER LIMITED,01239606,,,Wrexham,LL13 9UG,Beyondly,103079,2,1,FERNDALE FOODS LIMITED,02715846,ORG:103079
Osem U.K. Ltd,00637720,,,Laindon,SS15 6GF,Valpak,103617,1,0,,,ORG:103617
OSI Electronics (UK) Ltd,02039377,,,London,EC4M 9AF,ERP UK Ltd,104142,1,0,,,ORG:104142
OSI FOOD SOLUTIONS UK LIMITED,01372104,,,Scunthorpe,DN15 8LP,Beyondly,101061,1,0,,,ORG:101061
OSL GROUP HOLDINGS LIMITED,04507446,,,Sheffield,S9 3WD,Biffpack,102060,4,3,CQR SECURITY LIMITED; OSL CUTTING TECHNOLOGIES LIMITED; OWEN SPRINGS LIMITED,04333830; 05192010; 05192024,ORG:102060
Osmosis Buyer Limited,13404693,,,Reading,RG1 3BD,Ecosurety (EA),111343,3,2,Culligan (UK) Limited; Phox Water Ltd,02418453; SC580653,ORG:111343
Osprey Europe Limited,04881712,,,Poole,BH12 4FE,REPIC,116522,1,0,,,ORG:116522
OSSETT BREWING COMPANY LIMITED,03304094,,,OSSETT,WF5 8ND,Beyondly,108427,1,0,,,ORG:108427
Ossur UK Ltd,02559193,,,Manchester,SK1 2AE,Valpak,103669,1,0,,,ORG:103669
OTC DIRECT LIMITED,03118885,,,Chessington,KT9 1SN,Comply with Clarity,104394,1,0,,,ORG:104394
OTFORD BUILDERS MERCHANTS LIMITED,01020161,,,Sevenoaks,TN14 5PH,Biffpack,106682,1,0,,,ORG:106682
Otter Nurseries Ltd,01512823,,,Ottery St Mary,EX11 1LZ,Comply with Clarity,104525,6,5,OTTER NURSERIES (BRISTOL) LIMITED; Otter (Jack's Patch) Ltd; Otter (Taunton) Ltd; Otter Nurseries (Torbay) Ltd; Otter Nurseries Lymington Ltd,01774685; 04510983; 11881482; 11881673; 15754143,ORG:104525
Ottolenghi Limited,04393165,,,London,E1W9US,,115977,1,0,,,ORG:115977
OUR MEDIA LIMITED,05715415,,,Bristol,BS1 4ST,Biffpack,105600,1,0,,,ORG:105600
OUTDOOR VALUE RETAIL LIMITED,06687434,,,Great Yarmouth,NR30 1HE,Beyondly,115904,1,0,,,ORG:115904
OUTOKUMPU STAINLESS LIMITED,02794127,,,Sheffield,S9 1TZ,Beyondly,101399,1,0,,,ORG:101399
OUTSIDE IN (CAMBRIDGE) LIMITED,02647359,,,Cambridge,CB23 8UD,Biffpack,114422,1,0,,,ORG:114422
Ovenden Papers Limited,00384116,,,Harlow,CM20 2DP,Smart Comply (EA),102474,1,0,,,ORG:102474
OVERSEAS TRADING LIMITED,04442532,,,Leeds,LS9 0DW,Beyondly,105738,1,0,,,ORG:105738
Owen Mumford Limited,01257871,,,Chipping Norton,OX7 5XP,Comply with Clarity,101982,1,0,,,ORG:101982
Owens-Corning Veil U.K. Ltd,00502188,,,Liversedge,WF15 8EP,Valpak,102335,1,0,,,ORG:102335
OXFORD PRODUCTS LIMITED,01710325,,,Oxford,OX2 7JL,Biffpack,105698,1,0,,,ORG:105698
Oxoid Ltd,03291857,,,Altrincham,WA14 2DT,ERP UK Ltd,106843,2,1,G. & M. Procter Limited,SC117113,ORG:106843
Ozbox (UK) Ltd,04892281,,,Coventry,CV5 6ET,Valpak,111921,1,0,,,ORG:111921
P & I FRUITS LIMITED,06460106,,,London,SW8 5EL,Beyondly,114646,1,0,,,ORG:114646
P and A Fencing and Sheds Ltd,01880477,,,Mold,CH7 1HE,,114852,1,0,,,ORG:114852
P D M PRODUCE (U.K.) LIMITED,03185729,,,Newport,TF10 9BN,Comply with Clarity,103606,1,0,,,ORG:103606
P E & J Matthews,,,,Loughborough,LE12 8BS,ERP UK Ltd,102527,1,0,,,ORG:102527
P H Flexible Packaging Limited,03088908,,,Swadlincote,DE11 9GE,Comply with Clarity,101963,1,0,,,ORG:101963
P MULRINE AND SONS SALES (U.K.) LIMITED,NI640314,,,Strabane,BT829HE,,117955,1,0,,,ORG:117955
P R Hook  J E Bryan & M A Posnett,,,,PETERBOROUGH,PE27JB,Comply with Clarity,105751,1,0,,,ORG:105751
P. & B. (FOODS) LIMITED,00988034,,,Bradford,BD5 8LZ,Beyondly,101791,1,0,,,ORG:101791
P.F.D. (Carlisle) Limited,00557210,,,Carlisle,CA1 2RW,Paperpak,100253,1,0,,,ORG:100253
P.J.H. GROUP LIMITED,01056008,,,Bolton,BL5 1FQ,Beyondly,101237,1,0,,,ORG:101237
P.Wilkinson Containers Limited,00594284,,,Bermondsey,SE16 3DY,Wastepack GB (SEPA),103439,1,0,,,ORG:103439
Pacific Lifestyle limited,01625765,,,Huddersfield,HD3 4JD,Kite Environmental Solutions,100928,1,0,,,ORG:100928
PACIFIC PRODUCE LIMITED,07354231,,,Thame,OX9 3UH,Beyondly,104960,1,0,,,ORG:104960
PACIFIC WEST FOODS (UK) Ltd,04497738,,,Trowbridge,BA14 8RH,Beyondly,100958,1,0,,,ORG:100958
Packaging First Limited,03838039,,,High Ongar,CM5 9NL,Paperpak,114428,1,0,,,ORG:114428
Packaging Innovations UK Ltd,06690985,,,Maidstone,ME14 5EG,Valpak,103816,1,0,,,ORG:103816
PACKAGING MODE LTD,07624842,,,BRENTWOOD,CM13 1AB,Packcare,116979,1,0,,,ORG:116979
Packaging One Limited,06414289,,,Nantwich,CW5 7ED,Wastepack GB (SEPA),117515,1,0,,,ORG:117515
Padgett Brothers (A to Z) Limited,01968315,,,Ossett,WF5 9NJ,Paperpak,100387,1,0,,,ORG:100387
PAGETS BUILDERS MERCHANTS LIMITED,04199893,,,South Yorkshire,S8 0XL,Biffpack,104165,1,0,,,ORG:104165
Pakway Limited,10049719,,,Houghton Le Spring,DH4 5RJ,Wastepack GB (SEPA),106458,1,0,,,ORG:106458
PAL Group (Operations) Limited,01511634,,,Wednesbury,WS10 7TN,Paperpak,102806,1,0,,,ORG:102806
Pal International Ltd,03272370,,,Coalville,LE67 1FA,Valpak,101332,1,0,,,ORG:101332
Palace Chemicals Ltd,01377241,,,Liverpool,L24 1YA,Valpak,100497,1,0,,,ORG:100497
Paladone Products Ltd,02904218,,,Shoreham-by-Sea,BN43 6NZ,Valpak,101478,1,0,,,ORG:101478
Pall Manufacturing UK Limited,00769075,,,Portsmouth,PO6 4BQ,Ecosurety (EA),108122,1,0,,,ORG:108122
Pallet Centre Limited-The,NI015056,,,Newtonabbey,BT1 4GA,Comply with Clarity,114954,1,0,,,ORG:114954
Pallite Group Ltd,06646163,,,Wellingborough,NN8 6UY,Ecosurety (EA),105266,1,0,,,ORG:105266
Palm Paper Limited,00813701,,,Kings Lynn,PE34 3AL,Paperpak,100570,2,1,John Hargreaves (Collyhurst and Stalybridge)Limited,00197422,ORG:100570
Palram Applications UK Limited,02725870,,,London,N3 1LQ,Comply with Clarity,116158,1,0,,,ORG:116158
Palram DPL Limited,02728300,,,London,N3 1LQ,Comply with Clarity,117033,2,1,Hygienik Systems Limited,04556557,ORG:117033
Palram Polycarb Limited,03013725,,,London,N3 1LQ,Comply with Clarity,116429,1,0,,,ORG:116429
PAN ARTISAN LTD.,05674697,,,Midhurst,GU29 9HX,Beyondly,103585,1,0,,,ORG:103585
Pan United Ltd,01446632,,,Dorking,RH4 1BQ,Valpak,107457,1,0,,,ORG:107457
Panasonic Connect UK  A Branch of Panasonic Connect Europe GMBH,BR023760,,,Bracknell,RG12 1RT,REPIC,102127,1,0,,,ORG:102127
Panasonic Manufacturing U.K. Ltd,01174086,,,Cardiff,CF23 7XB,Valpak,102773,1,0,,,ORG:102773
Panasonic UK  A Branch of Panasonic Marketing Europe GMBH,BR015033,,,Bracknell,RG12 1RT,REPIC,102050,1,0,,,ORG:102050
Pandora Jewellery UK Limited,06654012,,,London,W1U 3BH,Wastepack GB (SEPA),106827,1,0,,,ORG:106827
Pandrol International Limited,00398548,,,Worksop,S81 7AX,Wastepack GB (SEPA),108263,3,2,Pandrol (Vortok) Limited; Pandrol Limited,00521438; 01212929,ORG:108263
Panesar Foods Limited,02582827,,,Kingston,MK10 0BD,ERP UK Ltd,104277,1,0,,,ORG:104277
Panini UK Ltd,01275893,,,Tunbridge Wells,TN4 8BS,ERP UK Ltd,104967,1,0,,,ORG:104967
Papa John's (GB) Ltd,02569801,,,Milton Keynes,MK15 0DQ,Valpak,108554,2,1,PJ CORP STORES LIMITED,14717771,ORG:108554
PAPER DESIGN GROUP LTD,12184177,,,Bourne End,SL8 5XE,Biffpack,116355,4,3,GLICK GIFT PACKAGING LIMITED; POLYTINT CARDS LIMITED; SIMON ELVIN LIMITED,01274235; 01325617; 13330655,ORG:116355
Paper Tech UK Ltd,03332604,,,Portsmouth,PO3 5LF,Paperpak,103461,1,0,,,ORG:103461
Paperwork (Paper Convertors) Limited,02660315,,,Normanton,WF6 1ZB,Wastepack GB (SEPA),103203,1,0,,,ORG:103203
Papier Ltd,09534860,,,London,EC4M 7AN,Beyondly,103715,1,0,,,ORG:103715
PAPIER-METTLER UK LIMITED,04266100,,,Stevenage,SG1 2FP,Biffpack,114748,1,0,,,ORG:114748
Par-Pak Europe Limited,02919936,,,London,EC3N 3AX,Ecosurety (EA),104900,2,1,Deltaform Limited,02743951,ORG:104900
Paragon Customer Communications Limited,07262428,,,London,EC2M 7EB,Ecosurety (EA),101002,3,2,Paragon Customer Communications (London) Limited; Print Trade Suppliers Limited,02788181; 08618197,ORG:101002
Paragon Property Investments Limited,06816668,,,Doncaster,DN4 8WA,Wastepack GB (SEPA),107311,3,2,Paragon Food Service Limited; Paragon Quality Foods Ltd,03155362; 09967670,ORG:107311
Paramount 21 Ltd,02295454,,,Newton Abbot,TQ12 6RA,Valpak,100803,1,0,,,ORG:100803
Parfums Christian Dior(U.K.)Ltd,01012371,,,Hersham,KT12 4NH,Valpak,107781,1,0,,,ORG:107781
Paris Presents UK Ltd,08017890,,,London,WC1N 3AX,Valpak,107374,1,0,,,ORG:107374
PARK CAKES LIMITED,05998327,,,Lancashire,OL8 2ND,Beyondly,107628,1,0,,,ORG:107628
Park Garden Centre Limited,02489833,,,Almondsbury,BS32 4BP,Wastepack GB (SEPA),115658,1,0,,,ORG:115658
Park Holidays UK Limited,02434151,,,Bexhill on Sea,TN39 5ES,Veolia (EA),107499,1,0,,,ORG:107499
Park Inn by Radisson UK Ltd,05064003,,,Manchester,M90 3RA,Wastepack GB (SEPA),106837,6,5,Ability Hotels (Peterborough) Limited; Belfcard Ltd; Octagon Pier Limited; Park Inn by Radisson Hotel Heathrow Ltd.; Radisson Hotels Management Ltd.,05064006; 05433108; 06530365; 09286484; BR007444,ORG:106837
Parkdean Resorts UK Limited,05729719,,,Newcastle Upon Tyne,NE12 8ET,Veolia (EA),105587,13,12,GB Holiday Parks Limited; Lake District Leisure Pursuits Limited; Manor Park Holiday Park Limited; Park Resorts Limited; Parkdean Caravan Parks Limited; Parkdean Holiday Parks Limited; South Lakeland Parks Limited; Southerness Holiday Village Limited; Southview Leisure Park Limited; Upperbay Limited; Vauxhall Holiday Park Limited; Weststar Holidays Limited,00561422; 00651467; 02086697; 02906868; 03817280; 04086679; 04133998; 04166268; 05231267; 05935553; 05936854; SC255082,ORG:105587
Parker Hannifin (Holdings) Limited,03922924,,,Hemel Hempstead,HP24TZ,Valpak,117532,1,0,,,ORG:117532
Parkers Nurseries Limited,03481270,,,Clacton-on-sea,CO16 0HS,,106933,1,0,,,ORG:106933
Parkers Packaging Ltd,05068361,,,Prescot,L34 9AS,Valpak,111844,1,0,,,ORG:111844
Parkside Flexibles (Europe) Ltd,05325366,,,Normanton,WF6 1RL,Valpak,100957,1,0,,,ORG:100957
Parkstone Ltd,01603910,,,Newmarket,CB8 9DD,ERP UK Ltd,100067,1,0,,,ORG:100067
Parkview Provisions Limited,NI058012,,,Belfast,BT3 9JG,Wastepack Northern Ireland (NIEA),103570,1,0,,,ORG:103570
Parsley Box Ltd,SC561983,,,Edinburgh,EH4 2HS,Valpak,103332,1,0,,,ORG:103332
Parts Town UK Limited,03789633,,,Cannock,WS11 8LD,Kite Environmental Solutions,105922,1,0,,,ORG:105922
Partylite U.K.  Ltd,03137097,,,Altrincham,WA14 2DT,Valpak,102129,1,0,,,ORG:102129
Pasante Healthcare Ltd,04409735,,,Brighton,BN1 2RL,Valpak,108411,1,0,,,ORG:108411
Passenger Clothing Ltd,08236973,,,New Milton,BH25 5NN,Beyondly,114515,1,0,,,ORG:114515
Pasta Foods Limited,00566338,,,Norwich,NR5 0JH,Wastepack GB (SEPA),101479,1,0,,,ORG:101479
PastaKing (UK) Ltd,02920737,,,Newton Abbot,TQ12 4SG,Valpak,104708,1,0,,,ORG:104708
PATAGONIA BIDCO LIMITED,13395419,,,Llangefni,LL77 7JA,Biffpack,114843,5,4,BATHROOM DISTRIBUTION GROUP UK LIMITED; FRONTLINE BATHROOMS LTD.; HUWS GRAY LIMITED; QUALPLAS LIMITED,01367550; 02176381; 02506633; 02533308,ORG:114843
Paterson Enterprises Ltd,04930959,,,Shrewsbury,SY1 2EL,Valpak,102554,2,1,Goodall Bates & Todd Ltd,00090220,ORG:102554
Pattersons (Holdings) Limited,04044979,,,Bristol,BS3 2NS,Wastepack GB (SEPA),105571,2,1,Pattersons (Bristol) Limited,01107210,ORG:105571
Pattesons Glass Ltd,06608446,,,Humberston,DN36 4TQ,Valpak,116137,2,1,Wares of Knutsford,04305550,ORG:116137
Pattonair Holdings Limited,07525433,,,Derby,DE24 8UJ,Veolia (EA),107854,3,2,Pattonair (Derby) Limited; Pattonair Limited,00974964; 03872238,ORG:107854
PAUL HARTMANN LIMITED,01523121,,,Pilsworth Road,OL10 2TT,Beyondly,101154,1,0,,,ORG:101154
Paul Murray plc,01172728,,,Southampton,SO18 2FA,Veolia (EA),100242,1,0,,,ORG:100242
Paul s Fruit & Veg. (Western International) Limited,02752384,,,Leicester,LE2 7SR,Wastepack GB (SEPA),100733,1,0,,,ORG:100733
PAUL SMITH LIMITED,01170719,,,Nottingham,NG7 2PW,,104094,1,0,,,ORG:104094
Pavers Limited,01014213,,,York,YO26 6QU,Wastepack GB (SEPA),107274,2,1,Herring Shoes Limited,03919412,ORG:107274
Pavestone UK Limited,04643500,,,Brize Norton,OX18 3WN,Veolia (EA),103301,1,0,,,ORG:103301
Paxton Access Group Ltd,05480765,,,Brighton,BN1 9HU,ERP UK Ltd,102288,3,2,General Distribution Limited; Paxton Access Limited,01879474; 04231192,ORG:102288
Paynes Dairies Ltd,03556170,,,Roecliffe,YO519LS,Comply with Clarity,104147,1,0,,,ORG:104147
PB Packaging Group Ltd,00698834,,,Greenford,UB6 0AQ,Wastepack GB (SEPA),101717,1,0,,,ORG:101717
PBDFM Limited,NI036976,,,Newry,BT34 3LY,Wastepack Northern Ireland (NIEA),101518,1,0,,,ORG:101518
PC Specialist Ltd,04777867,,,Wakefield,WF4 4TD,Packcare,101416,1,0,,,ORG:101416
PCT HEALTHCARE LIMITED,01768840,,,Manchester,M28 3NS,Biffpack,105199,1,0,,,ORG:105199
PDI (Emea) Ltd,04589210,,,Northants,NN17 5XJ,Valpak,106330,1,0,,,ORG:106330
Peace Packaging Ltd,02799009,,,Liverpool,L18 1DG,Valpak,114917,1,0,,,ORG:114917
PEAK PACKAGING LIMITED,02688073,,,Ilkeston,DE7 8EF,Biffpack,105573,1,0,,,ORG:105573
PEARCE SEEDS LLP,OC380509,,,SHERBORNE,DT9 4SX,Comply with Clarity,117326,1,0,,,ORG:117326
Peaty Mills plc,01420790,,,West Malling,ME19 5SH,Valpak,105314,1,0,,,ORG:105314
Pebble Grey Limited,06760574,,,Castleford,WF10 5PY,Packcare,115863,1,0,,,ORG:115863
Pecan Deluxe Candy (Europe) Limited,02704966,,,Leeds,LS25 6PJ,Wastepack GB (SEPA),100562,1,0,,,ORG:100562
Peeko Online Limited,12732998,,,Nottingham,NG1 6HH,,115804,1,0,,,ORG:115804
Pelagia Shetland Limited,SC094953,,,Lerwick,ZE1 0PX,Ecosurety (EA),105674,1,0,,,ORG:105674
Pelham Healthcare Limited,07993456,,,Waterlooville,PO7 3DU,Comply with Clarity,105879,1,0,,,ORG:105879
Peli Biothermal Ltd,08824902,,,Leighton Buzzard,LU7 4QQ,Valpak,103993,1,0,,,ORG:103993
Peloton Interactive UK Ltd,11174745,,,London,WC2H 9JG,ERP UK Ltd,101825,1,0,,,ORG:101825
PELSIS LIMITED,01576542,,,Knaresborough,HG5 8PJ,Biffpack,102086,3,2,AGRISENSE INDUSTRIAL MONITORING LIMITED; BRANDENBURG (UK) LIMITED,03604238; 09803744,ORG:102086
Penasul UK Ltd,04944443,,,Uxbridge,UB8 1HE,Valpak,100212,1,0,,,ORG:100212
PENCARRIE LIMITED,03371637,,,Cullompton,EX15 2QW,Beyondly,116618,1,0,,,ORG:116618
Pendragon Management Services Limited,02188922,,,Nottingham,NG15 0DR,Veolia (EA),106992,1,0,,,ORG:106992
Penhaligon's Ltd,02110619,,,London,WC2E 9NH,Valpak,104129,1,0,,,ORG:104129
Penistone Paper and Board Ltd,01070234,,,Sheffield,S36 6HH,ERP UK Ltd,103321,1,0,,,ORG:103321
Penn Elcom Limited,04768848,,,London,EC3M 6BN,Kite Environmental Solutions,107814,1,0,,,ORG:107814
Pennell's Holdings Limited,06008237,,,Lincoln,LN6 9NT,Wastepack GB (SEPA),102862,4,3,Pennell & Sons Limited; Pennell's Estates Limited; Sleaford Garden Centre and Farm Shop Limited,00233474; 00322130; 04508640,ORG:102862
Pennguin Limited,07162277,,,Jarrow,NE32 3DP,Kite Environmental Solutions,111237,1,0,,,ORG:111237
Penny Lane Foods Limited,01877588,,,Bridgwater,TA6 5NA,,105061,1,0,,,ORG:105061
PENTAGON SECURE PACKAGING LIMITED,10472655,,,Nantwich,CW5 6PQ,Beyondly,115934,1,0,,,ORG:115934
Penthouse Carpets Limited,01059087,,,Rochdale,OL12 9DU,Wastepack GB (SEPA),103531,1,0,,,ORG:103531
Pentland Group Ltd,11439197,,,London,W1U 3PH,Valpak,116887,8,7,Airborne Footwear Ltd; Berghaus Ltd; Canterbury of New Zealand Ltd; Ellesse Ltd; Endura Ltd; Mitre Sports International Ltd; Speedo International Ltd,00227323; 00871405; 01910146; 02081721; 02688851; 06931046; SC128821,ORG:116887
Pentland Plants Limited,SC259669,,,Midlothian,EH20 9QG,Beyondly,104569,1,0,,,ORG:104569
Pentre Holdings Ltd,04918239,,,Leigh,WN7 3PG,Valpak,105958,2,1,Pentre Group Ltd,02514415,ORG:105958
PEPE`S PIRI PIRI LIMITED,06827969,,,London,NW11 7PE,,111508,1,0,,,ORG:111508
Per-Scent Group Ltd,03002517,,,Manchester,M17 1LE,Kite Environmental Solutions,114853,3,2,Per-Scent Fine Limited; Per-Scent Limited,04779360; 05245148,ORG:114853
Perco North East Ltd,03125780,,,Stockton on tees,TS20 1DN,Valpak,115653,1,0,,,ORG:115653
PerfectDraft UK Limited,08118833,,,London,EC4A 1EN,Ecosurety (EA),107073,1,0,,,ORG:107073
Performance Health International Ltd,04374752,,,Sutton in Ashfield,NG17 2HU,Valpak,116001,1,0,,,ORG:116001
Perkins Engines Company Ltd,02089227,,,Peterborough,PE1 5FQ,ERP UK Ltd,104672,1,0,,,ORG:104672
Permanoid Ltd,00352908,,,Manchester,M40 8HH,Valpak,101453,1,0,,,ORG:101453
Permastore Ltd,00257009,,,Eye,IP23 7HS,Valpak,108313,1,0,,,ORG:108313
Pernod Ricard UK Limited,01870414,,,London,W4 5YG,Ecosurety (EA),102689,1,0,,,ORG:102689
Perry Ellis Europe Limited,00981294,,,Witham,CM8 3HA,Veolia (EA),107699,1,0,,,ORG:107699
Personnel Hygiene Services Limited,00770813,,,Caerphilly,CF83 1XH,Ecosurety (EA),102833,2,1,Teacrate Rentals Limited,00059738,ORG:102833
Perspex Distribution Limited,04625370,,,Blackburn,BB1 2QE,Comply with Clarity,102496,1,0,,,ORG:102496
Perspex International Ltd,11560712,,,Blackburn,BB1 2QE,Valpak,104581,1,0,,,ORG:104581
PET FAMILY LIMITED,07468207,,,West Sussex,RH10 1TG,Biffpack,107432,3,2,PETS CORNER (UK) LIMITED; WE.PET LIMITED,03551085; 12224420,ORG:107432
PET MATE LIMITED,01971114,,,Weybridge,KT13 8BL,Beyondly,116329,1,0,,,ORG:116329
Peter Gilding & Co. Limited,02059336,,,Prescot,L34 9HP,Comply with Clarity,101575,1,0,,,ORG:101575
Peter H Smith Limited,03047020,,,Preston,PR2 2YL,Wastepack GB (SEPA),104433,1,0,,,ORG:104433
Peter Hogarth and Sons Limited,01143352,,,Grimsby,DN31 3ER,Wastepack GB (SEPA),108194,1,0,,,ORG:108194
Peter Marsh & Sons Limited,00186560,,,Liverpool,L20 8AE,Paperpak,100168,1,0,,,ORG:100168
Peter's Food Service Limited,03341786,,,Caerphilly,CF83 8XP,Wastepack GB (SEPA),101760,1,0,,,ORG:101760
PETER'S YARD WHOLESALE LIMITED,06681072,,,St Albans,AL1 3AW,Beyondly,111502,1,0,,,ORG:111502
Petro-Canada Europe Lubricants Ltd,05355307,,,Altrincham,WA14 2DT,Valpak,106101,1,0,,,ORG:106101
Petrofer U.K. Limited,02872607,,,Telford,TF7 4PW,Veolia (EA),101473,1,0,,,ORG:101473
Petrow Food Industries Limited,02859663,,,Haverhill,CB9 7AE,Kite Environmental Solutions,101406,1,0,,,ORG:101406
Pets at Home Holdings Ltd,03864149,,,Handforth,SK9 3RN,Valpak,105112,51,50,Accrington Vets4Pets Ltd; Bangor Wales Vets4Pets Ltd; Bath Vets4Pets Ltd; Bearsden Vets4Pets Ltd; Bicester Vets4Pets Ltd; Borehamwood Vets4Pets Ltd; Bramley Vets4Pets Ltd; Brighton Vets4Pets Ltd; Companion Care (Banbury) Ltd; Companion Care (Barnsley Cortonwood) Ltd; Companion Care (Ely) Ltd; Companion Care (Exeter) Ltd; Companion Care (Farnborough) Ltd; Companion Care (Farnham) Ltd; Companion Care (Kings Lynn) Ltd; Companion Care (Llantrisant) Ltd; Companion Care (Salisbury) Ltd; Companion Care (Scarborough) Ltd; Companion Care (Services) Ltd; Companion Care (Stockport) Limited; Gamston Vets4Pets Ltd; Gillingham Vets4Pets Ltd; Guildford Vets4Pets Ltd; Huddersfield Vets4Pets Ltd; Kendal Vets4Pets Ltd; Leeds Kirkstall Vets4Pets Ltd; Leicester St Georges Vets4Pets Ltd; Leigh Vets4Pets Ltd; Lichfield Vets4Pets Ltd; Liverpool OS Vets4Pets Ltd; Llanrumney Vets4Pets Ltd; Longton Vets4Pets Ltd; Market Harborough Vets4Pets Ltd; Merthyr Tydfil Vets4Pets Ltd; Newtownards Vets4Pets Ltd; Northwich Vets4Pets Ltd; Pets At Home Ltd; Pets at Home Vet Group Ltd; Portishead Vets4Pets Limited; Prescot Vets4Pets Ltd; Rayleigh Vets4Pets Ltd; Runcorn Vets4Pets Ltd; Sheffield Wadsley Bridge Vets4Pets Limited; Swinton Vets4Pets Limited; Tilehurst Vets4Pets Ltd; Vetsdirect Ltd.; Wakefield Vets4Pets Ltd; Walkden Vets4Pets Ltd; Wallasey Bidston Moss Vets4Pets Ltd; Watford Vets4Pets Limited,01822577; 04141142; 04238788; 04240547; 04262693; 04417089; 04930076; 05665158; 06457719; 06547935; 06555344; 06776686; 06797982; 06959208; 07207906; 07432838; 07673889; 07780175; 07877541; 08080307; 08291716; 08314805; 08314827; 08595290; 08606393; 08658295; 08816819; 08878815; 09190138; 09319066; 09416830; 09639978; 09847728; 09881176; 10015704; 10067571; 10163314; 10285804; 10291543; 10573329; 10601393; 10602806; 10970617; 10976532; 11107287; 11180484; 11446894; 13470077; 13539268; SC230445,ORG:105112
PETS CHOICE LIMITED,02181268,,,Blackburn,BB1 5UD,Comply with Clarity,111898,1,0,,,ORG:111898
Petty  Wood & Co. Ltd,00082419,,,Milton Keynes,MK5 8FR,Valpak,103909,1,0,,,ORG:103909
Peugeot Motor Company PLC,00148545,,,Coventry,CV3 1ND,Ecosurety (EA),102235,1,0,,,ORG:102235
PF Concept International Cooperatif U.A.,FC039830,,,Leiden,2316 ZL,Valpak,116269,1,0,,,ORG:116269
Pfizer Limited,00526209,,,Sandwich,CT13 9NJ,Wastepack GB (SEPA),102112,1,0,,,ORG:102112
PH UK Franchising Limited,08012651,,,London,SE1 1PP,Veolia (EA),108590,1,0,,,ORG:108590
Pharmacy2U Limited,03802593,,,Leeds,LS15 8GB,Wastepack GB (SEPA),103569,1,0,,,ORG:103569
Pharmapac (U.K.) Limited,03201556,,,Wirral,CH41 7EL,Ecosurety (EA),101482,1,0,,,ORG:101482
Phase Eight (Fashion & Designs) Ltd,01735454,,,London,EC2R 7HF,Valpak,108508,1,0,,,ORG:108508
Pheasantry Farms and Brewery Limited,13042827,,,East Markham,NG22 0SN,Packcare,114850,1,0,,,ORG:114850
Philex Electronic Limited,03391238,,,Bedford,MK42 0NX,ERP UK Ltd,102151,1,0,,,ORG:102151
Philip Dennis Foodservice Ltd,00571334,,,Ilfracombe,EX34 8PL,Valpak,104545,1,0,,,ORG:104545
Philip Morris Ltd,03619145,,,London,W6 7AP,Valpak,102486,1,0,,,ORG:102486
Philips Electronics UK Limited,00446897,,,Farnbrough,GU14 6XW,Ecosurety (EA),102051,1,0,,,ORG:102051
Phillips Screw Company,,,,Amesbury,01913,Beyondly,108672,1,0,,,ORG:108672
PHINIA DELPHI UK LTD,03870587,,,Stonehouse,GL10 3SX,Biffpack,105716,1,0,,,ORG:105716
PHO TRADING LIMITED,05329479,,,London,EC1R 0DP,Beyondly,107287,1,0,,,ORG:107287
Phoenix Contact Ltd,01919983,,,Telford,TF7 4PG,Valpak,104719,1,0,,,ORG:104719
Phoenix Medical Supplies Limited,03603234,,,Runcorn,WA7 3DJ,Veolia (EA),108085,5,4,L.Rowland & Company (Retail) Limited; L.Rowland & Company Limited; Nupharm Limited; Phoenix Healthcare Distribution Limited,00129370; 00228923; 02288928; 04897067,ORG:108085
Photolox Ltd,SC081970,,,Edinburgh,EH3 9GL,Scotpak (SEPA),104426,1,0,,,ORG:104426
PI Pack UK Ltd,12596407,,,Kimbolton,PE28 0NJ,Wastepack GB (SEPA),116403,1,0,,,ORG:116403
Pickstock Foods Ltd,11412792,,,Hartshorne,DE11 7FN,Wastepack GB (SEPA),117751,1,0,,,ORG:117751
Pickstock Telford Ltd,04642496,,,Telford,TF1 7FA,Valpak,104148,1,0,,,ORG:104148
PIDY LTD.,03376900,,,Northampton,NN4 0NB,Beyondly,104130,1,0,,,ORG:104130
Pie Minister Kitchens Limited,12656475,,,Brentry,BS10 6NF,Ecosurety (EA),102624,1,0,,,ORG:102624
Pieroth Ltd,00698603,,,Luton,LU1 3LU,Valpak,101684,1,0,,,ORG:101684
PIERRE FABRE LIMITED,00986738,,,London,EC4M 7WS,Beyondly,106442,1,0,,,ORG:106442
Pilgrim FoodService Ltd,05526538,,,Boston,PE21 7SJ,Valpak,103812,1,0,,,ORG:103812
Pilgrim's Shared Services Ltd,13876078,,,Uxbridge,UB8 1HE,Valpak,115958,8,7,Kitchen Range Foods Ltd; Moy Park Ltd; Oakhouse Foods Ltd; Pilgrim's Food Masters UK Ltd; Pilgrim's Pride Ltd; Pilgrim's UK Lamb Ltd; Rollover Ltd,00608077; 01004539; 01010230; 02606878; 04226390; 13352340; NI004842,ORG:115958
Pillbox38 UK Ltd,06781419,,,Blackburn,BB2 2QR,Packcare,103463,1,0,,,ORG:103463
PIMPERNEL WHARF LIMITED,05461478,,,Reigate,RH2 7LD,Beyondly,106047,1,0,,,ORG:106047
Pineapple Contracts Unlimited,09195663,,,Maidstone,ME20 6XJ,Beyondly,116734,1,0,,,ORG:116734
PING EUROPE LIMITED,01129505,,,Gainsborough,DN21 1XZ,Biffpack,104936,1,0,,,ORG:104936
Pinnacle health nutrition Ltd,10557314,,,Peterborough,PE7 3EL,Comply with Clarity,111485,1,0,,,ORG:111485
Pioneer Hi-Bred Northern Europe Sales Division GMBH,BR006787,,,Melbourn,SG8 6HB,,106934,1,0,,,ORG:106934
Pip & Nut Ltd,08624397,,,London,E1 6JJ,Valpak,105013,1,0,,,ORG:105013
Pipi Print & Packaging Ltd,06836356,,,Leicester,LE4 6EG,ERP UK Ltd,115634,1,0,,,ORG:115634
Piramal Healthcare UK Limited,05370591,,,Morpeth,NE61 3YA,Wastepack GB (SEPA),104385,1,0,,,ORG:104385
Pirelli Tyres Limited,00103068,,,Burton-on-Trent,DE13 0BH,Veolia (EA),106473,1,0,,,ORG:106473
Piroto Labelling Limited,01092907,,,Northampton,NN3 6RT,Paperpak,100861,1,0,,,ORG:100861
Pittas Foods Limited,01661605,,,Waltham Abbey,EN9 1JU,Kite Environmental Solutions,108095,1,0,,,ORG:108095
PIZZA GOGO LTD,03104628,,,Rainham,RM13 8UH,Wastepack GB (SEPA),115665,3,2,999 PIZZA TOPPINGS (BIRMINGHAM) LTD; 999 Pizza Toppings (UK) Limited,04419251; 11899939,ORG:115665
PIZZA PILGRIMS LTD,08292290,,,London,W1F 7DD,Beyondly,115625,2,0,,,ORG:115625
Pizzaexpress Limited,01404552,,,Uxbridge,UB8 1DH,Wastepack GB (SEPA),116140,3,2,PizzaExpress (Wholesale) Limited; Pizzaexpress (Restaurants) Limited,02805490; 02813728,ORG:116140
Pizzasi Distribution UK Ltd.,08979263,,,Slough,SL3 0DF,Wastepack GB (SEPA),104574,1,0,,,ORG:104574
PJ COLOURS LIMITED,03479538,,,Stoke-On-Trent,ST1 5SQ,Beyondly,108298,1,0,,,ORG:108298
PLADIS (UK) LIMITED,02506007,,,Chiswick,W4 5YA,Comply with Clarity,107456,1,0,,,ORG:107456
Plane Talking Products Ltd,06526398,,,Eastleigh,SO50 7HD,Valpak,111890,2,1,PTP Healthcare Ltd,10896609,ORG:111890
Planet Produce Ltd,03657286,,,Liverpool,L7 9NJ,Valpak,103403,1,0,,,ORG:103403
PLANGLOW LIMITED,01975062,,,Bristol,BS1 2NT,Beyondly,103268,1,0,,,ORG:103268
Planit Products Limited,05963552,,,Malvern,WR14 1GL,Comply with Clarity,100977,1,0,,,ORG:100977
Plant Meat Ltd,11104088,,,Coventry,CV3 4LB,Valpak,114421,1,0,,,ORG:114421
PLASMECH PACKAGING LIMITED,03458871,,,Letchworth Garden City,SG6 1HD,Beyondly,104464,1,0,,,ORG:104464
Plasmor Ltd,00642173,,,Knottingley,WF11 0DL,Valpak,105250,3,2,Plasmor (Halton) Ltd; Plasmor (Sabey Kirby) Ltd,00431093; 01576217,ORG:105250
PLASSON U.K. LTD,05835266,,,Burgess Hill,RH15 9TN,Biffpack,114208,1,0,,,ORG:114208
Plastek UK Ltd,03567624,,,Mansfield,NG19 0FT,Beyondly,104535,1,0,,,ORG:104535
Plastic and Metal Profiles Limited,02840998,,,Newcastle Upon Tyne,NE12 9SZ,Wastepack GB (SEPA),116281,1,0,,,ORG:116281
Plastic Extruders Limited,00745566,,,Wickford,SS11 8DN,Kite Environmental Solutions,106035,1,0,,,ORG:106035
PLASTIC PRODUCTS LIMITED,00380478,,,South Croydon,CR2 0BS,Beyondly,104215,1,0,,,ORG:104215
PLASTIPAK UK LTD,09582502,,,Wrexham,LL12 8LX,Biffpack,104146,1,0,,,ORG:104146
Plastivaloire Northampton Limited,03385357,,,Northampton,NN3 8RE,Wastepack GB (SEPA),101937,1,0,,,ORG:101937
Plastoreg Eastlight Ltd,14839297,,,Manchester,M34 3LR,Valpak,114466,1,0,,,ORG:114466
PLASTRIBUTION LIMITED,01461218,,,Ashby-De-La-Zouch,LE65 1NF,Biffpack,104833,1,0,,,ORG:104833
PLATINUM STAIRLIFTS LIMITED,03179671,,,KEIGHLEY,BD20 7BW,Beyondly,101258,1,0,,,ORG:101258
PLATTS AGRICULTURE LIMITED,01500964,,,Llay,LL12 0PJ,Beyondly,100849,1,0,,,ORG:100849
PLAYMOBIL (U.K.) LIMITED,01493033,,,Basildon,SS14 3RW,Beyondly,101528,1,0,,,ORG:101528
Pledge Office Chairs Limited,00979183,,,Leighton Buzzard,LU7 1BA,Wastepack GB (SEPA),106428,1,0,,,ORG:106428
PLK Chicken UK Ltd,13135583,,,London,WC1N 3AX,Valpak,107787,1,0,,,ORG:107787
PLUM PRODUCTS LIMITED,02285392,,,Lincoln,LN1 2YQ,Beyondly,103512,1,0,,,ORG:103512
Plus Packaging Limited,07685949,,,Liverpool,L24 9GQ,Wastepack GB (SEPA),102713,1,0,,,ORG:102713
PMC Polythene Limited,02374351,,,Buntingford,SG9 9AZ,Packcare,116157,1,0,,,ORG:116157
PMS International Group plc,01439694,,,Basildon,SS13 1ST,Beyondly,101176,2,1,Summit Outdoors & Leisure PLC,03419643,ORG:101176
Pneumatic Components Ltd,00341813,,,Sheffield,S20 3GE,Valpak,101137,2,1,Colson X-Cel Ltd,02666765,ORG:101137
POD POINT LIMITED,06851754,,,London,WC1X 8HB,Beyondly,107539,1,0,,,ORG:107539
Pol Roger Ltd,02516334,,,Hereford,HR1 2DY,Valpak,102076,1,0,,,ORG:102076
Polarseal Tapes And Conversions Limited,10164939,,,Farnham,GU9 9PZ,Comply with Clarity,102477,1,0,,,ORG:102477
Polhill Garden Centre Ltd,01807258,,,Nr Sevenoaks,TN14 7BD,Valpak,103297,1,0,,,ORG:103297
Polish Village Bakery Ltd,06852383,,,London,SW2 1QN,Wastepack GB (SEPA),102165,1,0,,,ORG:102165
POLISH VILLAGE BREAD LTD,06011591,,,Northampton,NN6 0JE,Beyondly,115516,1,0,,,ORG:115516
Polly Print and Packaging Limited,04396356,,,Crewe,CW1 6NG,Paperpak,114760,1,0,,,ORG:114760
Polyart Metallised UK LTD,05285231,,,Wales,CF83 3HU,Valpak,104538,1,0,,,ORG:104538
Polyblend UK Limited,06825328,,,Widnes,WA8 8PT,Kite Environmental Solutions,105001,1,0,,,ORG:105001
Polybrook Ltd,10480810,,,London,NW1 3AD,Valpak,116305,1,0,,,ORG:116305
Polyclear Limited,01260718,,,Southampton,SO15 0LG,,104141,2,1,Amberdale Manufacturing Limited,01997506,ORG:104141
PolyCo Healthline Ltd,02000388,,,Bourne,PE10 0DN,Valpak,107242,1,0,,,ORG:107242
POLYCOPY LTD,11950542,,,Loughborough,LE11 1QD,Biffpack,103335,1,0,,,ORG:103335
Polyflor Limited,00743538,,,Radcliffe,M26 1JN,Wastepack GB (SEPA),100918,1,0,,,ORG:100918
POLYFOAM XPS LIMITED,10314481,,,Hartlepool,TS25 2BE,Biffpack,104178,1,0,,,ORG:104178
Polynt Composites UK Limited,02051980,,,Nr Grimsby,DN41 8DR,,101093,1,0,,,ORG:101093
POLYNT UK LIMITED,04856938,,,Near Leek,ST13 7EF,Beyondly,102206,1,0,,,ORG:102206
Polypipe Limited,01099323,,,Leeds,LS11 5AE,Veolia (EA),102719,13,12,Adey Commercial Limited; Adey Innovation Limited; Alpha Scientific Ltd; Genuit UFH Limited; Keytec Installation Services Limited; Manthorpe Building Products Limited; Nu-Heat UK Limited; Nuaire Limited; Polydeck Limited; Polypipe (Ulster) Limited; Polypipe Civils Limited; Sky Garden Limited,00877308; 01971965; 02628216; 03131852; 04320909; 05001590; 06215200; 07791386; 10822650; 11506820; 15733512; NI016612,ORG:102719
Polyplas Extrusions Ltd,02362849,,,Derbyshire,DE6 1HA,Valpak,106204,1,0,,,ORG:106204
Polyram U.K. Ltd,05177839,,,Gloucester,GL1 2EH,Valpak,103207,1,0,,,ORG:103207
Polyseam Limited,02839491,,,Huddersfield,HD1 6SB,Comply with Clarity,101627,1,0,,,ORG:101627
POLYSTAR PLASTICS LTD,02690339,,,SOUTHAMPTON,SO14 5QT,Packcare,104318,1,0,,,ORG:104318
POLYTEC CAR STYLING UK LIMITED,04026072,,,Herefordshire,HR7 4NS,Beyondly,108257,1,0,,,ORG:108257
Polytech Liquid Polymers Ltd,12170514,,,Macclesfield,SK10 5SD,Valpak,108544,1,0,,,ORG:108544
Polythene (UK) Limited,06039291,,,Witney,OX28 4FH,Paperpak,107808,1,0,,,ORG:107808
PONTRILAS GROUP LIMITED,06020606,,,Hereford,HR2 0BE,Beyondly,107559,5,4,Giffords Recycling Limited; PONTRILAS MERCHANTS LIMITED; PONTRILAS PACKAGING LIMITED; PONTRILAS SAWMILLS LIMITED,00457573; 01338115; 02379869; 07066018,ORG:107559
Pooch and Mutt LTD,06352674,,,Kettering,NN16 8NQ,Valpak,111295,1,0,,,ORG:111295
Pooky Lighting Limited,08820272,,,Barnwood,GL4 3HX,Wastepack GB (SEPA),117331,1,0,,,ORG:117331
Poole Bay Holdings Limited,10701446,,,Poole,BH17 0LA,Ecosurety (EA),103076,7,6,CMUK Visual Safety Limited; Koolpak Limited; Medi Supplies Limited; No Butts Bin Co. Limited; V Safety Limited; Value Products Limited,02808528; 02955153; 03038023; 03951452; 06815353; 10447575,ORG:103076
POOLE LIGHTING LIMITED,04740426,,,Poole,BH17 7BY,Beyondly,102975,1,0,,,ORG:102975
Poole's (Moira) Ltd,NI031080,,,Belfast,BT1 2LB,Wastepack Northern Ireland (NIEA),116515,1,0,,,ORG:116515
PORCELANOSA UK LIMITED,03134596,,,Watford,WD25 8HL,Biffpack,103904,1,0,,,ORG:103904
Porsche Cars Great Britain Ltd,00861097,,,Reading,RG31 7SE,Valpak,104028,1,0,,,ORG:104028
Portion Solutions Limited,04284442,,,Telford,TF1 7EY,Wastepack GB (SEPA),103611,1,0,,,ORG:103611
Portmeirion Group UK Limited,00417484,,,Stoke on Trent,ST4 7QQ,Wastepack GB (SEPA),104151,1,0,,,ORG:104151
Portsmouth Aviation Limited,00238470,,,Portsmouth,PO3 5PF,Wastepack GB (SEPA),100284,1,0,,,ORG:100284
Portwest Clothing Limited,02243347,,,Rotherham,S63 0JF,Wastepack GB (SEPA),107169,1,0,,,ORG:107169
POSITEC (UK AND IRELAND) LIMITED,03998785,,,Newbury,RG14 1JX,Beyondly,107275,1,0,,,ORG:107275
POSTPACK LTD,04446988,,,Lincolnshire,NG31 7QH,Biffpack,100443,1,0,,,ORG:100443
Posturite Limited,02574809,,,Doncaster,DN11 0BF,Wastepack GB (SEPA),100431,1,0,,,ORG:100431
Pots&Co Ltd,08106984,,,London,W6 8DA,Wastepack GB (SEPA),103526,1,0,,,ORG:103526
POTTER & MOORE PLC,01227964,,,Peterborough,PE4 6ND,Beyondly,107791,3,2,EMMA HARDIE LIMITED; POTTER & MOORE INNOVATIONS LIMITED,04645119; 05495827,ORG:107791
Potts Partnership Ltd,06934795,,,Swindon,SN25 5AZ,,116002,1,0,,,ORG:116002
Potts Print (UK) Limited,00536326,,,Cramlington,NE23 1WG,Wastepack GB (SEPA),100345,1,0,,,ORG:100345
Poundland Ltd,02495645,,,Walsall,WS1 3TX,Valpak,103745,1,0,,,ORG:103745
Poundstretcher Ltd,00553014,,,Leicester,LE9 2BJ,ERP UK Ltd,105227,1,0,,,ORG:105227
Pour Moi Ltd,03178849,,,Brighton,BN1 1ND,Valpak,102064,1,0,,,ORG:102064
Povoas Packaging Ltd,00529777,,,Kettering,NN14 2SR,Valpak,100531,1,0,,,ORG:100531
Powakaddy International Limited,07747629,,,Sittingbourne,ME10 3RN,Ecosurety (EA),101470,1,0,,,ORG:101470
Powder Bowl Trading Ltd,08850523,,,London,W2 1AY,Comply with Clarity,115243,1,0,,,ORG:115243
Powell Packaging Limited,01690366,,,Scunthorpe,DN17 2AU,Paperpak,102414,1,0,,,ORG:102414
Power Body Nutrition Ltd,06909822,,,York,YO19 5SE,Beyondly,105667,1,0,,,ORG:105667
Powerforce Distribution Limited,04012032,,,Stoke on Trent,ST4 2NL,ERP UK Ltd,100281,1,0,,,ORG:100281
Powerplay Brands Ltd,06072257,,,Oldham,OL2 6JZ,Valpak,103701,1,0,,,ORG:103701
Powervamp Limited,02886463,,,Guildford,GU1 1UN,Paperpak,106493,1,0,,,ORG:106493
Powrmatic Ltd,00657482,,,Aldridge,WS9 8QD,Valpak,106030,1,0,,,ORG:106030
PPB LTD,01460812,,,Birmingham,B76 1AF,Biffpack,104484,1,0,,,ORG:104484
PPG Architectural Coatings UK Limited,00436135,,,Batley,WF17 9XA,Ecosurety (EA),103206,1,0,,,ORG:103206
PPG Industries (UK) Ltd,02110620,,,Stowmarket,IP14 2AD,Valpak,103197,1,0,,,ORG:103197
PPS Equipment Holdings Ltd,07907410,,,Uttoxeter,ST14 8LP,Valpak,101808,3,2,Alison Handling Services Ltd; PPS Midlands Ltd,02978643; SC240448,ORG:101808
PQ Silicas UK Ltd,06458647,,,Warrington,WA5 1AQ,Valpak,104692,1,0,,,ORG:104692
Precision Hydraulic Cylinders (UK) Limited,04304337,,,Cramlington,NE23 8AE,Wastepack GB (SEPA),103577,1,0,,,ORG:103577
Precision Proco Group Ltd,12746789,,,Dagenham,RM9 6FB,Paperpak,101424,1,0,,,ORG:101424
Precision Valve U.K. Ltd,01691504,,,London,EC1A 2DY,Valpak,114984,1,0,,,ORG:114984
Precon Products Ltd,06116510,,,Ipswich,IP1 3LG,Wastepack GB (SEPA),102696,1,0,,,ORG:102696
Preformed Line Products (Great Britain) Ltd,00578922,,,Andover,SP10 3LH,Valpak,102423,1,0,,,ORG:102423
Pregis Ltd,09981936,,,Stevenage,SG1 3QP,Paperpak,116592,1,0,,,ORG:116592
PREMDOR CROSBY LIMITED,03227274,,,Darton Barnsley,S75 5JS,Biffpack,105629,1,0,,,ORG:105629
Premier Cement Ltd,NI020766,,,Belfast,BT17 9NU,Valpak,103032,2,1,Southern Cement Ltd,04316113,ORG:103032
Premier Coatings Limited,01636433,,,Smarden,TN27 8PJ,Wastepack GB (SEPA),103402,1,0,,,ORG:103402
PREMIER DECORATIONS LIMITED,02217683,,,Ruislip,HA4 0EJ,Biffpack,102210,1,0,,,ORG:102210
Premier Farnell UK Limited,00860093,,,Leeds,LS12 2QQ,Ecosurety (EA),101672,1,0,,,ORG:101672
Premier Flexible Packaging Ltd,03067013,,,Solihull,B37 7DL,Valpak,105012,1,0,,,ORG:105012
PREMIER FOODS GROUP LIMITED,00281728,,,Griffiths Way  St. Albans,AL1 2RE,Biffpack,103026,1,0,,,ORG:103026
Premier Foods Wholesale Ltd,04398850,,,London,SW8 5EQ,Valpak,115283,3,2,Primeur London Ltd; The Menu Partners Ltd,11438653; 12696009,ORG:115283
Premier Forest Products Limited,02797766,,,Newport,NP20 2PQ,Wastepack GB (SEPA),101685,1,0,,,ORG:101685
PREMIER FRUIT & NUT LIMITED,02067461,,,Croydon,CR0 6TP,Comply with Clarity,114235,1,0,,,ORG:114235
Premier Housewares Limited,SC379972,,,Whiteinch,G14 0QP,Wastepack GB (SEPA),117262,1,0,,,ORG:117262
PREMIER LIMPET LIMITED,02731668,,,Great Gransden,SG19 3BJ,Beyondly,112459,1,0,,,ORG:112459
Premier Paper Group Limited,03672117,,,Minworth,B76 1AF,Smart Comply (EA),102362,1,0,,,ORG:102362
Premier Stationery Ltd,03274862,,,Basingstoke,RG21 6YT,Valpak,104188,1,0,,,ORG:104188
Premium Vineyard Company UK Limited,09307058,,,Woodford Green,IG8 8HD,Comply with Clarity,116408,1,0,,,ORG:116408
Prep Kitchen Limited,09775617,,,Kent,DA13 9NR,Valpak,106878,1,0,,,ORG:106878
Prestige Gifting Limited,05778485,,,Halifax,HX3 5WD,,116299,1,0,,,ORG:116299
Prestige Leisure UK Ltd,02698261,,,Carpenders Park,WD19 5EF,Scotpak (SEPA),104539,1,0,,,ORG:104539
Prestige Touch Limited,06412612,,,Southampton,SO50 9PD,Kite Environmental Solutions,102393,1,0,,,ORG:102393
Prestigious Textiles Limited,02219358,,,Bradford,BD11 2PS,Kite Environmental Solutions,106436,2,1,PT Blinds Limited,11815139,ORG:106436
Prestolite Electric Ltd,01189048,,,Greenford,UB6 8UP,Valpak,108489,1,0,,,ORG:108489
Preston Board and Packaging Limited,01567779,,,Preston,PR1 7JS,Paperpak,112653,1,0,,,ORG:112653
PRESTWICK AEROSYSTEMS LIMITED,05663660,,,Bristol,BS34 7PA,Biffpack,107099,1,0,,,ORG:107099
Pret A Manger (Europe) Ltd,01854213,,,London,SW1E 5DH,Valpak,107343,1,0,,,ORG:107343
Price's Patent Candles Ltd,04130027,,,Bedford,MK41 0LZ,Valpak,101281,1,0,,,ORG:101281
Pricecheck Toiletries Limited,01359451,,,,S20 1DJ,Recycling Lives Compliance Services,102736,1,0,,,ORG:102736
Pride Mobility Products Ltd,03287297,,,Bicester,OX26 4UL,Valpak,112661,2,1,Sitting Pretty By Pride Mobility Ltd,13459194,ORG:112661
Prima Cheese Limited,04902094,,,Seaham,SR7 0PX,Wastepack GB (SEPA),104343,1,0,,,ORG:104343
Prima Foods U.K. Ltd,03445230,,,Llanelli,SA14 8PD,Valpak,108638,1,0,,,ORG:108638
PRIMA INDUSTRIES LTD,05688373,,,Rotherham,S65 1SJ,,115564,1,0,,,ORG:115564
PRIMA TAPES & LABELS LTD,01452786,,,Orpington,BR5 3QW,Biffpack,104272,1,0,,,ORG:104272
Primark Stores Limited,00453448,,,London,W1K 4QY,Comply with Clarity,102583,1,0,,,ORG:102583
Prime Source Foods Ltd,11126098,,,London,EC2A 4NE,Wastepack GB (SEPA),117301,1,0,,,ORG:117301
PrimePac Ltd,NI041493,,,Belfast,BT1 3LP,Wastepack Northern Ireland (NIEA),104171,1,0,,,ORG:104171
PRIMEUR LIMITED,02484431,,,Bingley,BD16 2AF,Beyondly,105944,1,0,,,ORG:105944
Primex Plastics Ltd,03387047,,,Newton Aycliffe,DL5 6SN,Comply with Clarity,105369,1,0,,,ORG:105369
Princes Group PLC,02328824,,,Liverpool,L3 1NX,Ecosurety (EA),104676,2,1,Symington's Limited,02528254,ORG:104676
Principal Hotels Topco 1 Limited,09357457,,,Harrogate,HG2 8PA,Ecosurety (EA),101063,9,8,De Vere 2 Limited; De Vere Cotswold Water Park Limited; De Vere Grand Connaught Rooms Limited; De Vere Tortworth Court Limited; De Vere Wokefield Estate Limited; Horsley Opco Limited; Latimer Opco Limited; The Grand Hotel Birmingham Limited,02025334; 03745617; 03987970; 06809588; 07430305; 10521069; 12881328; 12882898,ORG:101063
Principle Healthcare International Ltd,05019943,,,Leeds,LS20 8BX,Valpak,117042,2,1,Principle Healthcare Ltd,04283476,ORG:117042
PRINOVA EUROPE LIMITED,04548728,,,London,E14 5HU,Beyondly,106459,1,0,,,ORG:106459
Prinova Solutions Europe Ltd,03701172,,,London,E14 5HU,Valpak,101804,1,0,,,ORG:101804
Print 4 Ltd,02652693,,,Nottingham,NG6 8WA,Comply with Clarity,114736,1,0,,,ORG:114736
Printed Polythene Ltd,06063302,,,Bolton,BL5 3XP,Valpak,102104,1,0,,,ORG:102104
Printing & Packaging Co. Limited,02019092,,,Hinckley,LE10 3BS,Paperpak,100974,1,0,,,ORG:100974
Prinwest Limited,03681736,,,Bolton,BL6 4SA,Wastepack GB (SEPA),103213,1,0,,,ORG:103213
Priory Business Group Ltd,03505655,,,Aylesford,ME20 7FE,Beyondly,116282,1,0,,,ORG:116282
Priory Press Packaging Limited,NI645671,,,Newtownards,BT23 7SU,Wastepack Northern Ireland (NIEA),117871,1,0,,,ORG:117871
Prismatape U.K. Ltd,02647508,,,Winsford,CW7 3RW,Valpak,108542,1,0,,,ORG:108542
PRO CAM CP LIMITED,01420577,,,Cambridge,CB23 6DW,Beyondly,111899,1,0,,,ORG:111899
Pro Print Group Cartons Ltd,03435133,,,Wellingborough,NN8 6XF,ERP UK Ltd,100798,1,0,,,ORG:100798
Pro Print Group Ltd,03579889,,,Wellingborough,NN8 6XF,ERP UK Ltd,100800,1,0,,,ORG:100800
Pro-Direct Group Limited,06646626,,,Newton Abbot,TQ12 4PQ,Ecosurety (EA),100862,3,2,Doclothing Company Limited; Pro-Direct Sport Limited,04245687; 06578648,ORG:100862
PRO-PAK FOODS LIMITED,03556653,,,North Yorkshire,YO17 6YA,Biffpack,107017,1,0,,,ORG:107017
Proampac AC UK Ltd,04373767,,,Wrexham,LL13 9UF,Valpak,103371,1,0,,,ORG:103371
ProAmpac Elsham Public Limited,02228238,,,BRIGG,DN20 0SP,Comply with Clarity,105523,1,0,,,ORG:105523
Proampac Grimsby Limited,01625575,,,Grimsby,DN37 9TS,Wastepack GB (SEPA),100980,1,0,,,ORG:100980
ProAmpac Lincoln Limited,05570833,,,Dunholme,LN2 3QF,Comply with Clarity,107560,1,0,,,ORG:107560
ProAmpac London Limited,03188948,,,Worthing,BN99 3HH,Ecosurety (EA),100842,1,0,,,ORG:100842
ProAmpac Security Products Ltd,05990845,,,Royston,SG8 6DN,Valpak,105850,1,0,,,ORG:105850
ProCare UK Ltd,04527914,,,Bristol,BS16 3JB,Valpak,108003,1,0,,,ORG:108003
Prochem Europe Limited,01192820,,,Saffron Walden,CB101AF,,101264,1,0,,,ORG:101264
Procter & Gamble Ltd,00083758,,,Weybridge,KT13 0XP,Valpak,104577,4,3,Gillette U.K. Ltd; Procter & Gamble Product Supply (U.K.) Ltd; Procter & Gamble UK (Partnership),00254912; 03074536,ORG:104577
Produce Investments Ltd,05624995,,,March,PE15 0UW,Valpak,111859,2,1,Greenvale AP Ltd,03163230,ORG:111859
Product Care Group Limited,07272954,,,Wigan,WN2 4AY,ERP UK Ltd,108189,2,1,Product Care Trading Limited,06938838,ORG:108189
Profile Education Ltd,06280226,,,Liverpool,L3 7HJ,Valpak,107155,1,0,,,ORG:107155
PROFINE UK LTD,01811296,,,Sutton-In-Ashfield,NG17 6AD,,102903,1,0,,,ORG:102903
Progress Rail Services UK Ltd,07545889,,,Nottingham,NG10 5AN,ERP UK Ltd,104669,1,0,,,ORG:104669
ProLabs (UK) Limited,08196598,,,Cirencester,GL7 5XL,,117479,1,0,,,ORG:117479
Prolec Limited,01689109,,,Poole,BH17 0GB,Comply with Clarity,116536,1,0,,,ORG:116536
Promat UK Ltd,01785071,,,Heywood,OL10 2TS,Valpak,104090,1,0,,,ORG:104090
Promethean Limited,01308938,,,Clitheroe,BB7 1EB,Packcare,103101,1,0,,,ORG:103101
Pronto Industrial Paints Limited,02978626,,,Chesterfield,S42 5UG,,103708,1,0,,,ORG:103708
Proof Drinks Limited,06558609,,,London,SE1 1RU,Comply with Clarity,116506,1,0,,,ORG:116506
Proper Cornish Limited,03789756,,,Bodmin,PL31 1EZ,Wastepack GB (SEPA),101318,1,0,,,ORG:101318
PROPER SNACKS LIMITED,13071913,,,Nuneaton,CV11 6TJ,Ecosurety (EA),108013,4,3,Catapult Enterprises Ltd; Eat Real Ltd; Lakshmi & Son's Limited,04400698; 07057804; 12814314,ORG:108013
Propet Ltd,06678666,,,Colchester,CO7 8LG,Comply with Clarity,101170,1,0,,,ORG:101170
Protec Fire Detection Plc,01170489,,,Nelson,BB9 6RT,ERP UK Ltd,115842,1,0,,,ORG:115842
Protec International Limited,03686287,,,Stockport,SK3 8AX,Wastepack GB (SEPA),103857,1,0,,,ORG:103857
PROTECTIVE PACKAGING LIMITED,02312465,,,Carrington,M31 4RQ,Beyondly,100878,1,0,,,ORG:100878
Protektor Group UK Limited,01798633,,,Stourbridge,DY8 1LU,Kite Environmental Solutions,103787,1,0,,,ORG:103787
Provimi Limited,01262691,,,Thirsk,YO7 3HE,Wastepack GB (SEPA),106789,1,0,,,ORG:106789
Proximo Spirits UK Ltd,08428654,,,London,EC1N 6TD,Valpak,111255,1,0,,,ORG:111255
PRYSMIAN CABLES & SYSTEMS LIMITED,00958507,,,Hampshire,SO50 6YU,Biffpack,103342,1,0,,,ORG:103342
PST Holdings Limited,11974148,,,Bristol,BS14 0BY,REPIC,102203,3,2,Pure Electric Limited; Sirron Technologies Limited,11634997; 12962545,ORG:102203
PSV GLASS & GLAZING LIMITED,08902820,,,High Wycombe,HP12 4HJ,Biffpack,103061,1,0,,,ORG:103061
PUCKATOR LIMITED,03413131,,,Liskeard,PL14 4NQ,Beyondly,100190,1,0,,,ORG:100190
Puffin Produce Ltd,02982444,,,Haverfordwest,SA62 4BS,Valpak,108394,1,0,,,ORG:108394
Puig UK Ltd,01087743,,,London,WC2E 9NH,Valpak,104557,1,0,,,ORG:104557
Pukka Pads 2000 Limited,03672709,,,Poole,BH15 2PW,Wastepack GB (SEPA),104123,1,0,,,ORG:104123
Pukka Pies Limited,01008747,,,Leicester,LE7 1LD,Comply with Clarity,102965,1,0,,,ORG:102965
PULLMAFLEX U.K. LIMITED,00361006,,,London,WC1V 6BX,Beyondly,111886,1,0,,,ORG:111886
PULSE PRINTING PRODUCTS LIMITED,03876365,,,Bristol,BS30 5PE,Beyondly,103484,1,0,,,ORG:103484
Pulse Roll Label Products Limited,04225530,,,Bristol,BS37 5PG,Ecosurety (EA),100195,1,0,,,ORG:100195
Puma United Kingdom Ltd,03712972,,,Castleford,WF10 5XY,Beyondly,103344,1,0,,,ORG:103344
Punch Taverns Limited,03752645,,,Burton Upon Trent,DE14 2WF,Ecosurety (EA),115613,2,1,Punch Taverns (Branston) Limited,05596581,ORG:115613
Punjab Paper Converters Limited,03949982,,,Darwen,BB3 0RP,Recycling Lives Compliance Services,100364,1,0,,,ORG:100364
Punjana Limited,NI003724,,,Belfast,BT5 4PJ,Comply with Clarity,105990,1,0,,,ORG:105990
Pura Foods Ltd,02158570,,,Erith,DA8 1DL,Valpak,108170,1,0,,,ORG:108170
Puragen Limited,02504167,,,Sheffield,S21 1TZ,Kite Environmental Solutions,110438,1,0,,,ORG:110438
Puratos Limited,00949175,,,Buckingham,MK18 1XT,Kite Environmental Solutions,102061,1,0,,,ORG:102061
Purdy & Figg Ltd,12477148,,,Hemel Hempstead,HP2 7FW,Ecosurety (EA),115745,1,0,,,ORG:115745
Pure Fishing (UK) Limited,02298581,,,Cramlington,NE23 7RY,Veolia (EA),107605,1,0,,,ORG:107605
Pure Innovations Group Limited,01722391,,,Brighouse,HD6 1LU,Wastepack GB (SEPA),103550,1,0,,,ORG:103550
Pure Table Top Ltd,08945856,,,Leicester,LE7 9WE,Beyondly,105622,1,0,,,ORG:105622
PURE-TEC LIMITED,03042924,,,GOOLE,DN14 6ET,Packcare,105312,1,0,,,ORG:105312
Puredrive Energy Ltd,10286123,,,Sutton,SM1 1EZ,Valpak,105727,1,0,,,ORG:105727
Purepay Retail Ltd,11741716,,,Manchester,M2 3DE,Wastepack GB (SEPA),105882,1,0,,,ORG:105882
Purflux Filtration Limited,00693949,,,Tredgar,NP22 4EF,Wastepack GB (SEPA),101067,1,0,,,ORG:101067
PURITY GLOBAL LIMITED,05237012,,,Hull,HU4 7DY,Biffpack,106880,1,0,,,ORG:106880
Purity Soft Drinks Limited,00358349,,,Wednesbury,WS10 0BU,Kite Environmental Solutions,101898,1,0,,,ORG:101898
Purmo Group (UK) Ltd,00653648,,,Gateshead,NE11 0PG,Wastepack GB (SEPA),105583,1,0,,,ORG:105583
Purolite Ltd,01840987,,,Llantrisant,CF72 8LF,Ecosurety (EA),106451,1,0,,,ORG:106451
Purple Moose Brewery Ltd,04351315,,,Porthmadog,LL49 9DB,Valpak,108446,1,0,,,ORG:108446
Pusterla 1880 UK Ltd,00230692,,,Dover,CT17 0XB,Paperpak,103317,1,0,,,ORG:103317
PVH UK GROUP LIMITED,03370088,,,London,W12 7GP,Biffpack,105212,1,0,,,ORG:105212
PWG Trading Ltd,05126821,,,Watchfield,SN6 8TY,Valpak,107756,1,0,,,ORG:107756
Pyronix Ltd,01996478,,,Rotherham,S66 8QY,ERP UK Ltd,100090,1,0,,,ORG:100090
PZ Cussons (UK) Ltd,00748096,,,Manchester,M22 5TG,Valpak,105397,1,0,,,ORG:105397
PZ Cussons Beauty LLP,OC364213,,,Manchester,M22 5TG,Valpak,105723,1,0,,,ORG:105723
Q.E.P. Co. U.K. Ltd,04988177,,,Burton-on-Trent,DE14 3PD,Valpak,111344,3,2,Tile Accessories Ltd; XPS Foam Ltd,02442755; 07784773,ORG:111344
Qbridge Limited,16702308,,,Hassocks,BN6 8TP,Beyondly,118114,1,0,,,ORG:118114
QD Commercial Group Holdings Limited,08507095,,,Bradmore,NG11 6PQ,Comply with Clarity,105289,1,0,,,ORG:105289
Qiagen Ltd,02858916,,,Manchester,M13 0BH,Valpak,115992,1,0,,,ORG:115992
Quadpack UK Ltd,02788868,,,Leek,ST13 7AP,Wastepack GB (SEPA),105739,1,0,,,ORG:105739
Qualasept Pharmaxo Holdings Limited,06981369,,,Corsham,SN13 9FU,Kite Environmental Solutions,118421,3,2,Pharmaxo Pharmacy Services Limited; Qualasept Limited,05548345; 06982573,ORG:118421
QUALITEX SUPPLIES LIMITED,02555629,,,Aylesford,ME20 7SP,Biffpack,104293,1,0,,,ORG:104293
Qualitops (UK) Ltd,07073871,,,King's Lynn,PE30 1HJ,,114997,1,0,,,ORG:114997
Quality Food Products (Aberdeen) Ltd,SC046323,,,Aberdeen,AB12 3BE,Valpak Scotland Ltd (SEPA),114524,1,0,,,ORG:114524
Quality Kernels Limited,03771493,,,Haverhill,CB9 7AE,Kite Environmental Solutions,101405,1,0,,,ORG:101405
Quality Pack Ltd,09696989,,,Harlow,CM19 5FE,Wastepack GB (SEPA),100332,1,0,,,ORG:100332
QUALTEX UK LTD,00708974,,,DENTON,M34 2SX,Packcare,102680,1,0,,,ORG:102680
Qualvis Print & Packaging Ltd,08804567,,,Leicester,LE4 8BT,Ecosurety (EA),102648,1,0,,,ORG:102648
Quanex Extruded Solutions Ltd,02806007,,,Denby,DE5 8JX,Wastepack GB (SEPA),101559,5,4,Bilco UK Ltd.; ERA Home Security Limited; Quanex Access Solutions Limited; Schlegel Limited,02838541; 05686601; 08855261; BR001024,ORG:101559
Quantil Limited,00998005,,,Ormskirk,L40 9RT,Ecosurety (EA),102040,1,0,,,ORG:102040
Quantrelle Packaging Solutions Limited,03947267,,,Enfield,EN3 7PG,Wastepack GB (SEPA),103658,1,0,,,ORG:103658
Quantum Profile Systems Ltd,04057656,,,Oldham,OL2 6JG,Valpak,103666,1,0,,,ORG:103666
QUAT-CHEM LIMITED,03163207,,,Rochdale,OL16 5SJ,Beyondly,111782,1,0,,,ORG:111782
Quattro Foods Limited,07248943,,,Portsmouth,PO3 5SF,Comply with Clarity,107057,1,0,,,ORG:107057
Quest Personal Care Global Ltd,02767391,,,Manchester,M3 5JZ,Kite Environmental Solutions,100810,1,0,,,ORG:100810
Quickbox Manufacturing Limited,12308146,,,Stallingborough,DN41 8DN,Wastepack GB (SEPA),108379,1,0,,,ORG:108379
Quin Global (UK) Ltd.,SC416328,,,Perth,PH1 3WB,Comply with Clarity,101099,1,0,,,ORG:101099
Quooker UK Ltd,05287043,,,Manchester,M3 1PQ,Valpak,103243,1,0,,,ORG:103243
QVC UK,02807164,,,London,W4 5XU,Valpak,107314,1,0,,,ORG:107314
R & M Electrical Group Limited,02218034,,,Chandlers Ford,SO53 3TG,Wastepack GB (SEPA),100407,2,1,R&M (Fixings & Supports) Ltd,03168088,ORG:100407
R & R W Bartlett Ltd,07130908,,,Lichfield,WS14 0PZ,Valpak,116214,1,0,,,ORG:116214
R & W Scott Ltd,05072615,,,Newcastle Upon Tyne,NE1 3PA,Valpak,101034,1,0,,,ORG:101034
R CAMPBELL & SONS LIMITED,04314252,,,Stockton-On-Tees,TS17 6BP,Beyondly,111358,1,0,,,ORG:111358
R H Packaging Limited,02618591,,,High Wycombe,HP13 5HJ,Paperpak,111838,1,0,,,ORG:111838
R K & J JONES LIMITED,03738345,,,Thetford,IP26 4EH,Comply with Clarity,105063,1,0,,,ORG:105063
R K Wholesale Limited,02784084,,,Stoke on Trent,ST4 2NL,ERP UK Ltd,100231,1,0,,,ORG:100231
R Realisations 2026 Limited,02573819,,,London,EC1A 4HD,Valpak,107934,1,0,,,ORG:107934
R&G Fluid Power Group Limited,10404128,,,London,EC1M 6EE,Wastepack GB (SEPA),108378,26,25,AMG Sealing Limited; Abbey Hose Company Limited; Century Hose & Couplings Ltd; FPE Seals Limited; Fast Gaskets and Parts Limited; Fluid Power Services Limited; Global Hydraulic Services Limited; Hedley Hydraulics Limited; Henry Gallacher Limited; Hydraproducts Limited; Hydraulic & Offshore Supplies Limited; Hyphose Limited; Industrial Hose & Pipe Fittings Limited; Integraflex Ltd; Lancashire Hose and Fittings Limited; Lantech Solutions Limited; Merseyflex Limited; Millennium Engineering (2012) Ltd.; One Stop Fluid Power Ltd; Plastic and Rubber Group Limited; Ptfeflex Ltd; R&G Fluid Power Group (Hydraulics Division)Limited; Rubberfast Limited; Rubberlast Group Ltd; Valves Online Limited,00399306; 00596613; 00809034; 00857484; 01244285; 01472439; 01695925; 01712589; 02400813; 02553333; 02675108; 03016257; 03725829; 03927192; 04578558; 04603917; 04861663; 04994458; 05119240; 05871755; 06741396; 07173176; 07273888; 08044950; 08426241,ORG:108378
R-Tek Manufacturing Ltd.,NI073264,,,Dungannon,BT71 7NP,Comply with Clarity,116593,1,0,,,ORG:116593
R. A. Irwin & Company Limited,NI013665,,,Craigavon,BT66 7NF,Wastepack Northern Ireland (NIEA),108141,1,0,,,ORG:108141
R. HOWARD LIMITED,04509710,,,Peterborough,PE3 8YQ,Beyondly,105735,1,0,,,ORG:105735
R. Plevin & Sons Limited,01168723,,,Hazlehead,S36 4HG,Wastepack GB (SEPA),102390,1,0,,,ORG:102390
R. Thompson & Son (Armagh) Limited,NI007069,,,Armagh,BT60 1HW,Wastepack Northern Ireland (NIEA),102716,1,0,,,ORG:102716
R.& J.M.Place Ltd,00537599,,,Norwich,NR12 8RQ,Valpak,104989,3,2,Phaseolus Ltd; Place UK Ltd,04155171; 04295967,ORG:104989
R.A. TRADING LIMITED,03981617,,,LONDON,N17 0QJ,Beyondly,116237,1,0,,,ORG:116237
R.A.LABONE & CO LIMITED,00833741,,,Ilkeston,DE7 5TN,Beyondly,116451,1,0,,,ORG:116451
R.C.Treatt & Co.Limited,00131429,,,Bury St Edmunds,IP32 7FR,Comply with Clarity,115364,1,0,,,ORG:115364
R.D.Trading Limited,02699427,,,Braintree,CM7 2YN,Comply with Clarity,102704,1,0,,,ORG:102704
R.F.S. (UK) LIMITED,02497031,,,Aylesbury,HP178LJ,Beyondly,104447,1,0,,,ORG:104447
R.H.Amar & Co Limited,00497691,,,High Wycombe,HP12 3TA,Paperpak,107677,1,0,,,ORG:107677
R.H.S. Enterprises Limited,01211648,,,,SW1P 2PE,Smart Comply (EA),103222,1,0,,,ORG:103222
R.J.STOKES & CO. LIMITED,00190422,,,SHEFFIELD,S20 3RW,Beyondly,101024,1,0,,,ORG:101024
R.M. Curtis & Co.  Ltd,00252966,,,London,SE5 9JJ,Valpak,105529,1,0,,,ORG:105529
R.R. Flexo Ltd,14065440,,,Desborough,NN14 2SR,Valpak,116770,1,0,,,ORG:116770
R.S. Clare & Co.  Limited,00072349,,,Liverpool,L8 5RQ,Wastepack GB (SEPA),100466,1,0,,,ORG:100466
R.T.D. Crawford Limited,NI013709,,,Lisbellaw,BT945ES,Comply with Clarity,106157,1,0,,,ORG:106157
R.Twining and Company Limited,00525071,,,London,W1K 4QY,Comply with Clarity,102860,1,0,,,ORG:102860
R.W.Simon Limited,00615240,,,Torrington,EX38 7HP,Paperpak,118036,1,0,,,ORG:118036
Rackham Housefloors Limited,01471339,,,Dewsbury,WF12 9TA,Wastepack GB (SEPA),101240,1,0,,,ORG:101240
Radisson Hotels UK Ltd,02321986,,,Manchester,M90 3RA,Wastepack GB (SEPA),106830,13,12,BHBL 2011 Limited; Blue Liverpool Limited; Closegate Hotel Development (Durham) Limited; Forrest Hotels Limited; Inislyn Ltd; Pandox UK Opco Ltd; Radisson Collection Hotel Edinburgh Ltd; Radisson Hotel Edinburgh Ltd; Radisson Hotel Leeds Ltd; Radisson Hotel Manchester Ltd; Radisson Hotel Stansted Airport Ltd; St Wulfstan Limited,00205219; 03255653; 03681856; 04231604; 04939075; 05578093; 06824436; 07407365; 07841163; 11153341; NI029604; SC312804,ORG:106830
Radius Systems Limited,01585669,,,Alfreton,DE55 2JJ,Kite Environmental Solutions,100326,2,1,Radius Plastics Limited,NI013308,ORG:100326
Radnor Hills Mineral Water Company Ltd,03258542,,,Powys,LD7 1LU,Beyondly,104144,1,0,,,ORG:104144
Raeburn Fine Wines ltd,SC488800,,,Midlothian,EH4 1DS,Valpak Scotland Ltd (SEPA),116390,1,0,,,ORG:116390
Ragus Sugars (Manufacturing) Ltd,00246843,,,Slough,SL1 4JG,Valpak,102321,1,0,,,ORG:102321
RAI Polymers UK Ltd,02766120,,,Burton on Trent,DE14 1DU,Valpak,102596,1,0,,,ORG:102596
Rail Gourmet UK Ltd,03052537,,,London,NW1 7HW,ERP UK Ltd,105964,1,0,,,ORG:105964
Rainbow Cosmetics (Manchester) Limited,04352003,,,Manchester,M45 8GZ,Wastepack GB (SEPA),103361,1,0,,,ORG:103361
RAINBOW DESIGNS LIMITED,05479709,,,GOSPORT,PO13 0FW,Beyondly,100351,1,0,,,ORG:100351
RAINBOW PROFESSIONAL LIMITED,05139083,,,East Yorkshire,HU2 0PP,Beyondly,105443,1,0,,,ORG:105443
RAJAPACK LIMITED,03110319,,,Bedford,MK43 0AR,Beyondly,102760,1,0,,,ORG:102760
Rakem Group Limited,10451925,,,Bury,BL8 2BD,Comply with Clarity,101190,3,2,Maker Industrial Products Limited; Rakem Limited,03253833; 09501045,ORG:101190
Rakusen's Ltd,02385824,,,Ring Road,LS16 6QN,Comply with Clarity,107238,1,0,,,ORG:107238
Ralawise Group Holdings Limited,13652665,,,Deeside,CH5 2UA,ERP UK Ltd,108458,3,2,Premier Clothing Limited; Ralawise Limited,01362849; 03655237,ORG:108458
Ralph Lauren UK Ltd,02959496,,,London,W1S 1BJ,Valpak,115619,1,0,,,ORG:115619
Ramon Holdings Ltd,05933693,,,Southend-on-Sea,SS3 9FL,Valpak,102139,1,0,,,ORG:102139
Ramsden Steel Drums Ltd,03304771,,,Cannock,WS11 7XT,Valpak,100611,1,0,,,ORG:100611
Randa UK Limited,02835344,,,London,NW1 5DH,Wastepack GB (SEPA),115285,1,0,,,ORG:115285
Randall Parker Food Group Limited,03074722,,,Towcester,NN12 8LR,Wastepack GB (SEPA),102582,3,2,Weddel Swift Distribution Limited; Weddel Swift Limited,01825901; 04021321,ORG:102582
Randox Laboratories Limited,NI015738,,,Crumlin,BT29 4QY,Wastepack Northern Ireland (NIEA),103721,1,0,,,ORG:103721
RANK LEISURE HOLDINGS LIMITED,01841255,,,Maidenhead,SL6 8BN,Biffpack,114812,4,3,GROSVENOR CASINOS (GC) LIMITED; GROSVENOR CASINOS LIMITED; MECCA BINGO LIMITED,00877080; 01854120; 08306157,ORG:114812
RANKINS PARTNERS LIMITED,00387782,,,LONG CRENDON,HP18 9BA,Comply with Clarity,104554,2,1,PLASMOTEC LIMITED,02281896,ORG:104554
Ransom Naturals Ltd,07503850,,,Liverpool,L8 7BA,Valpak,104600,1,0,,,ORG:104600
Ransomes Jacobsen Limited,01070731,,,Ipswich,IP3 9TT,Wastepack GB (SEPA),101807,1,0,,,ORG:101807
Ranson NV UK Limited,03368668,,,Stanford-Le-Hope,SS17 9FN,Wastepack GB (SEPA),111835,1,0,,,ORG:111835
Ranwick Limited,03503488,,,Wellsbourne,CV35 9RY,Ecosurety (EA),104765,1,0,,,ORG:104765
Rapesco Group Holdings Plc,05452341,,,Otford Road  Sevenoaks,TN14 5DF,Beyondly,106710,3,2,Rapesco Office Products Plc; Tacwise Group Plc,00634473; 04747165,ORG:106710
Rapid Access Ltd,06661696,,,Nuneaton,CV11 5EL,Valpak,103418,1,0,,,ORG:103418
Rapid Electronics Ltd,01509592,,,Colchester,CO4 5JS,Valpak,107423,1,0,,,ORG:107423
Rapid Racking Limited,01992143,,,Cirencester,GL7 6BQ,Ecosurety (EA),103030,1,0,,,ORG:103030
Rapidrop Global Limited,05503278,,,Peterborough,PE1 5WA,,117952,1,0,,,ORG:117952
RAPIER STAR HOLDINGS LIMITED,07307670,,,Macclesfield,SK11 9JA,Beyondly,103545,3,2,RAPIER STAR (IMPORTS) LIMITED; RAPIER STAR LIMITED,02692152; 07703730,ORG:103545
Rapiscan Systems Limited,02755398,,,London,EC4M 9AF,ERP UK Ltd,107272,1,0,,,ORG:107272
Rascal Confectionery Ltd,00916510,,,Enfield,EN2 8AS,Valpak,101322,1,0,,,ORG:101322
RASHMIAN LIMITED,01280301,,,Ruislip,HA4 0EJ,Comply with Clarity,106600,1,0,,,ORG:106600
Rathfinny Wine Estate Limited,07409651,,,Lewes,BN7 1UP,Wastepack GB (SEPA),100750,1,0,,,ORG:100750
RATIONAL UK LIMITED,02576032,,,Luton,LU4 8EF,Comply with Clarity,104242,1,0,,,ORG:104242
RAVAGO BUILDING SOLUTIONS UK LIMITED,11506640,,,Warrington,WA4 2TG,Beyondly,105820,1,0,,,ORG:105820
RAVENSBURGER LIMITED,00817350,,,Bicester,OX26 2UA,Beyondly,101692,1,0,,,ORG:101692
RAVENSDEN PLC,01206928,,,Rushden,NN10 0SQ,Biffpack,100871,1,0,,,ORG:100871
Raventree Ltd,05787195,,,Gloucester,GL2 2RN,Valpak,107549,1,0,,,ORG:107549
Rawlings & Son (Bristol) Holdings Limited,02110640,,,Bristol,BS30 8JJ,Wastepack GB (SEPA),116861,5,4,Nichesolutions (GB) Limited; Paper Bag Co (South West) Ltd; Rawlings & Son(Bristol)Limited; Vigo Limited,00330872; 03607580; 07545381; 09455599,ORG:116861
Rayburn Trading Company Limited,00588569,,,Salford,M3 5FS,Ecosurety (EA),100369,1,0,,,ORG:100369
Raynor Foods Ltd,03713964,,,Chelmsford,CM1 3TH,ERP UK Ltd,100049,1,0,,,ORG:100049
Rayware Limited,01237389,,,Liverpool,L24 9BF,Wastepack GB (SEPA),103643,1,0,,,ORG:103643
RBH Repacking Services Ltd,09761953,,,Liverpool,L8 7BA,Valpak,115746,1,0,,,ORG:115746
RCR Flooring Products Ltd,02815314,,,Ivybridge,PL21 9GL,Valpak,104194,1,0,,,ORG:104194
RDA BULK PACKAGING LTD,03836432,,,Berkeley,GL13 9UQ,Biffpack,105235,1,0,,,ORG:105235
RDIL 2021,13540739,,,Dorking,RH4 2HF,,117081,1,0,,,ORG:117081
RDM Wines Limited,06638763,,,Cardiff,CF11 8TU,Comply with Clarity,114458,1,0,,,ORG:114458
Reabrook Ltd,00804733,,,Swadlincote,DE12 6DA,Valpak,102244,1,0,,,ORG:102244
Reach plc,00082548,,,Canary Wharf,E14 5AP,Comply with Clarity,104587,1,0,,,ORG:104587
Ready Case Limited,01590386,,,Woking,GU24 0JY,Comply with Clarity,102915,1,0,,,ORG:102915
Ready Egg Products Limited,NI015561,,,Enniskillen,BT92 0BN,Wastepack Northern Ireland (NIEA),102334,1,0,,,ORG:102334
Ready Foods Limited,05538853,,,Oswestry,SY10 8BH,Veolia (EA),101541,1,0,,,ORG:101541
Readytrade Ltd,09671182,,,Northwood,HA6 2EH,Valpak,107618,1,0,,,ORG:107618
Reagens (UK) Ltd,03172135,,,Altrincham,WA14 5UA,Kite Environmental Solutions,101161,1,0,,,ORG:101161
Reagent Chemical Services Limited,01318854,,,Runcorn,WA7 3DL,Veolia (EA),100995,1,0,,,ORG:100995
REALLY COMFY BEDS LIMITED,06455834,,,London,W10 6JG,Biffpack,102832,1,0,,,ORG:102832
Rebellion Beer Company Ltd,03432170,,,Marlow,SL7 3LT,Comply with Clarity,108128,1,0,,,ORG:108128
Reca-UK Ltd,02738056,,,Birmingham,B71 4LU,Kite Environmental Solutions,101864,1,0,,,ORG:101864
Reckitt Benckiser Health Limited,11069293,,,Slough,SL1 3UH,Ecosurety (EA),112611,2,1,RB UK Commercial Limited,08784077,ORG:112611
Recordati Pharmaceuticals Limited,05421174,,,Hemel Hempstead,HP2 4TZ,Comply with Clarity,114774,1,0,,,ORG:114774
RECTELLA INTERNATIONAL LIMITED,01172901,,,Manchester,M3 7BG,Beyondly,104889,1,0,,,ORG:104889
Recticel Insulation UK Ltd,13859219,,,Stoke on Trent,ST3 7UN,Wastepack GB (SEPA),105564,1,0,,,ORG:105564
RECYCLED PLASTICS (UK) LIMITED,06645314,,,Wolverhampton,WV10 0ES,Beyondly,114749,1,0,,,ORG:114749
RED ARROW ELECTRICAL LIMITED,11925771,,,Barnsley,S73 0UF,Beyondly,100134,1,0,,,ORG:100134
Red Bull Company Limited,02790349,,,London,WC2H 9LA,Ecosurety (EA),103091,1,0,,,ORG:103091
Red Star Brands Ltd,NI057478,,,Belfast,BT1 2LG,Scotpak (SEPA),107166,1,0,,,ORG:107166
Red Star Growers Ltd,02481083,,,Pershore,WR10 3AG,Valpak,111357,1,0,,,ORG:111357
Reddipak Limited,02417322,,,Stratford-Upon-Avon,CV37 8QR,Wastepack GB (SEPA),105914,1,0,,,ORG:105914
Reddiplex Group Limited,05104758,,,Droitwich,WR9 9BG,Veolia (EA),107436,4,3,Pyroplex Ltd; Reddiplex Ltd; Reddiseals Ltd,02922638; 05104545; 05104567,ORG:107436
Redwood global limited,08961680,,,Andover,SP10 5NS,,111310,1,0,,,ORG:111310
REED THERMOFORMED PACKAGING LTD.,10121740,,,Newcastle Upon Tyne,NE8 3AT,Beyondly,104075,1,0,,,ORG:104075
Reedbut Group Limited,06183338,,,Alton,GU34 1HG,Ecosurety (EA),106160,1,0,,,ORG:106160
Reel Service Limited,SC101979,,,Glenrothes,KY6 2SD,Comply with Clarity,102172,1,0,,,ORG:102172
ReelVision Print Ltd,05865636,,,Rossendale,BB4 5JT,Valpak,100576,1,0,,,ORG:100576
Reesink UK Ltd,09893219,,,St. Neots,PE19 1QF,Valpak,115137,1,0,,,ORG:115137
Refined Brands Ltd,13175575,,,St. Columb,TR9 6TF,Valpak,114284,5,4,Celtic Sheepskin & Co Ltd; Frugi Ltd; Kettlewell Colours Ltd; Turtle Doves (Not just Gloves) Ltd,05108080; 07101023; 08860746; 11953610,ORG:114284
Refresco Beverages UK Ltd,00161079,,,Derby,DE74 2FJ,Valpak,107139,1,0,,,ORG:107139
Refresco Drinks UK Ltd,02836071,,,Derby,DE74 2FJ,Valpak,107316,1,0,,,ORG:107316
Refreshment Systems Ltd,01826322,,,Bradford,BD4 7HN,Valpak,115754,1,0,,,ORG:115754
Regal Polythene Limited,04216413,,,Widnes,WA8 0GW,Wastepack GB (SEPA),106572,1,0,,,ORG:106572
Regalead Ltd,04211244,,,Manchester,M22 9AF,Wastepack GB (SEPA),105763,1,0,,,ORG:105763
Regatta Ltd,01063450,,,Manchester,M41 7RR,Beyondly,105435,1,0,,,ORG:105435
Regency Carpet Manufacturing Limited,NI028991,,,Bangor,BT19 7RT,Wastepack Northern Ireland (NIEA),102823,1,0,,,ORG:102823
Rehau Limited,00722004,,,Ross-on-Wye,HR9 5QN,Comply with Clarity,106990,1,0,,,ORG:106990
REIDS OF NORWICH LIMITED,06003739,,,Norwich,NR2 1DN,Beyondly,102691,1,0,,,ORG:102691
Reliance Worldwide Corporation (UK) Limited,01442922,,,West Drayton,UB7 8JL,Wastepack GB (SEPA),106577,1,0,,,ORG:106577
RELIANT T.V. (ST. ANNES) LIMITED,01100752,,,Blackpool,FY4 4XB,Recycling Lives Compliance Services,100564,1,0,,,ORG:100564
RELX GROUP PLC,02746616,,,London,WC2N 5JR,Biffpack,107202,2,1,ELSEVIER LIMITED,01982084,ORG:107202
Relyon Beds Limited,12764298,,,Wellington,TA21 8NN,Wastepack GB (SEPA),102160,1,0,,,ORG:102160
Rema Tip Top Holdings UK Limited,06750854,,,Leeds,LS11 5XS,Wastepack GB (SEPA),103475,9,8,Abracs Limited; Auto-4 Limited; Clampco (UK) Limited; Harvie Tyres Limited; Quest Consumables Limited; Rema Tip Top Automotive UK Limited; Rema Tip Top Industry UK Limited; Van-line Limited,00756475; 01105580; 01176719; 01786187; 03721755; 04315443; 05221967; 05393378,ORG:103475
REMEDY DRINKS UK LIMITED,11088507,,,London,WC2B 5AH,Beyondly,104187,1,0,,,ORG:104187
Remix Dry Mortar Limited,03780780,,,Fareham,PO14 1TY,Wastepack GB (SEPA),101289,1,0,,,ORG:101289
Remmers (UK) Ltd,02363352,,,Coleshill,B46 1DL,ERP UK Ltd,107267,1,0,,,ORG:107267
Remy Cointreau UK Distribution Ltd,08130175,,,London,W1T 3NA,Valpak,100331,1,0,,,ORG:100331
RENAULT U.K. LIMITED,00082932,,,Rickmansworth,WD3 9YS,Biffpack,101856,1,0,,,ORG:101856
Rendac Packaging Solutions Limited,04211072,,,Bristol,BS9 2DR,,115059,1,0,,,ORG:115059
Renishaw Plc,01106260,,,Wotton Under Edge,GL12 8JR,ERP UK Ltd,117317,3,2,Renishaw Neuro Solutions Ltd; Renishaw UK Sales Limited,01418812; 10375761,ORG:117317
RENNER COATINGS UK LIMITED,06268657,,,Wellingborough,NN9 6GR,Beyondly,116273,1,0,,,ORG:116273
RENOLD POWER TRANSMISSION LIMITED,00182382,,,Wythenshawe,M22 5XB,Biffpack,107536,1,0,,,ORG:107536
Renolit UK Ltd,00207104,,,Cramlington,NE23 8AQ,Valpak,102493,1,0,,,ORG:102493
RENOURISH LIMITED,11473558,,,Guildford,gu3 3bh,,115538,1,0,,,ORG:115538
Renray Healthcare Ltd,06434893,,,Winsford,CW7 3RB,Valpak,102607,1,0,,,ORG:102607
Rentokil Initial 1927 plc,00224814,,,Crawley,RH10 9PY,Valpak,115762,3,2,Dudley Industries Ltd; Rentokil Initial UK Ltd,00301044; 00375137,ORG:115762
REPRESENT CLOTHING LIMITED,09221485,,,Bolton,BL6 6PQ,,116279,1,0,,,ORG:116279
Republic Technologies (UK) Ltd,00873671,,,High Wycombe,HP13 6DG,Valpak,102536,1,0,,,ORG:102536
Resdev Limited,01392506,,,Elland,HX5 9JP,Veolia (EA),106719,1,0,,,ORG:106719
Resincoat LTD,08892489,,,Featherstone,WF7 6TA,Packcare,116132,1,0,,,ORG:116132
Resinex UK Ltd,01953217,,,High Wycombe,HP13 6EQ,Valpak,111489,1,0,,,ORG:111489
Resmed (UK) Limited,02863553,,,Didcot,OX11 0RA,Ecosurety (EA),103138,1,0,,,ORG:103138
RESOURCE CHEMICALS LIMITED,02003690,,,Brackley,NN13 7DS,Beyondly,108277,1,0,,,ORG:108277
Result Clothing Limited,03092407,,,Colchester,CO2 8HY,Veolia (EA),106465,1,0,,,ORG:106465
Retail Equipment Ltd,00367861,,,London,SW13 0ND,Wastepack GB (SEPA),102890,3,2,Greenkey Garden & Home Ltd; The Shopfitting Shop Limited,04556907; 06900077,ORG:102890
Revlon International Corporation,BR002502,,,London,NW1 7QX,Veolia (EA),107204,1,0,,,ORG:107204
Revolution Beauty Group Plc,11666025,,,London,EC4Y 0DT,Valpak,108030,3,2,Revolution Beauty Labs Limited; Revolution Beauty Ltd,09915831; 09915857,ORG:108030
REXEL UK LIMITED,00434724,,,Sheldon,B26 3RZ,Beyondly,100573,1,0,,,ORG:100573
Reydon Group Plc,02833782,,,Nottingham,NG16 2AR,Kite Environmental Solutions,101213,1,0,,,ORG:101213
Reynaers Aluminium Ltd,02065601,,,Birmingham,B31 5HE,Valpak,107279,1,0,,,ORG:107279
Reynolds Catering Supplies Ltd,02955734,,,Waltham Cross,EN8 7RQ,Comply with Clarity,108142,7,6,Braehead Foods Limited; CARNIVORE FMC LIMITED; DAVIN FOODS LIMITED; SELECT POULTRY & MEAT LTD; SHOAL SEAFOOD LTD; SOLSTICE LIMITED,01454673; 04760605; 10232144; 10823245; 11012093; SC193995,ORG:108142
Rheal Superfoods Ltd,10806949,,,Sunderland,SR5 3NZ,Beyondly,105893,1,0,,,ORG:105893
RHI Refractories UK Limited,SC075200,,,Bonnybridge,FK4 2EH,Comply with Clarity,107387,1,0,,,ORG:107387
RHINO FRUIT COMPANY LIMITED,08385837,,,Leeds,LS9 0PX,Beyondly,105705,1,0,,,ORG:105705
Rhino Products Holdings Limited,09566921,,,Ellesmere Port,CH65 4DR,Wastepack GB (SEPA),103597,4,3,AVS Steps Limited; Hubb Systems Ltd; Rhino Products Limited,03973828; 04734369; 07089546,ORG:103597
Rhokett Ltd,04524677,,,Cranbrook,TN18 5BD,Valpak,106958,1,0,,,ORG:106958
RHOMBI HOLDINGS LIMITED,07678650,,,Chelmsford,CM1 2QU,Biffpack,106903,5,4,QIOPTIQ LIMITED; TELEDYNE GAS MEASUREMENT INSTRUMENTS LIMITED; TELEDYNE UK LIMITED; TELEDYNE VALEPORT LIMITED,00432014; 00876004; 01950444; SC025020,ORG:106903
RHYTHM & BLUE INC. LIMITED.,03704578,,,West Sussex,PO19 1DP,Beyondly,106996,1,0,,,ORG:106996
Ribble Packaging Limited,00521820,,,Oldham,OL4 1DF,Paperpak,100183,1,0,,,ORG:100183
RICH PRODUCTS LIMITED,01847615,,,Andover,SP11 8EZ,Comply with Clarity,103372,1,0,,,ORG:103372
Richard Baker Harrison Ltd,00211972,,,Liverpool,L8 7BA,Valpak,115106,1,0,,,ORG:115106
Richard Hochfeld Limited,00315760,,,Borough Green,TN15 8LW,Wastepack GB (SEPA),105721,1,0,,,ORG:105721
Richard Lang & Son Limited,02219805,,,Derby,DE21 4AA,Wastepack GB (SEPA),105187,1,0,,,ORG:105187
RICHARD WELLOCK & SONS LIMITED,04296795,,,Hessle,HU13 0DZ,Beyondly,105468,1,0,,,ORG:105468
Richardson Maltings Limited,00031801,,,Fakenham,NR21 7AS,Wastepack GB (SEPA),103119,1,0,,,ORG:103119
RICHARDSON MILLING (UK) LIMITED,01789282,,,BEDFORD,MK42 9TB,Comply with Clarity,103668,1,0,,,ORG:103668
Richdomar Limited,08839158,,,Cleckheaton,BD19 5LJ,Packcare,115523,1,0,,,ORG:115523
Richemont Holdings (UK) Limited,02841548,,,London,W1J 5QT,Valpak,108205,8,7,Alfred Dunhill Club Limited; Alfred Dunhill Ltd; Cartier Ltd; James Purdey & Sons Ltd; Peter Millar UK Ltd; Richemont UK Ltd; Watchfinder.co.uk Ltd,00157267; 00191031; 00208758; 03484692; 04524723; 06360871; 09144803,ORG:108205
RICHER SOUNDS LIMITED,01402643,,,London,SE1 4BB,Comply with Clarity,103192,1,0,,,ORG:103192
Richmond Containers CTP Ltd,SC451840,,,Glasgow,G74 5PE,,107049,1,0,,,ORG:107049
Richmond Marketing (NI) Ltd,NI030167,,,Belfast,BT9 6GH,Scotpak (SEPA),106524,1,0,,,ORG:106524
Richmond Paper Supply Company (Liverpool) Ltd,00572995,,,Birkenhead,CH41 5EU,Valpak,115046,1,0,,,ORG:115046
Ricoh UK Ltd,01271033,,,Northampton,NN4 7RG,ERP UK Ltd,103256,1,0,,,ORG:103256
Ricoh UK Products Limited,01763860,,,Telford,TF2 9NS,Veolia (EA),106268,1,0,,,ORG:106268
Riftward Ltd,01532883,,,Wrexham,LL13 9JT,Comply with Clarity,102511,1,0,,,ORG:102511
Rigby Group (RG) PLC,03437118,,,Stratford-Upon-Avon,CV37 6YX,ERP UK Ltd,107209,10,9,Allect Limited; BOVEY CASTLE PROPERTY LIMITED; BROCKENCOTE HALL HOTEL LIMITED; Cloudclevr Limited; Eden Hotel Collection Limited; MALLORY COURT HOTEL LIMITED; Nuvias UC Limited; RESONATE CONSULTANCY LTD; THE GREENWAY HOTEL & SPA LIMITED,01274376; 01969994; 03583387; 05884731; 06772001; 06853109; 07670994; 09478886; 09552863,ORG:107209
RIMEX METALS (U.K.) LIMITED,00644957,,,Enfield,EN3 7SU,Biffpack,106862,1,0,,,ORG:106862
Ring Automotive Limited,05305131,,,Leeds,LS12 6NA,Ecosurety (EA),100549,1,0,,,ORG:100549
Ring Containers  Limited,11013108,,,London,WC1N 3AX,Wastepack GB (SEPA),105207,1,0,,,ORG:105207
Ringtons Ltd,00572008,,,Newcastle upon Tyne,NE6 2YN,Valpak,107770,1,0,,,ORG:107770
Rinkit Ltd,07520374,,,Chichester,PO19 1BF,Kite Environmental Solutions,100104,1,0,,,ORG:100104
RIPON SELECT FOODS LIMITED,01161649,,,RIPON,HG4 1TL,Comply with Clarity,101265,1,0,,,ORG:101265
Ritcin Limited,NI621659,,,Belfast,BT5 5DL,,114204,1,0,,,ORG:114204
Ritrama (U.K.) Limited,01547937,,,Manchester,SK16 4PP,Paperpak,100317,1,0,,,ORG:100317
RITTAL LIMITED,01389120,,,Hellaby,S66 8QY,Biffpack,103239,1,0,,,ORG:103239
RITTAL-C S M LIMITED,00858856,,,Plymouth,PL6 7EZ,Biffpack,101609,1,0,,,ORG:101609
Ritter-Courivaud Ltd,00363411,,,Leeds,LS1 5AB,Valpak,108464,1,0,,,ORG:108464
Rituals Cosmetics UK Ltd,06439107,,,London,WC2R 1HH,Valpak,105278,1,0,,,ORG:105278
RITZ HOTEL (LONDON) LIMITED(THE),00064203,,,London,W1V 9DG,Biffpack,103965,1,0,,,ORG:103965
Riva Foods Limited,06798694,,,Kingston Upon Hull,HU7 0XQ,Wastepack GB (SEPA),103778,1,0,,,ORG:103778
River Island Clothing Co. Limited,00636095,,,London,W5 1DR,Wastepack GB (SEPA),108369,1,0,,,ORG:108369
Riverford Organic Farmers Limited,03731570,,,Buckfastleigh,TQ11 0JU,Kite Environmental Solutions,101001,1,0,,,ORG:101001
Riverside Flooring Limited,07365585,,,Radcliffe,M26 1JN,Wastepack GB (SEPA),105011,1,0,,,ORG:105011
Riverside Medical Packaging Company Ltd,01430113,,,Derby,DE24 8SW,Valpak,106028,1,0,,,ORG:106028
Riverway Foods Ltd.,03862803,,,Coventry,CV2 2QB,Ecosurety (EA),100179,1,0,,,ORG:100179
Riviera Produce Ltd,03456808,,,Hayle,TR27 5JQ,Valpak,116923,1,0,,,ORG:116923
RLC (UK) LIMITED,01195730,,,Accrington,BB5 5AY,Beyondly,106506,1,0,,,ORG:106506
RLM Packaging Limited,00684471,,,Hull,HU4 6PA,Wastepack GB (SEPA),103023,1,0,,,ORG:103023
RM Educational Resources Ltd,03100039,,,Abingdon,OX14 4SE,Ecosurety (EA),107766,1,0,,,ORG:107766
RMD Kwikform Limited,00301199,,,Walsall,WS9 8BW,Smart Comply (EA),106872,1,0,,,ORG:106872
RMS International UK Ltd,01161241,,,Manchester,M27 4EQ,Ecosurety (EA),115094,1,0,,,ORG:115094
Roach Bros (Curers) Limited,02604003,,,Kingston upon Hull,HU3 4JH,,117905,1,0,,,ORG:117905
RoadChef Limited,01713437,,,Cannock,WS11 9UX,Wastepack GB (SEPA),106265,1,0,,,ORG:106265
Robert Bosch UK Holdings Ltd,07394406,,,Uxbridge,UB9 5HJ,ERP UK Ltd,102775,2,1,Robert Bosch Limited,SC013418,ORG:102775
Robert Clarke (Keady) Ltd,NI005039,,,Keady,BT60 3AY,,114281,1,0,,,ORG:114281
Robert Cullen Ltd,SC355707,,,Glasgow,G20 0TS,Comply with Clarity,114930,1,0,,,ORG:114930
Robert Dyas Holdings Ltd,04041884,,,London,SW19 3SE,Valpak,103886,1,0,,,ORG:103886
Robert Keys and Company Ltd,NI001065,,,Londonderry,BT48 7SH,Scotpak (SEPA),103641,1,0,,,ORG:103641
Robert Lickley Refractories Ltd,01309772,,,Dudley,DY1 2UF,Valpak,101754,1,0,,,ORG:101754
Robert McBride Ltd,00220175,,,Manchester,M24 4DP,Beyondly,105940,1,0,,,ORG:105940
ROBERT POCHIN LIMITED,00179511,,,Leicester,LE3 1UW,Biffpack,103106,1,0,,,ORG:103106
Robert Scott & Sons Limited,01099088,,,Nr. Oldham,OL3 7HG,Wastepack GB (SEPA),100264,1,0,,,ORG:100264
Robert Welch Designs Ltd,00689103,,,Chipping Campden,GL55 6DY,Valpak,100555,1,0,,,ORG:100555
Roberts  Mart & Co.Limited,00030635,,,Leeds,LS9 0AN,Wastepack GB (SEPA),100301,1,0,,,ORG:100301
Roberts Group Limited,10231969,,,Flint,CH6 5XA,Kite Environmental Solutions,111684,4,3,Polyroof Products Limited; Restec Limited; Roberts Manufacturing Limited,01857434; 09216601; 10857290,ORG:111684
Roberts Metal Packaging Ltd,00043694,,,London,SE28 0AF,Valpak,100935,1,0,,,ORG:100935
ROBERTS RADIO LIMITED,02978869,,,Chertsey,KT16 9JX,Biffpack,114108,1,0,,,ORG:114108
Robeslee Concrete Company Limited,SC044437,,,Kirkintilloch,G66 1UB,Wastepack GB (SEPA),103826,1,0,,,ORG:103826
Robinson Brothers Limited,00201053,,,West Bromwich,B70 0AH,Comply with Clarity,104829,1,0,,,ORG:104829
ROBINSON HEALTHCARE LIMITED,03773211,,,Buckshaw Village,PR7 7NB,Beyondly,111370,2,1,EXMOOR PLASTICS LIMITED,02075762,ORG:111370
Robinson Paperbox Packaging Limited,04966177,,,Chesterfield,S40 2AB,Paperpak,100325,1,0,,,ORG:100325
Robinson Plastic Packaging Ltd,04964354,,,Chesterfield,S40 2AB,Valpak,100307,1,0,,,ORG:100307
Robinson Webster (Holdings) Ltd,01069599,,,Richmond,TW9 4AW,Valpak,104031,1,0,,,ORG:104031
ROBINSON YOUNG HOLDINGS LIMITED,06524358,,,Bury St. Edmunds,IP32 7AB,Beyondly,104702,3,2,BRIGHT IDEAS MARKETING LIMITED; ROBINSON YOUNG LIMITED,01067101; 03077300,ORG:104702
Robovision Ltd,02044441,,,Flitwick,MK45 5BW,ERP UK Ltd,106758,1,0,,,ORG:106758
ROCA Limited,02767941,,,Coalville,LE67 1LD,Kite Environmental Solutions,102067,1,0,,,ORG:102067
Rocaba Packaging Ltd,05517973,,,London,N21 1HS,Valpak,111396,1,0,,,ORG:111396
Rocal Insulating Panels Ltd,02820442,,,Brigg,DN20 8AR,Kite Environmental Solutions,100588,1,0,,,ORG:100588
ROCCO FORTE & FAMILY (HOTEL MANAGEMENT) LIMITED,04713134,,,London,SW1A 1JB,Biffpack,115668,2,1,THE BALMORAL HOTEL EDINBURGH LIMITED,08472373,ORG:115668
Roche Diagnostics Ltd,00571546,,,Burgess Hill,RH15 9RY,Valpak,101299,1,0,,,ORG:101299
ROCHE PRODUCTS LIMITED,00100674,,,Welwyn Garden City,AL7 1TW,Biffpack,102402,1,0,,,ORG:102402
Rocialle Healthcare Ltd,11965323,,,Mountain Ash,CF45 4ER,,104110,1,0,,,ORG:104110
Rock Chemicals Ltd,00835494,,,Warrington,WA5 1ST,Valpak,100939,1,0,,,ORG:100939
Rocket Medical plc,03276608,,,Washington,NE38 9BZ,Wastepack GB (SEPA),103385,1,0,,,ORG:103385
RocketGro Limited,13512582,,,Bridgwater,TA5 2NJ,Wastepack GB (SEPA),114709,1,0,,,ORG:114709
Rockett St George Ltd,08431198,,,Croydon,CR0 0YN,Comply with Clarity,108448,1,0,,,ORG:108448
ROCKLINE INDUSTRIES LIMITED,03025769,,,Redditch,B98 0DH,Comply with Clarity,100647,1,0,,,ORG:100647
Rockvale Poultry,,,,Richhill,BT61 9ND,Comply with Clarity,111415,1,0,,,ORG:111415
Rockwell Automation Ltd,00872110,,,Milton Keynes,MK11 3DR,Valpak,106810,1,0,,,ORG:106810
ROCKWOOL LIMITED,00972252,,,Bridgend,CF35 6NY,,105378,1,0,,,ORG:105378
RODANTO LIMITED,00518594,,,Sidcup,DA14 5AW,Biffpack,102140,1,0,,,ORG:102140
Rodo Ltd,01832828,,,Droylsden,M43 7BU,Valpak,107647,1,0,,,ORG:107647
Roger Skinner Ltd,01272854,,,Eye,IP21 5HL,Valpak,104739,1,0,,,ORG:104739
Roland Europe Group Limited,08904664,,,Theale,RG7 4SA,REPIC,103483,1,0,,,ORG:103483
ROLAWN LIMITED,04373077,,,York,YO42 4NF,Biffpack,107637,1,0,,,ORG:107637
Rolf C Hagen (U.K.) Limited,01670484,,,Castleford,WF10 5QH,Wastepack GB (SEPA),103417,1,0,,,ORG:103417
Rollins & Sons (London) Limited,00198889,,,Hertford,SG13 7TZ,Wastepack GB (SEPA),101019,1,0,,,ORG:101019
Rolls-Royce Group Ltd,04706930,,,London,N1 9FX,ERP UK Ltd,103064,5,4,Rolls-Royce PLC; Rolls-Royce Solutions UK Limited; Rolls-Royce Submarines Limited; Vinters Engineering Limited,00003543; 00620485; 01003142; 04691779,ORG:103064
ROLLS-ROYCE MOTOR CARS LIMITED,03522604,,,Farnborough,GU14 0FB,Biffpack,103015,1,0,,,ORG:103015
Rolson Tools Limited,01947688,,,Twyford,RG10 9HZ,Wastepack GB (SEPA),102889,1,0,,,ORG:102889
Roma Medical Aids Ltd,01869285,,,Bridgend,CF31 3TB,Ecosurety (EA),115866,1,0,,,ORG:115866
Roman Limited,02184168,,,Newton Aycliffe,DL5 6YN,Wastepack GB (SEPA),103380,1,0,,,ORG:103380
Romil Ltd,01716221,,,Cambridge,CB25 9QT,Valpak,104383,1,0,,,ORG:104383
Romo Ltd,00385709,,,Sutton in Ashfield,NG17 5FB,Comply with Clarity,100302,1,0,,,ORG:100302
Ronal Bathrooms UK Ltd,03774284,,,Carnforth,LA6 1RJ,Valpak,116851,1,0,,,ORG:116851
Rondanini UK Limited,02451201,,,London,SE24 0HG,Ecosurety (EA),104428,1,0,,,ORG:104428
Roofoods Ltd,08167130,,,London,EC4R 3TE,ERP UK Ltd,103994,2,1,Deliveroo Hop Ltd,13478743,ORG:103994
Roper Rhodes Ltd,01568433,,,Bath,BA1 3JF,Comply with Clarity,103072,1,0,,,ORG:103072
ROSE MARKETING UK LIMITED,SC317936,,,Kirkcaldy,KY2 6QJ,Beyondly,103097,1,0,,,ORG:103097
Rose Plastic UK Ltd,02682865,,,Sheffield,S9 1XU,Valpak,117542,1,0,,,ORG:117542
Rose Roofing Ltd,01579418,,,Castleford,WF10 5JW,Valpak,103813,1,0,,,ORG:103813
Rosefox Paper Limited,01655083,,,Blackburn,BB1 5QB,Smart Comply (EA),106375,1,0,,,ORG:106375
Rosehill Polymers Limited,02283308,,,Sowerby Bridge,HX6 2JT,Veolia (EA),106229,1,0,,,ORG:106229
Rosemont Pharmaceuticals Ltd,00924648,,,Leeds,LS11 9XE,Valpak,104761,1,0,,,ORG:104761
ROSENFLEX (UK) LIMITED,05958138,,,Ipswich,IP1 2HA,Beyondly,100716,1,0,,,ORG:100716
Rosewood Pet Products Limited,00662785,,,Telford,TF1 6AH,Smart Comply (EA),100146,1,0,,,ORG:100146
ROTATIONAL MOULDING GROUP LIMITED,06705878,,,Furness Vale High Peak,SK23 7PH,Beyondly,103952,4,3,HALDO DEVELOPMENTS LIMITED; HAYWOOD ROTO MOULDING LIMITED; ROTATIONAL MOULDINGS LIMITED,01147334; 03748468; 10986681,ORG:103952
Rothley Limited,05791651,,,Wolverhampton,WV10 6QJ,Wastepack GB (SEPA),106488,1,0,,,ORG:106488
Rotork P.L.C.,00578327,,,Bath,BA1 3JQ,Comply with Clarity,107684,5,4,Bifold Fluidpower Ltd; Rotork Controls Ltd; Rotork Midland Ltd; Rotork UK Ltd,00608345; 01090344; 01787729; 02819224,ORG:107684
Roundel Manufacturing Limited,01586822,,,Washington,NE38 9BZ,Wastepack GB (SEPA),105663,1,0,,,ORG:105663
Routeco Ltd,01268846,,,Milton Keynes,MK5 8HJ,Valpak,105210,1,0,,,ORG:105210
Rowan Glen Limited,SC749237,,,Newton Stewart,DG87AX,,116219,1,0,,,ORG:116219
Rowan International Limited,02477215,,,Basildon,SS14 3WF,Wastepack GB (SEPA),116228,1,0,,,ORG:116228
ROWDA GROUP LTD,09458607,,,Leicester,LE2 7SQ,Biffpack,117938,1,0,,,ORG:117938
Rowlinson Consolidated Ltd,09516061,,,Nantwich,CW5 6BN,Beyondly,100260,5,4,ALEXANDRA RETAIL LIMITED; ROWLINSON GARDEN PRODUCTS LIMITED; ROWLINSON PACKAGING (SOUTH) LIMITED; ROWLINSON PACKAGING LIMITED,00416607; 01176301; 02429702; 06571655,ORG:100260
ROWSE HONEY LIMITED,01024018,,,London,E2 8DD,Biffpack,102972,2,1,BAKERY FOODS LIMITED,11913736,ORG:102972
Roxane UK Limited,02820942,,,Lichfield,WS13 8EL,Comply with Clarity,107290,1,0,,,ORG:107290
ROXOR GROUP LIMITED,10446715,,,Halifax,HX2 0AX,Biffpack,106528,3,2,NIKO (INT) LIMITED; ULTRA FINISHING LIMITED,01869659; 05085291,ORG:106528
Royal Greenland Ltd,02068099,,,Manchester,M90 4AB,Valpak,100796,1,0,,,ORG:100796
ROYAL MAIL GROUP LIMITED,04138203,,,London,EC1A 1AA,Biffpack,103074,1,0,,,ORG:103074
ROYAL SANDERS (UK) LIMITED,06703227,,,Preston,PR2 5NA,Beyondly,106345,1,0,,,ORG:106345
Royal Vaassen UK Limited,03218778,,,Bury,BL9 6BS,Paperpak,103180,1,0,,,ORG:103180
Roys(Wroxham) Ltd,00256574,,,Wroxham,NR12 8DB,Valpak,107639,2,1,Broadland Motor Co. Ltd,01694909,ORG:107639
RPC Group Ltd,02578443,,,Corby,NN17 5JX,Valpak,100304,6,5,Berry UK Containers Ltd; Massmould Ltd; Maynard & Harris Plastics; Plasgran Ltd; RPC Containers Ltd,01195337; 01597033; 02786492; 03848053; 14320304,ORG:100304
RPFC Group Limited,08957152,,,North Chailey,TN22 3FB,Comply with Clarity,107594,1,0,,,ORG:107594
RS Components Ltd,01002091,,,Corby,NN17 9RS,Valpak,105145,1,0,,,ORG:105145
RSBP Ltd,07550770,,,Stoke on Trent,ST4 8HX,Valpak,108397,2,1,Venesta Washroom Systems Ltd,06129513,ORG:108397
RSM Lining Supplies Global Ltd,06412005,,,Doncaster,DN4 8GE,Valpak,107811,1,0,,,ORG:107811
RSPB Sales Ltd,02693778,,,Sandy,SG19 2DL,Valpak,101545,1,0,,,ORG:101545
RTI Europe Ltd,03906707,,,London,EC2R 7HJ,Valpak,105411,2,1,RTI International Metals Ltd,03585661,ORG:105411
RTS Textiles Ltd,00517930,,,Chorley,PR7 4HJ,Ecosurety (EA),105731,2,1,Carrington Textiles Ltd,03472037,ORG:105731
RUBIE'S MASQUERADE COMPANY (UK) LIMITED,03508897,,,Bristol,BS1 6NL,Beyondly,111401,1,0,,,ORG:111401
Rubix U.K. Limited,00569290,,,Manchester,M22 0RR,Paperpak,103580,1,0,,,ORG:103580
Rug Doctor Ltd,01544366,,,London,EC4A 3BZ,ERP UK Ltd,100720,1,0,,,ORG:100720
Ruggable UK Ltd,13639267,,,London,EC4A 3TW,Kite Environmental Solutions,117836,1,0,,,ORG:117836
RUIA GROUP LIMITED,02858400,,,Manchester,M26 1RH,Biffpack,102743,4,3,DREW BRADY & CO. LIMITED; OSAN LIMITED; RICHARD HAWORTH LIMITED,00429464; 00883804; 02882757,ORG:102743
RUMENCO LIMITED,04016333,,,Burton on Trent,DE13 0DW,Comply with Clarity,105382,1,0,,,ORG:105382
RUSDENE SERVICES LIMITED,02040250,,,Droxford,SO32 3QY,Biffpack,107590,1,0,,,ORG:107590
Rushtons The Chef's Greengrocers Ltd,07924276,,,Chelmsford,CM3 4BQ,Valpak,104994,1,0,,,ORG:104994
Russell Building Products Ltd,07685988,,,Burton On Trent,DE14 1RH,Valpak,103581,1,0,,,ORG:103581
Rustins Ltd,00162273,,,London,NW2 7TX,Valpak,107143,1,0,,,ORG:107143
Rutland Plastics Ltd,00560131,,,Rutland,LE15 6NU,Valpak,103919,1,0,,,ORG:103919
Rutland Trading Co Limited,07594556,,,Holmewood,S42 5US,Smart Comply (EA),116504,1,0,,,ORG:116504
RV Packaging Limited,10890298,,,Watford,WD19 6TT,Wastepack GB (SEPA),104315,1,0,,,ORG:104315
rye oil limited,01698623,,,Rye,TN317TE,,114474,1,0,,,ORG:114474
Ryedale Printing Works Ltd,01406351,,,York,YO62 6YB,Valpak,103637,1,0,,,ORG:103637
Ryman Group Ltd,02714395,,,Crewe,CW1 6NA,Valpak,104154,3,2,London Graphic Centre Ltd; Ryman Ltd,03007166; 06062021,ORG:104154
Ryohin Keikaku Europe Ltd,02906861,,,London,WC1N 2BF,Valpak,102609,1,0,,,ORG:102609
S & A Produce UK LTD,02480021,,,HEREFORD,HR1 3ET,Packcare,101427,1,0,,,ORG:101427
S & J DISTRIBUTION LIMITED,05680347,,,Skipton,BD23 2FJ,,111194,1,0,,,ORG:111194
S And B EPS Limited,01646418,,,Tyne & Wear,NE23 7PY,Ecosurety (EA),100086,1,0,,,ORG:100086
S F C Limited,05815992,,,Wymondham,NR18 9RS,Ecosurety (EA),101952,1,0,,,ORG:101952
S H Pratt Group Limited,00637730,,,Luton,LU4 8EN,Smart Comply (EA),102834,1,0,,,ORG:102834
S I S (Science in Sport) Limited,02742833,,,Blackburn,BB1 3AL,Recycling Lives Compliance Services,105222,1,0,,,ORG:105222
S J A Film Technologies Ltd,04797305,,,Accrington,BB5 5TU,Comply with Clarity,106702,1,0,,,ORG:106702
S Kempner Limited,07863877,,,London,N3 1XW,Veolia (EA),105373,1,0,,,ORG:105373
S Morris Limited,00781444,,,Charlton Adam,TA11 7AN,Wastepack GB (SEPA),102900,1,0,,,ORG:102900
S&B Herba Foods Limited,00156737,,,Fulbourn,CB21 5ET,Wastepack GB (SEPA),102318,1,0,,,ORG:102318
S&P UK Ventilation Systems Ltd.,01856209,,,Ipswich,IP3 9SW,Wastepack GB (SEPA),106717,1,0,,,ORG:106717
S&PB Retail Limited,12570881,,,Leeds,LS26 8JD,,102348,1,0,,,ORG:102348
S. Lester Packing Materials Limited,06526504,,,Burntwood,WS7 0AJ,Paperpak,111763,1,0,,,ORG:111763
S. Sheard & Son Limited,01101020,,,Halifax,HX4 8AQ,Paperpak,100903,1,0,,,ORG:100903
S. Thorogood & Sons (Covent Garden) Ltd,02318779,,,Chelmsford,CM3 4BQ,Valpak,104993,2,1,Mushroom Man.co.uk Ltd,04553607,ORG:104993
S.A.Brain & Company Ltd,00052099,,,Cardiff,CF24 5HJ,Valpak,111566,1,0,,,ORG:111566
S.A.V. United Kingdom Limited,00513621,,,Woking,GU21 5BX,Smart Comply (EA),111582,1,0,,,ORG:111582
S.Murray & Company Ltd,00145824,,,Old Woking,GU22 9LB,Valpak,107890,1,0,,,ORG:107890
S.P.L. Foods Limited,02579526,,,Oldham,OL9 7PH,Ecosurety (EA),100361,1,0,,,ORG:100361
SABERT UK LTD,09664605,,,Bedfordshire,MK45 5BW,Beyondly,102254,1,0,,,ORG:102254
Sabic UK Ltd,04263979,,,Wilton,TS10 4RF,Valpak,111444,1,0,,,ORG:111444
Sabichi Homewares Limited,02947642,,,Perivale,UB67JD,Comply with Clarity,101745,1,0,,,ORG:101745
SABRE RETAIL FASHION LIMITED,07920155,,,High Wycombe,HP11 1NL,Comply with Clarity,104560,1,0,,,ORG:104560
Sabre Triad Limited,02171454,,,Preston,PR2 5BD,Recycling Lives Compliance Services,100521,1,0,,,ORG:100521
Sachets Limited,02200224,,,Chadderton,OL9 9FX,,117772,1,0,,,ORG:117772
SACLA UK LIMITED,02609524,,,Beaconsfield,HP9 2PE,Beyondly,105142,1,0,,,ORG:105142
SAF Limited,02797697,,,Guildford,GU3 2DX,,116777,1,0,,,ORG:116777
Safeguard Europe Limited,01721203,,,Horsham,RH13 5QL,,107658,1,0,,,ORG:107658
Safety First Aid Group Ltd,00622741,,,Letchworth Garden City,SG6 2WW,Valpak,101572,1,0,,,ORG:101572
Safety-Kleen U.K. Limited,01190039,,,Brentford,TW8 9ES,Paperpak,104782,1,0,,,ORG:104782
Saffil Ltd,03646114,,,St. Helens,WA11 8LP,Valpak,104681,1,0,,,ORG:104681
Safic-Alcan UK Ltd,00580109,,,Birchwood,WA3 7QZ,Valpak,100068,1,0,,,ORG:100068
Safran Landing Systems UK Ltd,03548809,,,Gloucester,GL2 9QH,Wastepack GB (SEPA),103345,1,0,,,ORG:103345
Sahara Presentation Systems Ltd,01335211,,,Erith,DA8 1DG,Valpak,102672,1,0,,,ORG:102672
SAI Automotive Fradley Ltd,02433456,,,London,EC3M 3BY,Wastepack GB (SEPA),113967,1,0,,,ORG:113967
Sai-Pac (UK) Ltd,02881725,,,Romford,RM1 1DA,Valpak,115050,1,0,,,ORG:115050
SAICA Flex UK Limited,02484831,,,Manchester,M31 4QN,Wastepack GB (SEPA),103624,1,0,,,ORG:103624
SAICA Natur UK Limited,02952592,,,Manchester,M31 4QN,Wastepack GB (SEPA),103616,1,0,,,ORG:103616
Saica Pack UK Limited,01218445,,,Manchester,M31 4QN,Wastepack GB (SEPA),101130,1,0,,,ORG:101130
SAICA Paper UK Limited,06569569,,,Manchester,M31 4QN,Wastepack GB (SEPA),106546,1,0,,,ORG:106546
Sainsbury's Supermarkets Ltd,03261722,,,London,EC1M 6HA,Ecosurety (EA),106154,1,0,,,ORG:106154
Saint-Gobain Construction Chemicals UK Limited,00614807,,,Loughborough,LE12 6JU,Valpak,104712,1,0,,,ORG:104712
Saint-Gobain Construction Products UK Limited,00734396,,,Loughborough,LE12 6JU,,101547,4,3,Brickspan Developments Limited; Okarno Limited; Saint-Gobain Isover UK Limited,04140239; 10442670; 10483896,ORG:101547
Saint-Gobain Ltd,03291592,,,Loughborough,LE12 6JU,Valpak,104441,3,2,Saint-Gobain Glass (United Kingdom) Ltd; Saint-Gobain High Performance Solutions UK Ltd,00245722; 02442570,ORG:104441
Sait Abrasives (UK) Limited,00779014,,,Leicester,LE19 1WZ,,105275,1,0,,,ORG:105275
SALCOMBE DISTILLING COMPANY LTD,09140632,,,Salcombe,TQ8 8DP,,114778,1,0,,,ORG:114778
SALISBURY POULTRY (MIDLANDS) LIMITED,03073979,,,Bilston,WV14 7DX,Beyondly,107433,1,0,,,ORG:107433
Sally Salon Services Ltd,01060763,,,Bracknell,RG12 1YQ,Valpak,104602,1,0,,,ORG:104602
Salon Europe Ltd,11993781,,,London,EC4A 1JQ,Comply with Clarity,107157,1,0,,,ORG:107157
SALON PROMOTIONS LIMITED,06355943,,,Barnoldswick,BB18 6JZ,Beyondly,100660,1,0,,,ORG:100660
SALOP SAND & GRAVEL SUPPLY COMPANY LIMITED,00681822,,,Wellington,TF5 0AN,Biffpack,101752,3,2,SHROPSHIRE SAND & GRAVEL COMPANY LIMITED; WILDMOOR QUARRY PRODUCTS LIMITED,04667661; 05365765,ORG:101752
SALOPIAN BREWING COMPANY LTD.,03478588,,,SHREWSBURY,SY43DD,Beyondly,114661,1,0,,,ORG:114661
SALT BREWING COMPANY LTD,13898626,,,OSSETT,WF58ND,Beyondly,108428,1,0,,,ORG:108428
Saltrock Surfwear Limited,11518832,,,Kingston upon Thames,KT1 2BQ,Kite Environmental Solutions,100768,1,0,,,ORG:100768
Salts Healthcare Limited,00074096,,,Birmingham,B7 4AA,Paperpak,103133,1,0,,,ORG:103133
Salus (U.K.) Limited,01554392,,,St. Helens,WA9 4TR,Veolia (EA),104245,1,0,,,ORG:104245
Samsonite Ltd,02020414,,,Uxbridge,UB11 1ET,Valpak,101334,1,0,,,ORG:101334
Samsung Electronics (UK) Ltd,03086621,,,Chertsey,KT16 0RS,Valpak,103934,1,0,,,ORG:103934
SAMUEL GRANT GROUP LIMITED,00174855,,,Leeds,LS90AR,Beyondly,104643,5,4,MARMAX PRODUCTS LIMITED; SAMUEL GRANT (LEEDS) LIMITED; SAMUEL GRANT (NORTH EAST) LIMITED; Samson Pallet Stability Ltd,01661404; 01784435; 01845857; 02708462,ORG:104643
SAMUEL SMITH OLD BREWERY (TADCASTER),00188027,,,Tadcaster,LS24 9SB,Biffpack,103130,1,0,,,ORG:103130
SAMWORTH BROTHERS LIMITED,03116767,,,Leicestershire,LE13 1GA,Biffpack,103111,4,3,GIBBS CROFT LIMITED; MANTON WOOD LIMITED; THE REAL WRAP CO. LTD,08072003; 08837467; 11438467,ORG:103111
Sanderson Design Group Brands Ltd,01167325,,,London,W4 4DS,Valpak,100315,1,0,,,ORG:100315
SANDFORD ORCHARDS LIMITED,09965453,,,Crediton,EX17 1HJ,Beyondly,108342,1,0,,,ORG:108342
Sandland Packaging Limited,02229806,,,Bilston,WV14 0PR,Paperpak,103253,1,0,,,ORG:103253
Sandoz Ltd,01547204,,,Bracknell,RG12 1RF,Valpak,103983,1,0,,,ORG:103983
Sandvik Holdings Limited,02880853,,,Halesowen,B62 8QZ,Veolia (EA),105710,6,5,Dormer Pramet Limited; Sandvik Limited; Sandvik Osprey Limited; Seco Tools (U.K.) Limited; Walter GB Limited,00136547; 00440053; 01070170; 01151087; 01189998,ORG:105710
Sangers (Northern Ireland) Limited,NI018941,,,Belfast,BT5 6SR,Wastepack Northern Ireland (NIEA),101880,1,0,,,ORG:101880
Sanko Gosei UK Ltd,02159382,,,Skelmersdale,WN8 8EB,Wastepack GB (SEPA),102446,1,0,,,ORG:102446
Sansetsu UK Limited,01400365,,,Milton Keynes,MK11 3EW,Kite Environmental Solutions,101736,1,0,,,ORG:101736
Santa Maria UK Ltd,02351789,,,Milton Keynes,MK10 0BD,Comply with Clarity,108557,1,0,,,ORG:108557
Saraco Industries Limited,05446285,,,Bolton,BL1 4RA,Wastepack GB (SEPA),114849,1,0,,,ORG:114849
Saria Ltd,00547564,,,Doncaster,DN5 9TL,Valpak,107348,6,5,APC (GB) Ltd; Nortech Foods Ltd; Sarval (Hartshill) Ltd; Sarval Ltd; T. Quality Ltd,00437914; 00531808; 00656996; 01685437; 03354916,ORG:107348
Sarstedt Ltd,01030863,,,Leicester,LE3 8JR,Valpak,103149,1,0,,,ORG:103149
SAS International Limited,02949913,,,Reading,RG6 1AZ,Paperpak,107991,2,1,Truline Systems Limited,14681756,ORG:107991
SASA Foods Ltd,10697256,,,Northwood,HA6 2EH,Valpak,107617,1,0,,,ORG:107617
Sasco Sauces Limited,04614082,,,Hertford,SG13 7HJ,Wastepack GB (SEPA),101495,1,0,,,ORG:101495
SATCO PLASTICS LIMITED,05603745,,,Foster Avenue Dunstable,LU5 5GN,Beyondly,112258,1,0,,,ORG:112258
Sateba UK Ltd,02263795,,,Ilkeston,DE7 4QW,Valpak,107237,1,0,,,ORG:107237
Sato UK Ltd,00604144,,,Harwich,CO12 4RR,Paperpak,102473,1,0,,,ORG:102473
Saul D Harrison & Sons Plc,00439336,,,Romford,RM3 8XB,Valpak,106461,1,0,,,ORG:106461
Savage & Whitten Wholesale Ltd,NI038618,,,Newry,BT35 6FY,ERP UK Ltd,101953,1,0,,,ORG:101953
Savaria Lifts (UK) Ltd.,04109393,,,Kingswinford,DY6 7FJ,Ecosurety (EA),106327,1,0,,,ORG:106327
Savencia Fromage & Dairy UK Ltd,00596550,,,Westbury,BA13 4HA,Wastepack GB (SEPA),105718,1,0,,,ORG:105718
Savona Foodservice Ltd,04764681,,,Oxford,OX5 1FP,Ecosurety (EA),104316,1,0,,,ORG:104316
Savoursmiths Limited,07216032,,,Royston,SG8 9JN,Wastepack GB (SEPA),114976,1,0,,,ORG:114976
SAXON QUALITY FOODS LIMITED,07374852,,,Scunthorpe,DN15 8QJ,Beyondly,105759,1,0,,,ORG:105759
SAZERAC UK LIMITED,04682459,,,Kingston Upon Thames,KT1 4BH,Beyondly,105666,1,0,,,ORG:105666
SBM Life Science Limited,10212784,,,Newmarket,CB8 7XN,Veolia (EA),106638,1,0,,,ORG:106638
SBM Scotgrain Limited,03580592,,,Witham,CM8 2DU,Veolia (EA),106166,1,0,,,ORG:106166
SBR Retail Ltd,09448124,,,London,N4 2LA,Valpak,108399,1,0,,,ORG:108399
SBR South Ltd,10575346,,,London,N4 2LA,Valpak,108396,2,1,KZ Catering Ltd,10692875,ORG:108396
SC Johnson Ltd,04166155,,,Camberley,GU16 7AJ,Valpak,105618,1,0,,,ORG:105618
SC Johnson Professional Ltd,00364651,,,Ripley,DE5 8JZ,Valpak,104228,1,0,,,ORG:104228
SCA Investments Limited,08027386,,,London,W14 0EE,Ecosurety (EA),101476,1,0,,,ORG:101476
Scamp and Dude Limited,10047538,,,MARLOW,SL7 3HH,Comply with Clarity,117044,1,0,,,ORG:117044
Scandinavian Tobacco Group United Kingdom Ltd,00130335,,,St Albans,AL1 3HL,Valpak,104679,1,0,,,ORG:104679
Scangrit,,,,South Killingholme,DN40 3NF,Wastepack GB (SEPA),104688,1,0,,,ORG:104688
Scania (Great Britain) Ltd,00831017,,,Milton Keynes,MK15 8HB,Valpak,105221,1,0,,,ORG:105221
SCAPA UK LIMITED,03261510,,,Manchester,OL7 0ED,Beyondly,115622,1,0,,,ORG:115622
Schades Limited,02213725,,,Ripley,DE5 3RZ,,111306,1,0,,,ORG:111306
Schaeffler (UK) Ltd,00556493,,,Fort Parkway,B24 9FD,Valpak,102674,2,1,Schaeffler Vehicle Lifetime Solutions UK Ltd,13606212,ORG:102674
Scheff Foods Limited,02011961,,,Smethwick,B66 1EL,Paperpak,101456,1,0,,,ORG:101456
Schiedel Chimney Systems Ltd,05055083,,,Washington,NE38 0AQ,Valpak,103490,1,0,,,ORG:103490
SCHIMMEL DISTRIBUTION LIMITED,NI695812,,,Omagh,BT79 0BU,Comply with Clarity,107822,1,0,,,ORG:107822
Schindler Ltd.,00662746,,,Addlestone,KT15 2HJ,Ecosurety (EA),102571,2,1,Rubax Lifts Limited,01509899,ORG:102571
Schlumberger Oilfield UK Ltd,04157867,,,Crawley,RH10 9BU,Valpak,102694,1,0,,,ORG:102694
Schluter-Systems Limited,02853384,,,Coalville,LE67 1TE,ERP UK Ltd,100676,1,0,,,ORG:100676
Schneider Electric Ltd,01407228,,,Telford,TF3 3BL,Valpak,101203,1,0,,,ORG:101203
Schoeller Allibert Ltd,07632708,,,Tamworth,B79 7UL,Valpak,116343,1,0,,,ORG:116343
Scholastic UK Ltd,04452170,,,Warwick,CV34 6UQ,Ecosurety (EA),101951,3,2,Scholastic Book Clubs Limited; Scholastic Limited,00701339; 01417383,ORG:101951
Scholl's Wellness Company Ltd,13213086,,,Bracknell,RG12 1WA,Valpak,108009,1,0,,,ORG:108009
SCHUECO UK LIMITED,07048715,,,Milton Keynes,MK10 0AL,Biffpack,106890,1,0,,,ORG:106890
Schuh Ltd,SC125327,,,Livingston,EH54 8RQ,Valpak Scotland Ltd (SEPA),105264,1,0,,,ORG:105264
Schulke & Mayr UK Ltd,02987168,,,SHEFFIELD,S9 1AT,Comply with Clarity,103237,1,0,,,ORG:103237
Schutz (U.K.) Limited,02347670,,,Worksop,S81 7BE,,100686,1,0,,,ORG:100686
Schweppes International Limited,00191968,,,London,W1S 4HQ,Ecosurety (EA),112440,1,0,,,ORG:112440
SCIENSUS PHARMA SERVICES LIMITED,02759609,,,London,W2 6LG,Beyondly,107655,1,0,,,ORG:107655
Scientific Games International Ltd,01754767,,,Leeds,LS10 1DJ,Valpak,107708,1,0,,,ORG:107708
Scientific Laboratory Supplies Limited,02577009,,,Hessle,HU13 0AE,Paperpak,103511,1,0,,,ORG:103511
Sco-Fro Group Ltd,SC057644,,,Glasgow,G2 5QY,Valpak Scotland Ltd (SEPA),101553,1,0,,,ORG:101553
SCOBIE & JUNOR (ESTD 1919) LIMITED,SC010710,,,Glasgow,G2 1AL,Beyondly,104534,1,0,,,ORG:104534
Scolmore (International) Ltd,02513009,,,Tamworth,B79 7UL,Valpak,101374,5,4,Elite Security Products Ltd; Ovia Ltd; Sangamo Ltd; Unicrimp Ltd,02769392; 04494864; 08788911; 11033089,ORG:101374
Scot Young Research Ltd,00481830,,,Lye Stourbridge,DY9 8HG,Valpak,102721,1,0,,,ORG:102721
Scotsdale Nursery and Garden Centre Limited,00820387,,,Cambridge,CB22 5JT,Wastepack GB (SEPA),104137,1,0,,,ORG:104137
Scott & Fyfe Limited,SC017244,,,Tayport,DD69EE,,108589,1,0,,,ORG:108589
Scott Bader UK Ltd,04562724,,,Wellingborough,NN29 7FH,Valpak,107995,1,0,,,ORG:107995
Scott Group Investments Limited,SC262153,,,Dunfermline,KY11 8RY,Ecosurety (EA),115310,3,2,Pallet Loop Limited; Scott Timber Limited,11849072; SC105196,ORG:115310
Scott Health & Safety Ltd,00413886,,,Bracknell,RG12 8HT,Valpak,111285,1,0,,,ORG:111285
Scott Parnell Ltd,08105082,,,London,W1W 6AN,Valpak,111424,2,1,Rouden Pipetek Ltd,04183462,ORG:111424
Scottish Leather Group Limited,SC042020,,,Bridge of Weir,PA11 3RN,,103832,1,0,,,ORG:103832
SCOTTISH MIDLAND CO-OPERATIVE SOCIETY LIMITED,SP2059RS,,,Edinburgh,EH28 8QJ,,107148,1,0,,,ORG:107148
Scottish Sea Farms Ltd,00958001,,,London,EC3V 9AA,Valpak Scotland Ltd (SEPA),111764,1,0,,,ORG:111764
Scottish Shellfish Marketing Group Ltd.,,,,Bellshill,ML4 3NZ,Ecosurety (EA),102864,1,0,,,ORG:102864
Scotts_bakery_limited,NI043594,,,Fivemiletown,BT75 0QP,,111289,1,0,,,ORG:111289
Screwfix Direct Ltd,03006378,,,Yeovil,BA22 8RT,Valpak,104166,1,0,,,ORG:104166
Screwfix Spares Ltd,03593012,,,Yeovil,BA22 8RT,Valpak,105272,1,0,,,ORG:105272
Scrub Daddy UK Ltd.,08601019,,,Tiverton,EX16 6TW,Ecosurety (EA),111392,1,0,,,ORG:111392
Scruffs Workwear Ltd,15053106,,,Yeovil,BA22 8UY,Valpak,111565,1,0,,,ORG:111565
SD Guthrie International Liverpool Refinery Limited,06627939,,,Liverpool,L20 8DY,Valpak,106427,1,0,,,ORG:106427
SDC Trailers Limited,NI015713,,,Toomebridge,BT41 3SS,Wastepack Northern Ireland (NIEA),106802,1,0,,,ORG:106802
SDEG LIMITED,05934405,,,Great Yarmouth,NR31 0LS,Beyondly,101312,1,0,,,ORG:101312
SDI Displays Ltd,04335410,,,Copt Oak,LE12 9YE,Valpak,104124,1,0,,,ORG:104124
Seachill UK Limited,00481280,,,Huntingdon,PE29 6YE,Comply with Clarity,111287,1,0,,,ORG:111287
SEAFISH U.K. LIMITED,SC058333,,,Aberdeen,AB10 1UR,Beyondly,114414,1,0,,,ORG:114414
SEAFOOD AND EAT IT LIMITED,05079002,,,Hounslow,TW4 5DJ,,105644,1,0,,,ORG:105644
Seafresh Group (Holdings) Ltd,07687905,,,Redditch,B98 0RE,Comply with Clarity,108200,1,0,,,ORG:108200
Seagold Limited,03193323,,,Hessle,HU13 0LH,Paperpak,100223,3,2,Collins Seafoods North East Limited; Ice Fresh Seafood Limited,02031624; 05393208,ORG:100223
Seahawk Marine Foods Ltd,01609254,,,Trowbridge,BA14 0SA,Valpak,105357,1,0,,,ORG:105357
Seal It Services Ltd,04487206,,,Elland,HX5 9DN,Valpak,104429,1,0,,,ORG:104429
Sealed Air Limited,03443946,,,St. Neots,PE19 1QN,Ecosurety (EA),101244,1,0,,,ORG:101244
SEALOCK LIMITED,01725851,,,Andover,SP10 5NU,,117983,1,0,,,ORG:117983
SEALY UNITED KINGDOM LIMITED,12867366,,,Wigton,CA7 2AS,Biffpack,103578,1,0,,,ORG:103578
Searchlight Electric Limited,01169504,,,Manchester,M40 2BS,Ecosurety (EA),106316,1,0,,,ORG:106316
Sears Manufacturing Co. (Europe) Limited,01275439,,,Ebbw Vale,NP23 5SD,Veolia (EA),106503,1,0,,,ORG:106503
SEASALT LIMITED,02259954,,,Falmouth,TR11 4SZ,Beyondly,103353,1,0,,,ORG:103353
Seawhite of Brighton Ltd,01067841,,,Worthing,BN11 1RL,Valpak,103251,1,0,,,ORG:103251
SEB Professional UK Ltd,03690400,,,Uxbridge,UB8 2YF,Wastepack GB (SEPA),106767,1,0,,,ORG:106767
Sebden Steel Service Centres Ltd,02553464,,,Altrincham,WA14 5HE,Valpak,101620,1,0,,,ORG:101620
Seca Limited,01430864,,,Birmingham,B5 5QB,Wastepack GB (SEPA),107552,1,0,,,ORG:107552
Seckford Agencies Limited,03201458,,,Colchester,CO7 7XQ,,114476,1,0,,,ORG:114476
Seconique Furniture Limited,04020155,,,Wolverhampton,WV9 5EY,Veolia (EA),102813,1,0,,,ORG:102813
Secretlab UK Ltd,10848310,,,London,EC2A 2AP,Beyondly,107516,1,0,,,ORG:107516
Secure Meters (UK) Limited,02199653,,,Eastleigh,SO53 3TL,Ecosurety (EA),101026,1,0,,,ORG:101026
Security Window Shutters Limited,02125993,,,Lancaster,LA2 9LA,Kite Environmental Solutions,102784,1,0,,,ORG:102784
SEDA UK LIMITED,00297265,,,Blackwood,NP12 2EU,Biffpack,103663,1,0,,,ORG:103663
SEDAMYL UK LIMITED,07023586,,,North Yorkshire,YO8 8AN,Beyondly,103429,2,1,UNIGLAD INGREDIENTS UK LIMITED,08956129,ORG:103429
Seetall Furniture Limited,01323135,,,Swansea,SA4 9DZ,Wastepack GB (SEPA),100694,1,0,,,ORG:100694
Seevent Plastics Ltd,02121368,,,Lancing,BN15 8TH,ERP UK Ltd,100045,1,0,,,ORG:100045
SEGEN LIMITED,05309114,,,Farnborough,GU14 7JP,Beyondly,103939,1,0,,,ORG:103939
SEJ Distribution LTD,06596249,,,Hayes,UB3 1BE,Wastepack GB (SEPA),106799,1,0,,,ORG:106799
SEKISUI JUSHI STRAPPING BV,,,,OLNEY,MK46 5HR,Comply with Clarity,112476,1,0,,,ORG:112476
Sekura Global Ltd,11722082,,,Colchester,CO4 9QR,Valpak,114076,1,0,,,ORG:114076
Selden Research Ltd,00984285,,,Buxton,SK17 9RZ,Valpak,102131,1,0,,,ORG:102131
Select Catering Solutions limited,06645205,,,Market Harborough,LE16 7UL,,105009,1,0,,,ORG:105009
Select Hardware Limited,01418418,,,Stourbridge,DY9 8RS,Wastepack GB (SEPA),102297,1,0,,,ORG:102297
Select Service Partner UK Ltd,05687183,,,London,NW1 7HW,ERP UK Ltd,101273,1,0,,,ORG:101273
Selecta Systems Limited,01638655,,,Sutton Coldfield,B73 5UB,Comply with Clarity,102447,1,0,,,ORG:102447
Selecta U.K. Limited,02605313,,,Hemel Hempstead,HP2 7PT,Wastepack GB (SEPA),102296,1,0,,,ORG:102296
SELECTIVE MARKETPLACE LIMITED,01566688,,,Leicester,LE7 7NL,Biffpack,102908,1,0,,,ORG:102908
Selfridges Retail Ltd,00097117,,,London,W1A 1AB,Valpak,105730,1,0,,,ORG:105730
Selig UK Ltd,06628891,,,Slough,SL1 4BH,Valpak,105541,1,0,,,ORG:105541
Senator International Ltd,01323955,,,Accrington,BB5 5YE,Valpak,106185,1,0,,,ORG:106185
SENIOR ARCHITECTURAL SYSTEMS LIMITED,03909137,,,Willenhall,WV13 3PW,Beyondly,103661,1,0,,,ORG:103661
Senior Plc,00282772,,,Rickmansworth,WD3 1RH,Valpak,107172,3,2,Lymington Precision Engineers Co. Ltd; Senior UK Ltd,01543828; 01928053,ORG:107172
Sensient Flavors Limited,01514781,,,Milton Keynes,MK1 1HP,Wastepack GB (SEPA),107550,1,0,,,ORG:107550
Sensio Ltd,06140020,,,Castleford,WF10 5PY,Packcare,107622,1,0,,,ORG:107622
Sensus UK Systems Ltd,02621960,,,London,EC4A 1AN,ERP UK Ltd,117122,1,0,,,ORG:117122
SENTURA GROUP LTD,09100012,,,Oakham,LE15 6RB,Beyondly,100394,1,0,,,ORG:100394
Senza Group Ltd,00402965,,,London,E1W 1YW,Packcare,102688,1,0,,,ORG:102688
Seqirus Vaccines Limited,03970089,,,Liverpool,L24 9GR,Veolia (EA),107543,1,0,,,ORG:107543
Serco Group plc,02048608,,,Hook,RG27 9UY,Comply with Clarity,104608,1,0,,,ORG:104608
Serious Brands Limited,02485587,,,Aylesbury,HP19 8RY,Wastepack GB (SEPA),107223,1,0,,,ORG:107223
Serious Pig Limited,07015461,,,London,WC2A 2JR,Kite Environmental Solutions,117054,1,0,,,ORG:117054
Sertec Corporation Ltd,09989098,,,Birmingham,B46 1JU,Valpak,117236,4,3,Sertec Aluminium Structures Ltd; Sertec Auto Structures (UK) Ltd; Sertec Light Stampings Ltd,00719490; 02944354; 07735979,ORG:117236
Service Graphics Limited,00551336,,,London,EC1N 8AS,Ecosurety (EA),106289,1,0,,,ORG:106289
Service Timber Ltd,02241351,,,Bubwith,YO8 6DJ,Packcare,100087,1,0,,,ORG:100087
Services Machinery & Trucks Ltd,10822984,,,Cambridge,CB22 4QX,Ecosurety (EA),104965,1,0,,,ORG:104965
Severn & Wye Smokery Limited,02377918,,,Westbury on Severn,GL14 1QW,Ecosurety (EA),100207,1,0,,,ORG:100207
Severn Valley Woodworks Limited,02021938,,,Westbury on Severn,GL14 1ND,Comply with Clarity,103873,1,0,,,ORG:103873
SEWELL RETAIL LIMITED,02435966,,,Hull,HU7 0DG,Biffpack,107303,1,0,,,ORG:107303
SGL Carbon Fibers Limited,SC078081,,,Muir Of Ord,IV6 7UA,Comply with Clarity,106873,1,0,,,ORG:106873
SH Online Ltd,09225833,,,King's Lynn,PE30 5DD,Comply with Clarity,116611,1,0,,,ORG:116611
SHAKEN UDDER LIMITED,06163831,,,Colchester,CO5 0PP,Beyondly,111263,1,0,,,ORG:111263
Shalam Packaging Ltd,07721469,,,Chelmsford,CM2 0AW,Valpak,102019,1,0,,,ORG:102019
Shana Foods Limited,03014114,,,Wembley,HA9 0YJ,,106337,1,0,,,ORG:106337
Shand Higson Holdings Limited,08723914,,,Knowsley,L33 7SE,Paperpak,100224,1,0,,,ORG:100224
Shandon Diagnostics Limited,00330973,,,Runcorn,WA7 1TA,Veolia (EA),101940,1,0,,,ORG:101940
Shaneel Enterprises Ltd,02171783,,,Wembley,HA9 8HB,Valpak,107763,2,1,S A Designer Parfums Ltd,04198899,ORG:107763
Shapers' Technical Solutions UK Ltd,00945580,,,Droitwich,WR9 0QH,Valpak,105040,1,0,,,ORG:105040
Sharkninja Europe Ltd,08492819,,,Leeds,LS15 8ZB,Valpak,103829,1,0,,,ORG:103829
SHARP ELECTRONICS (EUROPE) LIMITED,08060689,,,Uxbridge,UB11 1EZ,Beyondly,104392,2,1,Sharp Business Systems UK Plc,02136901,ORG:104392
Sharpak Aylesham Limited,07394042,,,Canterbury,CT3 3EF,Wastepack GB (SEPA),104216,1,0,,,ORG:104216
Sharpak Bridgwater Limited,07394059,,,Bridgwater,TA6 5YS,Wastepack GB (SEPA),104218,1,0,,,ORG:104218
Sharpak Yate Limited,07394053,,,Bristol,BS37 7AA,Wastepack GB (SEPA),104222,1,0,,,ORG:104222
Sharps Bedrooms Limited,07685430,,,Bilston,WV14 0QL,Kite Environmental Solutions,101597,2,1,Clever Closet Limited,07548546,ORG:101597
Sharrocks Fresh Produce Ltd,08697722,,,Preston,PR2 5LX,Valpak,117335,1,0,,,ORG:117335
Shaw Europe Limited,SC009331,,,Glasgow,G2 1AL,Wastepack GB (SEPA),101656,1,0,,,ORG:101656
Shaw Pallet Limited,01150422,,,Huddersfield,HD7 5JN,Wastepack GB (SEPA),106396,1,0,,,ORG:106396
SHAWS (HUDDERSFIELD) LIMITED,00073258,,,HUDDERSFIELD,HD5 9AF,Beyondly,106023,1,0,,,ORG:106023
Shaws Since1897 Ltd,09386571,,,Wolverhampton,WV9 5FH,Valpak,108498,1,0,,,ORG:108498
Shazan Foods Limited,08929070,,,Birmingham,B3 2BJ,Kite Environmental Solutions,100204,1,0,,,ORG:100204
SHD COMPOSITE MATERIALS LTD,07078299,,,Sleaford,NG34 7BY,Biffpack,112673,1,0,,,ORG:112673
Shearline Steel Strip Ltd,04969312,,,Kingswinford,DY6 8XF,Valpak,100841,1,0,,,ORG:100841
Sheffield Refractories Limited,01279115,,,Sheffield,S25 2RY,Wastepack GB (SEPA),115076,1,0,,,ORG:115076
SHEIN Distribution UK Limited,13603594,,,London,E14 5HU,ERP UK Ltd,101989,1,0,,,ORG:101989
Shell Holdings (U.K.) Ltd,01485890,,,London,SE1 7NA,Comply with Clarity,114994,3,2,SHELL U.K. LIMITED; SHELL U.K. OIL PRODUCTS LIMITED,00140141; 03625633,ORG:114994
Shepherd Foods Holdings Limited,03870621,,,London,SW7 4PL,ERP UK Ltd,105545,4,3,Partridges of Sloane Square Ltd; Partridges of Sloane Street Ltd; Shepherd Foods (London) Limited,00942649; 01054910; 01193786,ORG:105545
Shepherd Neame Limited,00138256,,,Faversham,ME13 7AX,Ecosurety (EA),101973,1,0,,,ORG:101973
Shepley Spring Limited,03222399,,,Huddersfield,HD8 8EA,Wastepack GB (SEPA),101313,1,0,,,ORG:101313
Sheppy's Cider Limited,06426188,,,Taunton,TA4 1ER,Ecosurety (EA),101249,1,0,,,ORG:101249
Sherborne Holdings Limited,06307541,,,Bournemouth,BH1 4LG,Ecosurety (EA),100596,3,2,Sydenhams Ltd; Sydenhams Timber Engineering Limited,00168966; 04560276,ORG:100596
Sherborne Upholstery Ltd,00520353,,,Bradford,BD14 6LT,Valpak,103369,1,0,,,ORG:103369
Sherwin-Williams UK Ltd,02968830,,,Witney,OX28 4XR,Valpak,105506,1,0,,,ORG:105506
Sherwood Farms Limited,00361854,,,Leicester,LE14 3AR,Paperpak,103947,1,0,,,ORG:103947
Sherwood Press (Nottingham) Limited(The),01881167,,,Nottingham,NG8 4GP,Paperpak,103474,1,0,,,ORG:103474
Sherwood Stainless and Aluminium Ltd,02412308,,,Wolverhampton,WV10 9TF,Beyondly,108261,1,0,,,ORG:108261
Shin Etsu Handotai Europe Ltd,SC087947,,,Livingston,EH547DA,Comply with Clarity,104196,1,0,,,ORG:104196
Shiner Ltd,00315108,,,Bristol,BS32 4UA,Valpak,107907,1,0,,,ORG:107907
Ship It Appliances Limited,07705721,,,Greater Manchester,M50 1RE,Ecosurety (EA),104755,1,0,,,ORG:104755
Shire Foods Ltd,00980392,,,Leamington Spa,CV31 3SF,Valpak,104615,1,0,,,ORG:104615
SHISEIDO UK LIMITED,02797273,,,London,WC2B 6AN,Beyondly,107650,1,0,,,ORG:107650
Shoal Group Limited,12772850,,,London,EC1M 6EE,Wastepack GB (SEPA),108225,1,0,,,ORG:108225
Shoda Sauces Europe Company Limited,02646875,,,Abertillery,NP13 3JW,Ecosurety (EA),101708,1,0,,,ORG:101708
Shoe Zone Retail Limited,00148038,,,Leicester,LE1 2LH,Ecosurety (EA),102745,1,0,,,ORG:102745
Shop Direct Home Shopping Ltd,04663281,,,Liverpool,L70 1AB,Valpak,105415,1,0,,,ORG:105415
Shop TJC Limited,05654854,,,Feltham,TW13 7HF,Kite Environmental Solutions,117576,1,0,,,ORG:117576
Shore Laminates Ltd,SC131630,,,Wellingborough,NN8 4BA,Valpak Scotland Ltd (SEPA),106483,1,0,,,ORG:106483
Short Brothers Plc,NI001062,,,Belfast,BT3 9DZ,Valpak,108188,1,0,,,ORG:108188
SHS GROUP LIMITED,NI011256,,,Belfast,BT3 9ED,Beyondly,107510,9,8,MERIDIAN FOODS LIMITED; Merrydown Plc; S H S SALES & MARKETING LIMITED; SHS DRINKS LIMITED; SHS SALES & MARKETING (GB) LIMITED; THE BRITISH PEPPER & SPICE COMPANY LIMITED; THE CRUCIAL SAUCE COMPANY LIMITED; WOODCHESTER ENTERPRISES LIMITED,00424215; 03510819; 03726756; 05440745; 08561216; NI016166; NI016607; SC143082,ORG:107510
Shure UK Ltd,04654677,,,Waltham Abbey,EN9 1AS,ERP UK Ltd,103956,1,0,,,ORG:103956
Shurtape UK Ltd,07233961,,,London,SW1H 0DB,Valpak,105772,1,0,,,ORG:105772
Shuttercraft Limited,04495750,,,Winchester,SO21 3BT,Wastepack GB (SEPA),105775,1,0,,,ORG:105775
SIALIONA LTD,13271167,,,Grimsby,DN31 2TG,,116418,4,3,MARINER INDUSTRIES LTD; MARINER PACKAGING CO LIMITED; POWAIR NATURE LTD,04880022; 12489615; 12489646,ORG:116418
Sian Wholesale Limited,04654483,,,Ockley,RH5 5PE,Wastepack GB (SEPA),112368,1,0,,,ORG:112368
Sibelco UK Ltd,00578631,,,Stoke On Trent,ST7 1TU,Valpak,101756,1,0,,,ORG:101756
SICAME UK LIMITED,03319466,,,Hoo,ME3 9GX,Beyondly,100906,1,0,,,ORG:100906
Siddall & Hilton Products Limited,03460387,,,Brighouse,HD6 1LT,Wastepack GB (SEPA),101218,1,0,,,ORG:101218
SIDERISE (HOLDINGS) LIMITED,02395079,,,Maesteg,CF34 0AH,Biffpack,103590,3,2,SIDERISE (SPECIAL PRODUCTS) LIMITED; SIDERISE INSULATION LIMITED,01681439; 02370350,ORG:103590
Siegwerk UK Ltd,05306032,,,Swadlincote,DE11 9DH,Valpak,105270,1,0,,,ORG:105270
Siemens Energy Ltd,00631825,,,Newcastle Upon Tyne,NE6 2YL,ERP UK Ltd,100979,1,0,,,ORG:100979
Siemens Gamesa Renewable Energy Ltd,10253129,,,Hull,HU9 1TA,ERP UK Ltd,103851,1,0,,,ORG:103851
Siemens Healthcare Diagnostics Ltd,03050664,,,Camberley,GU15 3YL,ERP UK Ltd,100909,1,0,,,ORG:100909
Siemens Healthcare Ltd,09567186,,,Camberley,GU15 3YL,ERP UK Ltd,101682,1,0,,,ORG:101682
Siemens Holdings PLC,02465263,,,Farnborough,GU14 7BF,Valpak,103782,3,2,Electrium Sales Ltd; Siemens PLC,00727817; 02226729,ORG:103782
Siemens Mobility Ltd,00016033,,,London,NW1 2PL,Valpak,100535,1,0,,,ORG:100535
Sifcon International Plc,00422367,,,Waltham Cross,EN8 7PG,Valpak,114871,1,0,,,ORG:114871
SIG Trading (Ireland) Limited,FC032366,,,Ballymount Road Lower,D24 ED81,Wastepack Northern Ireland (NIEA),116516,1,0,,,ORG:116516
SIG Trading Limited,01451007,,,Sheffield,S9 1XH,Comply with Clarity,102705,1,0,,,ORG:102705
Sigma 3 (Kitchens) Limited,01313108,,,Pontyclun,CF72 8LF,Wastepack GB (SEPA),101641,1,0,,,ORG:101641
Sigma Pharmaceuticals plc,01561802,,,London,W1U 7BU,Smart Comply (EA),106112,1,0,,,ORG:106112
Sigma Sports Limited,04842265,,,Kingston Upon Thames,KT1 4HG,Kite Environmental Solutions,101622,1,0,,,ORG:101622
Sigma-Aldrich Company Limited,02204655,,,Gillingham,SP8 4XT,ERP UK Ltd,107141,3,2,Merck Life Science UK Limited; Millipore (U.K.) Limited,00660457; 04130249,ORG:107141
Sigmatex (UK) Ltd,02065467,,,Runcorn,WA7 1TE,Valpak,107246,1,0,,,ORG:107246
Signal Plastics Holdings Limited,05837672,,,Gateshead,NE11 0JL,Wastepack GB (SEPA),111274,3,2,Omega North East Limited; Signal Plastic Components Limited,03296387; 08177790,ORG:111274
SIGNATURE FLATBREADS (UK) LTD,09358440,,,Dunstable,LU5 4LT,Biffpack,101589,1,0,,,ORG:101589
Signet Trading Ltd,03768979,,,Birmingham,B19 1DS,Valpak,102625,1,0,,,ORG:102625
Signify Commercial UK Limited,00291612,,,Guildford,GU2 8XG,Ecosurety (EA),101295,1,0,,,ORG:101295
Signode UK Ltd,07405243,,,Walsall,WS9 8UQ,Beyondly,102170,1,0,,,ORG:102170
Signwaves Ltd,02331929,,,Great Yarmouth,NR31 0NW,Valpak,104565,1,0,,,ORG:104565
Sika Limited,00226822,,,Welwyn Garden City,AL7 1BQ,Ecosurety (EA),107969,1,0,,,ORG:107969
Sil-Mid Limited,01460851,,,Coleshill,B46 1HG,Kite Environmental Solutions,116950,1,0,,,ORG:116950
Silbury Marketing Ltd,01944922,,,Banbury,OX16 1RH,Comply with Clarity,104882,1,0,,,ORG:104882
Silent Gliss Limited,00532505,,,Broadstairs,CT10 2PT,Veolia (EA),101625,1,0,,,ORG:101625
SILENTNIGHT GROUP LIMITED,07525259,,,Barnoldswick,BB18 6BJ,Biffpack,102042,1,0,,,ORG:102042
Silgan Closures UK Ltd,02607146,,,Doncaster,DN4 5NT,Valpak,107024,1,0,,,ORG:107024
Silicone Engineering Limited,04340974,,,Blackburn,BB1 3HU,Paperpak,101778,1,0,,,ORG:101778
SILVENT UK LIMITED,03767990,,,Birmingham,B4 6GA,Beyondly,116453,1,0,,,ORG:116453
SILVER CROSS (UK) LIMITED,04611579,,,North Yorkshire,BD23 3JA,Beyondly,106727,1,0,,,ORG:106727
Silver Fern Farms (UK) Limited,00929005,,,Newmarket,CB8 0TN,Wastepack GB (SEPA),100250,1,0,,,ORG:100250
Silverhook Ltd.,02635167,,,Harold Wood  Romford,RM3 0JH,Wastepack GB (SEPA),117316,2,1,Ware Motorama Limited,01382591,ORG:117316
Silverline Office Equipment Limited,00901203,,,Bury St Edmunds,IP28 7DE,Wastepack GB (SEPA),100827,1,0,,,ORG:100827
Silvery Tweed Cereals Limited,03934026,,,Berwick upon Tweed,TD15 2XF,Paperpak,100288,1,0,,,ORG:100288
Simba Sleep Limited,09703422,,,Bristol,BS1 6AJ,Wastepack GB (SEPA),100829,1,0,,,ORG:100829
SIMBA SMOBY TOYS (UK) LIMITED,06974009,,,Bradford,BD4 7BG,Beyondly,101601,1,0,,,ORG:101601
Simon Howie Foods,SC248591,,,Dunning,PH2 ORA,,106411,1,0,,,ORG:106411
SIMON JERSEY LTD,01006047,,,Stockport,SK3 0UX,Biffpack,111275,1,0,,,ORG:111275
Simona Peak Pipe Systems Ltd,08030086,,,Chesterfield,S41 9PZ,Kite Environmental Solutions,103725,1,0,,,ORG:103725
Simple Online Healthcare Limited,SC498329,,,Glasgow,G40 3PA,Scotpak (SEPA),116967,1,0,,,ORG:116967
Simplehuman (UK) Ltd,04896417,,,London,E1 6RB,Valpak,103595,1,0,,,ORG:103595
Simply Cartons Ltd,05862327,,,Nottingham,NG5 1GQ,ERP UK Ltd,107293,1,0,,,ORG:107293
Simply Lunch Ltd,03133582,,,Croydon,CR0 4ZS,Beyondly,105963,1,0,,,ORG:105963
Simply Luxe Limited,09927467,,,Nottingham,NG5 1GQ,ERP UK Ltd,105316,1,0,,,ORG:105316
SIMPLY THANK YOU LIMITED,04094597,,,Darlington,DL1 4PT,,117051,1,0,,,ORG:117051
SIMPLYCOOK LIMITED,09364895,,,London,SW18 1UY,Biffpack,106972,1,0,,,ORG:106972
Simpson Label Company Ltd (The),SC009731,,,Dalkeith,EH22 4AF,Valpak Scotland Ltd (SEPA),108480,1,0,,,ORG:108480
Simpson Strong-Tie International  Inc.,BR002186,,,Tamworth,B78 3HG,Wastepack GB (SEPA),107440,1,0,,,ORG:107440
Simpson's Beverage Supply Company Limited,00459409,,,BLACKPOOL,FY3 9EU,Comply with Clarity,116656,1,0,,,ORG:116656
SIMPSONS MALT LIMITED,00153026,,,Ord Road,TD15 2UZ,Biffpack,104431,1,0,,,ORG:104431
Simpsons Wine Estate Limited,08725585,,,London,W1J 5HS,,114218,1,0,,,ORG:114218
Singleton Birch Ltd,00009433,,,Barnetby,DN38 6AE,Valpak,103507,2,1,Birch Chemicals Ltd,03880774,ORG:103507
Sipcam (UK) Ltd,01734824,,,Royston,SG8 7BX,Valpak,100135,1,0,,,ORG:100135
Sipcam Home and Garden Ltd,11722469,,,Royston,SG8 7BX,Valpak,100444,1,0,,,ORG:100444
Sipsmith Ltd,06373864,,,London,W4 2LJ,Valpak,117087,1,0,,,ORG:117087
Sir Jacob Behrens and Sons Limited,00454323,,,MANCHESTER,M17 1PP,Packcare,105192,1,0,,,ORG:105192
Siren Furniture Limited,03908548,,,Nottingham,NG10 4QE,Comply with Clarity,112698,1,0,,,ORG:112698
Siroflex Limited,02831699,,,Barnsley,S75 3SP,Kite Environmental Solutions,100597,1,0,,,ORG:100597
Sisemen Limited,08989369,,,Worcester,WR5 2QR,Wastepack GB (SEPA),106544,3,2,Lyte Limited; Nemesis Limited,03432346; 08989278,ORG:106544
Siva Plastics Ltd,02409513,,,Southampton,SO19 7GB,Valpak,108469,1,0,,,ORG:108469
Skea Egg Farms Limited,NI031124,,,Enniskillen,BT920BN,Comply with Clarity,105522,1,0,,,ORG:105522
SKF (U.K.) Ltd,00107367,,,Luton,LU1 3LU,Valpak,103680,2,1,Cooper Roller Bearings Company Ltd,01643976,ORG:103680
Skoulikas Bedford Limited,02485291,,,Spalding,PE11 3YR,Comply with Clarity,102615,1,0,,,ORG:102615
Sky UK Ltd,02906991,,,Isleworth,TW7 5QD,Packcare,106512,2,1,Sky CP Ltd,09513259,ORG:106512
SKYMARK PACKAGING INTERNATIONAL LIMITED,02160777,,,SCUNTHORPE,DN15 8XF,,101293,1,0,,,ORG:101293
Slater Menswear,SC052746,,,Glasgow,G1 4HF,Comply with Clarity,102814,1,0,,,ORG:102814
Sleaford Quality Foods Limited,00943156,,,Sleaford,NG34 7JX,Wastepack GB (SEPA),107981,1,0,,,ORG:107981
Sleepeezee Limited,01478223,,,Rochester,ME2 2BP,,102560,1,0,,,ORG:102560
SLG Brands Limited,01911296,,,Cheltenham,GL50 3FF,Kite Environmental Solutions,101433,2,1,V3 Manufacturing Limited,12814889,ORG:101433
Smart Garden Products Ltd,04583901,,,Abingdon,OX14 3PZ,ERP UK Ltd,100044,1,0,,,ORG:100044
Smart Polymers Ltd,13239854,,,Ingatestone,CM4 9DW,Valpak,107009,1,0,,,ORG:107009
Smart Systems Limited,01314601,,,Yatton,BS49 4QN,Veolia (EA),104584,2,1,Smart Aluminium Extrusions Limited,07285518,ORG:104584
SMARTLIFT BULK PACKAGING LTD.,06370540,,,King's Lynn,PE34 4FR,Beyondly,103501,1,0,,,ORG:103501
Smartwares Safety & Lighting Ltd,00463293,,,Halesowen,B62 8DY,Valpak,103910,1,0,,,ORG:103910
SMC Corporation (U.K.) Limited,01352967,,,Milton Keynes,MK8 0AN,Wastepack GB (SEPA),103169,1,0,,,ORG:103169
SME Group plc,02243425,,,Ruislip,HA4 6SE,Valpak,111849,13,12,Alim Caterers Ltd; Alim Investments Ltd; Fazal Fast Foods Ltd; Mossdyp Ltd; S M E Enterprise Ltd; SME (Hammersmith) Ltd; SME Caterers Ltd; SME Corporation (2) Ltd; SME Corporation Ltd; SME Fast Foods Ltd; SME Restaurants Ltd; SME Trading Ltd,01599195; 01865021; 01877226; 01901889; 01978317; 02007474; 02180521; 02266232; 02353174; 02385482; 06266285; 08483705,ORG:111849
Smeg (UK) Limited,02365886,,,Abingdon,OX14 1DZ,REPIC,102645,1,0,,,ORG:102645
Smiffys II Ltd,15792926,,,Gainsborough,DN21 1DY,Kite Environmental Solutions,111256,1,0,,,ORG:111256
Smiggle UK Ltd,06720710,,,London,WC1N 2EB,Valpak,103579,1,0,,,ORG:103579
Smilde Food Group Ltd,00690486,,,Redhill,RH1 6RW,Kite Environmental Solutions,100793,1,0,,,ORG:100793
Smiley Monroe Limited,NI020012,,,Lisburn,BT28 2EX,Veolia (EA),108153,1,0,,,ORG:108153
Smith & McLaurin Ltd,SC229817,,,Johnstone,PA10 2AF,Valpak Scotland Ltd (SEPA),104978,1,0,,,ORG:104978
Smith Anderson Group Limited,SC207391,,,Kirkcaldy,KY1 3NA,Paperpak,100801,1,0,,,ORG:100801
Smith Brothers Stores Limited,00962846,,,Blaby,LE8 4GZ,Ecosurety (EA),111365,1,0,,,ORG:111365
Smithers-Oasis U.K. Limited,01542218,,,Washington,NE38 0AQ,Wastepack GB (SEPA),106065,1,0,,,ORG:106065
SMITHFIELD MURRAY LIMITED,02110715,,,Pontefract,WF9 3NR,Beyondly,106002,1,0,,,ORG:106002
Smiths Metal Centres Ltd,03485838,,,Letchworth Garden City,SG6 3JF,Valpak,102219,1,0,,,ORG:102219
Smiths News Trading Limited,00237811,,,Swindon,SN2 8UH,Veolia (EA),105479,1,0,,,ORG:105479
Smol Ltd,10626548,,,Brighton,BN1 1RB,Valpak,115987,1,0,,,ORG:115987
SMP Group PLC,02627262,,,London,SE18 5TT,Paperpak,104693,1,0,,,ORG:104693
SMR Automotive Mirrors UK Ltd,03904201,,,Portchester,PO16 9SD,Kite Environmental Solutions,100994,1,0,,,ORG:100994
SMUDGE & FRIENDS PETCARE LIMITED,09912240,,,London,SE1 3HA,Beyondly,116086,1,0,,,ORG:116086
Smurfit Westrock Bristol Ltd,02021031,,,Nottingham,NG8 6AW,Paperpak,107364,1,0,,,ORG:107364
Smurfit Westrock Consumer Packaging UK Ltd,02586987,,,Nottingham,NG8 6AW,ERP UK Ltd,107326,3,2,Multi Packaging Solutions Arbroath Ltd; Smurfit Westrock Consumer Belfast Ltd,NI004663; SC096307,ORG:107326
Smurfit Westrock UK Ltd,01017013,,,Liverpool,L3 1SF,Valpak,102575,1,0,,,ORG:102575
Smyth's Eurospar Ltd,NI647643,,,Ballymoney,BT53 6DS,ERP UK Ltd,107087,1,0,,,ORG:107087
Smyths Toys NI Limited,NI060832,,,Belfast,BT3 9LE,Scotpak (SEPA),104403,1,0,,,ORG:104403
Smyths Toys UK Ltd,06051517,,,London,EC4V 5EQ,Scotpak (SEPA),104281,1,0,,,ORG:104281
Snack Creations Ltd,11724356,,,Thorpe St. Andrew,NR7 0FD,Wastepack GB (SEPA),101816,1,0,,,ORG:101816
SNACKRUPTORS LIMITED,02887392,,,Salford,M50 3YJ,,116507,1,0,,,ORG:116507
Snag Group Ltd,SC572528,,,Livingston,EH54 9DF,Valpak Scotland Ltd (SEPA),101526,1,0,,,ORG:101526
Snap-On U.K. Holdings Ltd,02648720,,,Kettering,NN16 8SN,Valpak,101636,1,0,,,ORG:101636
Snapfish UK Ltd,09577995,,,Taunton,TA1 2PF,Valpak,111421,1,0,,,ORG:111421
Sneak Energy Limited,10187480,,,Manchester,M2 5HT,Wastepack GB (SEPA),107997,1,0,,,ORG:107997
SNF (UK) Ltd,02023891,,,Wakefield,WF1 2DF,Valpak,107651,2,1,SNF Oil and Gas Ltd,01954444,ORG:107651
Snowbird Foods Limited,08257747,,,Enfield,EN3 4TD,Kite Environmental Solutions,102809,1,0,,,ORG:102809
Soabar Ltd,06546634,,,Leicester,LE8 6NU,Valpak,107759,1,0,,,ORG:107759
Soanes Poultry Ltd,05217234,,,Driffield,YO25 9UG,Valpak,115570,1,0,,,ORG:115570
Soapworks Limited,SC388292,,,Glasgow,G33 4JD,,102936,1,0,,,ORG:102936
SODASTREAM WORLDWIDE TRADING CO,,,,,,Biffpack,102922,1,0,,,ORG:102922
Sodexo Holdings Limited,02987170,,,London,WC1B 5HA,Ecosurety (EA),102429,8,7,Alliance in Partnership Limited; Class Catering Services Limited; Heritage Portfolio Limited; Sodexo Limited; Sodexo Live UK Limited; The Contract Dining Company Limited; The Good Eating Company Limited,00842846; 03577003; 03653905; 03893038; 07185364; 14270762; SC234207,ORG:102429
Sodiaal UK Limited,01300676,,,Milton Keynes,MK12 5NN,Wastepack GB (SEPA),102398,1,0,,,ORG:102398
SODRA WOOD LIMITED,01789912,,,Cirencester,GL7 6JJ,Beyondly,107090,1,0,,,ORG:107090
Sofa Brands International Limited,05456332,,,Melksham,SN12 6GU,Ecosurety (EA),103136,6,5,Collins and Hayes Furniture Limited; Duresta Upholstery Limited; G Plan Upholstery Limited; Parker Knoll Upholstery Limited; The Lounge Co. (Furniture) Limited,00149073; 00341415; 01121102; 09988872; 10879511,ORG:103136
Sofidel UK Ltd,02245657,,,Neath,SA11 2FP,Comply with Clarity,101395,1,0,,,ORG:101395
SOFINA FOODS LIMITED,10664871,,,Malton,YO17 9NE,Biffpack,102870,7,6,KARRO FOOD FROZEN LIMITED; KARRO FOOD LIMITED; KARRO FOOD STOKE LIMITED; STIRCHLEY BACON CO. LIMITED; T S BLOOR & SONS LIMITED; YOUNG'S SEAFOOD LIMITED,01634794; 02329527; 03751665; 09146568; 09147022; SC220000,ORG:102870
Softbox Systems Ltd,03112875,,,Aylesbury,HP18 9RW,Valpak,102417,1,0,,,ORG:102417
Softcat Plc,02174990,,,Marlow,SL7 1LW,Wastepack GB (SEPA),104221,1,0,,,ORG:104221
SOHO COFFEE SHOPS LIMITED,03855467,,,Cheltenham,GL51 9PT,Beyondly,108255,1,0,,,ORG:108255
Soho Flordis UK Limited,09651037,,,Wigan,WN1 2TB,Wastepack GB (SEPA),104438,1,0,,,ORG:104438
Sol de Janeiro USA  Inc.,,,,New York,10165,,115807,1,0,,,ORG:115807
Solar Inks Ltd,05104479,,,Teflord,TF7 4NY,,107468,1,0,,,ORG:107468
Soleil Foodservice Limited,05101442,,,Wrexham,LL139AE,,115628,1,0,,,ORG:115628
SOLENIS UK INDUSTRIES LIMITED,11543848,,,Bradford,BD12 0JZ,Biffpack,103533,1,0,,,ORG:103533
Solent Global Holdings Ltd,08544214,,,Lymington,SO41 9GA,Valpak,111759,6,5,Retail Brands Limited; Solent Brands Ltd; Solent Homecare Ltd; Solent International Ltd; Xpel Marketing Ltd,01625974; 04293623; 06557112; 09398128; 10152689,ORG:111759
SOLIDUS PACKAGING SOLUTIONS LIMITED,03503260,,,Skipton,BD23 1TX,Beyondly,114165,1,0,,,ORG:114165
Solina Coatings UK Ltd,00189717,,,Biggleswade,SG18 8QB,Valpak,100271,1,0,,,ORG:100271
Solina UK Trading Limited,00757834,,,Elland,HX5 9JP,Wastepack GB (SEPA),104686,1,0,,,ORG:104686
Solutia UK Ltd,03295486,,,Newport,NP19 4XF,Valpak,111409,1,0,,,ORG:111409
SOLUTION INTERNATIONAL LIMITED,06457657,,,Leighton Buzzard,LU7 3RH,Beyondly,117223,1,0,,,ORG:117223
Solvay UK Holding Company Ltd,02767184,,,Warrington,WA4 6HA,Valpak,108101,2,1,Solvay Interox Ltd,01005238,ORG:108101
SOLVENTIS LTD.,03366192,,,Leeds,LS16 6QY,Biffpack,102315,3,2,SOLVENOX LTD; SOLVENTIS SOLUTIONS LTD,05736901; 14382004,ORG:102315
SOMERLAP FOREST PRODUCTS LTD.,01599346,,,Higbridge,TA9 4NR,Beyondly,101150,1,0,,,ORG:101150
Something Different Wholesale Limited,05279035,,,Swansea,SA7 9LA,Comply with Clarity,111490,1,0,,,ORG:111490
Somfy Ltd,02429938,,,Yeadon,LS19 7ZA,Packcare,107869,1,0,,,ORG:107869
Sone Products Ltd,07279763,,,Stanley,DH9 9QX,Wastepack GB (SEPA),100538,1,0,,,ORG:100538
Sonoco Cores and Paper Limited,05133800,,,Halifax,HX4 9PY,Paperpak,111767,1,0,,,ORG:111767
Sonoco Ltd,00082196,,,Halifax,HX4 9PY,Valpak,111414,1,0,,,ORG:111414
Sonoco Metal Packaging UK Limited,13373059,,,Wantage,OX12 9BP,Ecosurety (EA),100932,2,1,Sonoco Metal Packaging Aerosols UK Limited,00300739,ORG:100932
Sonos Atlantic UK Ltd,06173852,,,London,EC2Y 5EB,Packcare,107812,1,0,,,ORG:107812
SONOVA UK LIMITED,03417253,,,Warrington,WA1 1RX,Beyondly,115359,1,0,,,ORG:115359
Sony Europe B.V.,,,,Weybridge,KT13 0XW,ERP UK Ltd,104952,1,0,,,ORG:104952
Sony Interactive Entertainment Europe Ltd,03277793,,,London,W1F 7LP,ERP UK Ltd,101835,4,3,Sony Interactive Entertainment Direct Europe Limited; Sony Interactive Entertainment Network Europe Limited; Sony Interactive Entertainment UK Limited,02829355; 03754597; 06020283,ORG:101835
Sony Music Entertainment UK Ltd,01471066,,,London,N1C 4DB,Valpak,106031,1,0,,,ORG:106031
SOP International Ltd,01865316,,,Harlow,CM19 5AW,Valpak,104466,1,0,,,ORG:104466
Sophie Allport Limited,06213724,,,Bourne,PE10 9WG,Veolia (EA),106474,1,0,,,ORG:106474
Soprema UK Bitumen Limited,01350189,,,Ipswich,IP7 6BA,Valpak,101674,1,0,,,ORG:101674
Soprema UK Ltd,02939363,,,Ipswich,IP7 6BA,Valpak,114669,1,0,,,ORG:114669
Soprema UK Polyiso Limited,15191540,,,Ipswich,IP7 6BA,Valpak,117214,1,0,,,ORG:117214
Soudal (UK) Ltd,03295054,,,Tamworth,B77 5PN,Valpak,101788,1,0,,,ORG:101788
Soul Coffee House (Central) Ltd,09371863,,,Northwood,HA6 2EH,Valpak,107619,1,0,,,ORG:107619
Soul Coffee House (East) Ltd,09371819,,,Northwood,HA6 2EH,Valpak,107623,1,0,,,ORG:107623
Soul Coffee House (London) Ltd,10070599,,,Northwood,HA6 2EH,Valpak,107624,1,0,,,ORG:107624
Soul Coffee House (South) Ltd,09371847,,,Northwood,HA6 2EH,Valpak,107621,1,0,,,ORG:107621
Soul Coffee House (West) Ltd,09371815,,,Northwood,HA6 2EH,Valpak,107620,1,0,,,ORG:107620
SOULFRESH UK LIMITED,11212380,,,Wokingham,RG41 5TS,,108425,1,0,,,ORG:108425
Sourcebynet UK Limited,09356997,,,Shrewsbury,SY1 3FJ,,115802,1,0,,,ORG:115802
Sourceful Ltd,11260656,,,Manchester,M13BR,Beyondly,114268,1,0,,,ORG:114268
South Caernarvon Creameries Limited,,,,Pwllheli,LL53 6SB,Ecosurety (EA),101128,1,0,,,ORG:101128
South West Packaging Ltd,01800975,,,Gillingham,SP8 4LT,Paperpak,101507,1,0,,,ORG:101507
Southco Manufacturing Limited,04328069,,,Worcester,WR4 9FA,Wastepack GB (SEPA),102015,1,0,,,ORG:102015
Southern Cross Packaging Limited,04437169,,,Waterlooville,PO7 7XX,Kite Environmental Solutions,100109,1,0,,,ORG:100109
Southern Water Services Ltd,02366670,,,Worthing,BN13 3NX,Valpak,112378,1,0,,,ORG:112378
Southgate Global Limited,05910826,,,Kings Lynn,PE30 4NG,Paperpak,101492,1,0,,,ORG:101492
Southwestern Distillery Limited,08230959,,,Wadebridge,PL27 7SH,Ecosurety (EA),100482,1,0,,,ORG:100482
Space NK Ltd,02773985,,,London,WC1E 6JA,Valpak,108064,1,0,,,ORG:108064
Spacelabs Healthcare Ltd,00570647,,,London,EC4M 9AF,ERP UK Ltd,102156,1,0,,,ORG:102156
Spaceright Europe Ltd,SC344257,,,Glasgow,G68 0LW,Valpak Scotland Ltd (SEPA),103839,1,0,,,ORG:103839
Spaldings Ltd,01558147,,,Lincoln,LN6 3XJ,Valpak,103684,1,0,,,ORG:103684
Spandex Ltd,01266024,,,Almondsbury,BS32 4UA,Valpak,105323,2,1,Eikon Ltd,13905934,ORG:105323
SPAR (UK) LIMITED,00634226,,,Harrow,HA1 1BE,Beyondly,101972,1,0,,,ORG:101972
Sparex Ltd,00841771,,,Exeter,EX5 2LJ,Valpak,106978,1,0,,,ORG:106978
Spark Etail Limited,07551349,,,Marlow,SL7 1EY,Kite Environmental Solutions,100550,1,0,,,ORG:100550
Spear & Jackson Limited,02422675,,,Sheffield,S4 7QQ,Comply with Clarity,107291,3,2,Eclipse Magnetics Ltd; Neill Tools Ltd,00531327; 00609353,ORG:107291
Special Melted Products Limited,01919677,,,Sheffield,S4 7UR,Wastepack GB (SEPA),106829,1,0,,,ORG:106829
Special Metals Wiggin Ltd,00036721,,,Hereford,HR4 9SL,Valpak,103185,1,0,,,ORG:103185
SPECIALIST ALARM SERVICES LIMITED,01550516,,,Newcastle upon Tyne,NE4 7LJ,Beyondly,116330,1,0,,,ORG:116330
Specialist Computer Centres PLC,01428210,,,Birmingham,B11 2LE,ERP UK Ltd,111596,5,4,E-Plenish Limited; Quadra Concepts (UK) Limited; Visavvi Limited; Vohkus Limited,02170847; 04142508; 05922577; 06322818,ORG:111596
Specialist Pet Group Ltd,00786396,,,Nottingham,NG2 6NQ,Valpak,116823,4,3,PSR Trading Ltd; Pedigree Wholesale Ltd; Pets and Friends Trading Limited,01047681; 10987262; 15745473,ORG:116823
SPECIALIST TILING SUPPLIES LIMITED,07317280,,,Leeds,LS14 1PQ,,102612,1,0,,,ORG:102612
Speciality Brands Ltd,06301175,,,London,NW10 7LQ,Beyondly,101286,1,0,,,ORG:101286
Speciality Breads Limited,03169637,,,Worthing,BN11 1QR,Comply with Clarity,104404,1,0,,,ORG:104404
Speciality Cooking Supplies Limited,07733151,,,London,N8 9DJ,Kite Environmental Solutions,100700,1,0,,,ORG:100700
Speciality Steel UK Limited,10491177,,,Sheffield,S36 2JA,Wastepack GB (SEPA),104109,1,0,,,ORG:104109
Specialty Electronic Materials UK Limited,10321058,,,Stevenage,SG1 2NG,Veolia (EA),103050,1,0,,,ORG:103050
SPECSAVERS OPTICAL SUPERSTORES LIMITED,01721624,,,Portsmouth,PO15 7PA,,111484,1275,1274,Abbey Centre Visionplus Limited; Aberdare Specsavers Limited; Aberdeen Domiciliary Specsavers Limited; Aberdeen Specsavers Hearcare Limited; Aberdeen Visionplus Limited; Abergavenny Visionplus Limited; Aberystwyth Specsavers Hearcare Limited; Aberystwyth Specsavers Limited; Abingdon Visionplus Limited; Accrington Specsavers Hearcare Limited; Accrington Visionplus Limited; Acocks Green Specsavers Limited; Acomb Specsavers Ltd; Acton Specsavers Limited; Addlestone Specsavers Limited; Airdrie Visionplus Limited; Albany Road Visionplus Limited; Alcester Specsavers Limited; Aldershot Specsavers Limited; Aldridge Specsavers Limited; Alfreton Specsavers Hearcare Limited; Alfreton Visionplus Limited; Allerton Specsavers Hearcare Limited; Allerton Visionplus Limited; Allestree Specsavers Limited; Alloa Specsavers Limited; Alnwick Specsavers Limited; Althorp Road Specsavers Hearcare Limited; Althorp Road Specsavers Limited; Alton Specsavers Limited; Altrincham Visionplus Limited; Amersham Specsavers Limited; Ammanford Visionplus Limited; Andover Visionplus Limited; Antrim Specsavers Ltd; Arbroath Specsavers Limited; Archer Road Specsavers Limited; Armada Way Visionplus Limited; Armthorpe Specsavers Limited; Arndale Visionplus Limited; Arnison Specsavers Limited; Arnold Specsavers Hearcare Limited; Arnold Visionplus Limited; Ashbourne Derby Specsavers Limited; Ashby De La Zouch Specsavers Limited; Ashby de la Zouch Specsavers Hearcare Limited; Ashford Specsavers Hearcare Limited; Ashford Visionplus Limited; Ashington Specsavers Limited; Ashton Under Lyne Specsavers Hearcare Limited; Ashton Under Lyne Visionplus Limited; Ashton in Makerfield Specsavers Limited; Aylesbury Gatehouse Specsavers Limited; Aylesbury Specsavers Hearcare Limited; Aylesbury Visionplus Limited; Ayr Specsavers Hearcare Limited; Ayr Visionplus Limited; Ballymena Domiciliary Specsavers Limited; Ballymena Visionplus Limited; Banbridge Specsavers Limited; Banbury Specsavers Hearcare Limited; Banbury Visionplus Limited; Bangor Visionplus Limited; Banstead Specsavers Limited; Bar Hill Specsavers L:imited; Barking Specsavers Limited; Barkingside Visionplus Limited; Barnard Castle Specsavers Limited; Barnet Visionplus Limited; Barnsley Specsavers Hearcare Limited; Barnsley Visionplus Limited; Barnstaple Roundswell Specsavers Limited; Barnstaple Specsavers Hearcare Limited; Barnstaple Specsavers Limited; Barrhead Specsavers Ltd; Barrow In Furness Visionplus Limited; Barry Specsavers Limited; Basildon Specsavers Hearcare Limited; Basildon Visionplus Limited; Basingstoke Specsavers Hearcare Limited; Basingstoke Visionplus Limited; Bath Specsavers Hearcare Limited; Bath Visionplus Limited; Bathgate Visionplus Limited; Batley Specsavers Limited; Bearwood Visionplus Limited; Beaumont Leys Visionplus Limited; Beccles Specsavers Limited; Beckenham Optical Limited; Beckton Specsavers Limited; Bedford Domiciliary Specsavers Limited; Bedford Specsavers Hearcare Limited; Bedford Visionplus Limited; Bedminster Specsavers Hearcare Limited; Bedminster Visionplus Limited; Bedworth Visionplus Limited; Belfast Domiciliary Specsavers Limited; Belfast Park Centre Specsavers Limited; Belfast Specsavers Hearcare Limited; Belfast Visionplus Limited; Belle Vale Visionplus Limited; Bellshill Specsavers Limited; Belper Visionplus Limited; Berkshire 1 Domiciliary Specsavers Limited; Berwick Upon Tweed Specsavers Hearcare Limited; Berwick Visionplus Limited; Bethnal Green Visionplus Limited; Beverley Visionplus Limited; Bexhill Specsavers Limited; Bexleyheath Specsavers Hearcare Limited; Bexleyheath Visionplus Limited; Bicester Specsavers Hearcare Limited; Bicester Specsavers Limited; Bideford Visionplus Limited; Biggleswade Bells Brook Specsavers Limited; Biggleswade Specsavers Hearcare Limited; Biggleswade Specsavers Limited; Billericay Visionplus Limited; Bilston Visionplus Limited; Bingham Specsavers Limited; Bingley Specsavers Limited; Birkenhead Specsavers Hearcare Limited; Birkenhead Visionplus Limited; Birmingham 1 Domiciliary Specsavers Limited; Birmingham 2 Domiciliary Specsavers Limited; Birmingham Domi Audiology Specsavers Limited; Bishop Auckland Specsavers Hearcare Limited; Bishop Auckland Visionplus Limited; Bishop Stortford Visionplus Limited; Bishopbriggs Specsavers Limited; Bishops Stortford Specsavers Hearcare Limited; Bishopsgate Specsavers Hearcare Limited; Bishopsgate Visionplus Limited; Bitterne Visionplus Limited; Blaby Specsavers Limited; Blackburn Specsavers Hearcare Limited; Blackhall Specsavers Limited; Blackheath Specsavers Limited; Blackpool Visionplus Limited; Blackwood Visionplus Limited; Blandford Forum Specsavers Limited; Blaydon Specsavers Limited; Bletchley Specsavers Limited; Bloomfield Specsavers Hearcare Limited; Bloomfield Visionplus Limited; Bloxwich Specsavers Limited; Blyth Visionplus Limited; Bodmin Specsavers Hearcare Limited; Bodmin Specsavers Limited; Bognor Regis Shripney Road Specsavers Limited; Bognor Regis Specsavers Hearcare Limited; Bognor Regis Visionplus Limited; Bolton Specsavers Hearcare Limited; Bolton Trinity Specsavers Limited; Bolton Visionplus Limited; Bootle Visionplus Limited; Borehamwood Specsavers Limited; Boscombe Visionplus Limited; Boston Specsavers Hearcare Limited; Boston Visionplus Limited; Bourne Specsavers Limited; Bournemouth 1 Domiciliary Specsavers Limited; Bournemouth 2 Domiciliary Specsavers Limited; Bournemouth 5 Domiciliary Specsavers Limited; Bournemouth Specsavers Hearcare Limited; Bournemouth Visionplus Limited; Bracknell Specsavers Hearcare Limited; Bracknell Visionplus Limited; Bradford 2 Domiciliary Specsavers Limited; Bradford Domi Audiology Specsavers Limited; Bradford Idle Specsavers Hearcare Limited; Bradford Visionplus Limited; Bradley Stoke Specsavers Hearcare Limited; Bradley Stoke Visionplus Ltd; Braehead Specsavers Limited; Braintree Specsavers Limited; Brecon Specsavers Limited; Brentford Specsavers Limited; Brentwood Specsavers Hearcare Limited; Brentwood Specsavers Limited; Bridgend Derwen Specsavers Limited; Bridgend Visionplus Limited; Bridgnorth Visionplus Limited; Bridgwater Specsavers Limited; Bridlington Visionplus Limited; Bridport Specsavers Limited; Brighouse Specsavers Limited; Brighton London Road Specsavers Limited; Brighton Specsavers Hearcare Limited; Brighton Visionplus Limited; Bristol 1 Domiciliary Specsavers Limited; Bristol Visionplus Limited; Brixham Visionplus Limited; Brixton Visionplus Limited; Broadwalk Visionplus Limited; Broadway Visionplus Limited; Bromley Specsavers Hearcare Limited; Bromley Visionplus Limited; Bromsgrove 2005 Visionplus Limited; Brookwood Specsavers Limited; Broughton Park Specsavers Hearcare Limited; Broughton Specsavers Limited; Brownhills Visionplus Limited; Brunswick Visionplus Limited; Buckingham Specsavers Limited; Burgess Hill Visionplus Limited; Burnham On Sea Visionplus Limited; Burnley Specsavers Hearcare Limited; Burnley Visionplus Limited; Burton On Trent Specsavers Hearcare Limited; Burton On Trent Visionplus Limited; Bury Specsavers Hearcare Limited; Bury St Edmunds Specsavers Hearcare Limited; Bury St Edmunds Visionplus Limited; Bury Visionplus Limited; Buxton Specsavers Hearcare Limited; Buxton Specsavers Limited; Bybrook Specsavers Limited; Byres Road Visionplus Limited; CATVOG Domiciliary Specsavers Limited; Caernarfon Specsavers Hearcare Limited; Caernarfon Visionplus Limited; Caerphilly Visionplus Limited; Calcot Specsavers Limited; Camberley Specsavers Hearcare Limited; Camberley Visionplus Limited; Camborne Specsavers Hearcare Limited; Cambridge Fitzroy Street Visionplus Limited; Cambridge Specsavers Hearcare Limited; Cambridge Visionplus Limited; Camden Town Specsavers Limited; Cameron Toll Specsavers Limited; Canley Specsavers Limited; Cannock Specsavers Hearcare Limited; Cannock Visionplus Limited; Cannock Voyagr Specsavers Limited; Canterbury Specsavers Hearcare Limited; Canterbury Visionplus Limited; Canvey Island Specsavers Limited; Cardiff Specsavers Hearcare Limited; Cardiff Visionplus Limited; Cardigan Specsavers Limited; Carlisle Specsavers Hearcare Limited; Carlisle Visionplus Limited; Castle Vale Specsavers Limited; Castleford Visionplus Limited; Castlepoint Specsavers Limited; Catcliffe Visionplus Limited; Caterham Visionplus Limited; Catford Visionplus Limited; Central Visionplus Limited; Chafford Hundred Specsavers Limited; Chandlers Ford Specsavers Limited; Chard Specsavers Limited; Charlton Riverside Specsavers Limited; Chatham Specsavers Hearcare Limited; Chatham Visionplus Limited; Chelmsford Specsavers Hearcare Limited; Chelmsford Visionplus Limited; Chelmsley Wood Specsavers Hearcare Limited; Chelmsley Wood Visionplus Limited; Cheltenham Specsavers Hearcare Limited; Cheltenham Visionplus Limited; Cheltenham West Specsavers Limited; Chepstow Specsavers Limited; Chesham Eye Options Limited; Cheshire Oaks Specsavers Limited; Chester Le Street Specsavers Limited; Chester Specsavers Hearcare Limited; Chester Visionplus Limited; Chesterfield Domi Audiology Specsavers Limited; Chesterfield Specsavers Hearcare Limited; Chesterfield Visionplus Limited; Cheylesmore Specsavers Ltd; Chichester Specsavers Hearcare Limited; Chichester Visionplus Limited; Chichester Westhampnett Specsavers Limited; Chingford Specsavers Limited; Chippenham Specsavers Hearcare Limited; Chippenham Specsavers Limited; Chiswick Specsavers Limited; Chorley Specsavers Hearcare Limited; Chorley Visionplus Limited; Christchurch Specsavers Hearcare Limited; Christchurch Specsavers Limited; Cirencester Specsavers Hearcare Limited; Cirencester Visionplus Limited; Clacton Specsavers Hearcare Limited; Clacton Specsavers Limited; Clapham Specsavers Hearcare Limited; Clapham Visionplus Limited; Cleckheaton Specsavers Limited; Cleethorpes Specsavers Limited; Clevedon Visionplus Limited; Cleveland Visionplus Limited; Cleveleys Specsavers Hearcare Limited; Cleveleys Visionplus Limited; Clifton Specsavers Limited; Clitheroe Specsavers Limited; Clydebank Specsavers Hearcare Limited; Clydebank Visionplus Limited; Clywd and Snowdonia Domiciliary Specsavers Limited; Coalville Visionplus Limited; Coatbridge Visionplus Limited; Cobham Specsavers Limited; Colchester Specsavers Hearcare Limited; Colchester Visionplus Limited; Coleraine Specsavers Hearcare Limited; Coleraine Visionplus Limited; Colne Specsavers Limited; Colwick Specsavers Limited; Colwyn Bay Specsavers Hearcare Limited; Colwyn Bay Specsavers Limited; Congleton Specsavers Hearcare Limited; Congleton Visionplus Limited; Connswater Visionplus Limited; Consett Specsavers Limited; Cookstown Specsavers Limited; Corby Visionplus Limited; Cosham Specsavers Limited; Cottingham Specsavers Limited; Coulby Newham Visionplus Limited; Coventry 1 Domiciliary Specsavers Limited; Coventry 2 Domiciliary Specsavers Limited; Coventry Arena Specsavers Limited; Coventry Domi Audiology Specsavers Limited; Coventry Specsavers Hearcare Limited; Coventry Visionplus Limited; Cowbridge Specsavers Limited; Cowley Specsavers Hearcare Limited; Cowley Visionplus Limited; Craigavon Visionplus Limited; Cramlington Specsavers Hearcare Limited; Cramlington Specsavers Limited; Cranleigh Specsavers Limited; Crayford Specsavers Limited; Crewe Specsavers Hearcare Limited; Crewe Visionplus Limited; Cribbs Causeway Specsavers Limited; Crosby Specsavers Hearcare Limited; Crosby Specsavers Limited; Crossgates Visionplus Limited; Crouch End Specsavers Limited; Crowborough Specsavers Limited; Crown Point Leeds Specsavers Limited; Croydon Northend Visionplus Limited; Croydon Specsavers Hearcare Limited; Croydon Visionplus Limited; Crystal Peaks Specsavers Hearcare Limited; Crystal Peaks Visionplus Limited; Cumbernauld Visionplus Limited; Cupar Specsavers Limited; Cwmbran Specsavers Hearcare Limited; Cwmbran Visionplus Limited; Dagenham Heathway Specsavers Limited; Dalgety Bay Specsavers Limited; Dalkeith Visionplus Limited; Dalston Cross Specsavers Hearcare Limited; Dalston Cross Specsavers Limited; Darlington Specsavers Hearcare Limited; Darlington Victoria Road Specsavers Limited; Darlington Visionplus Limited; Dartford Visionplus Limited; Daventry Specsavers Limited; Deal Visionplus Limited; Deepdale Specsavers Limited; Denbigh Specsavers Limited; Denton Specsavers Limited; Derby 1 Domiciliary Specsavers Limited; Derby Domi Audiology Specsavers Limited; Derby Specsavers Hearcare Limited; Derby Visionplus Limited; Derry Crescent Link Specsavers Limited; Derry Cresent Link Specsavers Hearcare Limited; Devizes Specsavers Limited; Dewsbury Visionplus Limited; Didcot Visionplus Limited; Dingwall Visionplus Limited; Diss Visionplus Limited; Doncaster Visionplus Limited; Dorchester Visionplus Limited; Dorking Specsavers Limited; Dover Specsavers Hearcare Limited; Dover Visionplus Limited; Downpatrick Specsavers Limited; Driffield Specsavers Limited; Droitwich Visionplus Limited; Dudley Specsavers Hearcare Limited; Dumbarton Specsavers Limited; Dumfries Specsavers Hearcare Limited; Dumfries Visionplus Limited; Dundee Domiciliary Specsavers Limited; Dundee Specsavers Hearcare Limited; Dundee Visionplus Limited; Dunfermline Specsavers Hearcare Limited; Dunfermline Visionplus Limited; Dunstable Visionplus Limited; Dunstable White Lion Specsavers Limited; Durham Specsavers Hearcare Limited; Durham Specsavers Limited; Ealing Specsavers Hearcare Limited; East Dereham Specsavers Hearcare Limited; East Dereham Specsavers Limited; East Grinstead Visionplus Limited; East Ham Specsavers Hearcare Limited; East Kilbride Specsavers Hearcare Limited; East Kilbride Visionplus Limited; East Mayne Specsavers Limited; Eastbourne Specsavers Hearcare Limited; Eastbourne Visionplus Limited; Eastham Visionplus Limited; Eastleigh Specsavers Hearcare Limited; Eastleigh Visionplus Limited; Ebbw Vale Visionplus Limited; Eccles Specsavers Limited; Edgware Road Specsavers Hearcare Limited; Edgware Road Visionplus Limited; Edinburgh Domiciliary Specsavers Limited; Edinburgh Nicolson Street Visionplus Limited; Edinburgh Specsavers Hearcare Limited; Edinburgh Visionplus Limited; Edmonton Green Visionplus Limited; Egham Visionplus Limited; Elgin Specsavers Hearcare Limited; Elgin Specsavers Limited; Ellesmere Port Visionplus Limited; Ellon Specsavers Limited; Eltham Specsavers Hearcare Limited; Eltham Visionplus Limited; Ely Lisle Lane Specsavers Limited; Ely Specsavers Hearcare Limited; Ely Specsavers Limited; Emersons Green Specsavers Limited; Enfield Crown Road Specsavers Limited; Enfield Specsavers Hearcare Limited; Enfield Visionplus Limited; Enniskillen Specsavers Limited; Epping Visionplus Limited; Epsom Specsavers Hearcare Limited; Epsom Visionplus Limited; Erdington Visionplus Limited; Erith Visionplus Limited; Essex 2 Domiciliary Specsavers Limited; Evesham Visionplus Limited; Exeter Domiciliary Specsavers Limited; Exeter Specsavers Hearcare Limited; Exeter Visionplus Limited; Exmouth Specsavers Limited; Eye Options Limited; Fairfield Park Specsavers Limited; Fakenham Visionplus Limited; Falkirk Specsavers Hearcare Limited; Falkirk Visionplus Limited; Fallowfield Specsavers Limited; Falmouth Visionplus Limited; Fareham Visionplus Limited; Farlington Specsavers Limited; Farnborough Visionplus Limited; Farnham Specsavers Hearcare Limited; Farnham Visionplus Limited; Faversham Specsavers Limited; Felixstowe Specsavers Hearcare Limited; Felixstowe Specsavers Limited; Feltham Specsavers Limited; Ferryquay Visionplus Limited; Fife Domi Audiology Specsavers Limited; Fife Domiciliary Specsavers Limited; Filton Specsavers Limited; Firth Park Specsavers Limited; Fishponds Specsavers Limited; Fleet Visionplus Limited; Flint Visionplus Limited; Folkestone Specsavers Hearcare Limited; Folkestone Visionplus Limited; Forfar Visionplus Limited; Formby Visionplus Limited; Fosse Park Specsavers Limited; Fox Valley Specsavers Limited; Fraserburgh Specsavers Limited; Frome Visionplus Limited; Fulham Specsavers Hearcare Limited; Fulham Visionplus Limited; Fulham Wharf Specsavers Limited; Gainsborough Visionplus Limited; Galashiels Specsavers Limited; Gateshead Team Valley Specsavers Limited; Gateshead Visionplus Limited; Gerrards Cross Specsavers Limited; Gillingham Visionplus Limited; Girlington Specsavers Limited; Glasgow Domiciliary Specsavers Limited; Glasgow Forge Visionplus Limited; Glasgow Specsavers Hearcare Limited; Glasgow Visionplus Limited; Glenrothes Visionplus Limited; Glossop Specsavers Limited; Gloucester Specsavers Hearcare Limited; Gloucester Specsavers Limited; Godalming Specsavers Limited; Golders Green Visionplus Limited; Gorleston Specsavers Limited; Gorseinon Specsavers Limited; Gosport Specsavers Limited; Grangemouth Specsavers Limited; Grantham Specsavers Hearcare Limited; Grantham Visionplus Limited; Gravesend Specsavers Hearcare Limited; Gravesend Visionplus Limited; Grays Specsavers Limited; Great Dunmow Specsavers Limited; Great Yarmouth Specsavers Hearcare Limited; Great Yarmouth Visionplus Limited; Greenford Specsavers Limited; Greenock Specsavers Hearcare Limited; Greenock Visionplus Limited; Grimsby Visionplus Limited; Guildford Specsavers Hearcare Limited; Guildford Visionplus Limited; Guisborough Specsavers Limited; Guiseley Visionplus Limited; Gwent Domiciliary Specsavers Limited; Gyle Centre Visionplus Limited; Hackney Specsavers Limited; Haddington Specsavers Limited; Hailsham Specsavers Limited; Halesowen Visionplus Limited; Halewood Specsavers Limited; Halifax Visionplus Limited; Hamilton Visionplus Limited; Hammersmith Visionplus Limited; Hampton Specsavers Limited; Hanley Specsavers Hearcare Limited; Hanley Visionplus Limited; Harborne Specsavers Hearcare Limited; Harborne Specsavers Ltd; Hardwick Specsavers Limited; Harlesden Visionplus Limited; Harlow Specsavers Hearcare Limited; Harlow Visionplus Limited; Harpenden Specsavers Limited; Harpurhey Visionplus Limited; Harringay Specsavers Limited; Harrogate Specsavers Hearcare Limited; Harrogate Visionplus Limited; Harrow Specsavers Hearcare Limited; Harrow Visionplus Limited; Hartlepool Specsavers Hearcare Limited; Hartlepool Visionplus Limited; Hastings Sedlescombe Road Specsavers Limited; Hastings Specsavers Hearcare Limited; Hastings Visionplus Limited; Havant Specsavers Hearcare Limited; Havant Visionplus Limited; Haverfordwest Visionplus Limited; Haverhill Specsavers Limited; Hayes Lombardy Specsavers Limited; Hayes Visionplus Limited; Haywards Heath Specsavers Hearcare Limited; Haywards Heath Visionplus Limited; Headingley Specsavers Ltd; Health And Fashion In Eyes Limited; Heaton Park Specsavers Limited; Hedge End Specsavers Limited; Helensburgh Specsavers Limited; Helston Specsavers Limited; Hemel Hempstead Specsavers Hearcare Limited; Hemel Hempstead Visionplus Limited; Hempstead Valley Specsavers Limited; Hendon Specsavers Limited; Hereford Specsavers Hearcare Limited; Hereford Visionplus Limited; Herne Bay Specsavers Limited; Hertford Specsavers Limited; Hertfordshire 2 Domiciliary Specsavers Limited; Herts Visionplus Limited; Hessle Optical Limited; Heswall Specsavers Limited; Hexham Visionplus Limited; Heyford Hill Specsavers Limited; High Wycombe Specsavers Hearcare Limited; Hillsborough Specsavers Limited; Hinckley Specsavers Hearcare Limited; Hinckley Visionplus Limited; Hitchin Visionplus Limited; Hoddesdon Visionplus Limited; Holbeach Specsavers Limited; Holborn Visionplus Limited; Holloway Specsavers Limited; Honiton Specsavers Limited; Horley Specsavers Limited; Hornchurch Specsavers Limited; Horsham Specsavers Hearcare Limited; Horsham Visionplus Limited; Hounslow Specsavers Hearcare Limited; Hounslow Visionplus Limited; Hove Visionplus Limited; Hucknall Visionplus Limited; Huddersfield Specsavers Hearcare Limited; Huddersfield Visionplus Limited; Hull Specsavers Hearcare Limited; Hull Visionplus Limited; Hunstanton Specsavers Limited; Huntingdon Specsavers Hearcare Limited; Huntingdon Specsavers Limited; Huyton Specsavers Limited; Hyde Specsavers Hearcare Limited; Hyde Visionplus Limited; Hythe Specsavers Limited; Idle Visionplus Limited; Ilford Visionplus Limited; Ilkeston Specsavers Hearcare Limited; Ilkley Visionplus Limited; Inverness Specsavers Hearcare Limited; Inverness Visionplus Limited; Inverurie Specsavers Limited; Ipswich Specsavers Hearcare Limited; Ipswich Visionplus Limited; Irvine Specsavers Hearcare Limited; Irvine Visionplus Limited; Isle Of Wight Specsavers Hearcare Limited; Isle Of Wight Visionplus Limited; Islington Visionplus Limited; Jarrow Specsavers Limited; Keighley Specsavers Hearcare Limited; Keighley Visionplus Limited; Kendal Mint Bridge Specsavers Limited; Kendal Visionplus Limited; Kenilworth Specsavers Hearcare Limited; Kenilworth Visionplus Ltd; Kensington Cromwell Road Specsavers Limited; Kettering Specsavers Hearcare Limited; Kettering Visionplus Limited; Keynsham Specsavers Limited; Kidderminster Crossley Specsavers Limited; Kidderminster Specsavers Hearcare Limited; Kidlington Specsavers Hearcare Limited; Kidlington Specsavers Limited; Kilburn Specsavers Hearcare Limited; Kilburn Specsavers Limited; Killingworth Specsavers Limited; Kilmarnock Visionplus Limited; Kiln Lane Specsavers Limited; King William Visionplus Limited; Kings Lynn Domiciliary Specsavers Limited; Kings Lynn Specsavers Hearcare Limited; Kings Lynn Visionplus Limited; Kingsbury Specsavers Ltd; Kingsheath Visionplus Limited; Kingston Upon Thames Specsavers Hearcare Limited; Kingston Upon Thames Visionplus Limited; Kingswinford Specsavers Limited; Kingswood Visionplus Limited; Kirkby Visionplus Limited; Kirkcaldy Specsavers Limited; Kirkintilloch Visionplus Limited; Kirkstall Specsavers Hearcare Limited; Kirkstall Specsavers Limited; Knowle Specsavers Limited; Lakeside Grays Specsavers Hearcare Limited; Lakeside Specsavers Limited; Lanark Visionplus Limited; Lancaster Specsavers Hearcare Limited; Lancaster Visionplus Limited; Largs Visionplus Limited; Larkfield Specsavers Limited; Larkhall Specsavers Limited; Larne Specsavers Limited; Launceston Specsavers Limited; Leamington Spa Specsavers Hearcare Limited; Leamington Spa Visionplus Limited; Leatherhead Visionplus Limited; Leckwith Specsavers Limited; Ledbury Specsavers Limited; Leeds Specsavers Hearcare Limited; Leeds Visionplus Limited; Leek Specsavers Limited; Leicester Domi Audiology Specsavers Limited; Leicester Gipsy Lane Specsavers Limited; Leicester North Specsavers Limited; Leicester Specsavers Hearcare Limited; Leicester Visionplus Limited; Leicestershire 1 Domiciliary Specsavers Limited; Leigh Specsavers Hearcare Limited; Leigh Visionplus Limited; Leigh-On-Sea Specsavers Limited; Leighton Buzzard Visionplus Limited; Leith Visionplus Limited; Leominster Visionplus Limited; Lerwick Specsavers Ltd; Letchworth Specsavers Hearcare Limited; Letchworth Visionplus Limited; Leven Specsavers Limited; Lewes Specsavers Limited; Lewisham Visionplus Limited; Leyland Specsavers Limited; Lichfield Visionplus Limited; Lincoln Morrisons Specsavers Hearcare Limited; Lincoln Morrisons Visionplus Limited; Lincoln Visionplus Limited; Lincolnshire 2 Domiciliary Specsavers Limited; Linlithgow Specsavers Limited; Lisburn Visionplus Limited; Liverpool Rice Lane Specsavers Limited; Liverpool Specsavers Hearcare Limited; Livingston Specsavers Hearcare Limited; Livingston Visionplus Limited; Llandudno Visionplus Limited; Llanelli Specsavers Limited; Llanishen Specsavers Limited; London 4 Domiciliary Specsavers Limited; London 8 Domiciliary Specsavers Limited; London 9 Domiciliary Specsavers Limited; London Colney Specsavers Limited; London Wall Visionplus Limited; Longbridge Specsavers Limited; Longton Specsavers Hearcare Limited; Longton Specsavers Limited; Longwater Specsavers Limited; Lord Street Visionplus Limited; Loughborough Specsavers Hearcare Limited; Loughborough Visionplus Limited; Loughton Specsavers Limited; Louth Specsavers Hearcare Limited; Louth Visionplus Limited; Low Hall Specsavers Limited; Lowestoft Visionplus Limited; Ludlow Visionplus Limited; Luton Specsavers Hearcare Limited; Luton Visionplus Limited; Lutterworth Specsavers Limited; Lymington Specsavers Hearcare Limited; Lymington Visionplus Limited; Macclesfield Specsavers Hearcare Limited; Macclesfield Visionplus Limited; Maesteg Visionplus Limited; Magherafelt Visionplus Limited; Maghull Specsavers Limited; Maidenhead Specsavers Hearcare Ltd; Maidenhead Visionplus Limited; Maidstone Domi Audiology Specsavers Limited; Maidstone Domiciliary Specsavers Limited; Maidstone Specsavers Hearcare Limited; Maidstone Visionplus Limited; Maldon Specsavers Ltd; Malton H&F Limited; Malvern Retail Park Specsavers Limited; Manchester 2 Domiciliary Specsavers Limited; Manchester Domi Audiology Specsavers Limited; Manchester Fort Specsavers Limited; Manchester Specsavers Hearcare Limited; Mansfield Nottingham Specsavers Limited; Mansfield Specsavers Hearcare Limited; Mansfield Visionplus Limited; March Specsavers Limited; Margate Visionplus Limited; Market Drayton Visionplus Limited; Market Harborough Specsavers Limited; Marlborough Specsavers Limited; Marlow Specsavers Limited; Martletts Visionplus Limited; Matlock Specsavers Limited; Meadows Visionplus Limited; Melksham Visionplus Limited; Melton Mowbray Specsavers Hearcare Limited; Melton Mowbray Visionplus Limited; Mere Green Specsavers Limited; Merthyr Tydfil 2006 Visionplus Limited; Merthyr Tydfil Specsavers Hearcare Limited; Mexborough Visionplus Limited; Middlebrook Specsavers Limited; Middlesbrough Specsavers Hearcare Limited; Middlesbrough Visionplus Limited; Middleton Specsavers Hearcare Limited; Middleton Visionplus Limited; Midsomer Norton Specsavers Limited; Milngavie Visionplus Limited; Milton Keynes Specsavers Hearcare Limited; Milton Keynes Visionplus Limited; Minehead Specsavers Limited; Moderneyes Limited; Mold Specsavers Limited; Monmouth Visionplus Limited; Montrose Specsavers Limited; Morden Visionplus Limited; Morecambe Visionplus Limited; Morley Specsavers Hearcare Limited; Morley Specsavers Limited; Morningside Visionplus Limited; Morpeth Visionplus Limited; Morriston Specsavers Limited; Motherwell Specsavers Limited; Mumbles Specsavers Limited; Musselburgh Visionplus Limited; Muswell Hill Visionplus Limited; NUNEATON VISIONPLUS LIMITED; Nailsea Specsavers Limited; Nairn Specsavers Limited; Nantwich Visionplus Limited; Neath Visionplus Limited; Nelson Visionplus Limited; New Malden Specsavers Limited; New Milton Specsavers Limited; Newark Visionplus Limited; Newbury Hectors Way Specsavers Limited; Newbury Specsavers Hearcare Limited; Newbury Visionplus Limited; Newcastle 2 Domiciliary Specsavers Limited; Newcastle Kingston Park Specsavers Hearcare Limited; Newcastle Kingston Park Specsavers Limited; Newcastle Specsavers Hearcare Limited; Newcastle Under Lyme Visionplus Limited; Newcastle Visionplus Limited; Newcastle-Under-Lyme Specsavers Hearcare Limited; Newlands Specsavers Limited; Newmarket Specsavers Limited; Newport Pagnell Specsavers Limited; Newport Shropshire Specsavers Limited; Newport Specsavers Hearcare Limited; Newport Visionplus Limited; Newquay Visionplus Limited; Newry Visionplus Limited; Newton Abbot Visionplus Limited; Newton Aycliffe Visionplus Limited; Newton Mearns Specsavers Hearcare Limited; Newton Mearns Specsavers Limited; Newtown Visionplus Limited; Newtownards Specsavers Limited; Normanton Specsavers Limited; Norris Green Specsavers Hearcare Limited; Norris Green Visionplus Limited; North Finchley Specsavers Hearcare Limited; North Finchley Visionplus Limited; North Shields Specsavers Limited; North Walsham Specsavers Hearcare Limited; North Walsham Specsavers Limited; Northallerton Specsavers Limited; Northampton Specsavers Hearcare Limited; Northampton Weedon Road Specsavers Limited; Northants Visionplus Limited; Northfield Visionplus Limited; Northumberland Domi Audiology Specsavers Limited; Norton Specsavers Limited; Norwich 1 Domiciliary Specsavers Limited; Norwich Domi Audiology Specsavers Limited; Norwich Pound Lane Specsavers Limited; Norwich Visionplus Limited; Nottingham Specsavers Hearcare Limited; Nottingham Visionplus Limited; Nottinghamshire 2 Domiciliary Specsavers Limited; Nuneaton Specsavers Hearcare Limited; Oadby Specsavers Limited; Oakham Specsavers Limited; Oakwood Specsavers Limited; Oban Specsavers Limited; Okehampton Specsavers Limited; Old Swan Visionplus Limited; Oldham Domiciliary Specsavers Limited; Oldham Visionplus Limited; Omagh Visionplus Limited; Openshaw Specsavers Limited; Ormskirk Specsavers Hearcare Limited; Ormskirk Specsavers Limited; Orpington Specsavers Hearcare Limited; Orpington Specsavers Limited; Oswestry Specsavers Limited; Otley Specsavers Hearcare Limited; Otley Visionplus Limited; Oxford Specsavers Hearcare Limited; Oxford Visionplus Limited; Oxted Specsavers Limited; Paignton Specsavers Hearcare Limited; Paignton Specsavers Limited; Paisley Visionplus Limited; Palmers Green Visionplus Limited; Parkgate Visionplus Limited; Peascod Street Specsavers Limited; Peckham Visionplus Limited; Pembroke Dock Specsavers Limited; Penarth Visionplus Limited; Penge Specsavers Limited; Penrith Specsavers Limited; Penzance Visionplus Limited; Perth Visionplus Limited; Peter Beaton Opticians Limited; Peterborough Domi Audiology Specsavers Limited; Peterborough Specsavers Hearcare Limited; Peterborough Visionplus Limited; Peterhead Specsavers Limited; Peterlee Specsavers Limited; Petersfield Specsavers Hearcare Limited; Petersfield Specsavers Limited; Pimlico Specsavers Limited; Pinner Specsavers Limited; Plymouth Domi Audiology Specsavers Limited; Plymouth Domiciliary Specsavers Limited; Plymouth Marsh Mills Specsavers Limited; Plymouth Specsavers Hearcare Limited; Plymstock Specsavers Limited; Pocklington H&F Limited; Pontefract Visionplus Limited; Pontypool Visionplus Limited; Pontypridd Specsavers Hearcare Limited; Pontypridd Visionplus Limited; Poole Specsavers Hearcare Limited; Poole Visionplus Limited; Port Glasgow Specsavers Limited; Portadown Specsavers Hearcare Limited; Portadown Visionplus Limited; Porthcawl Specsavers Limited; Porthmadog Specsavers Limited; Portishead Specsavers Limited; Portslade Specsavers Limited; Portsmouth North End Specsavers Limited; Portsmouth Specsavers Hearcare Limited; Portsmouth Visionplus Limited; Potters Bar Specsavers Limited; Prescot Specsavers Limited; Prestatyn Visionplus Limited; Preston Domi Audiology Specsavers Ltd; Preston Specsavers Hearcare Limited; Preston Visionplus Limited; Pudsey Visionplus Limited; Purley Specsavers Limited; Putney High Visionplus Limited; Queensway Visionplus Limited; Ramsgate Specsavers Limited; Rayleigh Visionplus Limited; Reading Specsavers Hearcare Limited; Reading Visionplus Limited; Redcar Specsavers Hearcare Limited; Redcar Visionplus Limited; Redditch Alvechurch Specsavers Limited; Redditch Visionplus Limited; Redhill Specsavers Hearcare Limited; Redhill Specsavers Limited; Redruth Specsavers Limited; Reigate Visionplus Limited; Retford Visionplus Limited; Rhyl Visionplus Limited; Richmond Specsavers Hearcare Limited; Richmond Visionplus Limited; Rickmansworth Specsavers Limited; Ringwood Specsavers Hearcare Limited; Ringwood Visionplus Limited; Ripley Specsavers Limited; Ripon Visionplus Limited; Rochdale Specsavers Hearcare Limited; Rochdale Visionplus Limited; Romford Specsavers Hearcare Limited; Romford Visionplus Limited; Romsey Specsavers Limited; Rotherham Visionplus Limited; Rothwell Specsavers Hearcare Limited; Rothwell Visionplus Limited; Royston Specsavers Limited; Royton Visionplus Limited; Rugeley Visionplus Limited; Ruislip Visionplus Limited; Runcorn Specsavers Hearcare Limited; Runcorn Visionplus Limited; Rushden Visionplus Limited; Rustington Retail Park Specsavers Limited; Rustington Visionplus Limited; Ryde Visionplus Limited; SHIPLEY SPECSAVERS HEARCARE LIMITED; SPECSAVERS FULFILMENT SERVICES UK LIMITED; Saffron Walden Specsavers Hearcare Limited; Saffron Walden Visionplus Limited; Sale Specsavers Hearcare Limited; Sale Visionplus Limited; Salford Specsavers Limited; Salisbury Specsavers Hearcare Limited; Saltash Specsavers Limited; Saltcoats Specsavers Limited; Sauchiehall Street Specsavers Limited; Scarborough Specsavers Hearcare Limited; Scarborough Visionplus Limited; Scunthorpe Specsavers Hearcare Limited; Scunthorpe Visionplus Limited; Seaford Visionplus Limited; Seaham Visionplus Limited; Selby Specsavers Limited; Selly Oak Specsavers Limited; Serpentine Green Specsavers Limited; Sevenoaks Specsavers Hearcare Limited; Sevenoaks Visionplus Limited; Shandwick Place Visionplus Limited; Sheerness Specsavers Limited; Sheffield 2 Domiciliary Specsavers Limited; Sheffield Specsavers Hearcare Limited; Sheffield Visionplus Limited; Shepherds Bush Visionplus Limited; Sheringham Specsavers Limited; Shinfield Road Specsavers Limited; Shipley Visionplus Limited; Shirley Specsavers Limited; Shrewsbury Specsavers Hearcare Limited; Shrewsbury Visionplus Limited; Sidcup Specsavers Limited; Sittingbourne Specsavers Hearcare Limited; Sittingbourne Visionplus Limited; Skegness Visionplus Limited; Skelmersdale Visionplus Limited; Skipton Visionplus Limited; Sleaford Visionplus Limited; Solihull Specsavers Hearcare Limited; Solihull Visionplus Limited; South Elmsall Specsavers Limited; South Harrow Visionplus Limited; South Shields Visionplus Limited; South Woodham Ferrers Specsavers Limited; South Yorkshire Domi Audiology Specsavers Limited; Southampton CC Specsavers Hearcare Limited; Southampton Specsavers Hearcare Limited; Southampton Visionplus Limited; Southend Specsavers Hearcare Limited; Southport Specsavers Hearcare Limited; Southport Visionplus Limited; Southsea Visionplus Limited; Spalding Specsavers Hearcare Limited; Spalding Visionplus Limited; Springfield Specsavers Limited; Spytty Road Specsavers Limited; St Albans Everard Specsavers Limited; St Albans Specsavers Hearcare Limited; St Albans Visionplus Limited; St Andrews Visionplus Limited; St Annes Visionplus Limited; St Austell Visionplus Limited; St Helens Specsavers Hearcare Limited; St Helens Visionplus Limited; St Ives Specsavers Limited; St Neots Visionplus Limited; St Stephens (Norwich) Specsavers Hearcare Limited; St Stephens Visionplus Limited; Stafford Specsavers Hearcare Limited; Stafford Visionplus Limited; Staines Specsavers Hearcare Limited; Staines Visionplus Limited; Stamford Morrisons Specsavers Limited; Stanley Specsavers Limited; Stanmore Specsavers Limited; Stanway Specsavers Limited; Stevenage Poplars Specsavers Limited; Stevenage Visionplus Limited; Stirling Visionplus Limited; Stockport Specsavers Hearcare Limited; Stockport Visionplus Limited; Stockton Specsavers Hearcare Limited; Stoke-on-Trent Domi Audiology Specsavers Limited; Stone Specsavers Limited; Stonehaven Specsavers Limited; Stourbridge Specsavers Hearcare Limited; Stourbridge Visionplus Limited; Stourport On Severn Specsavers Limited; Stowmarket Specsavers Limited; Strabane Specsavers Limited; Straiton Specsavers Limited; Strand Specsavers Limited; Stranraer Visionplus Limited; Stratford Upon Avon Visionplus Limited; Stratford Visionplus Limited; Stratford-Upon-Avon Specsavers Hearcare Ltd; Stratton Specsavers Limited; Streatham Visionplus Limited; Street Specsavers Limited; Stretford Specsavers Limited; Strood Specsavers Limited; Stroud Visionplus Limited; Sudbury Cornard Road Specsavers Limited; Sudbury Visionplus Limited; Sunderland Specsavers Hearcare Limited; Sunderland Visionplus Limited; Surbiton Visionplus Limited; Surrey 2 Domiciliary Specsavers Limited; Surrey Quays Visionplus Limited; Sutton Coldfield Specsavers Hearcare Limited; Sutton Coldfield Visionplus Limited; Sutton In Ashfield Visionplus Limited; Sutton Specsavers Hearcare Limited; Sutton Visionplus Limited; Sutton-In-Ashfield Specsavers Hearcare Limited; Swadlincote Visionplus Limited; Swaledale Visionplus Limited; Swan Centre Visionplus Limited; Swanley Specsavers Limited; Swansea Specsavers Hearcare Limited; Swansea Visionplus Limited; Swindon Specsavers Hearcare Limited; Swindon Visionplus Limited; Swinton Specsavers Hearcare Limited; Swiss Cottage Specsavers Limited; Sydenham Specsavers Limited; Syston Specsavers Limited; T And L Optics Limited; TCR Specsavers Hearcare Limited; Talbot Green Specsavers Ltd; Talbot Heath Specsavers Limited; Tamworth Specsavers Hearcare Limited; Tamworth Ventura Specsavers Limited; Tamworth Visionplus Limited; Taunton Specsavers Hearcare Limited; Taunton Specsavers Limited; Tavistock Specsavers Limited; Tcr Visionplus Limited; Teignmouth Visionplus Limited; Telford Specsavers Hearcare Limited; Telford Visionplus Limited; Tenterden Specsavers Limited; Tetbury Specsavers Limited; Tewkesbury Specsavers Limited; Thame Specsavers Limited; The Fort Glasgow Specsavers Hearcare Limited; The Fort Glasgow Specsavers Limited; Thetford Visionplus Limited; Thirsk Specsavers Hearcare Limited; Thirsk Specsavers Limited; Thornbury Specsavers Limited; Thorne Specsavers Limited; Tiverton Visionplus Limited; Tonbridge Specsavers Limited; Tooting Visionplus Limited; Torquay Visionplus Limited; Torquay Willows Specsavers Limited; Totnes Specsavers Limited; Tottenham Specsavers Limited; Totton Visionplus Limited; Towcester Specsavers Limited; Treorchy Specsavers Limited; Tring Specsavers Limited; Trowbridge Visionplus Limited; Truro Specsavers Hearcare Limited; Truro Visionplus Limited; Tunbridge Wells Specsavers Hearcare Limited; Tunbridge Wells Visionplus Limited; Tunstall Specsavers Limited; Twickenham Visionplus Limited; Uckfield Specsavers Limited; Upminster Specsavers Limited; Upton Specsavers Limited; Urmston Specsavers Limited; Uttoxeter Specsavers Hearcare Limited; Uttoxeter Visionplus Limited; Uxbridge Specsavers Hearcare Limited; Uxbridge Specsavers Limited; Vangarde Specsavers Limited; Victoria Visionplus Limited; Visionplus (Carmarthen) Limited; Visionplus (Cornwall) Limited; Visionplus (Dudley) Limited; Visionplus (Northwich) Limited; Visionplus (Port Talbot) Limited; Visionplus (Salisbury) Limited; Visionplus (Southend) Limited; Wakefield Marsh Way Specsavers Limited; Wakefield Specsavers Hearcare Limited; Wakefield Visionplus Limited; Wallasey Specsavers Limited; Wallington Visionplus Limited; Wallsend Specsavers Limited; Walsall Domi Audiology Specsavers Limited; Walsall Specsavers Hearcare Limited; Walsall Visionplus Limited; Waltham Cross Visionplus Limited; Walthamstow Visionplus Limited; Walton On Thames Specsavers Hearcare Limited; Walton On Thames Specsavers Limited; Walworth Road Specsavers Hearcare Limited; Walworth Road Visionplus Limited; Wandsworth Visionplus Limited; Wantage Specsavers Limited; Warminster Specsavers Hearcare Limited; Warren Heath Specsavers Limited; Warrington Domi Audiology Specsavers Limited; Warrington Domiciliary Specsavers Limited; Warrington Specsavers Hearcare Limited; Warrington Visionplus Limited; Warwick Domi Audiology Specsavers Limited; Warwick Specsavers Limited; Washington Galleries Specsavers Limited; Washington Specsavers Hearcare Limited; Washington Specsavers Limited; Waterlooville Visionplus Limited; Watford Specsavers Hearcare Limited; Watford Visionplus Limited; Wealdstone Specsavers Limited; Wednesfield Specsavers Limited; Wellingborough Visionplus Limited; Wellington Specsavers Limited; Wells Specsavers Limited; Welshpool Specsavers Limited; Welwyn Garden City Specsavers Hearcare Limited; Welwyn Garden City Visionplus Limited; Wembley Park Specsavers Limited; Wembley Specsavers Hearcare Limited; Wembley Visionplus Limited; West Bridgford Visionplus Limited; West Bromwich Specsavers Limited; West Drayton Specsavers Limited; West Park Farm Specsavers Limited; West Wickham Visionplus Limited; Westhill Specsavers Limited; Weston Favell Specsavers Limited; Weston Super Mare Specsavers Hearcare Limited; Weston Super Mare Visionplus Limited; Westway Cross Specsavers Hearcare Limited; Westway Specsavers Limited; Wetherby Visionplus Limited; Weymouth Specsavers Hearcare Limited; Weymouth Visionplus Limited; Whitby Visionplus Limited; Whitchurch Specsavers Limited; White Rose Specsavers Limited; Whitechapel Specsavers Limited; Whitehaven Visionplus Limited; Whiteley Specsavers Limited; Whitstable Visionplus Limited; Wick Specsavers Limited; Wickford Specsavers Limited; Widnes Visionplus Limited; Wigan Specsavers Hearcare Limited; Wigan Visionplus Limited; Wigston Specsavers Hearcare Limited; Wigston Visionplus Limited; Wilmslow Specsavers Ltd; Wimbledon Broadway Specsavers Hearcare Limited; Wimbledon Broadway Specsavers Limited; Wimborne Minster Specsavers Limited; Winchester Specsavers Limited; Winchmore Hill Specsavers Limited; Winsford Specsavers Hearcare Limited; Winsford Visionplus Limited; Winterstoke Road Specsavers Limited; Winton Specsavers Limited; Wisbech Specsavers Hearcare Limited; Wisbech Specsavers Limited; Wishaw Visionplus Limited; Witham Specsavers Hearcare Limited; Witham Specsavers Limited; Witney Visionplus Limited; Woking Specsavers Hearcare Limited; Woking Visionplus Limited; Wokingham Specsavers Limited; Wolverhampton Specsavers Hearcare Limited; Wolverhampton Visionplus Limited; Wombwell Specsavers Limited; Wood Green Specsavers Hearcare Limited; Wood Green Visionplus Limited; Woodbridge Specsavers Hearcare Limited; Woodbridge Specsavers Limited; Woodley Visionplus Limited; Woolwich Visionplus Limited; Wootton Bassett Specsavers Limited; Worcester 1 Domiciliary Specsavers Limited; Worcester Park Specsavers Limited; Worcester Specsavers Hearcare Limited; Worcester Visionplus Limited; Workington Visionplus Limited; Worksop Visionplus Limited; Worle Specsavers Limited; Worthing Specsavers Hearcare Limited; Worthing Visionplus Limited; Wrexham Specsavers Hearcare Limited; Wrexham Visionplus Limited; Wymondham Specsavers Limited; Wythenshawe Specsavers Limited; Yardley Specsavers Limited; Yate Visionplus Limited; Yeovil Specsavers Hearcare Limited; Yeovil Visionplus Limited; York 1 Domiciliary Specsavers Limited; York Domi Audiology Specsavers Limited; York Specsavers Hearcare Limited; York Visionplus Limited,01866642; 01868110; 01885711; 01926640; 01929956; 01951323; 01969512; 01969515; 02015543; 02018907; 02018912; 02048820; 02070587; 02070592; 02070596; 02198613; 02230155; 02290720; 02355828; 02377984; 02407978; 02407981; 02407988; 02463441; 02463443; 02486841; 02487624; 02487926; 02531879; 02531886; 02531903; 02532339; 02591540; 02591544; 02593515; 02616133; 02622842; 02649539; 02654887; 02665397; 02665403; 02665425; 02665429; 02666150; 02684794; 02689772; 02691802; 02699795; 02699799; 02699800; 02700052; 02700058; 02700059; 02700062; 02700338; 02705454; 02705457; 02706554; 02709723; 02720283; 02720291; 02722025; 02724781; 02727398; 02727401; 02727407; 02730711; 02735269; 02735270; 02736816; 02746121; 02746531; 02747320; 02748070; 02749331; 02749334; 02749340; 02749355; 02756055; 02787067; 02791426; 02794537; 02794540; 02794685; 02795644; 02795649; 02796086; 02796421; 02800338; 02800341; 02802815; 02804900; 02807608; 02816090; 02816094; 02816097; 02817254; 02817911; 02820467; 02822861; 02822926; 02822938; 02823889; 02823894; 02828995; 02829021; 02829267; 02832346; 02834720; 02836359; 02839223; 02839226; 02839229; 02839259; 02840393; 02840399; 02844649; 02844653; 02848186; 02851446; 02851482; 02852762; 02853731; 02853756; 02853776; 02858271; 02858451; 02858454; 02859758; 02865118; 02866230; 02866232; 02866237; 02866776; 02866780; 02866783; 02867396; 02874678; 02875757; 02875784; 02876778; 02877773; 02883015; 02885386; 02885388; 02885393; 02885400; 02885434; 02886191; 02886297; 02887519; 02888345; 02893594; 02896554; 02896560; 02899458; 02899459; 02903803; 02905367; 02915616; 02931849; 02934666; 02936593; 02936597; 02938908; 02941086; 02941686; 02941692; 02942299; 02949786; 02958827; 02959752; 02961717; 02962892; 02966314; 02972223; 02972225; 02972414; 02972450; 02972452; 02972908; 02975163; 02975854; 02978702; 02978707; 02978712; 02979713; 02982291; 02988451; 02993085; 03000312; 03005512; 03005517; 03009855; 03010566; 03013922; 03015795; 03021381; 03024030; 03024032; 03026273; 03026821; 03026827; 03029682; 03031966; 03035115; 03036240; 03038792; 03042277; 03045363; 03045376; 03050326; 03050333; 03060299; 03063313; 03064204; 03064206; 03064210; 03064211; 03064214; 03064217; 03064219; 03069507; 03073776; 03073832; 03080530; 03091658; 03091662; 03100890; 03100893; 03107525; 03111738; 03111739; 03111744; 03112530; 03144017; 03146497; 03151313; 03168218; 03173126; 03173129; 03176993; 03217720; 03219809; 03232951; 03240036; 03240721; 03252189; 03345573; 03347379; 03347380; 03360587; 03401772; 03512887; 03514442; 03542515; 03545189; 03556054; 03566728; 03570342; 03577718; 03587014; 03595145; 03595480; 03616341; 03621756; 03636537; 03651770; 03662904; 03675505; 03675509; 03675813; 03686276; 03687227; 03688042; 03691130; 03707095; 03708532; 03736109; 03747003; 03753138; 03753145; 03753152; 03762026; 03763132; 03763139; 03763141; 03778225; 03778246; 03778252; 03778255; 03778256; 03778260; 03797182; 03797189; 03813110; 03813464; 03832684; 03839780; 03839782; 03849018; 03849136; 03885082; 03885086; 03885315; 03941579; 03957161; 03997700; 03997800; 04011147; 04015506; 04015516; 04015533; 04019210; 04019694; 04035605; 04045479; 04054791; 04054829; 04054842; 04054851; 04054879; 04054904; 04084546; 04084560; 04084680; 04084692; 04084795; 04131148; 04131306; 04131558; 04149092; 04149095; 04151732; 04171281; 04173057; 04180701; 04180813; 04180869; 04186365; 04206016; 04219807; 04219859; 04219879; 04268270; 04272111; 04277046; 04296845; 04301053; 04304795; 04312344; 04322239; 04327023; 04345452; 04345461; 04345465; 04359537; 04359560; 04377876; 04377889; 04380483; 04386911; 04386993; 04391017; 04391033; 04393020; 04393034; 04393041; 04396304; 04396312; 04396413; 04396426; 04396788; 04396797; 04398855; 04407766; 04407770; 04407771; 04407786; 04419216; 04423693; 04445536; 04445575; 04460463; 04465269; 04465341; 04465347; 04473271; 04487996; 04494935; 04508602; 04518968; 04518982; 04524204; 04524207; 04524219; 04524220; 04524248; 04524255; 04524288; 04548531; 04548540; 04587831; 04587842; 04587899; 04604841; 04604862; 04604986; 04604997; 04606792; 04613236; 04625936; 04626218; 04626226; 04626251; 04638650; 04639058; 04659372; 04678175; 04690007; 04703249; 04733770; 04733885; 04733887; 04733915; 04733935; 04741702; 04754328; 04754333; 04754340; 04754377; 04804608; 04804648; 04804658; 04804670; 04804683; 04812907; 04812927; 04827812; 04827893; 04846830; 04875341; 04875362; 04875384; 04876831; 04898768; 04898828; 04898858; 04899292; 04899319; 04910670; 04910685; 04911951; 04912126; 04922272; 04954272; 04954286; 04955944; 04969479; 04977530; 04977536; 04994069; 04994070; 04994161; 04994214; 04994688; 05001455; 05015421; 05015460; 05015791; 05031320; 05051097; 05051276; 05051477; 05081539; 05081541; 05092368; 05094063; 05115584; 05115637; 05120991; 05132528; 05133525; 05191457; 05191814; 05199561; 05205067; 05205093; 05211218; 05222632; 05253233; 05255253; 05255284; 05258124; 05279022; 05302993; 05315260; 05319263; 05319482; 05319490; 05319514; 05319589; 05341522; 05354726; 05354728; 05355170; 05372729; 05379626; 05383216; 05391059; 05402362; 05411727; 05414596; 05414598; 05418324; 05426423; 05426426; 05430408; 05452156; 05452799; 05469466; 05483447; 05484988; 05487505; 05497936; 05500294; 05525238; 05529713; 05542235; 05542238; 05542240; 05542297; 05542299; 05542300; 05542303; 05544263; 05546437; 05553983; 05558142; 05559864; 05560073; 05561413; 05569582; 05575899; 05575900; 05584372; 05584548; 05590921; 05590978; 05603704; 05603764; 05603789; 05603805; 05606946; 05606947; 05606955; 05606956; 05606957; 05607104; 05607394; 05623899; 05628181; 05635267; 05646650; 05647856; 05653292; 05655104; 05671613; 05671658; 05684701; 05689900; 05709216; 05718110; 05734940; 05734941; 05734946; 05745566; 05747452; 05747454; 05749900; 05749904; 05770902; 05770905; 05778244; 05778246; 05778434; 05798664; 05800362; 05818201; 05829071; 05829774; 05833585; 05836804; 05840040; 05840735; 05866921; 05867109; 05868693; 05868694; 05881466; 05883991; 05888517; 05891145; 05891304; 05894254; 05894734; 05908691; 05909143; 05910473; 05917492; 05919297; 05919403; 05919413; 05920222; 05933708; 05934046; 05940043; 05954089; 05955289; 05955378; 05964534; 05964553; 05969672; 06025913; 06026080; 06026095; 06026109; 06026113; 06041505; 06041508; 06046193; 06046217; 06048554; 06077087; 06092335; 06097512; 06161774; 06162502; 06162561; 06183951; 06206654; 06206665; 06206668; 06209223; 06213976; 06227718; 06227720; 06227722; 06254510; 06254576; 06254600; 06263939; 06278987; 06279015; 06287687; 06287688; 06287696; 06289321; 06289325; 06305082; 06318427; 06318435; 06325547; 06330805; 06336208; 06338471; 06347688; 06353969; 06357379; 06364275; 06372989; 06380746; 06383476; 06391157; 06391159; 06391162; 06425660; 06425664; 06425671; 06425676; 06451408; 06480013; 06498816; 06505426; 06517641; 06528946; 06552284; 06590746; 06596949; 06609489; 06666746; 06666795; 06666819; 06678293; 06678359; 06685797; 06687006; 06687106; 06689355; 06693534; 06708929; 06747428; 06747438; 06747450; 06777416; 06794604; 06814279; 06823656; 06826165; 06828255; 06883095; 06883100; 06900849; 06905952; 06910049; 06926988; 06933818; 06949780; 06949834; 06967285; 06977940; 06977968; 07028756; 07084904; 07086061; 07086063; 07086104; 07088145; 07088150; 07088173; 07088175; 07088208; 07148220; 07199546; 07228870; 07321549; 07372567; 07385788; 07405958; 07475104; 07509171; 07518579; 07528971; 07537530; 07558490; 07577402; 07710203; 07710446; 07752804; 07773366; 07821238; 07821320; 07840513; 07840624; 07842940; 07871123; 07884769; 07885143; 07941771; 07951526; 07953442; 07954548; 07957134; 08046335; 08073457; 08108404; 08108433; 08133011; 08133576; 08133662; 08134410; 08134653; 08137200; 08140961; 08162422; 08178961; 08188158; 08194611; 08219224; 08299062; 08345244; 08345296; 08373370; 08389096; 08455393; 08458533; 08458598; 08488793; 08488891; 08489063; 08537306; 08537342; 08558416; 08576557; 08598310; 08598500; 08603146; 08613854; 08634580; 08643385; 08643393; 08643420; 08643443; 08643476; 08643477; 08643483; 08643491; 08643501; 08643584; 08658361; 08658444; 08658654; 08658670; 08658735; 08658738; 08658745; 08658761; 08658814; 08658821; 08658831; 08658836; 08658864; 08663856; 08669752; 08720153; 08734335; 08735310; 08869759; 08878157; 08889462; 08956352; 08956432; 08988811; 09031012; 09037944; 09037951; 09037994; 09037998; 09038028; 09038055; 09038098; 09039827; 09075283; 09075328; 09075404; 09110529; 09150985; 09156269; 09156301; 09156331; 09157644; 09162579; 09201948; 09201952; 09247143; 09291054; 09297071; 09301778; 09304296; 09304521; 09889096; 09889218; 09889240; 09889273; 09889316; 09889343; 09927028; 09927067; 09927107; 09927147; 09955987; 09961763; 10145439; 10145532; 10145589; 10145645; 10166927; 10167001; 10167083; 10167196; 10167238; 10167264; 10167285; 10167306; 10233922; 10328905; 10329730; 10329887; 10329904; 10330567; 10333905; 10333921; 10333983; 10339942; 10362156; 10366215; 10366538; 10384943; 10385102; 10434710; 10434898; 10436969; 10437008; 10460556; 10494339; 10494474; 10597747; 10640286; 10674036; 10687564; 10704023; 10730971; 10743125; 10743982; 10744459; 10744569; 10780190; 10795600; 10795927; 10795988; 10796006; 10796035; 10807557; 10807781; 10807815; 10841010; 10841079; 10841143; 10841154; 10841163; 10841227; 10841309; 10855114; 10861916; 10862010; 10862417; 10897085; 10897125; 10897158; 10897195; 10897206; 10906190; 10906274; 10906316; 10906556; 10929639; 10930008; 10930094; 10940947; 10941121; 10957784; 10958205; 10958272; 10992959; 10993385; 10994123; 10994627; 10995200; 11006945; 11007338; 11033944; 11045475; 11045495; 11045578; 11045620; 11045716; 11045822; 11045838; 11045881; 11045930; 11046075; 11048187; 11048209; 11048310; 11059024; 11085154; 11085180; 11085495; 11087331; 11087335; 11091291; 11110962; 11116467; 11170480; 11207234; 11207378; 11268721; 11279072; 11279116; 11279149; 11279174; 11279256; 11279265; 11279304; 11279364; 11279371; 11279402; 11279443; 11281965; 11282053; 11282213; 11282365; 11282579; 11291959; 11300497; 11325282; 11325416; 11332105; 11332117; 11332157; 11332229; 11332571; 11334370; 11334405; 11334435; 11334453; 11334519; 11334574; 11334659; 11334698; 11334732; 11335055; 11335096; 11337802; 11337804; 11337807; 11337815; 11337854; 11337965; 11337976; 11338011; 11338380; 11338741; 11338998; 11340340; 11340950; 11341005; 11341376; 11342829; 11342832; 11342871; 11342888; 11342908; 11342946; 11342960; 11343015; 11343091; 11343194; 11343439; 11343488; 11343518; 11343554; 11343572; 11343578; 11346044; 11394363; 11394368; 11394390; 11394402; 11394415; 11433708; 11435277; 11457445; 11458568; 11477104; 11480951; 11481801; 11481816; 11484180; 11484685; 11484775; 11484901; 11485003; 11485271; 11488660; 11488749; 11495145; 11495258; 11544768; 11577008; 11579611; 11589355; 11589403; 11589455; 11589472; 11589533; 11590496; 11595337; 11606416; 11606436; 11606509; 11608857; 11609016; 11609029; 11649732; 11649829; 11678214; 11705298; 11705415; 11728296; 11777229; 11779795; 11790062; 11790759; 11790767; 11790798; 11790923; 11878175; 11878192; 11881548; 11886420; 11907627; 11939601; 11939827; 11939865; 11952927; 11953452; 11972944; 12009415; 12012991; 12013592; 12022827; 12022843; 12022863; 12022915; 12022964; 12026232; 12062670; 12062711; 12096630; 12096742; 12119668; 12119818; 12155029; 12239591; 12691578; 13566910; 13622579; 13627945; 13916826; 13938102; 13938122; 13980724; 13988542; 13992495; 13995126; 13995359; 14041331; 14041338; 14041841; 14064823; 14100411; 14127563; 14127570; 14173354; 14218532; 14218589; 14218664; 14221788; 14221793; 14240993; 14241018; 14241090; 14241150; 14259926; 14259935; 14302464; 14302549; 14302560; 14302578; 14302610; 14302646; 14303421; 14303430; 14369643; 14373424; 14385842; 14385924; 14439445; 14462577; 14476387; 14482861; 14503008; 14519457; 14713785; 14761788; 14785024; 14788415; 14788977; 14788996; 14791783; 14825227; 14825717; 14846586; 14848968; 14849016; 14852013; 14870907; 14876910; 14926404; 14935770; 14935779; 14935783; 14935790; 14944526; 15054034; 15089576; 15089720; 15089781; 15208659; 15275714; 15276078; 15296940; 15300746; 15345657; 15345681; 15530260; 15724566; 15730347; 15730443; 15787623; 15790066; 15790120; 15790135; 15824876; 15834576; 15884018; 15948289; 15951393; 15951452; 16008558; 16025820; 16025881; 16025884; 16040055; 16064976; 16067565; 16094503; 16095036; 16095060; 16125758; 16159723; 16268327; NI027888; NI028529; NI028530; NI029153; NI029601; NI033190; NI036491; NI036493; NI036727; NI037128; NI037129; NI046672; NI049278; NI058846; NI061581; NI069718; NI073487; NI608227; NI610271; NI616064; NI638386; NI638388; NI638548; NI640239; NI642315; NI645485; NI647579; NI654560; NI683039; NI683057; SC164828,ORG:111484
SPECTRA PACKAGING SOLUTIONS LIMITED,06323869,,,Holton  Halesworth,IP19 8RX,Comply with Clarity,103992,1,0,,,ORG:103992
Spectrum Brands (UK) Ltd,02394603,,,Manchester,M35 0HS,ERP UK Ltd,103217,1,0,,,ORG:103217
Spectrum Brands EMEA UK Ltd,00658577,,,Nottingham,NG8 6AS,Valpak,102683,1,0,,,ORG:102683
Speedy Products Limited,01242000,,,Manchester,M6 6WY,Wastepack GB (SEPA),103187,1,0,,,ORG:103187
Sphere Consolidated Holdings U.K. Ltd,01636441,,,Colchester,CO2 7GL,Valpak,105516,3,2,Alfaplas Ltd; Sphere Consumer Products Ltd,03171362; 05217791,ORG:105516
SPICE HOLDING LTD,11278964,,,London,SE1 3UZ,Beyondly,111198,3,2,LAO CAFE LIMITED; ROSA'S LONDON LIMITED,07734532; 10120771,ORG:111198
Spin Master Toys UK Ltd,05245070,,,Marlow,SL7 1NT,ERP UK Ltd,102847,1,0,,,ORG:102847
Spinaclean Ltd,04506121,,,Altrincham,WA14 2DT,Valpak,115507,1,0,,,ORG:115507
Spinko Limited,04231536,,,Leeds,LS11 5SB,Wastepack GB (SEPA),105325,2,1,HS Products Ltd,05189436,ORG:105325
Spiral Packs (London) Limited,01105821,,,Sevenoaks,TN15 6AR,Wastepack GB (SEPA),102353,1,0,,,ORG:102353
Spirax Group plc,00596337,,,Cheltenham,GL53 8ER,Comply with Clarity,111338,6,5,Aflex Hose Limited; BIO PURE TECHNOLOGY LTD; Gestra UK Ltd; Spirax-Sarco Ltd; Watson-Marlow Ltd,00509018; 01088141; 02481019; 03665190; 10639879,ORG:111338
SPIRE TECHNOLOGY LIMITED,02447513,,,Verwood,BH31 6AX,Comply with Clarity,108192,1,0,,,ORG:108192
Spirit Healthcare Ltd,06259954,,,Leicester,LE2 6UP,Beyondly,114265,1,0,,,ORG:114265
Spirited Wines & Co Limited,07686477,,,London,W1W 6QR,ERP UK Ltd,108079,1,0,,,ORG:108079
Spiritmen Limited,08874113,,,Guildford,GU5 9BW,Ecosurety (EA),111334,1,0,,,ORG:111334
SPL COMPONENTS LIMITED,02996246,,,LEEDS,LS11 5UX,Beyondly,118135,1,0,,,ORG:118135
Splash About International Ltd,05581094,,,Grimsby,DN41 8DY,Valpak,107096,1,0,,,ORG:107096
Splendid Hospitality Group LLP,OC331910,,,Watford,WD24 4YJ,,106543,1,0,,,ORG:106543
Splendid Restaurants (Colonel) Ltd,10250386,,,Watford,WD24 4YJ,Valpak,115258,2,1,Splendid Restaurants (Harland) Ltd,10692934,ORG:115258
Spon Global Ltd,10772706,,,Liverpool,L24 9PB,Beyondly,103107,1,0,,,ORG:103107
Sportpursuit Limited,07599287,,,London,SW9 6DE,Paperpak,103636,1,0,,,ORG:103636
SPORTS SUPPLEMENTS LTD,05654661,,,Colchester,CO4 9QX,Beyondly,116807,1,0,,,ORG:116807
Sportswift Limited,03493972,,,Wakefield,WF2 0XG,Comply with Clarity,104336,2,1,Printcraft Limited,07019834,ORG:104336
Spot-On-Supplies (Cleaning and Packaging) Limited,01234451,,,Burnham on Sea,TA8 1EF,Wastepack GB (SEPA),114486,1,0,,,ORG:114486
Spotnails LTD,03135591,,,Caerphilly,CF83 3DR,Packcare,100753,1,0,,,ORG:100753
SPP Pumps Ltd,04839607,,,Coleford,GL16 8PS,Valpak,107054,1,0,,,ORG:107054
Springdawn Bolton Ltd,06201661,,,Bolton,BL1 8PP,Valpak,101087,1,0,,,ORG:101087
Springfarm Architectural Mouldings Limited,NI024953,,,Antrim,BT41 2RU,Comply with Clarity,108461,1,0,,,ORG:108461
SPRINGFIELD BUSINESS PAPERS LIMITED,09151244,,,Bristol,BS30 8TY,Beyondly,108126,1,0,,,ORG:108126
Springfield Solutions Ltd,01331331,,,Hull,HU9 1EH,Valpak,105358,1,0,,,ORG:105358
Springhill Farms (Pershore) Limited,06015601,,,Evesham,WR11 7TD,Wastepack GB (SEPA),105265,1,0,,,ORG:105265
Springpack Limited,08775441,,,Worcester,WR5 1SG,Paperpak,102867,1,0,,,ORG:102867
Springvale EPS Limited,NI001043,,,Belfast,BT2 7FW,Wastepack GB (SEPA),108439,1,0,,,ORG:108439
SPRINGVALE FOODS LTD,09316709,,,Ipswich,�IP3 8AX,,108579,1,0,,,ORG:108579
Sprite Labels Ltd,02194736,,,Nottingham,NG8 4GP,Valpak,102541,1,0,,,ORG:102541
SPS Technologies Limited,00303951,,,Leicester,LE4 9HX,Kite Environmental Solutions,117356,3,2,K G Coating Limited; SPS Aerostructures Limited,01945689; 02981419,ORG:117356
Squareup (UK) Ltd,09023549,,,London,EC2Y 5EB,ERP UK Ltd,115923,1,0,,,ORG:115923
Squish Supply Ltd,08847281,,,London,SW8 5EL,Kite Environmental Solutions,116397,1,0,,,ORG:116397
SR Mailing Ltd,09042684,,,Manchester,M3 1FB,Valpak,104660,1,0,,,ORG:104660
SSAB SWEDISH STEEL LIMITED,00710624,,,Brierley Hill,DY5 1UF,Biffpack,115878,1,0,,,ORG:115878
ST EVAL CANDLE CO LTD,04540135,,,Wadebridge,PL27 7UL,Beyondly,105214,1,0,,,ORG:105214
St Ewe Free Range Eggs Limited,11384483,,,Truro,TR2 4EF,,107444,1,0,,,ORG:107444
ST HELEN'S FARM LIMITED,06240035,,,York,YO42 4NP,Beyondly,100246,1,0,,,ORG:100246
St James Smokehouse(Scotland) Limited,SC267020,,,Annan,DG12 6BA,,117424,1,0,,,ORG:117424
ST. JOHNS PACKAGING (UK) LIMITED,12681665,,,Ilkeston,DE7 4BZ,Beyondly,103819,1,0,,,ORG:103819
St. Mickalos Company Ltd,01491067,,,London,SE24 0HW,Valpak,116004,1,0,,,ORG:116004
St.Austell Brewery Company Limited,00107021,,,St. Austell,PL25 4BY,Ecosurety (EA),104043,1,0,,,ORG:104043
Stabilo International GmbH,BR009540,,,Maidenhead,SL6 4BY,Valpak,105082,1,0,,,ORG:105082
Staedtler (U.K.) Limited,00797272,,,Bridgend,CF35 5LJ,Wastepack GB (SEPA),102840,1,0,,,ORG:102840
Staircraft Group Limited,03109143,,,Ansty,CV7 9PU,Ecosurety (EA),115035,1,0,,,ORG:115035
STAIRRODS (UK) LIMITED,01948611,,,Blackhill Consett,DH8 5UN,Beyondly,114935,1,0,,,ORG:114935
Stamford Products Limited,01652293,,,Stalybridge,SK15 1QQ,Wastepack GB (SEPA),106480,1,0,,,ORG:106480
Standard Motor Products Europe Limited,00955888,,,Annesley,NG15 0DR,Ecosurety (EA),101703,1,0,,,ORG:101703
Standard Wool (UK) Limited,00713917,,,Dewsbury,WF12 8EH,Wastepack GB (SEPA),104120,1,0,,,ORG:104120
Stanilod Group Ltd,09087781,,,Evesham,WR11 1LB,Valpak,102227,5,4,BW Catering Products Ltd; BW Ireland Ltd; Barnes Williams (UK & Far East) Ltd; The Chilli Doctor Ltd,02479877; 07477690; 08298511; NI710682,ORG:102227
Stanley Black & Decker UK Ltd,07059991,,,Northampton,NN4 7PW,ERP UK Ltd,107286,1,0,,,ORG:107286
Stannah Lifts Holdings Limited,00686996,,,Andover,SP10 3SD,Comply with Clarity,102197,8,7,3D PLY LIMITED; Global Upholstery Solutions Ltd; STANNAH HOMELIFTS LIMITED; STANNAH LIFT SERVICES LIMITED; STANNAH LIFTS LIMITED; STANNAH MICROLIFTS LIMITED; STANNAH STAIRLIFTS LIMITED,00964804; 01189799; 01189836; 01401451; 01805955; 02452728; 06842519,ORG:102197
Stans Superstore,,,,Oswestry,SY11 3AY,ERP UK Ltd,107719,1,0,,,ORG:107719
Staple Dairy Products Limited,01881120,,,Orpington,BR5 3QY,Ecosurety (EA),100384,1,0,,,ORG:100384
Staples (Vegetables) Ltd,00504587,,,Boston,PE22 0SE,Valpak,103227,1,0,,,ORG:103227
STAR BRANDS LIMITED,04182652,,,Bristol,BS13 8FD,Beyondly,107358,1,0,,,ORG:107358
Star Oriental Trading Ltd,13614890,,,Southampton,SO18 1UB,ERP UK Ltd,107218,1,0,,,ORG:107218
Starbucks Coffee Company (UK) Limited,02959325,,,London,W4 5YE,Wastepack GB (SEPA),102670,1,0,,,ORG:102670
Stark Building Materials UK Limited,01647362,,,Coventry,CV3 2TT,,106286,1,0,,,ORG:106286
Starlab (UK)  Ltd,03514931,,,Milton Keynes,MK14 5BU,Valpak,104943,1,0,,,ORG:104943
Start-Rite Shoes Limited,00140697,,,Norwich,NR7 0WF,Veolia (EA),101183,1,0,,,ORG:101183
STATESIDE FOODS LIMITED,02431656,,,Bolton,BL5 3XY,Beyondly,105591,1,0,,,ORG:105591
Statlab Medical Products Holdings UK Limited,13534768,,,Altrincham,WA14 2DT,Wastepack GB (SEPA),106730,3,2,Cellpath Limited; Pyramid Innovation Limited,01831261; 08284327,ORG:106730
Status International (UK) LTD,02561562,,,Bradford,BD11 2HW,Packcare,101040,1,0,,,ORG:101040
Staveley's Eggs Limited,01399727,,,Chorley,PR7 5EB,Ecosurety (EA),101268,1,0,,,ORG:101268
Stax Trade Centres Ltd,02235950,,,Manchester,M28 2LA,Valpak,102091,1,0,,,ORG:102091
Steel & Alloy Processing Ltd,00944053,,,West Bromwich,B70 6BZ,Valpak,108645,1,0,,,ORG:108645
Steel Processing (Midlands) Limited,02712025,,,Burntwood,WS7 3XD,Veolia (EA),106657,1,0,,,ORG:106657
Steelcase Holding Limited,01395750,,,London,EC1M 3JU,Wastepack GB (SEPA),108423,3,2,Steelcase (South- East) Limited; Steelcase Limited,01059511; 05024679,ORG:108423
Steelite International Limited,01697123,,,Burslem,ST6 3RB,Wastepack GB (SEPA),102338,1,0,,,ORG:102338
Steelstrip Services Limited,04797346,,,Dudley,DY1 2HA,Veolia (EA),101818,1,0,,,ORG:101818
STEEPLE LIGHTING LIMITED,00376149,,,Hambrook,BS16 1GW,Biffpack,103515,4,3,ETERNA LIGHTING LIMITED; PROTOCOL OFFICE LIMITED; R & S ROBERTSON LIMITED,00410716; 02646734; 04739650,ORG:103515
Stellantis UK Limited,00201514,,,Coventry,CV3 1ND,Ecosurety (EA),103278,1,0,,,ORG:103278
Stelrad Ltd,02263368,,,Newcastle Upon Tyne,NE1 3JE,Valpak,100414,1,0,,,ORG:100414
STEMCOR DISTRIBUTION LIMITED,00759991,,,London,EC1Y 4TW,Beyondly,100846,1,0,,,ORG:100846
Step2 Discovery UK  Ltd,13722424,,,Altrincham,WA14 2DT,ERP UK Ltd,108443,1,0,,,ORG:108443
Stepan UK Ltd,03264997,,,Stalybridge,SK15 1PH,Valpak,104523,1,0,,,ORG:104523
Stephens and George Limited,00411176,,,Merthyr Tydfil,CF48 3TD,Paperpak,105817,1,0,,,ORG:105817
Stephenson Group Ltd,00068499,,,Leeds,LS18 5PU,Valpak,111175,1,0,,,ORG:111175
Sterilin Limited,06512031,,,Altringham,WA14 2DT,Wastepack GB (SEPA),106905,1,0,,,ORG:106905
STERIMAX GLOBAL LIMITED,13813668,,,Coalville,LE67 4NA,Beyondly,117002,1,0,,,ORG:117002
Sterling Furniture Group,SC054090,,,Tillicoultry,FK13 6NS,Scotpak (SEPA),102092,1,0,,,ORG:102092
Sterling Pharma Solutions Ltd,05712796,,,Cramlington,NE23 7QG,ERP UK Ltd,100779,1,0,,,ORG:100779
Sterling Press Ltd,02386753,,,Kettering,NN15 6XU,Valpak,107718,1,0,,,ORG:107718
Steroplast Healthcare Limited,00504340,,,Manchester,M22 4TE,Wastepack GB (SEPA),104003,1,0,,,ORG:104003
STEWART BREWING LIMITED,SC261791,,,Edinburgh,EH10 6JN,,108345,1,0,,,ORG:108345
Stewart Packaging Limited,12503317,,,Stevenage,SG1 3EE,Smart Comply (EA),115201,3,2,Easy Liners Limited; Stevenage Packaging Limited,02341130; 07621046,ORG:115201
Stewarts (Scotland) Limited,SC493511,,,Perth,PH1 3FL,Veolia (EA),117172,1,0,,,ORG:117172
STI Line Ltd,04268941,,,Gillingham,ME8 0SA,Valpak,106993,1,0,,,ORG:106993
STIEBEL ELTRON UK LIMITED,06428547,,,Bromborough,CH62 3RP,Biffpack,115946,1,0,,,ORG:115946
Stiga Ltd,01074935,,,Bishops Stortford,CM22 6PU,Wastepack GB (SEPA),103862,1,0,,,ORG:103862
Stiltz Limited,07375515,,,Kingswinford,DY6 7TD,Wastepack GB (SEPA),100917,1,0,,,ORG:100917
Stirland Paterson (Printers) Ltd,03194946,,,Ilkeston,DE7 4RA,Wastepack GB (SEPA),108217,1,0,,,ORG:108217
Stockmeier Urethanes UK Limited,01651365,,,Sowerby Bridge,HX6 1AA,Wastepack GB (SEPA),104347,1,0,,,ORG:104347
Stoelzle Flaconnage Ltd,02973822,,,Knottingley,WF11 8AP,Comply with Clarity,104667,1,0,,,ORG:104667
Stokes Sauces Ltd,05115579,,,Woodbridge,IP12 2RG,Beyondly,102913,1,0,,,ORG:102913
Stone Island (UK) Retail Ltd,14103438,,,Altrincham,WA14 2DT,Valpak,117858,1,0,,,ORG:117858
Stone Technologies Ltd,02658501,,,Stafford,ST18 9AA,Valpak,100648,1,0,,,ORG:100648
Stonegate Farmers Limited,00740635,,,Chippenham,SN15 2LZ,Veolia (EA),105789,1,0,,,ORG:105789
Stonegate Pub Company Limited,OE002199,,,Grand Cayman,KY1-1111,Veolia (EA),104562,1,0,,,ORG:104562
Stora Enso UK Limited,00215614,,,Birmingham,B4 6GA,Paperpak,108182,1,0,,,ORG:108182
Storck UK Ltd,00947998,,,Basingstoke,RG24 8QZ,Valpak,100099,1,0,,,ORG:100099
STORM ENVIRONMENTAL LIMITED,06684647,,,KIDDERMINSTER,DY11 7PZ,Comply with Clarity,102591,1,0,,,ORG:102591
Storm Trading Group Limited,06058269,,,Bradford,BD1 4RU,Wastepack GB (SEPA),111241,1,0,,,ORG:111241
Storopack UK Limited,00912535,,,Sheffield,S9 1FZ,Paperpak,103392,1,0,,,ORG:103392
Stort Chemicals Limited,01625837,,,Bishops Stortford,CM23 3AR,Wastepack GB (SEPA),100825,1,0,,,ORG:100825
STORY HOUSE EGMONT LIMITED,02648767,,,London,EC3M7HR,Beyondly,104485,1,0,,,ORG:104485
Stott O'Connel and Company Ltd,01446453,,,Keighley,BD21 4NS,Valpak,108223,1,0,,,ORG:108223
Stourgarden Ltd,03031052,,,Colchester,CO6 4AP,Valpak,104514,1,0,,,ORG:104514
Stovax Gazco Limited,01572550,,,Exeter,EX5 2FR,Veolia (EA),110272,1,0,,,ORG:110272
Stowell Concrete Ltd,01059577,,,Yatton,BS49 4QN,Valpak,102837,1,0,,,ORG:102837
Strachans Ltd,SC062092,,,Peterhead,AB42 1UE,ERP UK Ltd,101432,1,0,,,ORG:101432
Straits Trading Co. Limited(The),01600902,,,Accrington,BB5 5JW,Ecosurety (EA),101025,1,0,,,ORG:101025
Strand Europe Ltd,02710372,,,London,W1B 3HH,Packcare,104135,1,0,,,ORG:104135
Strathmore Foods Ltd,SC053180,,,Forfar,DD8 3NG,Valpak Scotland Ltd (SEPA),101826,1,0,,,ORG:101826
Strathroy Dairy Limited,NI019798,,,Omagh,BT79 7JD,Ecosurety (EA),100366,1,0,,,ORG:100366
STRAUSS U.K. LIMITED,04508746,,,Ross-On-Wye,HR9 7BW,Beyondly,105241,1,0,,,ORG:105241
Strawson Produce Ltd,12031914,,,Newark,NG22 8RD,Packcare,115853,1,0,,,ORG:115853
Stressline Limited,00819180,,,Stoney Stanton,LE9 4LX,Wastepack GB (SEPA),105129,1,0,,,ORG:105129
Strong Roots Food Company UK Ltd,10561433,,,London,EC2A 3HN,Valpak,107900,1,0,,,ORG:107900
Strongdor Ltd,06934375,,,Carnforth,LA5 9FD,ERP UK Ltd,106273,1,0,,,ORG:106273
Stryker UK Limited,03669454,,,Newbury,RG14 5AW,Kite Environmental Solutions,107071,1,0,,,ORG:107071
Stuart Turner Ltd,00088368,,,Henley on Thames,RG9 2AD,Valpak,111820,3,2,Dutypoint Ltd; Mikrofill Systems Ltd,03068428; 09045694,ORG:111820
STV International Limited,02925277,,,Thetford,IP25 6ND,Wastepack GB (SEPA),100249,1,0,,,ORG:100249
SU-BRIDGE PET SUPPLIES LIMITED,06323031,,,Saham Toney,IP25 7AA,Biffpack,105876,1,0,,,ORG:105876
Subcold Ltd,SC488649,,,Livingston,EH54 5DJ,,106704,1,0,,,ORG:106704
Sucafina UK Ltd,00237628,,,Croydon,CR0 2BX,ERP UK Ltd,108649,1,0,,,ORG:108649
Sudpack Verpackungen Se & Co. KG,FC035066,,,Birmingham,B3 2HB,Ecosurety (EA),106189,1,0,,,ORG:106189
Sumika Polymer Compounds (UK) Ltd,02594313,,,Havant,PO9 2NQ,Valpak,104555,1,0,,,ORG:104555
Sumitomo Electric Wiring Systems (Europe) Limited,02445665,,,Newcastle-under-Lyme,ST5 6PA,Ecosurety (EA),102838,1,0,,,ORG:102838
SUMMIT FOODS LIMITED,01431247,,,Preston,PR4 2DZ,Beyondly,106296,1,0,,,ORG:106296
Summit Medical Ltd,04193536,,,Cheltenham,GL54 2HQ,Valpak,108418,3,2,Marlux Medical Ltd; Summit Medical UK Ltd,01982532; 03577009,ORG:108418
Sun Chemical Ltd,02647054,,,South Normanton,DE55 2DT,ERP UK Ltd,104825,1,0,,,ORG:104825
Sun Europa Limited,01550175,,,SHEPTON MALLET,BA4 5QQ,,107648,1,0,,,ORG:107648
Sun Valley Foods Limited,00678294,,,London,EC4R 9AT,Wastepack GB (SEPA),103716,1,0,,,ORG:103716
Suncream Dairies Ltd,01806502,,,Tamworth,B77 5DQ,ERP UK Ltd,100866,1,0,,,ORG:100866
Suncrop Produce Limited,03255798,,,Harlow,CM18 7EZ,Wastepack GB (SEPA),100379,1,0,,,ORG:100379
Sundolitt Ltd,SC211936,,,Glasgow,G33 4AG,Valpak,104682,1,0,,,ORG:104682
Sundown Products Limited,03896568,,,Huntingdon,PE28 0JY,Wastepack GB (SEPA),102440,1,0,,,ORG:102440
Sunmagic Juices Ltd,10291211,,,London,SE5 9JJ,Valpak,105722,1,0,,,ORG:105722
Sunny Fields Enterprise Ltd,09019880,,,Luton,LU2 8DL,Valpak,117173,1,0,,,ORG:117173
SUNRISE BEVERAGES LIMITED,03017349,,,Bungay,NR35 1NQ,Beyondly,105708,1,0,,,ORG:105708
Sunrise Medical Ltd,03570204,,,Brierley Hill,DY5 2LD,Valpak,107665,1,0,,,ORG:107665
Sunrise Poultry Farms Limited,01135442,,,Loughborough,LE11 3NP,Smart Comply (EA),100273,1,0,,,ORG:100273
Super Smart Service Ltd,09904577,,,Cannock,WS11 1SL,Wastepack GB (SEPA),111382,1,0,,,ORG:111382
Superdry Ltd,07063562,,,Cheltenham,GL51 9NW,Comply with Clarity,107660,4,3,C-Retail Ltd; DHK Retail Ltd; Supergroup Internet Ltd,07063508; 07139044; 07139142,ORG:107660
Superfine Manufacturing Limited,SC038321,,,Forfar,DD8 1TD,,115816,1,0,,,ORG:115816
SUPERMALT UK LIMITED,02627421,,,London,E1 6QL,,116801,1,0,,,ORG:116801
Supermax Healthcare Limited,07894144,,,Peterborough,PE8 4BA,Kite Environmental Solutions,100887,1,0,,,ORG:100887
Supervalu Aughnacloy,,,,Co. Tyrone,BT69 6AY,Biffpack,102733,1,0,,,ORG:102733
Supplies For Candles Limited,08069896,,,Swinton,S64 8BH,Kite Environmental Solutions,102995,1,0,,,ORG:102995
Supply Chain Coordination Ltd,10881715,,,London,SE1 8UG,Valpak,104101,1,0,,,ORG:104101
Supply Technologies (UKGRP) Ltd,00725298,,,Preston,PR5 8AX,Valpak,108234,3,2,Hydrapower Dynamics Ltd; Langstone Supplies Ltd,01737504; 08663634,ORG:108234
Supreme Imports Ltd,05292196,,,Manchester,M17 1AF,Packcare,105825,1,0,,,ORG:105825
Supreme Petfoods Limited,01599755,,,Ipswich,IP7 6DN,Wastepack GB (SEPA),100948,1,0,,,ORG:100948
Supremo Ltd,06295085,,,Telford,TF3 3AT,Valpak,106130,1,0,,,ORG:106130
SURE-CAN LIMITED,04568323,,,Kettering,NN16 8PX,,108073,1,0,,,ORG:108073
Sureflap Ltd,06399085,,,Cambourne,CB23 6DW,Packcare,101927,1,0,,,ORG:101927
Surfachem Group Ltd,03269895,,,Leeds,LS1 4BA,Valpak,117607,4,3,2M Manufacturing Limited; Samplerite Limited; Surfachem Ltd,01075253; 01565953; 02778044,ORG:117607
SURTECO UK LIMITED,00694799,,,Burnley,BB10 2TB,Beyondly,108022,1,0,,,ORG:108022
Survitec Group Ltd,00905173,,,Liverpool,CH65 1AX,Comply with Clarity,103866,5,4,RFD Beaufort Ltd; Survitec Service & Distribution UK Ltd; Survitec Survival Craft Ltd; Survival One Ltd,00553893; 04667640; SC131397; SC188500,ORG:103866
Sussex Bakes Ltd,10940503,,,Chichester,PO19 7RT,Comply with Clarity,103248,1,0,,,ORG:103248
Suzuki GB plc,00768587,,,Milton Keynes,MK4 4AE,Veolia (EA),107732,1,0,,,ORG:107732
Swallow Dental Supplies Limited,03652780,,,KEIGHLEY,BD20 0EF,Comply with Clarity,116321,1,0,,,ORG:116321
Swan Mill (Holdings) Ltd,00248875,,,Swanley,BR8 8EU,Comply with Clarity,108096,1,0,,,ORG:108096
Swan Products Limited,06473372,,,Stoke-On-Trent,ST4 2NL,ERP UK Ltd,100235,1,0,,,ORG:100235
Swarco Hitex Limited,04371466,,,Ellesmere Port,CH65 4EL,Veolia (EA),101205,1,0,,,ORG:101205
SWAROVSKI UK LIMITED,00835806,,,London,W4 5YE,Beyondly,105073,1,0,,,ORG:105073
Sweet Freedom Ltd,04790924,,,Kettering,NN16 8NQ,Valpak,111845,1,0,,,ORG:111845
Sweet Squared Limited,05900639,,,Leeds,LS14 1FB,Packcare,115231,1,0,,,ORG:115231
Swegon Air Management Ltd,00738495,,,Wednesbury,WS10 7BU,Valpak,105229,1,0,,,ORG:105229
Swell UK Limited,06239940,,,Hyde,SK14 4QF,ERP UK Ltd,106067,1,0,,,ORG:106067
Swift Group Limited,00832994,,,Cottingham,HU16 4JX,Wastepack GB (SEPA),105790,1,0,,,ORG:105790
Swiftpak Ltd,07676249,,,Reading,RG7 4AH,Wastepack GB (SEPA),102576,1,0,,,ORG:102576
Swifts Supermarkets Limited,NI037432,,,Lisnaskea,BT92 0JB,ERP UK Ltd,104594,1,0,,,ORG:104594
SWINDON PRESSINGS LIMITED,03950873,,,Farnborough,GU14 0FB,Biffpack,103359,1,0,,,ORG:103359
SWINKELS U.K. LIMITED,01871974,,,Nottingham,DE74 2TZ,Comply with Clarity,103807,1,0,,,ORG:103807
SWIZZELS MATLOW LIMITED,00562269,,,New Mills,SK22 3HA,Beyondly,103259,1,0,,,ORG:103259
Swoon Editions Ltd,12329247,,,London,WC2A 2JR,Wastepack GB (SEPA),100674,1,0,,,ORG:100674
Sybron (UK) Limited,04624360,,,Harlow,CM19 5TF,Wastepack GB (SEPA),101468,1,0,,,ORG:101468
Sykes Seafoods Holdings Ltd,03509831,,,Warrington,WA5 3ZL,Valpak,111201,2,1,Sykes Seafood Ltd,02289318,ORG:111201
Sylvamo UK Limited,SC004787,,,Aberdeen,AB10 1YL,Comply with Clarity,103449,1,0,,,ORG:103449
Symply Pet Foods Ltd,06863984,,,Watford,WD17 1HP,ERP UK Ltd,101568,2,1,TRIBAL PET FOODS LIMITED,08065332,ORG:101568
Symprove Ltd,05395143,,,Farnham,GU10 1PX,Ecosurety (EA),117175,1,0,,,ORG:117175
Symrise Limited,00868875,,,Marlow,SL7 1TB,Veolia (EA),104445,1,0,,,ORG:104445
Synchemicals Ltd,00368448,,,Coalville,LE67 3DE,Valpak,101702,3,2,Nutrel Products Ltd; Vitax Ltd,02010696; 02120895,ORG:101702
SYNERGY FLAVOURS LIMITED,02452095,,,High Wycombe,HP12 4HJ,Biffpack,103482,1,0,,,ORG:103482
SYNERGY HEALTH MANAGED SERVICES LIMITED,08393150,,,Derby,DE24 8HE,Biffpack,105456,1,0,,,ORG:105456
Synergy Packaging Solutions Limited,04254800,,,Corby,NN17 5XH,Wastepack GB (SEPA),102499,1,0,,,ORG:102499
Syngenta Holdings Ltd,03971335,,,Bracknell,RG42 6EY,Valpak,105635,3,2,Syngenta Ltd; Syngenta UK Ltd,00849037; 02710846,ORG:105635
Synnovia Limited,06387173,,,Knaresborough,HG5 8LF,Smart Comply (EA),101926,5,4,BNL (UK) Limited; Bell Plastics Limited; C & T Matrix Limited; Flexipol Packaging Limited,02095777; 02668025; 02963868; 02981704,ORG:101926
Synthite Limited,00164640,,,Mold,CH7 1BT,Veolia (EA),101046,4,3,BIP (Oldbury) Limited; Synthite (Mold) Limited; TS Resins Limited,05262589; 08263403; 12805820,ORG:101046
Synthomer Plc,00098381,,,Harlow,CM20 2BH,Valpak,103493,2,1,Synthomer (UK) Ltd,00872262,ORG:103493
Sysco GB Ltd,02035315,,,Ashford,TN25 4AG,Valpak,104220,1,0,,,ORG:104220
SYSCO GUEST SUPPLY EUROPE LIMITED,01771293,,,Reading,RG7 8DA,Biffpack,101363,1,0,,,ORG:101363
SYSMEX UK LIMITED,02598523,,,Milton Keynes,MK8 8DF,Beyondly,100860,1,0,,,ORG:100860
Systagenix Wound Management Manufacturing  Ltd,06682392,,,Ashton-Under-Lyne,OL7 0ED,Valpak,103794,1,0,,,ORG:103794
S�dzucker United Kingdom Ltd,SC506349,,,Edinburgh,EH3 8HE,Valpak Scotland Ltd (SEPA),104494,1,0,,,ORG:104494
T G BUILDERS MERCHANTS LTD,01402696,,,Shropshire,SY12 0HY,Biffpack,105808,1,0,,,ORG:105808
T G Products Limited,02774304,,,Blackburn,BB1 2QR,Wastepack GB (SEPA),107152,1,0,,,ORG:107152
T I Midwood & Co Ltd,03360713,,,Chester,CH1 1QY,Valpak,101631,1,0,,,ORG:101631
T J Morris Group Limited,14276776,,,Liverpool,L11 0JA,Ecosurety (EA),116232,4,3,T J Morris Brewing Ltd; T J Morris Converting Limited; T. J. Morris Limited,01505036; 04614119; 13789019,ORG:116232
T P JORDESON & COMPANY LIMITED,02382646,,,York,YO10 3WH,Beyondly,106180,1,0,,,ORG:106180
T S I Packing Limited,01413323,,,Telford,TF7 4NX,Wastepack GB (SEPA),111332,1,0,,,ORG:111332
T&L Sugars Limited,07318607,,,London,E16 2EW,Ecosurety (EA),103989,1,0,,,ORG:103989
T. & B. Containers Ltd,01327043,,,Boston,PE22 9DL,Valpak,105448,1,0,,,ORG:105448
T. Freemantle Limited,03147425,,,Scunthorpe,DN15 7PQ,Comply with Clarity,116541,1,0,,,ORG:116541
T.&R. THEAKSTON LIMITED,04857636,,,Ripon,HG4 4YD,Beyondly,114104,1,0,,,ORG:114104
T.H.Clements & Son Ltd,00869514,,,Boston,PE22 0EJ,Valpak,116050,1,0,,,ORG:116050
T.J.Smith and Nephew Limited,00093994,,,Hull,HU3 2BN,ERP UK Ltd,105762,1,0,,,ORG:105762
T.K. Components Limited,02320087,,,Manchester,M34 3UL,Wastepack GB (SEPA),101126,1,0,,,ORG:101126
TACLE SEATING UK LIMITED,05318568,,,London,EC2R 7HJ,Beyondly,111861,1,0,,,ORG:111861
Taco Bell UK and Europe Limited,00928917,,,Woking,GU22 7NJ,Valpak,116676,2,1,Live Mas UK Limited,15724716,ORG:116676
Tafs Food Ltd,02716126,,,London,E15 2JA,Valpak,115276,1,0,,,ORG:115276
Tag Europe Limited,02299109,,,London,NW1 3BF,ERP UK Ltd,106601,1,0,,,ORG:106601
Tailsco Limited,08750390,,,London,TW9 1BN,Kite Environmental Solutions,102016,1,0,,,ORG:102016
Taj Foods Limited,05669542,,,Woodford Green,IG8 8HD,Comply with Clarity,114451,1,0,,,ORG:114451
Take Stock Foods Limited,12556903,,,London,EC2R 5AR,Paperpak,115580,1,0,,,ORG:115580
Takeda UK Limited,03362860,,,London,W2 6BD,Veolia (EA),101017,1,0,,,ORG:101017
TALASEY,05158665,,,SCUNTHORPE,DN15 8QT,,116705,1,0,,,ORG:116705
Talisman Group Malvern Ltd,04458915,,,CREWKERNE,TA18 7HE,Comply with Clarity,108584,1,0,,,ORG:108584
Talking Tables Limited,03513486,,,London,SW4 6JP,Ecosurety (EA),102919,1,0,,,ORG:102919
TalkTalk Telecom Limited,04633015,,,Salford,M5 3TT,Ecosurety (EA),102959,1,0,,,ORG:102959
Tallon International Limited,01153586,,,Coventry,CV2 4QP,Wastepack GB (SEPA),104432,1,0,,,ORG:104432
Talurit (UK) Limited,03816964,,,Barnsley,S70 5SZ,Veolia (EA),106107,1,0,,,ORG:106107
Tam Hangers (UK) Trading Ltd,12534968,,,Sheffield,S9 4WN,Beyondly,116076,1,0,,,ORG:116076
Tama U.K. Ltd,03039642,,,Alton,GU34 1EF,Valpak,103378,1,0,,,ORG:103378
Tamar Packaging Limited,08121488,,,Tavistock,PL19 8JE,Smart Comply (EA),100036,1,0,,,ORG:100036
Tamar Selections Limited,08621378,,,London,WC1N 3AX,Wastepack GB (SEPA),103031,1,0,,,ORG:103031
Tan Y Castell (Foods) Limited,06488707,,,Narberth,SA677ES,,105452,1,0,,,ORG:105452
Tandem Group Trading Ltd,01700202,,,Birmingham,B35 7AG,Valpak,108054,1,0,,,ORG:108054
TANGERINE HOLDINGS LIMITED,02976538,,,Lytham St. Annes,FY8 5LT,Biffpack,102325,2,1,VET PLUS LIMITED,03076466,ORG:102325
Tangle Teezer Ltd,05396577,,,London,SE1 0LH,Valpak,114875,1,0,,,ORG:114875
Tangmere Airfield Nurseries Ltd,02263381,,,Chichester,PO20 2FT,Valpak,103916,1,0,,,ORG:103916
Tanners Wines Limited,01072469,,,Shrewsbury,SY1 1XD,Ecosurety (EA),101840,1,0,,,ORG:101840
Tarff Valley Limited,,,,Castle Douglas,DG7 2AN,Wastepack GB (SEPA),104909,1,0,,,ORG:104909
Target Components Ltd,03113281,,,Castelford,WF10 5QU,,101174,1,0,,,ORG:101174
Targus Europe Ltd,01743076,,,Guildford,GU1 1UN,Valpak,100289,1,0,,,ORG:100289
Tarka Springs Limited,04010768,,,Torrington,EX38 8NY,Wastepack GB (SEPA),117330,1,0,,,ORG:117330
Tarkett Ltd,01277784,,,Kent,TN23 1FB,Valpak,104476,1,0,,,ORG:104476
Tarmac Building Products Ltd,04026569,,,Birmingham,B37 7ES,Valpak,101156,1,0,,,ORG:101156
TARMAC CEMENT LIMITED,00066558,,,Birmingham,B37 7ES,Beyondly,108419,1,0,,,ORG:108419
Task Consumer Products Ltd,06461826,,,Wolverhampton,WV1 4DG,Valpak,104132,1,0,,,ORG:104132
Tasty Foods Cuisine Ltd,NI029268,,,BELFAST,BT17 0QL,,116806,1,0,,,ORG:116806
TATA Consumer Products GB Limited,03019950,,,Greenford,UB6 0AZ,Comply with Clarity,107250,1,0,,,ORG:107250
Tata Steel UK Ltd,02280000,,,London,SW1X 7HS,Valpak,107032,1,0,,,ORG:107032
Tate & Lyle Mold UK Ltd,01871654,,,London,W1H 7EJ,Valpak,108322,1,0,,,ORG:108322
Tate Bros. Limited,00515014,,,Newhaven,BN9 0DH,Comply with Clarity,104504,3,2,Portslade Garages Ltd; Tates of Pyecombe Ltd,00617796; 01376481,ORG:104504
Tate Enterprises Ltd,03173975,,,London,SW1P 4RG,ERP UK Ltd,101729,1,0,,,ORG:101729
TAYLOR ENGINEERING & PLASTICS LIMITED,01316094,,,Lancs,OL16 2BD,Biffpack,101651,1,0,,,ORG:101651
Taylor Maxwell Group Limited,05726000,,,Bristol,BS8 3NW,Ecosurety (EA),105066,5,4,SBS Cladding Ltd; Taylor Maxwell & Co.Limited; Taylor Maxwell Timber Limited; The Vobster Cast Stone Company Limited,00476749; 00843928; 01295681; 07607128,ORG:105066
Taylor Packaging (Bishop Auckland) Limited,04483349,,,Spennymoor,DL16 6YJ,Wastepack GB (SEPA),108530,1,0,,,ORG:108530
Taylor's Eye Witness Limited,00218517,,,Sheffield,S9 4WJ,Wastepack GB (SEPA),101632,1,0,,,ORG:101632
Taylors Snacks Ltd,SC351531,,,Errol,PH2 7RB,Wastepack GB (SEPA),111387,1,0,,,ORG:111387
Tayto Group Ltd,06622104,,,Corby,NN17 4AP,Valpak,103373,5,4,CTO Holdings Ltd; GW Trading Ltd; Red Mill Snack Foods Ltd; The Real Pork Crackling Company Ltd,01077261; 02775751; 05695113; NI044636,ORG:103373
Tazaki Foods Limited,01380731,,,Enfield,EN3 7FL,Wastepack GB (SEPA),102763,2,1,Tazaki Cash & Carry Ltd,14246640,ORG:102763
TBG Furniture Limited,16229482,,,Ilkeston,DE7 4AZ,Wastepack GB (SEPA),116672,3,2,Clinchplain Foam And Fibre Limited; Tetrad Furniture Limited,16229531; 16229540,ORG:116672
TCE GROUP LIMITED,07469362,,,Northwich,CW8 4GW,Biffpack,105105,3,2,BRITISH SALT LIMITED; TATA CHEMICALS EUROPE LIMITED,02607081; 06398227,ORG:105105
TCL Electronics UK Ltd,11255765,,,Maidenhead,SL6 1AF,ERP UK Ltd,107168,1,0,,,ORG:107168
TCL Manufacturing Ltd,02463775,,,Rainham,RM13 9JY,Valpak,105880,1,0,,,ORG:105880
TCL Packaging Limited,03790889,,,Telford,TF3 3AT,Veolia (EA),100899,1,0,,,ORG:100899
TCMM Shutter Group Limited,04472045,,,BASIN ROAD SOUTH,BN41 1WF,,104646,8,7,Calfiornia Shutters Limited; Do It Yourself Shutters Limited; Make My Blinds Limited; Shutterly Fabulous Retail Limited; Swift Direct Blinds Limited; The Shutter Store Limited; Trade Shutters wholesale Limited,01190828; 05742044; 08486920; 08520808; 09268445; 09680083; 11088953,ORG:104646
TD Synnex UK Acquisition Limited,04603099,,,Basingstoke,RG24 8YB,Wastepack GB (SEPA),114176,2,1,TD Synnex UK Limited,01691472,ORG:114176
TDK-Lambda UK Ltd,00634143,,,Ilfracombe,EX34 8ES,Valpak,101047,1,0,,,ORG:101047
Teakcroft Ltd,03880729,,,Saxmundham,IP17 2NL,Valpak,115217,1,0,,,ORG:115217
Teal & Mackrill Ltd,00126674,,,Hull,HU2 0HN,Valpak,101290,1,0,,,ORG:101290
Teal Group Holdings Ltd,10862657,,,Amersham,HP7 9FB,Valpak,108482,4,3,Addo Play Ltd; Teal Brands Ltd; The Entertainer (Amersham) Ltd,02057757; 09438682; 11721457,ORG:108482
Tech Folien Ltd,05866459,,,Liverpool,L24 9GQ,Paperpak,117726,1,0,,,ORG:117726
Tech Tube Limited,05319039,,,Mansfield,NG21 0HJ,Wastepack GB (SEPA),115971,1,0,,,ORG:115971
Technetix Ltd,02484988,,,Albourne,BN6 9EB,ERP UK Ltd,101446,1,0,,,ORG:101446
Technical Consumer Products Ltd,07098127,,,Corby,NN17 1TY,Valpak,103124,1,0,,,ORG:103124
Technical Fire Safety Group Ltd,11551829,,,Haydock,WA11 9GA,Valpak,111756,4,3,Fire Glass UK Ltd; Kuhnodice UK Limited; Pyroguard UK Ltd,01212744; 03648124; 06737753,ORG:111756
Technical Textile Services Ltd,02672522,,,Northwich,CW8 4DX,Valpak,106140,1,0,,,ORG:106140
Technipfmc Group Holdings Limited,14501041,,,Newcastle Upon Tyne,NE6 3PL,Valpak,116941,5,4,FMC Technologies Ltd; Magma Global Ltd; TechnipFMC Umbilicals Ltd; Technipfmc UK Limited,00200086; 00259569; 02400155; 06528820,ORG:116941
TECHNOGYM U.K. LIMITED,02782468,,,BRACKNELL,RG12 1WP,Beyondly,106548,1,0,,,ORG:106548
Techsil Limited,02447014,,,London,EC1M 6EE,Wastepack GB (SEPA),108264,1,0,,,ORG:108264
Techtronic Industries (UK) Limited,02478762,,,Parkway,SL7 1YL,Recycling Lives Compliance Services,108005,1,0,,,ORG:108005
TEE-KAY PACKAGING (PETERBOROUGH) LIMITED,01628601,,,Peterborough,PE1 5XG,Beyondly,100789,1,0,,,ORG:100789
Teemill Tech Ltd,07071956,,,Freshwater,PO40 9BG,Valpak,104878,1,0,,,ORG:104878
Tefcold UK Limited,00908993,,,Castle Donnington,DE74 2HL,Ecosurety (EA),103588,1,0,,,ORG:103588
Teknos (UK) Limited,02672148,,,Bicester,OX26 5AH,Paperpak,104143,2,1,Teknos Ireland Limited,NI027437,ORG:104143
Telefonica UK Ltd,01743099,,,Reading,RG2 6UU,ERP UK Ltd,101239,1,0,,,ORG:101239
Telford Copper & Stainless Cylinders Limited,02353068,,,Telford,TF1 2FE,Wastepack GB (SEPA),108474,1,0,,,ORG:108474
Templeman Retailing and Vending Limited,06637798,,,Cramlington,NE23 1WG,Paperpak,116947,1,0,,,ORG:116947
Tempur UK Ltd,02748033,,,Hayes,UB3 1AP,Valpak,104888,1,0,,,ORG:104888
Tennant UK Cleaning Solutions Ltd,SC042491,,,Edinburgh,EH2 4JN,Valpak,108131,1,0,,,ORG:108131
Tennants Distribution Limited,03133273,,,Manchester,M8 0GR,,101698,1,0,,,ORG:101698
Tennants Textile Colours Ltd,00466545,,,London,W1G 9HZ,Valpak,101533,1,0,,,ORG:101533
TENNENT CALEDONIAN BREWERIES WHOLESALE LIMITED,SC081527,,,Glasgow,G31 1JD,Beyondly,106797,1,0,,,ORG:106797
Tenpin Limited,04789703,,,Bedford,MK43 0EQ,Wastepack GB (SEPA),101516,1,0,,,ORG:101516
Tensar International Ltd,00503172,,,Blackburn,BB1 2QX,Valpak,108242,1,0,,,ORG:108242
TePe Oral Hygiene Products Limited,07697378,,,Wells,BA5 1FD,Comply with Clarity,116072,1,0,,,ORG:116072
Ter (UK) Ltd,08014397,,,Ipswich,IP1 3LG,Valpak,103293,1,0,,,ORG:103293
Tereos UK & Ireland Ltd,09344403,,,London,W1F 8GQ,Valpak,101104,1,0,,,ORG:101104
Terex GB Ltd,NI006669,,,Dungannon,BT71 4DR,Valpak,114246,1,0,,,ORG:114246
TERRADACE HOLDINGS LIMITED,08239135,,,London,W1G 0PW,Comply with Clarity,104610,1,0,,,ORG:104610
TERRY’S CHOCOLATE CO. LIMITED,11810679,,,London,N3 1XW,Beyondly,105816,1,0,,,ORG:105816
Terumo BCT Ltd.,NI049717,,,Larne,BT40 2SH,Valpak,108471,1,0,,,ORG:108471
Terumo UK Ltd,04571001,,,Camberley,GU17 9AB,Valpak,111411,1,0,,,ORG:111411
Tesa UK Ltd,00841180,,,Milton Keynes,MK14 6LY,Valpak,104741,1,0,,,ORG:104741
Tesco Stores Ltd,00519500,,,Welwyn Garden City,AL7 1GA,Valpak,106834,1,0,,,ORG:106834
Tesla Motors Ltd,04384008,,,Manchester,M11 3DX,Valpak,116416,1,0,,,ORG:116416
Tesla UK Limited,06081188,,,Sutton Coldfield,B76 1BA,Kite Environmental Solutions,117075,1,0,,,ORG:117075
Tetra Pak Limited,00551434,,,Paddington,W2 1AY,Paperpak,102718,1,0,,,ORG:102718
Teva UK Ltd,00302461,,,Castleford,WF10 5HX,Valpak,104689,1,0,,,ORG:104689
TEVC UK Limited,01541232,,,London,E1 6RS,,105005,1,0,,,ORG:105005
TEX GROUP LIMITED,00405838,,,IPSWICH,IP6 0NL,Packcare,101594,1,0,,,ORG:101594
TFX Group Ltd,02884361,,,Amersham,HP6 5BX,Valpak,105047,1,0,,,ORG:105047
TG JONES HIGH STREET LIMITED,06560339,,,Swindon,SN3 3RX,Beyondly,108825,1,0,,,ORG:108825
TGC (2015) Limited,09409991,,,Bradford,BD4 0RY,Wastepack GB (SEPA),108620,1,0,,,ORG:108620
TGTC Ltd,14537993,,,Swindon,SN25 5AZ,Valpak,111220,1,0,,,ORG:111220
TH UK & Ireland Ltd,10303138,,,Egham,TW20 8RY,Valpak,116115,1,0,,,ORG:116115
Thakeham Tiles Limited,00280073,,,Storrington,RH20 3AD,,107406,1,0,,,ORG:107406
THALES DIS UK LIMITED,01278148,,,Reading,RG2 6GF,Biffpack,102376,1,0,,,ORG:102376
THAM BROTHERS LTD,08972690,,,Liverpool,L18 1DG,Beyondly,112663,1,0,,,ORG:112663
Thane Direct UK Limited,04301636,,,Portsmouth,PO6 3TH,Wastepack GB (SEPA),106729,1,0,,,ORG:106729
Thanet Earth Limited,06167025,,,Birchington,CT7 0AX,Wastepack GB (SEPA),100847,1,0,,,ORG:100847
Tharsus Group Limited,08012006,,,Blyth,NE24 5TF,Wastepack GB (SEPA),106510,3,2,Tharsus Limited; Universal Wolf Limited,03422948; 06413101,ORG:106510
Thatchers Cider Company Limited,00550634,,,Winscombe  Avon,BS25 5RA,Comply with Clarity,100093,1,0,,,ORG:100093
THE ACE SUPPLY COMPANY LIMITED,02075094,,,Sale,M33 3AQ,Beyondly,104580,1,0,,,ORG:104580
The Alan Nuttall Partnership Ltd,01191211,,,Hinkley,LE10 3BZ,Valpak,106874,1,0,,,ORG:106874
The Alchemist Bar & Restaurant Limited,06957833,,,Handforth,SK9 3HP,Wastepack GB (SEPA),101962,1,0,,,ORG:101962
The Alumasc Group plc,01767387,,,Kettering,NN15 5JP,Valpak,108089,2,1,Alumasc Building Products Ltd,02992960,ORG:108089
The Ames Companies UK Ltd.,04219711,,,Pollington,DN14 0BA,Kite Environmental Solutions,111518,1,0,,,ORG:111518
The Amtico Company Limited,02303730,,,Coventry,CV6 5AA,Wastepack GB (SEPA),101583,1,0,,,ORG:101583
The Authentic Food Company Limited,01928101,,,Manchester,M22 4SW,Paperpak,107404,1,0,,,ORG:107404
The Avec Corporation Limited,02646095,,,Brighton,BN1 8AP,Wastepack GB (SEPA),111235,1,0,,,ORG:111235
The Avocet Hardware Group Limited,11056301,,,Brighouse,HD6 2RW,Wastepack GB (SEPA),105309,1,0,,,ORG:105309
THE BANNATYNE GROUP LIMITED,09618868,,,Darlington,DL1 1ST,Biffpack,117167,1,0,,,ORG:117167
The Barcode Warehouse Limited,03842666,,,Newark,NG24 2DX,Veolia (EA),106963,1,0,,,ORG:106963
The Bart Ingredients Co. Ltd,04937130,,,Bristol,BS35 4GH,Valpak,105910,1,0,,,ORG:105910
The Barton Grange Group Limited,00598953,,,Preston,PR3 0BT,Wastepack GB (SEPA),100662,1,0,,,ORG:100662
The BenRiach Distillery Company Ltd,SC258480,,,Edinburgh,EH3 9WJ,Valpak Scotland Ltd (SEPA),105172,1,0,,,ORG:105172
The Bio-D Company Ltd,02393156,,,Hull,HU9 5LW,Valpak,102475,1,0,,,ORG:102475
The Body Shop International Ltd,15859787,,,Brighton,BN17 6LS,Valpak,116377,1,0,,,ORG:116377
The Booja Booja Company Ltd,04241754,,,Norwich,NR9 3NP,Valpak,115973,1,0,,,ORG:115973
The Box Factory Ltd,02664682,,,Leamington Spa,CV31 1QD,Paperpak,100251,1,0,,,ORG:100251
THE BRANNERSON COMPANY HOLDINGS LIMITED,SC621145,,,Glasgow,G2 1BP,Beyondly,101450,3,2,BO AND TEE LIMITED; OH POLLY LTD,SC504402; SC563598,ORG:101450
The Brecks Company Limited,02465785,,,Selby,YO8 6DJ,Wastepack GB (SEPA),105117,3,2,Harvest Moon Confectionery Ltd; Monster Brands Limited,09353193; 10125595,ORG:105117
The British Hamper Company Ltd,08577038,,,Lincoln,LN1 1XG,Kite Environmental Solutions,105233,1,0,,,ORG:105233
The Burger Manufacturing Company Ltd.,03739922,,,Builth Wells,LD2 3UA,Wastepack GB (SEPA),103608,1,0,,,ORG:103608
The Bury Black Pudding Co Limited,04372028,,,Bury,BL9 7NY,Comply with Clarity,107210,1,0,,,ORG:107210
The Cake Crew Limited,07738348,,,Bala,LL23 7NL,Veolia (EA),106412,1,0,,,ORG:106412
The Cardboard Box Company Limited,04012577,,,Coalville,LE67 1TT,Paperpak,101865,1,0,,,ORG:101865
The CDA Group Limited,02621460,,,Langar,NG139HY,Comply with Clarity,105554,1,0,,,ORG:105554
The Celtic Manor Resort Limited,08428620,,,Newport,NP18 1HQ,Paperpak,117318,1,0,,,ORG:117318
The Cheeky Panda Limited,09936357,,,London,EC3R 6EN,Kite Environmental Solutions,100417,1,0,,,ORG:100417
The Clinkard Group Limited,02771054,,,Middlesbrough,TS1 5JU,Wastepack GB (SEPA),105821,1,0,,,ORG:105821
The Compleat Food Group (Holdings) Ltd,12981153,,,Nottingham,NG2 1LU,Comply with Clarity,107062,11,10,HARVEY & BROCKLESS LIMITED; PORK FARMS LIMITED; Pork Farms Caspian Ltd.; S.K. CHILLED FOODS LIMITED; THE REAL YORKSHIRE PUDDING CO LIMITED; Winterbotham Darby & Co.Ltd; Winterbotham Darby Bicester Ltd; Winterbotham Darby Clitheroe Ltd; Wright's Pies (Shelton) Ltd; ZORBA DELICACIES LIMITED,00526954; 00736901; 01442472; 02052519; 02997024; 03174495; 03205254; 04863237; 05998346; 09104836,ORG:107062
The Conair Group Limited,01134488,,,Basingstoke,RG24 8YB,REPIC,100240,1,0,,,ORG:100240
The Conran Shop Limited,10535110,,,London,EC1Y 0UL,Smart Comply (EA),107231,1,0,,,ORG:107231
The Cookware Company UK & Ireland Ltd,07033153,,,Ely,CB6 3NW,Valpak,104857,1,0,,,ORG:104857
The Cornish Bakery Shops Limited,02177016,,,Bristol,BS39 7SX,Beyondly,104108,1,0,,,ORG:104108
THE COTSWOLD BREWING COMPANY LIMITED,05252279,,,Cheltenham,GL54 2HN,Beyondly,108602,1,0,,,ORG:108602
THE COTSWOLD COMPANY (UK) LIMITED,04774845,,,Norwich,NR1 3PA,Beyondly,100692,1,0,,,ORG:100692
The Cotswold Distilling Company Limited,08561633,,,Shipston-on-Stour,CV36 5EX,Veolia (EA),101504,1,0,,,ORG:101504
The Country Range Group Limited,02985881,,,Accrington,BB5 5BY,Comply with Clarity,104477,1,0,,,ORG:104477
The Coventry Group Limited,03806687,,,Coventry,CV3 4FX,Wastepack GB (SEPA),103861,2,1,Coventry Chemicals Limited,01205963,ORG:103861
The Daly Partners Ltd,10617696,,,Waterlooville,PO7 7YH,Valpak,116147,1,0,,,ORG:116147
The Darent Wax Company Limited,02635454,,,South Darenth,DA4 9BD,Kite Environmental Solutions,116747,1,0,,,ORG:116747
The Darling Experiment Ltd,06862946,,,London,WC2B 5AH,Valpak,107425,1,0,,,ORG:107425
THE DISNEY STORE LIMITED,02523767,,,London,W69PE,,106724,2,0,,,ORG:106724
The DMC Group Holdings Limited,11792210,,,London,SW1W 0DH,Wastepack GB (SEPA),101841,4,3,Sirdar Holdings Limited; Tilsatec Limited; Wool and the Gang Ltd,03975238; 06367603; 08332008,ORG:101841
THE DRINKS COMPANY LIMITED,03267523,,,HORSHAM,RH122RG,Beyondly,107537,1,0,,,ORG:107537
The Edrington Group Ltd,SC036374,,,Glasgow,G1 3DN,Comply with Clarity,107670,1,0,,,ORG:107670
The Encore Group (Envelopes & Packaging) Limited,01829336,,,Washington,NE37 2SA,Paperpak,106362,1,0,,,ORG:106362
The English Cheesecake Company Ltd,03952398,,,Maidenhead,SL6 7TU,Valpak,116288,1,0,,,ORG:116288
The Enterprise Department Ltd,02917801,,,Bishop's Stortford,CM23 2JU,Valpak,107678,1,0,,,ORG:107678
THE ENVELOPE WORKS LIMITED,05081474,,,Blackburn,BB1 2QR,Beyondly,107447,1,0,,,ORG:107447
The Essential Housewares Company Ltd,02801057,,,London,NW7 2DQ,Valpak,116920,1,0,,,ORG:116920
The Estate Dairy Ltd,09731984,,,Chorley,CW5 8JR,Valpak,116134,1,0,,,ORG:116134
The Expanded Metal Company Limited,05634441,,,Hartlepool,TS25 1PU,Wastepack GB (SEPA),106811,1,0,,,ORG:106811
THE FINE BEDDING COMPANY LTD,01298570,,,Manchester,M32 0QY,Beyondly,102282,1,0,,,ORG:102282
The Fine Cheese Co. Ltd,04379739,,,Bath,BA1 5BN,Valpak,114245,1,0,,,ORG:114245
The Five Points Brewing Company Ltd,08325685,,,London,E8 4RG,Valpak,115482,1,0,,,ORG:115482
The Food Heroes Marketing Ltd,12316248,,,Sleaford,NG34 7BJ,Valpak,106650,1,0,,,ORG:106650
The FoodFellas Ltd,06408896,,,Malvern,WR14 1JJ,Beyondly,104998,1,0,,,ORG:104998
The Fulham Shore Limited,07973930,,,London,W1F 8SJ,Valpak,107114,3,2,Franco Manca 2 UK Ltd; The Real Greek Food Company Ltd,04918527; 07045067,ORG:107114
The Gardens Group Limited,03498786,,,Dorchester,DT1 1UR,Recycling Lives Compliance Services,105263,4,3,Brimsmore Gardens Limited; Castle Gardens Sherborne Limited; Poundbury Gardens Limited,02074878; 02529066; 02644356,ORG:105263
The Gibson O'Neill Company Limited,02991817,,,Middlesbrough,TS2 1PS,Wastepack GB (SEPA),115736,4,3,Bulkhaul Limited; Middlesbrough Football & Athletic Company (1986) L; Rockliffe Hall Limited,01603021; 01947851; 05972297,ORG:115736
The Greenfield Food Company Limited,06910931,,,Accrington,BB5 6NT,,114575,1,0,,,ORG:114575
The Hadleigh Timber Group Limited,06834650,,,Stoke-On-Trent,ST11 9LW,Veolia (EA),103021,4,3,Meyer Timber Limited; Panelco Limited; Timbmet Limited,03009353; 03478246; 03512598,ORG:103021
The Handmade Cake Company Limited,01730815,,,Maidenhead,SL6 7TU,Comply with Clarity,107112,1,0,,,ORG:107112
The Harbour Brewing Company Limited,07741321,,,Wallingford,OX10 0EY,Ecosurety (EA),111828,1,0,,,ORG:111828
THE HEIRLOOM SAUCE COMPANY LIMITED,07946309,,,Poole,BH16 6FA,Beyondly,114274,1,0,,,ORG:114274
THE HELPING HAND COMPANY (LEDBURY) LIMITED,02172956,,,Ledbury,HR8 1NS,Beyondly,108007,1,0,,,ORG:108007
The Hill Brush Company Ltd,03464746,,,Mere,BA12 6FE,Wastepack GB (SEPA),106773,1,0,,,ORG:106773
The Hobby Company Ltd,02271541,,,Milton Keynes,MK5 8PG,Valpak,101694,1,0,,,ORG:101694
The House of Bruar Limited,SC145746,,,Pitlochry,PH18 5TW,Ecosurety (EA),108525,1,0,,,ORG:108525
THE HOUSE OF SARUNDS LIMITED,02928948,,,Blandford Forum,DT11 7SX,Beyondly,102942,1,0,,,ORG:102942
The Hymatic Engineering Company Limited,00331969,,,,B98 9HJ,Ecosurety (EA),104378,1,0,,,ORG:104378
The Ilchester Cheese Co. Ltd,00840256,,,Yeovil,BA22 8JL,Valpak,100992,1,0,,,ORG:100992
The Kay Group (UK) Ltd,01893754,,,Blackburn,BB1 1DG,ERP UK Ltd,100053,1,0,,,ORG:100053
THE KENDON ROPE & TWINE CO LIMITED,02702974,,,London,EN3 7FL,Comply with Clarity,102054,1,0,,,ORG:102054
THE KERNEL BREWERY LTD,07924174,,,London,SE16 4QT,Beyondly,117027,1,0,,,ORG:117027
The Kids Food Company Limited,06881545,,,St Albans,AL1 3AW,Ecosurety (EA),102844,1,0,,,ORG:102844
The L.S. Starrett Company Ltd.,SC032886,,,Jedburgh,TD8 6LR,Valpak Scotland Ltd (SEPA),103854,1,0,,,ORG:103854
The Lakes Distillery Company Limited,07769363,,,London,SW1H 0AD,Wastepack GB (SEPA),105226,1,0,,,ORG:105226
The Lakes Freerange Egg Company Ltd.,03314639,,,Penrith,CA11 0EE,Ecosurety (EA),100416,1,0,,,ORG:100416
The Lancaster Landmark Hotel Company Ltd,02832349,,,London,W2 2TY,Valpak,108577,4,3,Basil Street Apartments London Ltd; K West Hotel London Ltd; Landmark Hotel London Ltd,06618138; 06618239; 06618250,ORG:108577
The Linwood Fabric Company Limited,02911700,,,Ringwood,BH24 3PB,Wastepack GB (SEPA),111248,1,0,,,ORG:111248
The Lions Prep Ltd,10540589,,,London,E14 9XH,Valpak,115323,1,0,,,ORG:115323
The Little Greene Paint Company Ltd,03202446,,,Openshaw,M11 2DT,Scotpak (SEPA),106720,1,0,,,ORG:106720
The Little Group Ltd,03246086,,,Eastbourne,BN23 6QH,Valpak,107794,8,7,A.T. Little & Sons Ltd; Askews and Holts Libary Services Ltd.; Baker & Taylor (UK) Ltd; Book Protectors & Co. Ltd; Gardners Books Ltd; Hive Store Ltd; Lasgo Chrysalis Ltd,00962575; 01380166; 01607961; 02010127; 02055748; 02745298; 07300106,ORG:107794
The Littleover Group Ltd,06937301,,,Derby,DE23 8NL,Valpak,116354,3,2,Littleover Apiaries Ltd; Littleover Forestry Ltd,04548823; 08476937,ORG:116354
The Liverpool Football Club And Athletic Grounds Limited,00035668,,,Liverpool,L4 0TH,Wastepack GB (SEPA),105380,1,0,,,ORG:105380
THE LONDON OIL REFINING CO. LIMITED,02587314,,,Bradford,BD3 7AF,Biffpack,102580,1,0,,,ORG:102580
The Lycra Company UK Limited,10810919,,,Manchester,M2 3DE,Ecosurety (EA),101748,1,0,,,ORG:101748
The Mad Group (HQ) Ltd,00188425,,,Evesham,WR11 1AD,Valpak,114229,1,0,,,ORG:114229
The Mansion House Bedding Company Limited,02575156,,,Ipswich,IP2 0UH,Wastepack GB (SEPA),100355,1,0,,,ORG:100355
The Meliora Group Limited,05956820,,,Rochester,ME2 4DP,Veolia (EA),104665,4,3,Collector Set Printers Ltd; Delga Press Limited; Martin Paper Sales Limited,00667727; 01126251; 01237987,ORG:104665
The Millboard Company Limited,06061318,,,Coventry,CV3 4GA,Veolia (EA),115294,1,0,,,ORG:115294
The Modular Heating Group Ltd,02202506,,,Basildon,SS14 3WF,Paperpak,117540,3,2,MHS Radiators Ltd; Modutherm Ltd,01845418; 11837720,ORG:117540
The Monty Bojangles Co Ltd,05450794,,,Kenley,CR8 5NH,Valpak,117138,1,0,,,ORG:117138
THE MOSAIC TILE COMPANY LIMITED,04223019,,,Leeds,LS15 8GB,Comply with Clarity,106675,1,0,,,ORG:106675
The Mountain Boot Company Limited,02887906,,,Newcastle Upon Tyne,NE27 0QF,Wastepack GB (SEPA),104823,1,0,,,ORG:104823
The National Trust (Enterprises) Ltd,01083105,,,Swindon,SN2 2NA,Valpak,103422,1,0,,,ORG:103422
The Natural Dispensary Ltd,06076899,,,Stroud,GL5 1RN,Comply with Clarity,106369,1,0,,,ORG:106369
The Natural Fruit and Beverage Company Limited,SC220179,,,Largs,KA30 8EQ,,105717,1,0,,,ORG:105717
The Net-a-Porter Group Ltd,03820604,,,London,W12 7GF,ERP UK Ltd,107076,1,0,,,ORG:107076
The Old Bushmills Distillery Company Ltd,NI000601,,,Bushmills,BT57 8XH,Valpak,102412,1,0,,,ORG:102412
The Orange Square Company Ltd,02593245,,,London,EC1A 4HD,Valpak,105432,1,0,,,ORG:105432
The Organic Family Ltd,05985410,,,London,N1 3DF,Beyondly,107171,1,0,,,ORG:107171
The Original Bowling Company Limited,05163827,,,Hemel Hempstead,HP2 7BW,Wastepack GB (SEPA),106583,1,0,,,ORG:106583
THE ORIGINAL DRINKS AND FOOD COMPANY LTD,02562794,,,Gravesend,DA12 5HA,,116758,1,0,,,ORG:116758
The Oxford Wine Company Limited,04541967,,,Witney,OX29 7PR,Paperpak,101250,1,0,,,ORG:101250
The Packaging Company (Midlands) Limited,02888713,,,Coalville,LE67 1LE,Ecosurety (EA),106226,1,0,,,ORG:106226
The Parently Group Ltd,09878885,,,Bredbury,SK6 2SN,Valpak,106163,4,3,David Luke Ltd; Grass and Air Ltd; New Brands Ltd,01605492; 07147675; 09469335,ORG:106163
The Perfume Shop Ltd,02699577,,,London,SW11 4AN,Valpak,105480,1,0,,,ORG:105480
The Pilot Pen Company (U.K.) Ltd,01422605,,,Bourne End,SL8 5XF,Valpak,100983,1,0,,,ORG:100983
The Puzzle Group Ltd,10369282,,,Twickenham,TW1 4DP,Ecosurety (EA),116927,3,2,Ginger Fox Games Ltd; Professor Puzzle Limited,04398865; 09828105,ORG:116927
The Random House Group Limited,00954009,,,London,SW11 7BW,Wastepack GB (SEPA),107003,5,4,Dorling Kindersley Limited; PRH International Services Limited; Penguin Books Limited; The Book Service Limited,00453161; 00861590; 01177275; 01177822,ORG:107003
The Real Spirit of Coffee Limited,11347947,,,Bolton,BL5 1FQ,Comply with Clarity,116312,3,2,RIJO 42 MACHINES LTD; Rijo 42 Ingredients Ltd,07178480; 07178510,ORG:116312
The Reflex Group Ltd,04341532,,,Mansfield,NG18 5BU,ERP UK Ltd,101320,6,5,Macfarlane Labels Limited; Reflex Flexible Packaging Ltd; Reflex Labels Ltd; Reflex Plus Ltd; WebFlex Ltd,00012592; 00797757; 03708517; 04184479; SC027016,ORG:101320
THE ROYAL MINT LIMITED,06964873,,,Pontyclun,CF728YT,,106540,1,0,,,ORG:106540
The Sausage Man UK Ltd,09971751,,,Dartford,DA4 9LB,Valpak,104812,1,0,,,ORG:104812
THE SOCIETY OF VINTNERS LIMITED,01187863,,,Chichester,PO19 1UZ,Beyondly,107656,1,0,,,ORG:107656
The Somerset Toiletry Company Limited,03748299,,,Clutton,BS39 5TA,,104327,1,0,,,ORG:104327
The Staffordshire Brewery Limited,04473305,,,Leek,ST13 7EF,Valpak,117336,1,0,,,ORG:117336
The Summer Berry Company UK,02087609,,,Chichester,PO20 2DX,Beyondly,108076,1,0,,,ORG:108076
The Swedish Cider Company AB,,,,Shrewsbury,SY1 1JF,Ecosurety (EA),111331,1,0,,,ORG:111331
The Symphony Group plc,01022506,,,Barnsley,S72 7EZ,Valpak,100199,1,0,,,ORG:100199
The Tibbetts Group Ltd,05536038,,,Banbury,OX16 1RH,Valpak,117297,3,2,BF CS Limited; Powell Gee Limited,00689940; 04018559,ORG:117297
The Tofoo Company Ltd,03775780,,,Malton,YO17 6YD,Valpak,103002,1,0,,,ORG:103002
THE TOOL CONNECTION LIMITED,01968900,,,Walsall,WS1 1TJ,Beyondly,106188,2,1,ELDON TOOL AND ENGINEERING LIMITED,01227013,ORG:106188
The TPS Healthcare Group Ltd,SC093741,,,Glasgow,G68 0LL,Valpak Scotland Ltd (SEPA),105646,1,0,,,ORG:105646
THE TRACKLEMENT COMPANY LIMITED,01448588,,,Malmesbury,SN16 0RD,Beyondly,100539,1,0,,,ORG:100539
THE TRADELINK INTERNATIONAL GROUP LIMITED,06629663,,,Coalville,LE67 4JP,Beyondly,117254,1,0,,,ORG:117254
The Traditional Welsh Sausage Company Ltd,03699399,,,Conwy,LL32 8DE,Valpak,103713,1,0,,,ORG:103713
The Vacuum Pouch Company Ltd,03597990,,,Bury,BL8 3AL,Valpak,107588,1,0,,,ORG:107588
The Village Bakery (Wrexham) Ltd,07279733,,,Chester,CH1 2BQ,Comply with Clarity,108156,1,0,,,ORG:108156
The Water Mill Press Limited,02936984,,,Bradford,BD5 7SG,Wastepack GB (SEPA),103078,1,0,,,ORG:103078
The Welsh Whisky Company Ltd,03620949,,,Penderyn,CF44 0SX,Valpak,100144,1,0,,,ORG:100144
The Westminster Wire Factory Limited,03645831,,,Wareham,BH20 4SN,Wastepack GB (SEPA),103767,1,0,,,ORG:103767
The White Company (U.K.) Ltd,02998082,,,London,W12 7FR,Valpak,105141,1,0,,,ORG:105141
THE WHITE SEA & BALTIC COMPANY LIMITED,03649118,,,London,W1W 5PA,Beyondly,100342,1,0,,,ORG:100342
The Wool Packaging Company Ltd,06900094,,,Stone,ST15 0SS,Kite Environmental Solutions,100649,1,0,,,ORG:100649
THE WORKS STORES LIMITED,06557400,,,Birmingham,B46 1AL,Biffpack,102513,1,0,,,ORG:102513
The Wright Buy Ltd,06935623,,,Haverhill,CB9 8QX,Wastepack GB (SEPA),104354,1,0,,,ORG:104354
The Yattendon Brewing Company Ltd,13791606,,,Newbury,RG18 0UX,,108100,1,0,,,ORG:108100
THEA PHARMACEUTICALS LIMITED,06505496,,,Newcastle,ST5 5NT,Beyondly,116996,1,0,,,ORG:116996
Thermal Transfer Solutions Ltd,05622783,,,Redditch,B98 9HE,Kite Environmental Solutions,117076,1,0,,,ORG:117076
Thermaset Ltd,01855113,,,Tamworth,B79 7TA,Valpak,100929,1,0,,,ORG:100929
Thermit Welding (GB) Limited,00616382,,,Rainham,RM13 9YH,Wastepack GB (SEPA),100318,1,0,,,ORG:100318
Thermodynamix Thermoforming Specialist Services Ltd,03802352,,,Gateshead,NE11 0NF,Valpak,107857,1,0,,,ORG:107857
Thermoseal Group Limited,01705619,,,Birmingham,B6 7AF,Wastepack GB (SEPA),106262,1,0,,,ORG:106262
Thetford Ltd,01001165,,,Rotherham,S63 5DL,Valpak,101169,1,0,,,ORG:101169
THF Holdings Limited,09347785,,,Gateshead,NE9 5BF,Comply with Clarity,115994,3,2,COLORLITES LIMITED; Contract Candles & Diffusers Limited,01851465; 05075959,ORG:115994
THG Plc,06539496,,,Altrincham,WA15 0AF,Valpak,101189,11,10,Acheson & Acheson Ltd; Brighter Foods Ltd; Cult Beauty Ltd; David Berryman Ltd; ESPA International (UK) Ltd; Illamasqua Ltd; Mama Mio Ltd; THG Beauty Ltd; THG Nutrition Ltd; The Protein Lab (UK) Ltd,02185279; 02742156; 02764368; 05251791; 06195011; 06301971; 08491800; 08815259; 13400467; 13400484,ORG:101189
Think Drinks Limited,07439914,,,Bristol,BS8 2LY,Wastepack GB (SEPA),116034,1,0,,,ORG:116034
Thinventory Ltd,03852440,,,Slough,SL1 1FQ,Valpak,103048,1,0,,,ORG:103048
This Works Products Limited,06959060,,,London,WC2N 4JS,,102056,1,0,,,ORG:102056
Thistle Seafoods Limited,SC223362,,,Peterhead,AB42 3AU,Wastepack GB (SEPA),103587,1,0,,,ORG:103587
Thistly Cross Cider Co Ltd,SC390811,,,Dunbar,EH42 1UN,Valpak Scotland Ltd (SEPA),111431,1,0,,,ORG:111431
THOMAS ARMSTRONG (HOLDINGS) LIMITED,00244751,,,Maryport,CA15 8RY,Beyondly,100824,5,4,FOAMED GLASS (UK) LIMITED; THOMAS ARMSTRONG (AGGREGATES) LIMITED; THOMAS ARMSTRONG (CONCRETE BLOCKS) LIMITED; THOMAS ARMSTRONG (TIMBER) LIMITED,00818912; 00818914; 01278704; 15360639,ORG:100824
Thomas Baty (Newcastle upon Tyne) Limited,00568998,,,Team Valley Trading Estate,NE11 0QZ,Wastepack GB (SEPA),108136,1,0,,,ORG:108136
Thomas Bell & Sons Limited,01271192,,,Brigg,DN20 8RA,Kite Environmental Solutions,105781,1,0,,,ORG:105781
Thomas Dudley Group Ltd,00732459,,,Dudley,DY1 4SJ,Valpak,104039,6,5,McDonald Diecasting Ltd; Rugby Plastics Ltd; Thomas Dudley Foundry Ltd; Thomas Dudley Ltd; Waterfit Ltd,01464794; 02399487; 05420758; 08103831; 09301505,ORG:104039
Thomas Hardy Holdings Limited,03296437,,,Warrington,WA5 4TH,Veolia (EA),100339,3,2,Thomas Hardy Burtonwood Limited; Thomas Hardy Kendal Limited,03596292; 03689339,ORG:100339
THOMAS HOWSE LIMITED,00109575,,,Rowley Regis,B65 0RD,,101524,1,0,,,ORG:101524
Thomas Kneale & Co. Limited,00454128,,,Salford,M3 5JZ,,101164,1,0,,,ORG:101164
Thomas of York Limited,00752911,,,York,YO62 4HR,Wastepack GB (SEPA),100778,1,0,,,ORG:100778
THOMAS SWAN & CO.LIMITED,00210794,,,Consett,DH8 7ND,Comply with Clarity,104269,1,0,,,ORG:104269
Thomas Tunnock Ltd,SC028747,,,Uddingston,G71 7HH,Valpak Scotland Ltd (SEPA),102425,1,0,,,ORG:102425
Thompson and Capper Ltd,00235815,,,Runcorn,WA7 1PH,Valpak,104635,1,0,,,ORG:104635
Thompson Bros. (Esher) Limited,00549258,,,Esher,KT10 8LS,Wastepack GB (SEPA),100385,1,0,,,ORG:100385
Thompson Packaging Limited,03678864,,,Norwich,NR7 0HF,Comply with Clarity,101929,1,0,,,ORG:101929
Thompson Valves Ltd,02791464,,,Poole,BH17 7EF,Valpak,102783,1,0,,,ORG:102783
Thomson & Scott Limited,08766026,,,London,W1U 3BW,Veolia (EA),108447,1,0,,,ORG:108447
THOR SPECIALITIES (UK) LIMITED,01761700,,,Northwich,CW9 6GB,Beyondly,100132,1,0,,,ORG:100132
Thorlabs Ltd,05081788,,,Ely,CB6 3NX,Packcare,103459,1,0,,,ORG:103459
Thorman Hunt & Co Limited,01381889,,,London,SE11 6AR,Wastepack GB (SEPA),104576,1,0,,,ORG:104576
Thorn Lighting Limited,00263866,,,London,W1U 7EU,Wastepack GB (SEPA),103814,1,0,,,ORG:103814
Thorn Security Ltd,00728246,,,Feltham,TW13 7BZ,Valpak,114454,1,0,,,ORG:114454
Thornbridge Brewery Holdings Limited,04552035,,,Bakewell,DE45 1GS,Wastepack GB (SEPA),107666,2,1,The Thornbridge Hall Country House Brewing Company Ltd,05142189,ORG:107666
Thornton & Ross Ltd,00185947,,,Huddersfield,HD7 5QH,Valpak,105801,1,0,,,ORG:105801
Thornton Print Limited,02790048,,,Newcastle Upon Tyne,NE12 9SZ,Wastepack GB (SEPA),105022,1,0,,,ORG:105022
Thorpe Packaging Limited,03084801,,,Leeds,LS25 6PB,Comply with Clarity,105081,2,1,Hurricane Packaging,08337365,ORG:105081
Thortful Limited,09524310,,,London,SW1P 2AF,Paperpak,116138,1,0,,,ORG:116138
Thread 35 Ltd,09491272,,,Wilmslow,SK9 5AP,Valpak,107578,1,0,,,ORG:107578
Three Oceans Fish Company Limited,02633844,,,Hull,HU3 4TT,Paperpak,104860,1,0,,,ORG:104860
THULE OUTDOOR LIMITED,03210726,,,Haverhill,CB9 7XZ,Beyondly,106172,1,0,,,ORG:106172
Thulecraft Ltd,SC055348,,,Unst,ZE2 9DS,,107604,1,0,,,ORG:107604
THUMBS-UP (BURY) LIMITED,01399387,,,Bury,BL9 9UT,Biffpack,106397,1,0,,,ORG:106397
ThyssenKrupp UK plc,02452909,,,Cradley Heath,B64 5QU,Valpak,103562,4,3,Polysius Ltd; ThyssenKrupp Materials (UK) Ltd; Thyssenkrupp Rothe Erde UK Ltd,00442739; 00645702; 01234841,ORG:103562
TI GROUP AUTOMOTIVE SYSTEMS (DEESIDE) LIMITED,03061637,,,OXFORD,OX4 2SU,Beyondly,105158,1,0,,,ORG:105158
TI Group Automotive Systems (UK) Limited,00784687,,,Oxford,OX4 2SU,Veolia (EA),108151,1,0,,,ORG:108151
Tican (Chilled) Limited,04003353,,,Walsall,WS2 8LH,Comply with Clarity,108472,1,0,,,ORG:108472
Tidmas Townsend Ltd,00603950,,,Blackboys,TN22 5HJ,Comply with Clarity,101819,1,0,,,ORG:101819
Tier 1 Asset Management Limited,03708416,,,Whitefield,M45 8GZ,Comply with Clarity,116178,1,0,,,ORG:116178
TIFFIN SANDWICHES LIMITED,04010883,,,Bradford,BD4 6SF,Beyondly,100996,1,0,,,ORG:100996
TIGER FEET LIMITED,01798438,,,Manchester,M40 2BF,Beyondly,107490,1,0,,,ORG:107490
Tiger Retail Limited,05438600,,,London,W1T 1BJ,Ecosurety (EA),104212,1,0,,,ORG:104212
Tiger Tim Products Limited,01393841,,,Mold,CH7 6PZ,Wastepack GB (SEPA),106579,1,0,,,ORG:106579
TIGERTURF (UK) LIMITED,04024456,,,Kidderminster,DY10 4DX,Biffpack,100296,1,0,,,ORG:100296
TIKTOK INFORMATION TECHNOLOGIES UK  LIMITED,10165711,,,London,EC1A 9HP,Comply with Clarity,116526,1,0,,,ORG:116526
Tilda Limited,00990202,,,Rainham,RM13 9YQ,Comply with Clarity,104654,1,0,,,ORG:104654
Tildenet Holdings Limited,10738316,,,Bristol,BS3 5RJ,Wastepack GB (SEPA),114522,3,2,Tildenet Gardenware Limited; Tildenet LTD,01284227; 01462426,ORG:114522
TILE MOUNTAIN LIMITED,08335002,,,Stoke On Trent,ST6 5TQ,Beyondly,103979,1,0,,,ORG:103979
Tileflair Limited,01051487,,,Bristol,BS34 5TQ,Ecosurety (EA),100129,1,0,,,ORG:100129
TILL AND WHITEHEAD LIMITED,00046963,,,Bolton,BL1 4PW,Beyondly,100210,1,0,,,ORG:100210
Tilley Distribution UK Limited,06652841,,,Colchester,CO4 9HU,Comply with Clarity,103129,1,0,,,ORG:103129
Timet UK Limited,00530589,,,Birmingham,B42 2TU,Packcare,106999,1,0,,,ORG:106999
Timothy Taylor & Co. Ltd,00243794,,,Keighley,BD21 1AW,Valpak,103540,1,0,,,ORG:103540
TIMPSON GROUP LIMITED,02339274,,,Manchester,M23 9TT,Beyondly,107582,4,3,JOHNSON CLEANERS UK LIMITED; MAX SPIELMANN LIMITED; TIMPSON LIMITED,00675216; 02970609; 06776700,ORG:107582
Tims Dairy Ltd,01805834,,,Gerrards Cross,SL9 0QH,Beyondly,101089,1,0,,,ORG:101089
TINWARE DIRECT LIMITED,04222223,,,Bedford,MK44 2QS,Beyondly,104473,1,0,,,ORG:104473
Tiny Rebel Limited,07582051,,,Newport,NP10 9FQ,Paperpak,108347,1,0,,,ORG:108347
Tipografic Limited,02376227,,,Birkenhead,CH41 1LW,Paperpak,104308,1,0,,,ORG:104308
Tirlan Animal Nutrition Limited,02664868,,,Harrogate,HG1 5PA,Scotpak (SEPA),116730,1,0,,,ORG:116730
Titan Europe Limited,03018340,,,Kidderminster,DY10 3SD,Ecosurety (EA),100636,3,2,Titan Distribution (UK) Limited; Titan Steel Wheels Limited,02352328; 02593559,ORG:100636
Titan Packaging Limited,12985553,,,Northampton,NN4 7BF,Valpak,111197,1,0,,,ORG:111197
Titanic Brewery Co Ltd,04771970,,,Stoke on Trent,ST6 1JL,Valpak,115356,1,0,,,ORG:115356
TITE FIX LIMITED,05279435,,,Skipton,BD23 2DD,Beyondly,114527,1,0,,,ORG:114527
TITHEBARN LIMITED,00300375,,,Winsford,CW7 3PG,Beyondly,105704,1,0,,,ORG:105704
Titon Hardware Limited,01071731,,,Colchester,CO4 9YQ,Wastepack GB (SEPA),100348,1,0,,,ORG:100348
TJ Clays Ltd,16261680,,,Sufolk,NR35 1ED,Valpak,116290,1,0,,,ORG:116290
TJX UK,03094828,,,Watford,WD17 1TX,Smart Comply (EA),102746,1,0,,,ORG:102746
TK PACKAGING LIMITED,06942188,,,LONDON,N13 4XS,,115809,1,0,,,ORG:115809
TLC (Southern) Limited,02480571,,,Crawley,RH10 9TS,Wastepack GB (SEPA),111319,1,0,,,ORG:111319
TM TELFORD DAIRY LIMITED,06338801,,,Market Drayton,TF9 3SQ,Beyondly,104639,1,0,,,ORG:104639
TMD Friction UK Limited,04330235,,,Hartlepool,TS24 0RE,Wastepack GB (SEPA),100766,1,0,,,ORG:100766
TMI Foods Limited,04571020,,,Northampton,NN5 7US,Ecosurety (EA),102070,1,0,,,ORG:102070
TOAST (MAIL ORDER) LIMITED,03399254,,,Swansea,SA6 8RE,Beyondly,111380,1,0,,,ORG:111380
Tobermore Concrete Products Limited,NI011280,,,MAGHERAFELT,BT45 5QF,Comply with Clarity,111325,1,0,,,ORG:111325
TOLCHARDS LIMITED,07027762,,,Torquay,TQ2 7AX,Biffpack,107415,2,1,STEWART WINES LIMITED,05599219,ORG:107415
TOLSA UK LIMITED,03162812,,,Scunthorpe,DN15 8SD,Biffpack,103671,1,0,,,ORG:103671
TOM HANNAH AGENCIES LIMITED,SC023799,,,JOHNSTONE,PA5 8AB,,104582,1,0,,,ORG:104582
TOM PARKER CREAMERY LIMITED,10397498,,,Wincanton,BA9 9DT,,115766,1,0,,,ORG:115766
TOM WALKER AND SONS LIMITED,01683016,,,Leeds,LS10 2JH,Biffpack,104303,1,0,,,ORG:104303
Tomatin Distillery Company Ltd (The),SC095810,,,Inverness-Shire,IV13 7YT,Valpak Scotland Ltd (SEPA),100594,1,0,,,ORG:100594
Tomy UK Co.  Ltd.,01634124,,,Exeter,EX2 5AZ,Ecosurety (EA),103121,1,0,,,ORG:103121
TONIES UK LIMITED,10990746,,,Bishops Stortford,CM23 3BT,Beyondly,105829,1,0,,,ORG:105829
TONKIN PRODUCTS LIMITED,04644514,,,London,SW8 5EL,,103930,1,0,,,ORG:103930
Tony's Chocolonely Ltd,11565535,,,London,TW9 2SX,Comply with Clarity,107764,1,0,,,ORG:107764
Toolstation Limited,04372131,,,Northampton,NN5 7UA,Ecosurety (EA),101106,1,0,,,ORG:101106
Top Dental (Products) Limited,04261332,,,Halifax,HX2 9TN,Comply with Clarity,105601,1,0,,,ORG:105601
Top Mark Cash & Carry Ltd,NI040221,,,Belfast,BT13 2EZ,Scotpak (SEPA),103334,1,0,,,ORG:103334
TOP SPIRITS LTD,07931821,,,Leicester,LE5 4LE,,115820,1,0,,,ORG:115820
Top Tubes Ltd,03000662,,,Wednesbury,WS10 0PD,Valpak,104018,1,0,,,ORG:104018
Top-Op (Foods) Limited,01246241,,,Stanmore,HA7 1QU,ERP UK Ltd,107165,1,0,,,ORG:107165
TOPPS EUROPE LIMITED,02673753,,,London,E14 5HU,Biffpack,107566,1,0,,,ORG:107566
Topps Tiles PLC,03213782,,,Enderby,LE191SU,Comply with Clarity,103407,3,2,PRO TILER LIMITED; TOPPS TILES (UK) LIMITED,04781209; 07154275,ORG:103407
Topseal Systems Ltd,02696624,,,Wigan,WN6 8RY,Valpak,114564,1,0,,,ORG:114564
TopSpec Equine Limited,03867246,,,Thirsk,YO7 4JN,Paperpak,111364,1,0,,,ORG:111364
Tor Coatings Ltd,04503854,,,Bristol,BS13 8FD,Valpak,104722,1,0,,,ORG:104722
Toray International U.K. Ltd,01505380,,,London,EC2R 7HJ,Comply with Clarity,100313,1,0,,,ORG:100313
Toray Textiles Europe Ltd,02340979,,,Mansfield,NG19 0FT,Comply with Clarity,106149,1,0,,,ORG:106149
Torbay Pharmaceuticals Limited,14955659,,,Paignton,TQ4 7FG,Veolia (EA),112709,1,0,,,ORG:112709
Torin Sifan Limited,04569050,,,Crawley,RH10 9YX,Paperpak,103323,1,0,,,ORG:103323
Tornado Wire Limited,SC064920,,,Crieff,PH7 4HQ,Veolia (EA),118190,1,0,,,ORG:118190
Toro U.K. Ltd,05286686,,,Bishops Stortford,CM23 4BU,Valpak,104462,1,0,,,ORG:104462
Tortilla Mexican Grill PLC,13511888,,,London,W1W 6YF,,117068,1,0,,,ORG:117068
Toshiba TEC UK Imaging Systems Ltd,04124726,,,Camberley,GU17 9AB,ERP UK Ltd,102342,1,0,,,ORG:102342
Total Asia Food Bristol Limited,09129172,,,Bristol,BS3 2SU,,114944,1,0,,,ORG:114944
TOTALENERGIES MARKETING UK LIMITED,00553535,,,London,E14 5BF,Biffpack,105780,1,0,,,ORG:105780
Totes Isotoner (UK) Limited,01530567,,,Billericay,CM12 0DN,Comply with Clarity,102062,1,0,,,ORG:102062
Toupret (UK) Limited,05006814,,,South Croydon,CR2 0BS,Ecosurety (EA),103556,1,0,,,ORG:103556
Tout Limited,04490890,,,Cleeve,BS49 4NR,Veolia (EA),106793,1,0,,,ORG:106793
Tow-Trust Towbars Ltd,02650730,,,Atherstone,CV9 1JE,Packcare,101082,1,0,,,ORG:101082
Tower Supplies,,,,Poole,BH12 4TS,Kite Environmental Solutions,111386,1,0,,,ORG:111386
Towers & Co. Ltd,00058397,,,Hoddesdon,EN11 8UR,Valpak,101878,1,0,,,ORG:101878
Town & Country Fine Foods Limited,01821934,,,Leeds,LS1 5AB,Ecosurety (EA),105094,1,0,,,ORG:105094
TOWN HEAD FARM PRODUCTS LIMITED,04910694,,,Skipton,BD23 5BL,Beyondly,108293,1,0,,,ORG:108293
Towy Works Limited,00088430,,,Carmarthen,SA31 3JR,Wastepack GB (SEPA),103479,1,0,,,ORG:103479
Toy Brokers Holdings Ltd,06820541,,,Huntingdon,PE28 4YA,Valpak,106270,2,1,John Adams Leisure Ltd,01761275,ORG:106270
TOYOTA MATERIAL HANDLING UK LIMITED,00699993,,,Slough,SL1 4DX,Biffpack,111294,1,0,,,ORG:111294
Toyota Motor Manufacturing (UK) Limited,02352348,,,Derby,DE1 9TA,,106361,1,0,,,ORG:106361
TOYOTA TSUSHO U.K. LIMITED,02669193,,,London,EC2V 7DA,Beyondly,104369,1,0,,,ORG:104369
TOYOTA(G.B.) PLC,00916634,,,Epsom,KT18 5UX,Biffpack,104892,1,0,,,ORG:104892
TP-Link UK Ltd,07205003,,,Thatcham,RG19 6AE,ERP UK Ltd,106883,1,0,,,ORG:106883
TPBI UK Limited,04352675,,,Newcastle-under-Lyme,ST5 7UB,Ecosurety (EA),104168,1,0,,,ORG:104168
TPH (UK) Limited,05989477,,,Liverpool,L7 9NJ,Veolia (EA),107151,8,7,Burbank Produce Limited; Dole Limited; Dole UK Limited; Four Seasons Harvest Limited; Provenance Partners Limited; Redbridge Produce & Flowers Limited; Redeva Limited,02208873; 03034745; 04233409; 04509445; 05953208; 07466378; 09308883,ORG:107151
Trackwork Moll Limited,07654056,,,DONCASTER,DN4 5HX,,108473,1,0,,,ORG:108473
Trade Counter Distribution Limited,00226738,,,Mendlesham,IP14 5ND,Wastepack GB (SEPA),100422,1,0,,,ORG:100422
Trade Mouldings Limited,NI015596,,,Cookstown,BT80 9AR,,112446,1,0,,,ORG:112446
Tradechoice Distribution Ltd,10449218,,,Redditch,B98 0FY,Valpak,104770,1,0,,,ORG:104770
Tradeprint Distribution Ltd,03302074,,,London,EC3N 3AX,Valpak,107217,1,0,,,ORG:107217
Tradestock Ltd,04012477,,,Wellington,TA21 9HW,ERP UK Ltd,100560,1,0,,,ORG:100560
Traditional Norfolk Poultry Limited,04021155,,,Attleborough,NR17 1DS,Wastepack GB (SEPA),105364,1,0,,,ORG:105364
Trafalgar Scientific Limited,02872433,,,Leicester,LE1 3RW,Kite Environmental Solutions,101152,1,0,,,ORG:101152
TRAFFI SAFE LTD,06683211,,,Alton,GU34 2QA,,106134,1,0,,,ORG:106134
Trans-Continental Marketing Ltd,02829062,,,Coalville,LE67 1FL,Valpak,105475,1,0,,,ORG:105475
Transcend Packaging Ltd,11027520,,,Caerphilly,CF82 7TW,Valpak,106016,1,0,,,ORG:106016
Transpennine Trains Limited,12544930,,,Manchester,M1 6LT,Ecosurety (EA),107455,1,0,,,ORG:107455
Tratos (UK) Ltd,01524815,,,Prescot,L34 9HX,Valpak,106722,1,0,,,ORG:106722
Tratos Cavi UK Ltd,03971894,,,Swindon,SN3 4ND,Paperpak,101900,1,0,,,ORG:101900
Travelodge Hotels Limited,00769170,,,Thame,OX9 3AT,Veolia (EA),103159,1,0,,,ORG:103159
Travis Perkins PLC,00824821,,,Northampton,NN5 7UA,Ecosurety (EA),101912,5,4,CCF Limited; Keyline Civils Specialist Limited; The BSS Group Limited; Travis Perkins Trading Company Limited,00060987; 00733503; 01632482; SC042425,ORG:101912
TRB Limited,03683198,,,St Asaph,LL17 0JB,Comply with Clarity,101874,1,0,,,ORG:101874
TRC Realty Ltd,05284328,,,Hove,BN3 2DL,Valpak,108398,2,1,Ozland Ltd,01320686,ORG:108398
TREASURY WINE ESTATES EMEA LIMITED,02059191,,,Twickenham,TW1 3QS,Biffpack,102352,1,0,,,ORG:102352
Trederwen Springs 2008 Limited,06452544,,,Llansantffraid Ym Mechain,SY22 6SY,Ecosurety (EA),104089,1,0,,,ORG:104089
Treelinks (Ingredients) Ltd,04255909,,,Abergavenny,NP7 5NW,Valpak,104915,1,0,,,ORG:104915
Trek Bicycle Corporation Limited,02355933,,,Milton Keynes,MK17 8LX,Veolia (EA),102669,1,0,,,ORG:102669
Trelleborg Holdings UK Ltd,03304377,,,Tewkesbury,GL20 8UQ,Valpak,105949,9,8,Gall Thomson Environmental Ltd; Race-Tec Sealing Ltd; Trelleborg Industrial Products UK Ltd; Trelleborg Marine Systems UK Ltd; Trelleborg Nottingham Ltd; Trelleborg Retford Ltd; Trelleborg Sealing Solutions UK Ltd; Trelleborg Westbury Ltd,00446036; 02852924; 03160007; 03262092; 03700852; 03847966; 04168407; 04226233,ORG:105949
Tremco CPG UK Limited,00251311,,,Bristol,BS13 8FD,Ecosurety (EA),107427,1,0,,,ORG:107427
Trend Control Systems Limited,01664519,,,Bracknell,RG12 1EB,Ecosurety (EA),104858,1,0,,,ORG:104858
Trend Tool Technology Ltd,01338493,,,Watford,WD24 7TR,Valpak,100461,1,0,,,ORG:100461
Trends UK Ltd,04615823,,,Banbury,OX17 2DH,Valpak,103864,1,0,,,ORG:103864
Trenton Box Company Limited,05320737,,,Huntingdon,PE19 2HF,Paperpak,104489,1,0,,,ORG:104489
TREVES UK LIMITED,02434099,,,London,EC2V 6EE,Beyondly,111391,1,0,,,ORG:111391
Trevor Iles Limited,01128575,,,Bradford,BD1 4RU,Wastepack GB (SEPA),108535,3,2,Brimaid Limited; Thomas Owen & Sons(Newcastle-Upon-Tyne)Limited,00543533; 01664244,ORG:108535
Trevors Warehouses Limited,00781426,,,Fleetwood,FY7 6EB,Ecosurety (EA),100664,1,0,,,ORG:100664
TRFF Ltd,11566441,,,,W1T 1PH,Ecosurety (EA),117606,1,0,,,ORG:117606
TRG (Holdings) Limited,05556066,,,London,SE1 1EP,Veolia (EA),101278,5,4,Brunning and Price Limited; TRG Concessions Limited; TRG Leisure Limited; Wagamama Limited,01337324; 01543132; 02605751; 12061348,ORG:101278
Tri-Pack Packaging Systems Limited,01146130,,,Grimsby,DN31 2TB,Wastepack GB (SEPA),102875,1,0,,,ORG:102875
Tri-Wall Chesterfield Limited,03271834,,,Monmouth,NP25 5TW,Paperpak,101316,1,0,,,ORG:101316
Tri-Wall North East Limited,00526758,,,Monmouth,NP25 5TW,Wastepack GB (SEPA),105504,1,0,,,ORG:105504
Tri-Wall Swansea Limited,00325158,,,Monmouth,NP25 5TW,Paperpak,101195,1,0,,,ORG:101195
Tri-Wall UK Limited,08311508,,,Monmouth,NP25 5TW,Ecosurety (EA),103589,1,0,,,ORG:103589
Tri-Wall West Midlands Limited,09526545,,,Monmouth,NP25 5TW,Wastepack GB (SEPA),105533,1,0,,,ORG:105533
Triangle Wholefoods Collective Limited,IP21975R,,,Elland,HX5 9DB,Wastepack GB (SEPA),111173,1,0,,,ORG:111173
Triax UK Limited,02213714,,,Treorchy,CF42 6DL,Wastepack GB (SEPA),103718,1,0,,,ORG:103718
Tributes Ltd,03883743,,,Arundel,BN18 9PY,Valpak,116176,1,0,,,ORG:116176
Tridium Europe Limited,04088286,,,Coolham,RH13 8GR,Ecosurety (EA),102213,1,0,,,ORG:102213
Tridonic UK Limited,00887600,,,Basingstoke,RG24 8WF,Wastepack GB (SEPA),103950,1,0,,,ORG:103950
Trifast plc,01919797,,,Walsall,WS2 8DQ,Valpak,102553,4,3,Lancaster Fastener Company Ltd; Precision Technology Supplies Ltd; T.R. Fastenings Ltd,01103675; 01522235; 02192324,ORG:102553
Trigon Snacks Trading Limited,08711597,,,Aintree,L9 7AQ,Wastepack GB (SEPA),103188,1,0,,,ORG:103188
Trilanco Limited,07148679,,,Lincoln,LN3 4NP,Wastepack GB (SEPA),101644,1,0,,,ORG:101644
Trillium Flow Technologies Holdings Ltd.,SC602583,,,East Kilbride,G74 5PB,Wastepack GB (SEPA),105281,3,2,Trillium Flow Services UK Limited; Trillium Flow Technologies UK Limited,00869208; 00971289,ORG:105281
TRIMAS PACKAGING LIMITED,00291835,,,Leicester,LE3 1UQ,Valpak,104772,1,0,,,ORG:104772
TRINNY LONDON LIMITED,08964860,,,Chelsea,SW3 3TD,Biffpack,108646,1,0,,,ORG:108646
Trioworld UK Ltd,03038727,,,Telford,TF1 7XY,Kite Environmental Solutions,100448,1,0,,,ORG:100448
TRIP DRINK LTD,11834475,,,London,W8 7SP,,111223,1,0,,,ORG:111223
Triple D Ltd,02878079,,,London,W1H 7JG,Valpak,107197,1,0,,,ORG:107197
Triple Eight Supplies Ltd,03520553,,,Trowbridge,BA14 0SA,Valpak,106053,1,0,,,ORG:106053
Tripp Limited,02271587,,,London,EC1M 4DE,Kite Environmental Solutions,101375,1,0,,,ORG:101375
Tristel Solutions Limited,03518312,,,Newmarket,CB8 7NY,Wastepack GB (SEPA),100162,1,0,,,ORG:100162
Triumph Motorcycles Ltd,01735844,,,Swadincote,DE12 7JP,Packcare,102201,1,0,,,ORG:102201
Trivium Packaging UK Limited,02553094,,,Sutton-in-Ashfield,NG17 5LA,Comply with Clarity,104226,1,0,,,ORG:104226
TRIXIE UK PET PRODUCTS LIMITED,13311822,,,Northampton,NN3 6RZ,Beyondly,106041,1,0,,,ORG:106041
Troax (U.K.) Ltd,01707609,,,Swindon,SN3 5HY,Valpak,100484,2,1,Troax Lee Manufacturing Ltd,02565032,ORG:100484
Tronox Pigment UK Ltd,00162303,,,Grimsby,DN40 2PR,Valpak,105315,1,0,,,ORG:105315
Tropic Skincare Ltd,07840950,,,Croydon,CR0 4TD,Valpak,105165,1,0,,,ORG:105165
Tropical Blinds Limited,03184810,,,Sidcup,DA14 5AE,Kite Environmental Solutions,100100,1,0,,,ORG:100100
TROPICAL MARINE CENTRE LIMITED,06804160,,,Chorleywood,WD3 5SX,Beyondly,101693,1,0,,,ORG:101693
TROPICANA PRODUCTS UK LTD,13650169,,,London,EC4A 1BR,Biffpack,107563,1,0,,,ORG:107563
Trousdale Ltd,03538074,,,Banbury,OX16 3JU,Valpak,107511,1,0,,,ORG:107511
Trouw (UK) Limited,00291738,,,Ashbourne,DE6 1HA,Wastepack Northern Ireland (NIEA),117050,1,0,,,ORG:117050
Trowbridge Topco Limited,13676900,,,Trowbridge,BA14 8BL,Wastepack GB (SEPA),104407,4,3,Banner Limited; F.R. Monkhouse Limited; William Turner & Son (Stockport) Limited,00341442; 01819061; 07464584,ORG:104407
TROX UK LIMITED,00713650,,,Norfolk,IP24 3SQ,Beyondly,105948,1,0,,,ORG:105948
Troy Foods (Salads) Limited,07728942,,,Leeds,LS10 1DF,Wastepack GB (SEPA),102479,1,0,,,ORG:102479
Truck-Lite Europe Ltd,00195431,,,Harlow,CM19 5FA,Valpak,115884,1,0,,,ORG:115884
True Refrigeration UK Ltd,03788221,,,Rotherham,S63 9EU,Valpak,108238,1,0,,,ORG:108238
Truestart Coffee Limited,09460193,,,Bristol,BS1 6AA,Comply with Clarity,116922,1,0,,,ORG:116922
Trufflehunter Ltd,06366331,,,Cirencester,GL7 5XL,Valpak,104546,1,0,,,ORG:104546
TRUFLO AIR MOVEMENT LIMITED,05500950,,,Bristol,BS1 6FL,,108319,1,0,,,ORG:108319
Truflo Marine Limited,00993167,,,Birmingham,B6 7LG,Wastepack GB (SEPA),104814,1,0,,,ORG:104814
TRULIFE LIMITED,01740905,,,SHEFFIELD,S9 1BX,Comply with Clarity,103396,1,0,,,ORG:103396
Truma Limited,03566380,,,Foston,DE65 5BG,Comply with Clarity,101368,1,0,,,ORG:101368
Trupart Limited,01966822,,,Doncaster,DN4 5JD,Wastepack GB (SEPA),102481,1,0,,,ORG:102481
Trust Inns Ltd,03011034,,,Chorley,PR7 1NY,Valpak,104011,1,0,,,ORG:104011
Trust International B.V.,,,,Church St,KT13 8DE,Wastepack GB (SEPA),102785,1,0,,,ORG:102785
TRUTEX LIMITED,07132787,,,Clitheroe,BB7 1NL,Biffpack,103389,1,0,,,ORG:103389
TS (UK) Limited,03630810,,,Middleton,M24 2SJ,Wastepack GB (SEPA),103696,1,0,,,ORG:103696
TSL Healthcare,01813823,,,CRIGGLESTONE,WF4 3HT,Comply with Clarity,102987,2,1,SANPRO PRODUCTION LIMITED,05278409,ORG:102987
TT CONCRETE PRODUCTS LIMITED,04982091,,,Witney,OX28 6FF,Beyondly,106022,1,0,,,ORG:106022
Tudor Drinks Ltd,08285923,,,London,W1B 3HH,Valpak,114523,1,0,,,ORG:114523
Tuff Waterproofing Ltd,07814054,,,Wigan,WN6 8RY,Valpak,114556,1,0,,,ORG:114556
tuffbau Ltd,04376956,,,Canvey Island,SS8 0PU,,104896,1,0,,,ORG:104896
Tulipland Potatoes Limited,02703091,,,Spalding,PE12 0XL,Paperpak,103644,1,0,,,ORG:103644
Tullibardine Limited,SC210027,,,Edinburgh,EH12 5HD,Wastepack GB (SEPA),108309,1,0,,,ORG:108309
TULLIS RUSSELL GROUP LIMITED,SC150075,,,Edinburgh,EH2 4AN,Beyondly,111199,3,2,TULLIS RUSSELL COATED PAPERS LIMITED; TULLIS RUSSELL COATERS LIMITED,01427074; SC173888,ORG:111199
Turbo Acquisitions 10 Bidco Limited,12276117,,,High Wycombe,HP12 4AX,Wastepack GB (SEPA),103728,19,18,Buildit Gloster Limited; Chandlers Building Supplies Limited; Chandlers Roofing Supplies (Coventry) LLP; Chandlers Roofing Supplies (Halesowen) Limited; Chandlers Roofing Supplies (North London) Limited; Fairalls (Builders Merchants) Limited; Grant & Stone Limited; Hoppings Softwood Products Limited; Independent Roofing Supplies Limited; MS Roofing Supplies Limited; Parker Building Supplies Limited; Pennyhill Timber Ltd; Rawle Gammon & Baker Holdings Limited; Roofing Gear Limited; Sussex Plumbing Supplies Limited; Sussex Turnery & Moulding Company Limited; Total Plumbing Supplies Limited; Trading Depot U.K. Limited,00287879; 00308273; 01223584; 01987538; 02045211; 02442664; 02820046; 04023736; 04106357; 04136472; 05698213; 05952479; 06039026; 06855617; 07132675; 07351290; 08559084; OC358974,ORG:103728
TURNBULL AND COMPANY LIMITED,00536685,,,Lincolnshire,NG34 7RQ,Biffpack,103642,1,0,,,ORG:103642
Turner & Price Limited,02732141,,,Slough,SL1 4BD,Ecosurety (EA),103719,1,0,,,ORG:103719
Turner Bianca plc,00473824,,,Oldham,OL8 3EJ,Valpak,103374,1,0,,,ORG:103374
Turner Packaging Limited,01224346,,,Brentwood,CM13 3HW,Veolia (EA),103492,1,0,,,ORG:103492
Turtle Bay Hospitality Ltd,07127647,,,Bristol,BS1 4DA,Valpak,101743,1,0,,,ORG:101743
TURTLE BEACH EUROPE LIMITED,03819186,,,Basingstoke,RG24 8GU,Beyondly,105608,1,0,,,ORG:105608
TURTLE WAX EUROPE LIMITED,09146410,,,Liverpool,L30 4AB,Beyondly,101385,1,0,,,ORG:101385
TVS Supply Chain Solutions Limited,02748952,,,Chorley,PR6 7AJ,Ecosurety (EA),102722,1,0,,,ORG:102722
TW METALS LIMITED,00961098,,,Nursling,SO16 0AF,Beyondly,102599,2,1,LOCATE SUPPLIES LIMITED,02446177,ORG:102599
Tweezerman UK Ltd,05175078,,,Nottingham,NG12 4DG,,106391,1,0,,,ORG:106391
TWINPLAST LIMITED,02056991,,,Shefford,SG17 5LN,Beyondly,105980,1,0,,,ORG:105980
Twisted Hygiene & Packaging Ltd.,SC405516,,,Glasgow,G53 7NN,Comply with Clarity,115636,1,0,,,ORG:115636
TWO COUNTIES FOODS LIMITED,01866112,,,Canterbury,CT1 2YA,Beyondly,108265,1,0,,,ORG:108265
TY UK LIMITED,05440883,,,Portsmouth,PO3 5SA,Biffpack,105419,1,0,,,ORG:105419
Tyco Electronics UK Ltd,00550926,,,Swindon,SN3 5HH,Valpak,103953,1,0,,,ORG:103953
Tyco Fire & Integrated Solutions (UK) Ltd,01952517,,,Manchester,M40 2WL,Valpak,114507,1,0,,,ORG:114507
Tyler Packaging Limited,01659371,,,Leamington Spa,CV33 9JY,Comply with Clarity,106626,1,0,,,ORG:106626
Tyrolit Limited,01190584,,,Crick,NN6 7UD,Ecosurety (EA),100066,1,0,,,ORG:100066
Tyrone Textiles Limited,01406354,,,Woodford Green,IG8 8EY,,117427,1,0,,,ORG:117427
Tyson Foods Products Ltd,02455956,,,Ashford,TN25 4AZ,Valpak,112691,1,0,,,ORG:112691
U-POL Limited,00464919,,,Wellingborough,NN82QH,,102100,1,0,,,ORG:102100
U.K. Packaging Supplies Limited,01854737,,,London,N17 0XY,Paperpak,100410,1,0,,,ORG:100410
Ubbink (U.K.) Limited,01168143,,,Northampton,NN5 5DL,Comply with Clarity,104470,1,0,,,ORG:104470
UBE Urethanes UK Ltd,00147556,,,Baxenden Nr Accrington,BB5 2SL,Valpak,101910,1,0,,,ORG:101910
UCB Pharma Ltd,00209905,,,Slough,SL1 3WE,Valpak,107877,1,0,,,ORG:107877
UCC COFFEE UK LIMITED,02159182,,,Milton Keynes,MK14 6GY,Beyondly,104908,1,0,,,ORG:104908
Uflex Europe Limited,05086797,,,London,W1J 6BY,,115074,1,0,,,ORG:115074
UFP (UK) Ltd,02886891,,,Bradford,BD4 6SE,Valpak,102264,1,0,,,ORG:102264
UGO FOODS GROUP LIMITED,00344808,,,Hertfordshire,WD6 1GT,Beyondly,100063,1,0,,,ORG:100063
Uin Foods Ltd,SC333121,,,Stirling,FK9 4JX,Valpak Scotland Ltd (SEPA),104250,1,0,,,ORG:104250
UK & IE FLORA GROUP LIMITED,03380152,,,Newport,HU15 2FT,Beyondly,100867,1,0,,,ORG:100867
UK Blending Limited,03847286,,,CLACTON ON SEA,CO15 4XD,Comply with Clarity,117776,1,0,,,ORG:117776
UK Distributors (Footwear) Limited,04120969,,,Fleckney,LE8 8UD,Kite Environmental Solutions,104192,1,0,,,ORG:104192
UK EFS Ltd,06463540,,,London,W8 5RY,ERP UK Ltd,115561,1,0,,,ORG:115561
UK Greetings Limited,03480710,,,Dewsbury,WF12 9AW,Ecosurety (EA),102384,1,0,,,ORG:102384
UK GRID SOLUTIONS LIMITED,04955841,,,Stafford,ST16 1WT,Comply with Clarity,106219,1,0,,,ORG:106219
UK PLUMBING SUPPLIES LIMITED,02723962,,,Stockton Heath,WA4 6HL,Biffpack,102882,1,0,,,ORG:102882
UK point of Sale Group Ltd,03833656,,,Stockport,SK6 2TD,Comply with Clarity,116576,1,0,,,ORG:116576
UK Power Networks Holdings Limited,07290590,,,London,SE1 6NP,Veolia (EA),105412,4,3,UK Power Networks (Operations) Limited; UK Power Networks Services (Commercial) Limited; UK Power Networks Services (Contracting) Limited,02228168; 02965182; 03870728,ORG:105412
UK Radiators Ltd,08127674,,,Colchester,CO4 9TG,,111239,1,0,,,ORG:111239
UK Thermos Limited,04037228,,,Leeds,LS26 0JF,Wastepack GB (SEPA),102058,1,0,,,ORG:102058
UK Trade Furnishings Ltd,08424072,,,Leeds,LS12 2DU,Valpak,108279,1,0,,,ORG:108279
UK-NSI Co. Limited,02141243,,,Redditch,B989HL,Comply with Clarity,102324,1,0,,,ORG:102324
Ulster Carpet Mills (Holdings) Ltd,NI001207,,,Portadown,BT62 1EE,Valpak,111827,6,5,Dan-Floor UK Ltd; Griffith Textile Machines Ltd; Roger Oates Design Company Limited; The Alternative Flooring Company Ltd; Ulster Yarns Ltd,01726261; 01845474; 03527610; 04071714; 05211952,ORG:111827
Ulster Weavers Home Limited,NI602986,,,Lisburn,BT28 2XF,Wastepack GB (SEPA),103043,1,0,,,ORG:103043
Ultima Displays Limited,03802914,,,Corby,NN17 4DU,Kite Environmental Solutions,101241,1,0,,,ORG:101241
Ultima Furniture Systems Ltd,01918871,,,,W1U 1QY,Packcare,104209,1,0,,,ORG:104209
Ultimate Products UK Limited,03357718,,,Oldham,OL9 0DD,Wastepack GB (SEPA),101477,1,0,,,ORG:101477
Ultra Electronics Limited,02830644,,,London,SE1 7LY,Ecosurety (EA),102516,5,4,Ultra Electronics CEMS Limited; Ultra I&C Limited; Ultra PCS Limited; Ultra Sonar Systems Limited,14355663; 14356908; 14365288; 14403185,ORG:102516
ULTRAFRAME (UK) LIMITED,01765701,,,Clitheroe,BB7 1PE,Beyondly,103688,1,0,,,ORG:103688
UltraPolymers Ltd,04559975,,,Warrington,WA4 2TG,Valpak,103236,1,0,,,ORG:103236
Umberto Giannini Hair Cosmetics Ltd,03408526,,,London,W1K 5QF,Comply with Clarity,106611,1,0,,,ORG:106611
UMIOS FOOD UK LIMITED,04077773,,,Grimsby,DN31 2TB,Beyondly,100435,1,0,,,ORG:100435
Under Armour Europe B.V.,,,,Amsterdam,1076CM,ERP UK Ltd,106635,2,1,UA UK Retail Limited,09624558,ORG:106635
Undercover Brothers Ltd,09469512,,,London,W3 0BZ,Valpak,105755,2,1,Crep Protect Ltd,09223288,ORG:105755
Underwood Meat Company Ltd,02716900,,,Rotherham,S60 1RU,Kite Environmental Solutions,101739,1,0,,,ORG:101739
Uneek Clothing Company Limited,03172736,,,London,NW11 7RJ,Kite Environmental Solutions,100356,1,0,,,ORG:100356
Unicorn Brands Ltd,12539106,,,Luton,LU4 9UR,Beyondly,117760,1,0,,,ORG:117760
UNICORN GROCERY LIMITED,,,,Chorlton,M21 0BN,Beyondly,102923,1,0,,,ORG:102923
Unicorn Group Holdings Limited,NI663771,,,Lisburn,BT27 5SR,Wastepack Northern Ireland (NIEA),116748,4,3,Unicorn Containers Limited; Unicorn Flooring Limited; Unicorn Hygienics Limited,NI027727; NI029839; NI060081,ORG:116748
UNICORN PRODUCTS LIMITED,00370646,,,EDENBRIDGE,TN8 6UP,Beyondly,107463,1,0,,,ORG:107463
Unifrax (Derby) Ltd,01747354,,,St. Helens,WA11 8LP,Valpak,104589,1,0,,,ORG:104589
Unifrax Emission Control Europe Ltd,01978805,,,St. Helens,WA11 8LP,Valpak,104655,1,0,,,ORG:104655
Unifrax Ltd,04007148,,,St. Helens,WA11 8LP,Valpak,104652,1,0,,,ORG:104652
Unifruit Ltd,01793701,,,Rickmansworth,WD3 1AR,Valpak,104788,1,0,,,ORG:104788
Unigloves (UK) Limited,04010200,,,Gillingham,ME8 0NJ,Kite Environmental Solutions,101091,1,0,,,ORG:101091
Unilever UK Limited,00334527,,,Kingston Upon Thames,KT1 2BA,Ecosurety (EA),101066,1,0,,,ORG:101066
Unilin Flooring UK Limited,NI025830,,,Newry,BT34 2QX,Valpak,106831,1,0,,,ORG:106831
UNILIN INSULATION UK LIMITED,04404208,,,Chesterfield,S42 5UY,Biffpack,104828,1,0,,,ORG:104828
Unilite Limited,02028529,,,Hailsham,BN27 3WA,Wastepack GB (SEPA),108656,1,0,,,ORG:108656
Unionburger Limited,01856258,,,Llansamlet,SA7 9FG,Wastepack GB (SEPA),106462,1,0,,,ORG:106462
Unipart Group of Companies Limited,01994997,,,Oxford,OX4 2PG,Veolia (EA),107744,12,11,Comms Design Limited; Instrumentel Limited; Kautex Unipart Limited; Metlase Limited; Park Signalling Limited; Serck Services UK Limited; Unipart Group Limited; Unipart Logistics Limited; Unipart Manufacturing Limited; Unipart Polymer and Composite Solutions Limited; Unipart Rail Holdings Limited,00576777; 03202866; 03231000; 03496115; 03895736; 04325633; 04330119; 05057797; 09462667; 11711304; 15864852,ORG:107744
Unipet International Ltd,02823576,,,Sittingbourne,ME10 2PG,Valpak,107359,1,0,,,ORG:107359
Unipres (UK) Limited,02163867,,,Sunderland,SR5 3NT,Wastepack GB (SEPA),107687,1,0,,,ORG:107687
Uniqlo Europe Ltd,04845064,,,London,W1B 4HL,Valpak,105895,1,0,,,ORG:105895
Unique Party,BR005238,,,Scunthorpe,DN16 1DS,Valpak,111270,1,0,,,ORG:111270
Unistrut Ltd,01050870,,,West Bromwich,B70 9PL,Valpak,103750,2,1,Flexicon Ltd,03824181,ORG:103750
Unisurge International Limited,02214024,,,Newmarket,CB8 0BF,Paperpak,103598,1,0,,,ORG:103598
Unitas Wholesale Limited,11454164,,,Doncaster,DN4 5RA,REPIC,112472,1,0,,,ORG:112472
United Caps Dinnington Ltd,11199708,,,Sheffield,S25 3AP,Valpak,103376,1,0,,,ORG:103376
United Farmers Limited,,,,Corstorphine,EH12 6NZ,Wastepack GB (SEPA),103000,1,0,,,ORG:103000
United Food Brands LTD,04649369,,,ALDERSHOT,GU11 3HU,Comply with Clarity,115588,1,0,,,ORG:115588
United Machining UK Limited,03240378,,,Coventry,CV2 2SJ,Valpak,116518,1,0,,,ORG:116518
United Petfood UK Limited,01624292,,,Llangadog,SA19 9LY,Ecosurety (EA),116252,1,0,,,ORG:116252
United Wholesale (Scotland) Ltd,SC224822,,,Glasgow,G33 4UL,ERP UK Ltd,107471,1,0,,,ORG:107471
United Wholesale Grocers Ltd,SC080027,,,Glasgow,G21 4BY,Valpak Scotland Ltd (SEPA),107323,1,0,,,ORG:107323
United Wine Merchants Limited,NI018370,,,Craigavon,BT66 6SY,Ecosurety (EA),103194,1,0,,,ORG:103194
United-UK LLP,OC335195,,,London,EC1M 4JN,Wastepack GB (SEPA),105168,1,0,,,ORG:105168
Univar Solutions UK Limited,00139876,,,Bradford,BD3 7AY,Comply with Clarity,102257,1,0,,,ORG:102257
Universal Components UK Limited,05172752,,,Barnsley,S74 9SB,Kite Environmental Solutions,100370,1,0,,,ORG:100370
Universal Meat Company,NI018527,,,Portadown,BT621LY,,108641,1,0,,,ORG:108641
Universal Music Holdings Ltd,05344517,,,London,N1C 4AG,Valpak,102408,2,1,Universal Music Operations Ltd,00950138,ORG:102408
Universal Sealants (U.K.) Limited,01494603,,,Bristol,BS13 8FD,Wastepack GB (SEPA),103773,1,0,,,ORG:103773
UPL Europe Ltd,02844616,,,Warrington,WA3 6YN,Valpak,111443,1,0,,,ORG:111443
UPM Raflatac (UK) Limited,10990905,,,Scarborough,YO11 3DX,Comply with Clarity,103922,1,0,,,ORG:103922
UPM-KYMMENE (UK) LIMITED,SC102969,,,Irvine,KA11 5AT,Comply with Clarity,100969,1,0,,,ORG:100969
Upper Canada UK Limited,02251430,,,London,SE1 3ER,Wastepack GB (SEPA),107547,1,0,,,ORG:107547
Urban Fresh Foods Limited,05833700,,,St Albans,AL1 3AW,Wastepack GB (SEPA),100563,1,0,,,ORG:100563
Urbis Schreder Ltd,01095726,,,Basingstoke,RG24 8GG,Kite Environmental Solutions,100976,1,0,,,ORG:100976
URBN UK Ltd,03124253,,,London,EC2M 7SH,Valpak,105521,1,0,,,ORG:105521
UREN FOOD GROUP LIMITED,00517333,,,Neston,CH64 7TB,Beyondly,104653,1,0,,,ORG:104653
URGO LIMITED,04337458,,,Loughborough,LE12 9JJ,Beyondly,100618,1,0,,,ORG:100618
USBORNE PUBLISHING LIMITED,01124359,,,London,EC1N 8RT,Biffpack,102180,1,0,,,ORG:102180
Usha Martin UK Ltd,03594781,,,Worksop,S80 3ES,Valpak,111446,1,0,,,ORG:111446
USN (UK) Ltd,06422265,,,Birmingham,B31 2UQ,Valpak,108191,1,0,,,ORG:108191
USS Limited,04045212,,,Halesowen,B63 3JP,Veolia (EA),101946,1,0,,,ORG:101946
Utopia Furniture Ltd.,02826071,,,Bilston West Midlands,WV14 0QL,Valpak,105637,1,0,,,ORG:105637
Uzin Utz UK Ltd,02676657,,,Rugby,CV23 0UY,,105285,1,0,,,ORG:105285
V.A. Whitley & Co. Limited,00474394,,,Heywood,OL10 1NW,Wastepack GB (SEPA),100721,1,0,,,ORG:100721
V.I.P. Computer Centre Ltd,02552402,,,Warrington,WA1 4RF,Valpak,101909,1,0,,,ORG:101909
V.N. & Britannic Warehouses Ltd,01002902,,,Birmingham,B1 3RJ,Valpak,100055,1,0,,,ORG:100055
V.U.K. Holdings Ltd,00534962,,,Cambridge,CB1 2JH,Valpak Scotland Ltd (SEPA),105213,2,1,Velux Company Ltd,SC070286,ORG:105213
Vacmet Europe Ltd,07847058,,,Middlesex,HA7 1JS,Valpak,116897,1,0,,,ORG:116897
Vaillant Management Ltd,04127157,,,Belper,DE56 1JT,ERP UK Ltd,107126,4,3,Vaillant Group UK Limited; Vaillant Industrial UK Limited; Vaillant Limited,00294316; 01064184; 01279010,ORG:107126
Vale Europe Ltd,00137114,,,London,SW1H 0BL,Valpak,104412,1,0,,,ORG:104412
Vale Labels Ltd,04666330,,,Wellington,TA21 9JF,Valpak,103706,1,0,,,ORG:103706
Vale Mill (Rochdale) Limited,00365230,,,Rochdale,OL16 1HR,Wastepack GB (SEPA),107546,1,0,,,ORG:107546
Valeo Confectionary Ltd,02025064,,,Norwich,NR5 9JP,Comply with Clarity,107899,1,0,,,ORG:107899
VALEO SERVICE UK LIMITED,00956685,,,Redditch,B98 0DZ,Biffpack,105029,1,0,,,ORG:105029
Valerio's Ltd,06230107,,,London,N7 9BN,Valpak,107556,1,0,,,ORG:107556
Valley Northern Limited,09188858,,,Astonfields,ST16 3BP,Wastepack GB (SEPA),106534,1,0,,,ORG:106534
VALMAS GROUP LIMITED,10247588,,,Brighouse,HD6 4DJ,Comply with Clarity,116153,1,0,,,ORG:116153
Valmiera Glass UK Ltd,02189095,,,Sherborne,DT9 3RB,Valpak,103143,1,0,,,ORG:103143
Valtris Specialty Chemicals Limited,00995767,,,Eccles,M30 0LX,Wastepack GB (SEPA),104457,1,0,,,ORG:104457
VALUELIGHTS LIMITED,06973805,,,MANCHESTER,M44 5GR,Beyondly,104297,1,0,,,ORG:104297
Van Guard Accessories Limited,01263262,,,Exeter,EX5 2UL,Smart Comply (EA),102932,1,0,,,ORG:102932
Vandemoortele Europe NV  UK Branch,BR022152,,,Staines-Upon-Thames,TW18 4EP,Valpak,111762,1,0,,,ORG:111762
Vandemoortele Worcester,BR007317,,,Worcester,WR2 6RF,Valpak,111765,1,0,,,ORG:111765
Vanderlande Industries United Kingdom Ltd,03298374,,,Birmingham,B37 7WY,Valpak,111509,1,0,,,ORG:111509
VANTIVE LIMITED,14981842,,,Liverpool,L7 9PE,Biffpack,117447,1,0,,,ORG:117447
Vape Club Ltd,08131075,,,Watford,WD18 8YB,Valpak,111341,1,0,,,ORG:111341
Varian Medical Systems UK Limited,00558526,,,Crawley,RH10 1DT,ERP UK Ltd,114862,1,0,,,ORG:114862
Varsity Packaging Limited,02104242,,,Theale,RG7 4AB,Smart Comply (EA),101567,1,0,,,ORG:101567
Varta Consumer Batteries UK Ltd,11837228,,,Oldham,OL8 2PF,Packcare,102168,1,0,,,ORG:102168
Vascutek Ltd,SC079773,,,Inchinnan,PA4 9RR,Valpak Scotland Ltd (SEPA),105867,1,0,,,ORG:105867
Vauxhall Motors Limited,00135767,,,Coventry,CV3 1ND,Veolia (EA),104902,1,0,,,ORG:104902
Vax Ltd,01341840,,,Droitwich,WR9 8YB,Valpak,102404,1,0,,,ORG:102404
VBH (GB) LIMITED,01634128,,,GILLINGHAM,ME8 0WG,Comply with Clarity,100262,1,0,,,ORG:100262
VECTAIR SYSTEMS LIMITED,02245377,,,Basingstoke,RG24 8NU,Biffpack,103024,1,0,,,ORG:103024
VEETEE FOODS LIMITED,05569652,,,Rochester,ME2 4DU,Biffpack,115822,1,0,,,ORG:115822
VEETEE RICE LIMITED,02009019,,,Medway City Estate,ME2 4LT,Biffpack,115043,1,0,,,ORG:115043
Vegetarian Express Limited,02793607,,,Watford,WD24 7RY,Kite Environmental Solutions,100602,1,0,,,ORG:100602
Vegware Ltd,SC331521,,,,EH3 7JF,Scotpak (SEPA),106838,1,0,,,ORG:106838
VEH MFG UK Limited,03982446,,,Maidenhead,SL6 2SL,Ecosurety (EA),104723,1,0,,,ORG:104723
VEKA PLC,01626563,,,Burnley,BB11 5DA,Biffpack,107115,1,0,,,ORG:107115
Velcro Ltd,02737177,,,Sandbach,CW11 3AE,Valpak,103481,1,0,,,ORG:103481
Veloris UK Ltd,02906519,,,Shrewsbury,SY1 3TG,Valpak,115767,1,0,,,ORG:115767
Veltech(UK)Co. Ltd,13738281,,,Port Talbot,SA13 2PE,Comply with Clarity,117493,1,0,,,ORG:117493
Venom Limited,03776844,,,Royston,SG8 9RE,Comply with Clarity,102158,1,0,,,ORG:102158
Venture Life Group PLC,05651130,,,Bracknell,RG12 1WA,Valpak,115603,4,3,HL Healthcare Ltd; Health And Her Ltd; Venture Life Healthcare Ltd,05234145; 05623945; 10781348,ORG:115603
Venus Wine & Spirit Merchants Limited,05689256,,,Wellingborough,NN8 1LT,Wastepack GB (SEPA),102258,1,0,,,ORG:102258
Veolia Environmental Services Group (UK) Limited,02215767,,,London,N1 9JY,Veolia (EA),106661,12,11,Veolia ES (UK) Limited; Veolia ES Birmingham Limited; Veolia ES Hampshire Limited; Veolia ES Merseyside & Halton Limited; Veolia ES Nottinghamshire Limited; Veolia ES Sheffield Limited; Veolia ES Shropshire Limited; Veolia ES South Downs Limited; Veolia ES Southwark Limited; Veolia ES Telford & Wrekin Limited; Veolia ES West Berkshire Limited,02481991; 02692681; 02817856; 03709317; 03765422; 05584380; 06256521; 06256562; 06256563; 06889679; 08833415,ORG:106661
VERALLIA UK LIMITED,03846688,,,West Yorkshire,LS10 1NQ,Beyondly,103566,1,0,,,ORG:103566
VERDANT BREWING COMPANY LIMITED,09242115,,,Penryn,TR10 9EP,Beyondly,113442,1,0,,,ORG:113442
Verdant Specialty Solutions Halifax Ltd,12960835,,,Halifax,HX4 9BH,Valpak,105733,1,0,,,ORG:105733
Vernacare International Blackwood Limited,00869871,,,Chorley,PR7 7NB,Wastepack GB (SEPA),103828,1,0,,,ORG:103828
Vernacare International Chorley & Bolton Limited,00796740,,,Chorley,PR7 7NB,Paperpak,102370,1,0,,,ORG:102370
Vertiv Infrastructure Ltd,00913511,,,Bedford,MK44 3BF,Valpak,101501,1,0,,,ORG:101501
VESTAS OFFSHORE WIND BLADES UK LTD,09170456,,,Newport,PO30 5TR,Comply with Clarity,106115,1,0,,,ORG:106115
Vestel Holland B.V. UK Branch Office,BR023773,,,Langley,SL3 6EZ,REPIC,104725,1,0,,,ORG:104725
Vestey Foods UK Limited,03970537,,,London,SW1P 1BB,Comply with Clarity,106711,1,0,,,ORG:106711
Vesuvius UK Ltd,00054713,,,London,EC4A 2AE,Valpak,104451,1,0,,,ORG:104451
Vetoquinol UK Ltd,01578434,,,Towcester,NN12 7LS,ERP UK Ltd,107595,1,0,,,ORG:107595
VETROELITE UK LTD,10754067,,,LONDON,WC2N 5NG,Comply with Clarity,116474,1,0,,,ORG:116474
Vetroplas Packaging Ltd,06342190,,,Norwich,NR7 0HR,Valpak,105984,1,0,,,ORG:105984
Vetrotech Saint-Gobain (International) AG,BR010339,,,Coventry,CV3 2ZG,Valpak,104808,1,0,,,ORG:104808
VETUK Limited,09856545,,,York,YO30 4UZ,Wastepack GB (SEPA),106207,1,0,,,ORG:106207
VF Northern Europe Ltd,SC047368,,,Edinburgh,EH3 8PB,Valpak Scotland Ltd (SEPA),102047,1,0,,,ORG:102047
VF Northern Europe Services Ltd,SC081872,,,Edinburgh,EH3 8BP,Valpak Scotland Ltd (SEPA),102043,1,0,,,ORG:102043
VG MSO LTD,NI015669,,,Belfast,BT5 6QP,Wastepack Northern Ireland (NIEA),103062,2,1,VG CartonCare LTD,NI030895,ORG:103062
VI - Spring Ltd,00071430,,,Plymouth,PL5 2TT,Valpak,103704,1,0,,,ORG:103704
Viatec UK Ltd,05642795,,,Radstock,BA3 4XD,Packcare,105835,1,0,,,ORG:105835
Viatris UK Healthcare Limited,09189103,,,Potters Bar,EN6 1TL,Kite Environmental Solutions,104368,1,0,,,ORG:104368
Vibrant Foods Ltd,11995168,,,Watford,WD18 8YG,Valpak,107915,4,3,Cashew Newco Limited; Everest Dairies Ltd; Vibrant Brands Ltd,01159183; 03481276; 13199879,ORG:107915
Vibrantz Minerals Ltd,05582239,,,Stoke-on-Trent,ST4 3NR,Valpak,101894,1,0,,,ORG:101894
Viciunai UK & Ireland Ltd,10915577,,,Carlisle,CA1 1DR,Ecosurety (EA),117384,1,0,,,ORG:117384
Victoria Carpets Ltd,01178145,,,Kidderminster,DY10 1JR,Valpak,111847,1,0,,,ORG:111847
Victorian Plumbing Ltd,04079213,,,Leyland,PR26 6TB,Kite Environmental Solutions,106749,1,0,,,ORG:106749
Vida Wood UK Ltd,01886806,,,Billericay,CM12 9AH,ERP UK Ltd,103250,1,0,,,ORG:103250
VIDAFRESH LIMITED,07118575,,,Dartford,DA2 7QY,Comply with Clarity,101815,1,0,,,ORG:101815
Vidara UK Ltd,04882189,,,Barnsley,S73 0FJ,Valpak,105054,1,0,,,ORG:105054
ViewSonic Europe Ltd,03131161,,,London,SW8 1GX,ERP UK Ltd,101408,1,0,,,ORG:101408
Viking Office UK Limited,02472621,,,Leicester,LE4 2BN,Scotpak (SEPA),107016,1,0,,,ORG:107016
Vila Clothes Limited,05494603,,,London,E1 6PX,ERP UK Ltd,107833,1,0,,,ORG:107833
Villeroy & Boch (UK) Ltd,00339567,,,London,N1 0QH,Valpak,103328,1,0,,,ORG:103328
Vinarchy UK Limited,00137407,,,Weybridge,KT13 8TB,Comply with Clarity,101610,1,0,,,ORG:101610
VINE MEATS LTD,12024012,,,Sevenoaks,TN15 0LG,Beyondly,115643,1,0,,,ORG:115643
VINE TRAIL LIMITED,04520633,,,bristol,BS8 4HU,,108259,1,0,,,ORG:108259
VINEYARD FARMS LIMITED,11384632,,,GRAVESEND,DA13 0XE,Comply with Clarity,116904,1,0,,,ORG:116904
Vink UK Limited,01220776,,,Chertsey,KT16 8LA,Wastepack GB (SEPA),104289,4,3,Cadillac Plastic Limited; IN2 Plastics Limited; Innotech Digital & Display Limited,01649342; 05286200; 08772245,ORG:104289
Vintage Roots Limited,03262957,,,Horsham,RH12 1DQ,ERP UK Ltd,101918,1,0,,,ORG:101918
VioVet Limited,07693671,,,London,W2 6LG,ERP UK Ltd,107928,1,0,,,ORG:107928
VIP-Polymers Ltd,04256307,,,Huntingdon,PE29 7EB,Valpak,104358,1,0,,,ORG:104358
VIPA PACKAGING UK LIMITED,06943583,,,London,SW1V 1EJ,Beyondly,116351,1,0,,,ORG:116351
Vir Health Limited,11449267,,,London,EC1M 3JF,Beyondly,116668,1,0,,,ORG:116668
Virani Food Products Ltd,01121605,,,Wellingborough,NN8 4AD,Valpak,108016,1,0,,,ORG:108016
Virbac Ltd,01069800,,,Bury St. Edmunds,IP30 9UP,Valpak,102434,1,0,,,ORG:102434
Virgin Atlantic Airways Limited,01600117,,,Crawley,RH10 9DF,Wastepack GB (SEPA),116595,1,0,,,ORG:116595
Virgin Media Business Limited,01785381,,,Reading,RG2 6UU,Ecosurety (EA),106560,1,0,,,ORG:106560
Virgin Media Limited,02591237,,,Reading,RG2 6UU,Ecosurety (EA),106559,1,0,,,ORG:106559
VIRGIN WINE ONLINE LIMITED,03800762,,,Norwich,NR3 1TN,Beyondly,106125,1,0,,,ORG:106125
Virginia Hayward Holdings Ltd,12547151,,,SHAFTESBURY,SP79BT,Comply with Clarity,107810,4,3,GI Home And Garden Limited; Maxwell & Franks Limited; Virginia Hayward Limited,01842012; 12554140; 13768114,ORG:107810
Viridian International Limited,03750310,,,Huntingdon,PE17 4BH,Paperpak,114634,1,0,,,ORG:114634
Viscofan UK Limited,01437267,,,Sevenoaks,TN15 8JL,Wastepack GB (SEPA),107431,1,0,,,ORG:107431
Visican Ltd,02993638,,,Birmingham,B6 4PT,Valpak,102661,1,0,,,ORG:102661
Vision Direct Europe Ltd,06537157,,,London,W8 5RY,Beyondly,116338,1,0,,,ORG:116338
VISION LINENS LIMITED,06603416,,,BLACKBURN,BB1 2QE,Beyondly,103726,1,0,,,ORG:103726
Vision Profiles Ltd,03704000,,,Gloucester,GL2 4PA,Beyondly,111873,1,0,,,ORG:111873
Vista Labels Limited,01169170,,,Stockport,SK1 4NB,Paperpak,101364,1,0,,,ORG:101364
Visual Foods Ltd,07165870,,,Birmingham,B16 8PE,Kite Environmental Solutions,100843,1,0,,,ORG:100843
Vit Hit UK Ltd,08869597,,,London,SW8 2LN,Valpak,108675,1,0,,,ORG:108675
Vita Cellular Foams (UK) Limited,00621497,,,Manchester,M24 2DB,Veolia (EA),107117,1,0,,,ORG:107117
Vita Liquid Polymers Limited,00268760,,,Manchester,M24 2DB,Veolia (EA),107124,1,0,,,ORG:107124
VITABIOTICS LIMITED,01012146,,,LONDON,NW2 7HF,Beyondly,103543,1,0,,,ORG:103543
VITACRESS LIMITED,06544254,,,Andover,SP11 6DB,Beyondly,101191,3,2,VITACRESS HERBS LIMITED; VITACRESS SALADS LIMITED,00689950; 00786151,ORG:101191
Vitaflo (International) Limited,03380926,,,Liverpool,L3 4BQ,Ecosurety (EA),103675,1,0,,,ORG:103675
VITAL HOLDINGS LIMITED,06395526,,,Blackburn,BB1 2LD,Beyondly,106496,3,2,VITAL ENERGI SOLUTIONS LIMITED; VITAL ENERGI UTILITIES LIMITED,04050190; 07828647,ORG:106496
Vitamin Well Limited,10821384,,,London,EC1M 7AN,,101486,1,0,,,ORG:101486
Vitra (U.K.) Ltd,02731241,,,Didcot,OX11 7WB,Valpak,106898,1,0,,,ORG:106898
Vivactive Limited,05917821,,,Telford,TF3 3DE,Veolia (EA),116287,1,0,,,ORG:116287
Vivera UK Limited,13867095,,,Uxbridge,UB8 1HE,Comply with Clarity,115329,1,0,,,ORG:115329
VIVID IMAGINATIONS LIMITED,02755261,,,Guildford,GU3 1LS,Beyondly,104112,1,0,,,ORG:104112
Vivienne Westwood Limited,02682271,,,London,SW11 4AU,Paperpak,100739,1,0,,,ORG:100739
VJ Technology Holdings Ltd,11390888,,,Ashford,TN23 1EN,Valpak,108008,4,3,Mainline Products (UK) Ltd; Sinops Ltd; VJ Technology Ltd,03069702; 07003332; 11254760,ORG:108008
Vocation Brewery Ltd,08910830,,,Hebden Bridge,HX7 5TT,Valpak,100851,1,0,,,ORG:100851
Vodafone Ltd,01471587,,,Newbury,RG14 2FN,ERP UK Ltd,102164,1,0,,,ORG:102164
Voestalpine Bohler Welding UK Ltd,01760660,,,Oldbury,B69 2BN,Valpak,116808,1,0,,,ORG:116808
Voestalpine Metsec PLC,01551970,,,Oldbury,B69 4HF,Wastepack GB (SEPA),100447,1,0,,,ORG:100447
Voicevale Ltd,01565241,,,Edgware,HA8 7EB,Valpak,104263,2,1,Pasteurise Ltd,10827087,ORG:104263
Volac International Ltd,02576295,,,Royston,SG8 5QX,Valpak,103315,1,0,,,ORG:103315
Volcke Aerosol UK Ltd,03005158,,,Cwmbran,NP44 3AW,Valpak,104411,1,0,,,ORG:104411
VOLKSWAGEN GROUP UNITED KINGDOM LIMITED,00514809,,,Milton Keynes,MK14 5AN,Comply with Clarity,103576,1,0,,,ORG:103576
Volution Ventilation UK Ltd,11352032,,,Crawley,RH10 9YX,Valpak,102940,1,0,,,ORG:102940
Volvo Car UK Limited,02281044,,,Maidenhead,SL6 4FL,Ecosurety (EA),101924,1,0,,,ORG:101924
Volvo Group UK Limited,02190944,,,Warwick,CV34 5YA,Ecosurety (EA),102573,1,0,,,ORG:102573
Volz Filters UK Limited,05677689,,,Manchester,M27 8AW,Ecosurety (EA),114273,1,0,,,ORG:114273
VP Packaging Ltd,01795334,,,Rotherham,S65 3SH,Valpak,103875,1,0,,,ORG:103875
VPK Packaging Ltd,00290827,,,Kettering,NN14 2SR,Ecosurety (EA),102918,1,0,,,ORG:102918
Vranken Pommery UK Ltd.,03297840,,,London,SW1W 9SA,Wastepack GB (SEPA),116457,1,0,,,ORG:116457
VSMPO Tirus Limited,03821218,,,Redditch,B98 7AS,Veolia (EA),102020,1,0,,,ORG:102020
VTECH Electronics Europe Plc,02178243,,,Abingdon,OX14 3YT,Valpak,101383,1,0,,,ORG:101383
VUE ENTERTAINMENT LIMITED,04699504,,,London,W12 7SL,Biffpack,116585,1,0,,,ORG:116585
VUR Village Trading No.1 Limited,00418878,,,Warrington,WA1 1PP,Ecosurety (EA),105802,1,0,,,ORG:105802
VW Heritage Parts Centre Ltd,03294341,,,Shoreham-by-Sea,BN43 6PB,Valpak,101271,1,0,,,ORG:101271
VWR Holdco Ltd,06532862,,,Lutterworth,LE17 4XN,Valpak,111821,3,2,VWR International (Northern Ireland) Ltd; VWR International Ltd,01932827; NI014511,ORG:111821
VWS (UK) Limited,00327847,,,Bourne End,SL8 5XF,Veolia (EA),103647,1,0,,,ORG:103647
VYGON (U.K.) LIMITED,01131530,,,Swindon,SN25 4DL,Beyondly,105765,1,0,,,ORG:105765
Vytronix Limited,10255091,,,Luton,LU2 8DL,Veolia (EA),102866,1,0,,,ORG:102866
W & J Linney Ltd,00137552,,,Mansfield,NG18 4FW,Valpak,103712,4,3,Linney Activate Ltd; Linney Make Ltd; Quadrant Offset Ltd,00938471; 10641343; 10647111,ORG:103712
W. Crowder & Sons Limited,01069525,,,Helsby,WA6 0AR,,104335,1,0,,,ORG:104335
W. G. Buchanan & Son Limited,NI005836,,,Carrickfergus,BT38 8GX,Wastepack Northern Ireland (NIEA),107795,1,0,,,ORG:107795
W. Gadsby and Son Limited,00528221,,,Bridgwater,TA6 6TS,Veolia (EA),116769,1,0,,,ORG:116769
W. RIDLEY & CO. LIMITED,01690833,,,Hull,HU3 2PQ,Biffpack,105787,1,0,,,ORG:105787
W. Wing Yip & Brothers Trading Group Ltd,03985372,,,Birmingham,B7 5NT,ERP UK Ltd,107735,5,4,W. Wing Yip (London) Limited; W. Wing Yip (Manchester) Limited; W.Wing Yip PLC; WY DIDI LIMITED,00967953; 01315595; 01338172; 15718971,ORG:107735
W.& H.Marriage & Sons Ltd,00690479,,,Chelmsford,CM1 1PN,Valpak,103311,2,1,WHM Pet Group Ltd,02380152,ORG:103311
W.Boyes & Co.  Limited,00066251,,,Scarborough,YO11 3DT,Wastepack GB (SEPA),103478,1,0,,,ORG:103478
W.C. Rowe (Falmouth) Ltd,01238149,,,Falmouth,TR11 4TA,Valpak,106059,1,0,,,ORG:106059
W.D. Irwin & Sons Ltd,NI059204,,,Craigavon,BT63 5WE,Valpak,103850,1,0,,,ORG:103850
W.D. Meats,NI013845,,,Londonderry,BT52 2JR,Wastepack Northern Ireland (NIEA),105447,1,0,,,ORG:105447
W.D.L. (Concrete Products) Limited,03886043,,,Aberdare,CF44 9JY,Wastepack GB (SEPA),105715,1,0,,,ORG:105715
W.D.Smith & Son,00750120,,,Battlesbridge,SS11 7QU,Smart Comply (EA),105271,1,0,,,ORG:105271
W.E. Jameson and Son Limited,00651738,,,Masham Ripon,HG4 4EL,Wastepack GB (SEPA),114178,1,0,,,ORG:114178
W.E. Rawson Limited,00248570,,,Wakefield,WF1 5PS,Wastepack GB (SEPA),103430,1,0,,,ORG:103430
W.E. Roberts (Holdings) Ltd,01812607,,,Northfleet,DA11 9AX,Valpak,108336,2,1,W.E. Roberts Ltd,01763734,ORG:108336
W.H.Palmer & Co.(Industries)Ltd,00727228,,,Rugby,CV23 0AJ,Valpak,106045,2,1,Alcohols Ltd,00547325,ORG:106045
W.K.WEST LIMITED,00168038,,,Sheffield,S6 3AA,Comply with Clarity,101440,1,0,,,ORG:101440
W.L. Coller Limited,00357066,,,Worsley,M28 2LA,Wastepack GB (SEPA),105792,1,0,,,ORG:105792
W.MADDEN(INSULATION)LIMITED,00563265,,,Bramley,LS13 4TZ,Biffpack,108615,1,0,,,ORG:108615
W.MCCLURE LIMITED,00685360,,,Cumbria,LA23 1BX,Beyondly,105079,1,0,,,ORG:105079
W.R.Swann & Co.Limited,00457231,,,Sheffield,S6 2BJ,Kite Environmental Solutions,105104,4,3,Jewel Blade Limited; Swann-Morton (Services) Ltd; Swann-Morton Limited,00450415; 00696744; 04798723,ORG:105104
W.S. BENTLEY (GROWERS) LIMITED,02908325,,,Gomersal Cleckheaton,BD19 4SX,Beyondly,114097,1,0,,,ORG:114097
Wabtec UK Holdings Limited,07597863,,,Barton Under Needwood,DE13 8EN,Wastepack GB (SEPA),105548,4,3,Faiveley Transport Birkenhead Limited; Faiveley Transport Tamworth Ltd; Wabtec UK Limited,01841352; 02851510; 02923485,ORG:105548
Wacker Chemie AG,,,,Muchen,81671,Comply with Clarity,116965,1,0,,,ORG:116965
Wacoal EMEA Ltd,00171167,,,Desborough,NN14 2PG,Kite Environmental Solutions,100131,1,0,,,ORG:100131
Wadworth and Company Limited,00030177,,,Devizes,SN10 2HT,Ecosurety (EA),104804,1,0,,,ORG:104804
Wago Ltd,02495884,,,Rugby,CV23 1GA,Valpak,114961,1,0,,,ORG:114961
Wahl (UK) Ltd,02184515,,,Ramsgate,CT12 5GG,ERP UK Ltd,101172,1,0,,,ORG:101172
Walker Filtration Ltd,01726079,,,Washington,NE38 9DA,Valpak,111482,1,0,,,ORG:111482
Walker's Nonsuch Ltd,00186454,,,Stoke On Trent,ST3 1QS,Valpak,103404,1,0,,,ORG:103404
Walker's Shortbread Ltd,SC063233,,,Aberlour-On-Spey,AB38 9LD,Valpak Scotland Ltd (SEPA),103646,1,0,,,ORG:103646
Walkerpack Limited,05649769,,,Norrthampton,NN3 6WL,Veolia (EA),107089,1,0,,,ORG:107089
WALKERS CHOCOLATES LIMITED,05031714,,,Birmingham,B25 8HE,,115680,1,0,,,ORG:115680
WALKERS SNACK FOODS LIMITED,02333074,,,Reading,RG2 6UW,Biffpack,105502,1,0,,,ORG:105502
Walls and Floors Limited,04652706,,,Kettering,NN16 8TD,Packcare,107397,1,0,,,ORG:107397
Walraven Ltd,01352033,,,Banbury,OX16 3JU,Ecosurety (EA),102931,1,0,,,ORG:102931
Walsh Mushrooms,,,,Evesham,WR11 1GY,Valpak,103894,1,0,,,ORG:103894
Walstead Press Group Ltd,00933418,,,Colchester,CO3 8PH,Valpak,114195,4,3,Walstead Bicester Ltd; Walstead Peterborough Ltd; Walstead Roche Ltd,00720976; 02261988; 06941589,ORG:114195
WALTER & WILD LIMITED,11347161,,,London,W1B 1DY,,117674,1,0,,,ORG:117674
Walter Black Foods Ltd,SC037050,,,Glasgow,G32 8EX,Valpak Scotland Ltd (SEPA),108359,1,0,,,ORG:108359
WALTER TIPPER LIMITED,00425545,,,Lichfield,WS14 9TZ,Biffpack,101485,1,0,,,ORG:101485
Wanderlust Wine Limited,09772820,,,Waltham Cross,EN8 7AP,Veolia (EA),116911,1,0,,,ORG:116911
WANIS LIMITED,00795535,,,Orient Way,E10 7FE,Beyondly,107614,1,0,,,ORG:107614
Wannabeco Limited,06256853,,,Oval,SW9 6DE,Recycling Lives Compliance Services,112695,1,0,,,ORG:112695
Wanzl Limited,01403566,,,Coventry,CV3 2SU,Wastepack GB (SEPA),106679,1,0,,,ORG:106679
Warburtons Limited,00178711,,,Bolton,BL1 8HJ,Veolia (EA),101216,1,0,,,ORG:101216
Warehouse Express Ltd,03366976,,,Norwich,NR3 2BT,Valpak,107302,1,0,,,ORG:107302
WARMFLOW ENGINEERING CO.LIMITED,NI016292,,,LISBURN,BT28 2RF,,115047,1,0,,,ORG:115047
Warmup plc,02955213,,,London,NW10 7UW,Wastepack GB (SEPA),101675,1,0,,,ORG:101675
WARNER BROS. ENTERTAINMENT UK LIMITED,00259661,,,London,W4 5YB,Biffpack,106867,1,0,,,ORG:106867
WARNER BROS. STUDIOS LEAVESDEN LIMITED,00330764,,,London,W4 5YB,Biffpack,105668,1,0,,,ORG:105668
Warner's Distillery Ltd,08073174,,,London,EC4R 9AN,Valpak,107363,1,0,,,ORG:107363
WARNERS (MIDLANDS)PUBLIC LIMITED COMPANY,00223519,,,Bourne,PE109PH,Comply with Clarity,103852,1,0,,,ORG:103852
Warpaint London Plc,10261717,,,Iver,SL0 9HW,Beyondly,104951,3,2,BADGEQUO LIMITED; WARPAINT COSMETICS (2014) LIMITED,01868341; 08967038,ORG:104951
Wartsila UK Limited,01004816,,,Fareham,PO16 8SD,Wastepack GB (SEPA),111191,1,0,,,ORG:111191
Wasabi Co. Ltd,04431046,,,London,NW10 7FW,Veolia (EA),108506,1,0,,,ORG:108506
Wasdell Holdings Ltd,05889635,,,Swindon,SN5 8YW,Valpak,116564,3,2,Wasdell Manufacturing Ltd; Wasdell Packaging Ltd,00956939; 09134090,ORG:116564
Watches of Switzerland Company Limited,00146087,,,Leicester,LE3 1TT,Ecosurety (EA),107888,1,0,,,ORG:107888
WATER TREATMENT PRODUCTS LIMITED,03896797,,,Newport,NP20 2DW,Biffpack,101447,1,0,,,ORG:101447
Waterfields (Leigh) Ltd,00337210,,,Leigh,WN7 2LX,Valpak,102093,1,0,,,ORG:102093
Waterloo Air Products Ltd,04911865,,,Wednesbury,WS10 7BU,Valpak,105228,1,0,,,ORG:105228
Waterside Colours Ltd,10366229,,,Hull,HU1 1TJ,Valpak,104061,1,0,,,ORG:104061
Waterstones Booksellers Ltd,00610095,,,London,W1J 9HD,Valpak,108481,1,0,,,ORG:108481
Watts Farms Fresh Produce Holdings Ltd,07845324,,,Aylesford,ME20 7NA,Valpak,102372,3,2,Watts Farms Catering Ltd; Watts Farms Packers Ltd,06191865; 07829127,ORG:102372
Watts of Lydney Group Limited,00172209,,,Lydney,GL15 5DD,Ecosurety (EA),100864,3,2,Plysolene Limited; Watts Urethane Products Limited,00543805; 02461585,ORG:100864
WAVIN LIMITED,00405836,,,Doncaster,DN12 1BY,Comply with Clarity,106987,1,0,,,ORG:106987
Wax Art Ltd,05508992,,,Hornchurch,RM11 1JS,Valpak,115357,1,0,,,ORG:115357
Wax Lyrical Ltd,01499611,,,Ulverston,LA12 0LD,Valpak,102125,1,0,,,ORG:102125
Waxman Group Limited,03478242,,,Elland,HX5 9DZ,Wastepack GB (SEPA),100942,6,5,Waxman Ceramics Limited; Waxman Energy Limited; Waxman Fibres Limited; Waxman International Limited; Waxman Speciality Products Limited,01403332; 02708096; 02992383; 03135959; 03135964,ORG:100942
Waymade PLC,01856320,,,Basildon,SS14 3RW,Wastepack GB (SEPA),106569,1,0,,,ORG:106569
WCF Ltd,02263148,,,Brampton,CA8 1TN,Valpak,101765,1,0,,,ORG:101765
WD-40 Company Limited,01755958,,,Milton Keynes,MK9 1DZ,Ecosurety (EA),104567,1,0,,,ORG:104567
WDFG UK Ltd,02872512,,,Feltham,TW14 8HA,ERP UK Ltd,107190,1,0,,,ORG:107190
We are Rise Brands Ltd,12572591,,,Newton Aycliffe,DL5 6EA,Valpak,111390,1,0,,,ORG:111390
We hae meat Limited,SC349213,,,Girvan,KA26 9RE,ERP UK Ltd,114916,1,0,,,ORG:114916
WE SEAL LIMITED,03897912,,,Leeds,LS19 7BD,Beyondly,107724,1,0,,,ORG:107724
WEALD PACKAGING SUPPLIES LIMITED,01713146,,,Uckfield,TN22 4LA,Beyondly,107736,1,0,,,ORG:107736
WEALMOOR LIMITED,01100044,,,Greenford,UB6 0TP,Comply with Clarity,106768,1,0,,,ORG:106768
Webasto Roof Systems Ltd.,02630029,,,Sutton Coldfield,B76 9DL,Ecosurety (EA),103924,1,0,,,ORG:103924
Webbs Garden Centres Limited,00777596,,,Droitwich,WR9 0DG,Wastepack GB (SEPA),106406,1,0,,,ORG:106406
Weber Marking Ltd,SC169985,,,Tranent,EH33 1HD,Valpak Scotland Ltd (SEPA),117287,1,0,,,ORG:117287
WEBER-STEPHEN PRODUCTS (U.K.) LIMITED,03518831,,,Reading,RG2 6DA,Beyondly,105935,1,0,,,ORG:105935
Webro Cables and Connectors Ltd,01484166,,,Nottingham,NG10 2GD,Valpak,103451,1,0,,,ORG:103451
Weener Plastics Norwich Ltd,00964668,,,North Walsham,NR28 0TY,Valpak,104992,1,0,,,ORG:104992
Weetabix Ltd,00267687,,,Kettering,NN15 5JR,Valpak,108004,2,1,Ryecroft Foods Ltd,01770169,ORG:108004
WEG (UK) Ltd,03283255,,,Redditch,B98 8YP,Wastepack GB (SEPA),100656,1,0,,,ORG:100656
Weir Minerals Europe Limited,00076959,,,Todmorden,OL14 5RT,Wastepack GB (SEPA),104300,1,0,,,ORG:104300
Weird Fish Limited,01543385,,,Tewkesbury,GL20 8DN,Ecosurety (EA),103193,1,0,,,ORG:103193
Welbilt (Halesowen) Limited,01271570,,,Newcastle Upon Tyne,NE4 5DE,Veolia (EA),106643,1,0,,,ORG:106643
WELBILT UK LIMITED,02656967,,,Newcastle Upon Tyne,NE4 5DE,Beyondly,101409,1,0,,,ORG:101409
Welcome Break Holdings Ltd,03290817,,,Newport Pagnell,MK16 9EZ,Valpak,107858,1,0,,,ORG:107858
Weldfast (UK) Ltd,05668641,,,Newcastle,ST5 7RG,Valpak,106099,1,0,,,ORG:106099
Weleda UK Ltd,00203230,,,Ilkeston,DE7 8FU,Valpak,101311,1,0,,,ORG:101311
Well Street Pizza Company Ltd,08480117,,,London,EC2A 4NE,Valpak,116336,1,0,,,ORG:116336
Wella UK Ltd,12857361,,,Wimbledon,SW19 4DR,Comply with Clarity,104710,1,0,,,ORG:104710
Weller Packaging Ltd,01206702,,,Shenstone,WS14 0DJ,Beyondly,100965,1,0,,,ORG:100965
WELLS FARM DAIRY LIMITED,04859976,,,Staffs,ST18 9EE,Beyondly,115030,1,0,,,ORG:115030
Wells Performance Materials Ltd,01822612,,,Stone,ST15 OSR,Comply with Clarity,101105,1,0,,,ORG:101105
Wellspect Ltd,12290212,,,Stonehouse,GL10 3GB,Valpak,105429,1,0,,,ORG:105429
Welspun UK Limited,03902741,,,Stockport,SK4 1BS,Wastepack GB (SEPA),101997,1,0,,,ORG:101997
WELTON BIBBY AND BARON LIMITED,04946078,,,Westbury,BA13 4JT,Biffpack,101421,1,0,,,ORG:101421
Wendy's Restaurants of U.K. Ltd,12260740,,,London,NW1 7PN,Valpak,115672,1,0,,,ORG:115672
Wenlock Spring Water Limited,04180882,,,Church Stretton,SY6 6RR,Wastepack GB (SEPA),103216,1,0,,,ORG:103216
WEPA PROFESSIONAL UK LTD,05859797,,,Blackburn,BB2 2BN,Beyondly,100110,1,0,,,ORG:100110
WEPA UK Ltd,08347876,,,Maesteg,CF34 9RS,Paperpak,100330,1,0,,,ORG:100330
WERIT U.K. LIMITED,04528062,,,Manchester,M44 5BP,Beyondly,106737,1,0,,,ORG:106737
Werner UK Sales & Distribution Ltd.,00939028,,,Maldon,CM9 4LJ,Wastepack GB (SEPA),100834,1,0,,,ORG:100834
Wesco Aircraft Emea  Ltd.,10131931,,,Derby,DE24 8UJ,Wastepack GB (SEPA),107856,1,0,,,ORG:107856
Wesco Anixter UK Ltd,00248952,,,Bracknell,RG12 1YQ,Valpak,111233,1,0,,,ORG:111233
West & Senior Ltd,00508673,,,Manchester,M26 1WE,Valpak,104391,1,0,,,ORG:104391
West Design Products Limited,02723202,,,Folkestone,CT19 4RJ,Wastepack GB (SEPA),106475,1,0,,,ORG:106475
West Fraser Europe Ltd,07886600,,,London,EC4M 9AF,Valpak,102349,1,0,,,ORG:102349
West Horsley Dairy Limited,03154768,,,Woking,GU21 5SF,Ecosurety (EA),102495,1,0,,,ORG:102495
WESTBRIDGE FOODS LIMITED,03443712,,,Malvern,WR14 1JJ,Beyondly,103331,1,0,,,ORG:103331
Westbury Packaging Limited,01865360,,,Melksham,SN12 6SS,Paperpak,106979,1,0,,,ORG:106979
Westcoast Limited,01816587,,,Reading,RG7 4AH,Comply with Clarity,103975,1,0,,,ORG:103975
Westcon Group European Operations Limited,04411285,,,Cirencester,GL7 1YG,Paperpak,102791,1,0,,,ORG:102791
WESTCOUNTRY CORPORATE LIMITED,04314613,,,Plymouth,PL6 7TW,Beyondly,104763,1,0,,,ORG:104763
Westcountry Fruit Sales Limited,00980586,,,North Shields,NE29 7XJ,Ecosurety (EA),101714,1,0,,,ORG:101714
Western Brand Poultry Products Limited,NI061909,,,Enniskillen,BT92 0FA,Comply with Clarity,108550,1,0,,,ORG:108550
Westex (Carpets) Ltd,01480813,,,DEWSBURY,WF12 9QW,Comply with Clarity,111352,1,0,,,ORG:111352
Westfalia Fruit UK Limited,03953231,,,West Malling,ME19 4AJ,Comply with Clarity,102339,1,0,,,ORG:102339
Westfield Medical Ltd,02769324,,,Radstock,BA3 4DP,Valpak,107767,1,0,,,ORG:107767
Westgate Global Ltd,08314129,,,Stafford,ST16 3EA,Wastepack GB (SEPA),102818,1,0,,,ORG:102818
Westlab Ltd,05214492,,,Prescot,L34 9HY,,107333,1,0,,,ORG:107333
Westland Horticulture Limited,NI027321,,,Dungannon,BT70 1NJ,Kite Environmental Solutions,100765,1,0,,,ORG:100765
Westmorland Limited,05357857,,,Penrith,CA11 0DQ,Wastepack GB (SEPA),103564,1,0,,,ORG:103564
Weston Importers Ltd,SC302951,,,Edinburgh,EH3 8BP,Valpak,102514,1,0,,,ORG:102514
Westpak Group Ltd,12900366,,,Orpington,BR5 3QY,Comply with Clarity,106771,1,0,,,ORG:106771
Westward Building Services Ltd,00789871,,,Saltash,PL12 6LU,Kite Environmental Solutions,103307,1,0,,,ORG:103307
Westway Productions Limited,03072231,,,Deeside,CH5 2DH,Wastepack GB (SEPA),105822,1,0,,,ORG:105822
Wetherby Stone Products Limited,01324871,,,Thirsk,YO7 3HE,Beyondly,116928,1,0,,,ORG:116928
Wetherby Wall Systems Limited,03621726,,,Golborne,WA3 3GS,Ecosurety (EA),102033,1,0,,,ORG:102033
WH Smith Plc,05202036,,,Swindon,SN5 6PB,Beyondly,100600,5,4,THE SQL WORKSHOP LIMITED; WH SMITH GROUP LIMITED; WH SMITH HOSPITALS LIMITED; WH SMITH TRAVEL LIMITED,02676287; 03981392; 06560378; 15367938,ORG:100600
Whale Tankers Limited,04251423,,,Solihull,B91 2SU,Wastepack GB (SEPA),103743,1,0,,,ORG:103743
Whaleco UK Limited,14476358,,,LONDON,E14 5HU,Comply with Clarity,108618,1,0,,,ORG:108618
Whartons Nurseries Limited,00441069,,,Diss,IP21 4RP,ERP UK Ltd,102872,1,0,,,ORG:102872
What's Cooking Deeside UK Ltd,02077911,,,Deeside,CH5 2UA,Comply with Clarity,102650,1,0,,,ORG:102650
WHICH? LIMITED,00677665,,,London,NW1 4DF,,116366,1,0,,,ORG:116366
WHISPER INTERNATIONAL 2007 LIMITED,06170227,,,Manchester,M27 9SA,Beyondly,106165,1,0,,,ORG:106165
Whistl UK Limited,04417047,,,Marlow,SL7 1EY,Kite Environmental Solutions,117742,1,0,,,ORG:117742
Whistles Limited,01514754,,,London,EC2R 7HF,Wastepack GB (SEPA),108509,1,0,,,ORG:108509
WHITAKERS CHOCOLATES LIMITED,00697955,,,Skipton,BD23 2NA,Beyondly,105872,1,0,,,ORG:105872
Whitbread Group plc,00029423,,,Dunstable,LU5 5XE,Veolia (EA),101100,2,1,Premier Inn (UK) Limited,10206057,ORG:101100
WHITBY SEAFOODS LIMITED,01869220,,,Whitby,YO22 4PU,Biffpack,105796,1,0,,,ORG:105796
White Stuff Limited,02319237,,,London,SW9 6DE,Veolia (EA),104837,1,0,,,ORG:104837
Whitecroft Lighting Limited,03848973,,,Ashton Under Lyne,OL7 0AX,Wastepack GB (SEPA),103167,1,0,,,ORG:103167
Whitefurze Limited,01357459,,,Canley  Coventry,CV5 6BT,Wastepack GB (SEPA),104879,1,0,,,ORG:104879
Whitehall Box Company Limited,03477758,,,Atherstone,CV9 1LJ,Kite Environmental Solutions,100107,1,0,,,ORG:100107
Whitehall Garden Centres Limited,04981754,,,Chippenham,SN15 2LZ,Wastepack GB (SEPA),105806,1,0,,,ORG:105806
Whitehouse Leisure International Holdings Ltd,09697390,,,Basildon,SS14 3BX,Valpak,104970,3,2,Posh Paws International Ltd; Whitehouse Leisure International Ltd,03628337; 09697394,ORG:104970
Whitemeadow Furniture Limited,06386737,,,Sutton In Ashfield,NG17 1JU,Smart Comply (EA),106619,1,0,,,ORG:106619
Whitford Ltd,00959015,,,Runcorn,WA7 1TH,Valpak,105024,1,0,,,ORG:105024
Whitman Laboratories Ltd,FC005824,,,Toronto,M5j 2t3,Valpak,103948,1,0,,,ORG:103948
Whittaker Office Supplies Limited,02133650,,,Loughborough,LE11 5TE,Wastepack GB (SEPA),104077,1,0,,,ORG:104077
Whittan Industrial Ltd,04428828,,,Telford,TF7 4LN,Valpak,102943,1,0,,,ORG:102943
Whittard Trading Limited,06753147,,,Abingdon,OX14 4SH,Veolia (EA),114859,1,0,,,ORG:114859
Whitworth Bros.Ltd,00465899,,,Wellingborough,NN8 2DT,Valpak,104836,1,0,,,ORG:104836
Whitworths Ltd,05269846,,,Wellingborough,NN9 5DB,Valpak,103415,1,0,,,ORG:103415
WHO GIVES A CRAP LIMITED,10334484,,,London,EC2Y 5AU,Beyondly,105138,1,0,,,ORG:105138
WHOLEBAKE LIMITED,03292581,,,Wrexham,LL13 9XS,Beyondly,100577,2,1,9BRAND FOODS LIMITED,10253130,ORG:100577
Wholesale Welding Supplies Ltd,01684362,,,Letchworth Garden City,SG6 1ET,Valpak,103341,1,0,,,ORG:103341
WHS Central Services Ltd,11076796,,,Sutton Coldfield,B76 9BG,Veolia (EA),107307,5,4,WHS Canning Brett Ltd; WHS Plastics Brierley Hill Ltd; WHS Plastics Larkhall Ltd; WHS Plastics Pickering Ltd,02501256; 03984537; 09847165; 12100865,ORG:107307
WHS Plastics Limited,00689319,,,Sutton Coldfield,B76 9BG,Ecosurety (EA),107750,1,0,,,ORG:107750
Whyte and Mackay Ltd,SC014456,,,Glasgow,G2 5RG,Valpak Scotland Ltd (SEPA),117256,1,0,,,ORG:117256
Wickes Building Supplies Ltd,01840419,,,Watford,WD24 4JL,Valpak,100832,1,0,,,ORG:100832
Widdop Bingham & Co. Ltd,00171327,,,Chadderton,OL9 9XE,Valpak,103623,1,0,,,ORG:103623
Widney Manufacturing Ltd,06899084,,,Birmingham,B6 7RT,Valpak,103381,1,0,,,ORG:103381
WIELAND METALS BIRMINGHAM LTD.,00139599,,,London,WC2B 5AH,Beyondly,106091,1,0,,,ORG:106091
WIELAND NEMCO LTD.,02352212,,,London,WC2B 5AH,Beyondly,101006,1,0,,,ORG:101006
Wienerberger Limited,05299520,,,Cheadle,SK8 3SA,Comply with Clarity,103634,1,0,,,ORG:103634
WIGHTMAN & PARRISH LIMITED,00139002,,,East Sussex,BN27 2QA,Beyondly,100509,1,0,,,ORG:100509
Wild Cosmetics Limited,11740984,,,London,SW9 6DE,,107889,1,0,,,ORG:107889
Wild Nutrition Ltd,08022597,,,Lewes,BN7 2FQ,Veolia (EA),107632,1,0,,,ORG:107632
WILFRID SMITH LIMITED,01162403,,,Old Hatfield,AL9 5BG,Beyondly,101846,1,0,,,ORG:101846
Wilkes Vending Services Limited,00707744,,,Wakefield,WF5 0HP,Wastepack GB (SEPA),103599,1,0,,,ORG:103599
WILKIE TECHNICAL TEXTILES (HOLDING COMPANY) LIMITED,SC558727,,,Kirriemuir,DD8 4BJ,Paperpak,112419,2,1,J. & D. Wilkie (Holding Company) Limited,SC009437,ORG:112419
Wilkin & Sons Ltd,00026233,,,Tiptree,CO5 0RF,Valpak,107398,4,3,Cole's Pudding Ltd; Thursday Cottage Ltd; Tiptree Patisserie Ltd,01241242; 02207321; 05544329,ORG:107398
Wilkinson Sword Ltd,00029311,,,London,W1W 7NY,Valpak,111425,1,0,,,ORG:111425
Willerby Limited,00387583,,,Hull,HU9 5NA,Wastepack GB (SEPA),106794,1,0,,,ORG:106794
William Blythe Limited,02628212,,,Accrington,BB5 4PD,Wastepack GB (SEPA),109763,1,0,,,ORG:109763
William Cook Holdings Limited,03283010,,,Sheffield,S9 4UL,Veolia (EA),107917,4,3,William Cook Cast Products Limited; William Cook Rail Limited; William Cook Stanhope Limited,00359586; 02727560; 08694277,ORG:107917
WILLIAM CROXSON & SON LIMITED,00071941,,,Tunbridge Wells,TN4 8BS,Comply with Clarity,100545,1,0,,,ORG:100545
WILLIAM GIBBONS & SONS LIMITED,00116865,,,Willenhall,WV13 3XA,Biffpack,114201,1,0,,,ORG:114201
William Grant & Sons Limited,SC131772,,,Dufftown,AB55 4DH,Ecosurety (EA),103156,3,2,William Grant & Sons Distillers Limited; William Grant & Sons UK Limited,02288241; SC134248,ORG:103156
William Hackett Holdings Ltd,08041856,,,Alnwick,NE66 2EU,Valpak,104598,3,2,William Hackett Chain Products Ltd; William Hackett Lifting Products Ltd,09679024; 09679580,ORG:104598
WILLIAM HAYES LIMITED,05046744,,,Sowerby Bridge,HX6 2WA,Beyondly,117808,1,0,,,ORG:117808
WILLIAM JACKSON FOOD GROUP LIMITED,03974470,,,Hessle,HU13 0DZ,Comply with Clarity,102038,5,4,Abel & Cole Ltd; Jackson's Bakery Ltd; Lottie Shaw's Limited; The Fresh Olive Company Ltd.,02875578; 03926343; 03974455; 06856765,ORG:102038
William King Ltd,00498601,,,West Bromwich,B70 9DR,Valpak,105183,2,1,Mi-King Ltd,02312388,ORG:105183
William Lamb Group Limited,02513251,,,Wakefield,WF3 4AY,Wastepack GB (SEPA),102128,1,0,,,ORG:102128
William Morton Ltd,SC056257,,,Glasgow,G46 8HL,Valpak Scotland Ltd (SEPA),102742,1,0,,,ORG:102742
William Sinclair & Sons (Stationers) Ltd,00602428,,,Otley,LS21 1AH,Valpak,114300,1,0,,,ORG:114300
WILLIAM SWORD LIMITED,SC028343,,,Cumbernauld,G67 2TX,Beyondly,101523,1,0,,,ORG:101523
William Wood Designs Limited,07205943,,,Rochdale,OL16 1PJ,,104928,1,0,,,ORG:104928
William Yule and Son Ltd,SC031736,,,Kirkaldy,KY1 3ER,Wastepack GB (SEPA),111403,1,0,,,ORG:111403
WILLIAMS MEDICAL SUPPLIES LIMITED,04240054,,,Tredegar,NP22 5PY,Comply with Clarity,104621,1,0,,,ORG:104621
Williams Trade Supplies Ltd,01864711,,,Fareham,PO16 8XB,Valpak,108370,1,0,,,ORG:108370
Willowbrook Foods Limited,NI037757,,,Newtownards,BT23 6PT,Wastepack Northern Ireland (NIEA),107028,1,0,,,ORG:107028
Wilmot-Budgen Limited,01050875,,,London,SE11 5EL,Paperpak,108026,1,0,,,ORG:108026
Wilson Salt Limited,NI014902,,,Belfast,BT3 9AR,Wastepack Northern Ireland (NIEA),116999,1,0,,,ORG:116999
Wilson's Country Ltd,NI025583,,,Craigavon,BT63 5WG,Valpak,104720,1,0,,,ORG:104720
Wilsonart Ltd,08190104,,,County Durham,DL4 1PX,Valpak,104076,1,0,,,ORG:104076
Wilton Bradley Holdings Limited,09476227,,,Newton Abbot,TQ12 6TL,Ecosurety (EA),111336,2,1,This Is It Stores Limited,02873284,ORG:111336
Wimpy Restaurants Group Ltd,02458406,,,Marlow,SL7 1BX,Valpak,104356,1,0,,,ORG:104356
Wincanton Holdings Limited,02155951,,,Chippenham,SN14 0WT,Veolia (EA),102255,1,0,,,ORG:102255
Winchester Wines Group Ltd,10415497,,,Reading,RG108QS,Comply with Clarity,107902,3,2,MILTON SANDFORD WINES LIMITED; THE SECRET CELLAR LIMITED,05712472; 05789388,ORG:107902
WINDLES GROUP MANUFACTURING LIMITED,07277210,,,Thame,OX9 3EU,Comply with Clarity,116759,1,0,,,ORG:116759
Windmill (NI) Ltd,NI609072,,,Belfast,BT1 6PA,Wastepack GB (SEPA),106468,1,0,,,ORG:106468
Windmill Organics Limited,03554199,,,Kingston upon Thames,KT1 4ER,Wastepack GB (SEPA),102116,1,0,,,ORG:102116
Windmill Tapes Ltd,01728073,,,Stockport,SK3 0SB,Valpak,102345,1,0,,,ORG:102345
Windymains Timber Limited,SC285648,,,Humbie,EH36 5PA,Ecosurety (EA),108327,1,0,,,ORG:108327
Wine Box Company Ltd,02384680,,,London,SE24 0HG,Paperpak,101359,1,0,,,ORG:101359
Wine Importers (Edinburgh) Limited,SC057340,,,Edinburgh,EH1 2AE,Ecosurety (EA),102005,1,0,,,ORG:102005
WineFlair (Belfast) LTD,NI019803,,,BELFAST,BT3 9JL,,111249,1,0,,,ORG:111249
WINERY EXCHANGE  LLC,FC024639,,,WILMINGTON,19808,Comply with Clarity,115719,1,0,,,ORG:115719
WINETRADERS (UK) LIMITED,03593244,,,Witney,OX29 8LJ,Beyondly,106589,1,0,,,ORG:106589
WINKHAUS (U.K.) LIMITED,02685723,,,Northants,NN15 6XZ,Biffpack,103631,1,0,,,ORG:103631
Winn & Coales (Denso) Limited,01372246,,,London,SE27 0TR,Wastepack GB (SEPA),111335,1,0,,,ORG:111335
Winning Moves UK Ltd,03527331,,,London,W2 1NJ,Valpak,102884,1,0,,,ORG:102884
Winoa UK Limited,01477523,,,Stockton-on-Tees,TS21 1LE,Wastepack GB (SEPA),111187,1,0,,,ORG:111187
Wipak UK Limited,01251293,,,Welshpool,SY21 8SL,Wastepack GB (SEPA),104469,1,0,,,ORG:104469
WIPER SUPPLY SERVICES LIMITED,02817463,,,LONDON,N31QA,,104425,1,0,,,ORG:104425
Wirquin Limited,02136997,,,Doncaster,DN8 5TZ,Veolia (EA),101184,1,0,,,ORG:101184
WIRTGEN LIMITED,03026300,,,Newark,NG24 2UA,Beyondly,105231,1,0,,,ORG:105231
Wisden Packaging Limited,02576934,,,Hove,BN3 2BB,Comply with Clarity,102907,1,0,,,ORG:102907
Wisdom Toothbrushes Ltd,02881666,,,Haverhill,CB9 8DT,Valpak,102368,1,0,,,ORG:102368
WISMETTAC HARRO FOODS LIMITED,02739808,,,Chessington,KT9 1RH,Beyondly,101403,1,0,,,ORG:101403
Witham Oil & Paint Limited,00373551,,,LINCOLN,LN2 4HL,Comply with Clarity,107903,1,0,,,ORG:107903
WLS (2020) Ltd,12471067,,,Aylesford,ME20 7BT,Valpak,100208,4,3,Saracen Horse Feeds Ltd; WM.Lillico & Son Ltd; Wildoatdrink Ltd,00332458; 07130140; 12728314,ORG:100208
WM Morrison Supermarkets Ltd,00358949,,,Bradford,BD3 7DL,Valpak,103296,9,8,Chippindale Foods Ltd; Falfish Ltd; Farmers Boy Ltd; International Seafoods Ltd; Lowlands Nursery Ltd; Neerock Ltd; Rathbone Kear Ltd; WM Morrison Produce Ltd,00776224; 01053837; 01435560; 01580517; 02572702; 03508485; 05417123; 07838062,ORG:103296
WM STEPHENS (BAKERS) LTD.,SC032964,,,Dunfermline,KY11 2RN,,115558,1,0,,,ORG:115558
WM. Nelstrop & Co. Ltd,00260082,,,Stockport,SK4 1TZ,Valpak,107909,1,0,,,ORG:107909
WOCKHARDT UK LIMITED,05835570,,,Wrexham,LL13 9UF,Beyondly,100634,1,0,,,ORG:100634
Wolfworthy Ltd,08246042,,,Macclesfield,SK10 4RX,Beyondly,116953,1,0,,,ORG:116953
WOLSELEY UK LIMITED,00636445,,,Warwick,CV34 6DY,Biffpack,103208,6,5,BASSETTS (WOLSELEY) LIMITED; C.P. HART & SONS LIMITED; CONTINENTAL PRODUCT ENGINEERING LIMITED; IDEAL BATHROOMS (WOLSELEY) LIMITED; WILLIAM WILSON LTD.,00889832; 02700257; 13860436; NI685067; SC014691,ORG:103208
Wolverine Europe Ltd,04283166,,,London,N1 9AG,Valpak,104859,2,1,Wolverine Europe Retail Ltd,06565355,ORG:104859
Wolverson Fitness Limited,09096001,,,Telford,TF7 4QT,Valpak,116539,1,0,,,ORG:116539
Wonderfield Group Ltd,09846773,,,London,EC2A 2BB,Comply with Clarity,104195,1,0,,,ORG:104195
Wood Finishes Direct Limited,05556432,,,Folkestone,CT19 5DS,Kite Environmental Solutions,106447,1,0,,,ORG:106447
Woodbank Timber Ltd,07780544,,,Ipswich,IP3 0BT,Ecosurety (EA),111824,1,0,,,ORG:111824
Woodco Group Limited,11029094,,,Hereford,HR2 6JF,Veolia (EA),100257,1,0,,,ORG:100257
Woodforde's Ltd,03790944,,,Woodbastwick,NR13 6SW,Valpak,108380,1,0,,,ORG:108380
WOODLAND FURNITURE GROUP LTD,NI030446,,,Ballymena,BT44 8SX,Beyondly,106470,1,0,,,ORG:106470
WOODS FOODSERVICE LIMITED,01620340,,,Uxbridge,UB8 2YF,Beyondly,104116,1,0,,,ORG:104116
Woods Supermarkets (Tandragee) Limited,NI043250,,,Richhill,BT61 9LG,Wastepack Northern Ireland (NIEA),100635,1,0,,,ORG:100635
Woodthorpe Hall Garden Centres Limited,04349805,,,Alford,LN13 0DD,Wastepack GB (SEPA),105216,1,0,,,ORG:105216
Woodvale Studios Ltd,10122164,,,Brighouse,HD6 4AB,Wastepack GB (SEPA),100340,1,0,,,ORG:100340
WOOLBRO (DISTRIBUTION) LIMITED,02976465,,,Bradford,BD4 9HZ,Beyondly,104997,1,0,,,ORG:104997
WOOLLEY BROS. (WHOLESALE MEATS) LIMITED,01416010,,,Sheffield,S20 3RW,Beyondly,101243,1,0,,,ORG:101243
Workwear Uniform Group Limited,03073214,,,Oldbury,B69 3ES,Veolia (EA),116430,1,0,,,ORG:116430
World Brands Duty Free Ltd,02754745,,,London,W4 5YG,Valpak,105567,1,0,,,ORG:105567
World of Books Limited,06437594,,,Coventry,CV3 4PW,Veolia (EA),101136,1,0,,,ORG:101136
WORLD WISE FOODS LIMITED,07212379,,,Ascot,SL5 9FE,Beyondly,104599,2,1,NATURE'S FINEST FOOD PRODUCTS LIMITED,07759421,ORG:104599
WORLDWIDE FRUIT LIMITED,03831143,,,Spalding,PE11 3BB,Beyondly,106900,1,0,,,ORG:106900
Worthenshaws Ltd,06973781,,,Harrogate,HG3 2SG,Valpak,101377,1,0,,,ORG:101377
WP Industrial Limited,08025205,,,Yeovil,BA22 8RT,Wastepack GB (SEPA),100429,1,0,,,ORG:100429
Wrafton Laboratories Limited,02638733,,,Devon,EX33 2DL,Valpak,111261,1,0,,,ORG:111261
Wrap and Pack Ltd,10764556,,,Harrow,HA3 0HD,Beyondly,111302,1,0,,,ORG:111302
Wrapex Ltd,02981251,,,Fishponds,BS16 3JB,Valpak,108001,1,0,,,ORG:108001
Wrapid Manufacturing Limited,03562515,,,Bradford,BD1 2LB,Comply with Clarity,101790,1,0,,,ORG:101790
Wrekin Products Ltd,02609935,,,Lichfield,WS14 9TZ,Valpak,103815,1,0,,,ORG:103815
Wren Kitchens Limited,06799478,,,Barton-Upon-Humber,DN18 5RL,Smart Comply (EA),107205,1,0,,,ORG:107205
Wren Laboratories Ltd,05094520,,,Andover,SP11 8HU,Valpak,105147,1,0,,,ORG:105147
Wrendale Designs Ltd,08259854,,,Brigg,DN20 8NQ,Valpak,102502,1,0,,,ORG:102502
Wrexham Lager Beer Company Ltd,06958813,,,Wrexham,LL13 8DB,,115303,1,0,,,ORG:115303
WRIGHT HARDWARE LIMITED,SC084114,,,Ayrshire,KA9 1JS,Biffpack,108605,2,1,HOME HARDWARE (SCOTLAND) LIMITED,SC121685,ORG:108605
Wright Health Group Limited,SC007906,,,Dundee,DD2 3QD,Comply with Clarity,101398,1,0,,,ORG:101398
Writtle Holdings Limited,05226380,,,London,SE1 9EQ,Paperpak,100463,4,3,Arken POP International Ltd; Branded Limited; FERO Retail Marketing Limited,01708356; 07197775; 07781894,ORG:100463
WS&S Distribution Limited,00905537,,,Ashby-De-La-Zouch,LE65 1JR,Valpak,101905,1,0,,,ORG:101905
WSH International Investments Ltd,08747204,,,Reading,RG6 1PT,Valpak,102073,12,11,Bartlett Mitchell Ltd; BaxterStorey Ltd; BaxterStorey Scotland Ltd; Benugo Ltd; Cater Link Ltd; Genuine Dining Co Ltd; Holroyd Howe Ltd; Notes: Music & Coffee Ltd; Searcys Tansley And Company Ltd; WSH and Somerset Larder Limited; We Prepare Ltd,00331909; 01962583; 03319291; 03505757; 03732298; 03747469; 03828478; 07176524; 11195279; 13766033; SC368377,ORG:102073
Wurth UK Limited,01124802,,,Erith,DA18 4AF,Ecosurety (EA),100181,1,0,,,ORG:100181
WWT EMEA UK Ltd,07845692,,,London,EC2R 8DD,ERP UK Ltd,101384,1,0,,,ORG:101384
Wye Valley Brewery Limited,02830022,,,Stoke Lacy,HR7 4HG,Ecosurety (EA),101235,1,0,,,ORG:101235
Wyevale Nurseries Limited,01171276,,,Hereford,HR4 7AY,Paperpak,101590,1,0,,,ORG:101590
Wyke Farms Ltd,00751654,,,Bruton,BA10 0PU,Beyondly,107884,1,0,,,ORG:107884
Wyman-Gordon Limited,02889486,,,Hereford,HR4 9SL,Kite Environmental Solutions,101115,1,0,,,ORG:101115
Wynnstay Group P.L.C.,02704051,,,Llansantffraid ym Mechain,SY22 6AQ,Wastepack GB (SEPA),105574,3,2,Glasson Grain Limited; Wynnstay (Agricultural Supplies) Limited,01409324; 05009019,ORG:105574
WZ Packaging Ltd,08541340,,,Telford,TF7 4JS,Valpak,100078,1,0,,,ORG:100078
Xerox Limited,00575914,,,Uxbridge,UB8 1DH,,107294,1,0,,,ORG:107294
Xiaomi Technology UK Limited,11447538,,,London,E15 2ST,ERP UK Ltd,107430,1,0,,,ORG:107430
XMA Limited,02051703,,,Nottingham,NG11 7EP,Comply with Clarity,107407,1,0,,,ORG:107407
XPO Transport Solutions UK Ltd,06634081,,,Crick,NN6 7SL,ERP UK Ltd,103855,1,0,,,ORG:103855
XSYS Flexo UK Limited,13645787,,,London,W1B 1DY,Valpak,117245,1,0,,,ORG:117245
XTEX POLYTHENE LIMITED,01519288,,,Wilsden,BD15 0DX,Biffpack,103573,1,0,,,ORG:103573
Xylem Water Holdings Ltd,07618426,,,Nottingham,NG4 2AN,Valpak,104261,3,2,Xylem Dewatering Solutions UK Ltd; Xylem Water Solutions UK Ltd,00254887; 00479504,ORG:104261
Xyntra Chemicals BV,,,,Helmond,5704,,107951,1,0,,,ORG:107951
Yakult UK Ltd,03087710,,,London,W4 5PY,Valpak,103400,1,0,,,ORG:103400
YAMAHA MOTOR EUROPE N.V.  BRANCH UK,,,,,GU21 5SA,,106479,1,0,,,ORG:106479
Yamaha Music Europe GmbH (UK),BR014498,,,Milton Keynes,MK7 8BL,Wastepack GB (SEPA),107508,1,0,,,ORG:107508
YAMAZAKI MAZAK U.K. LIMITED,01508951,,,Worcester,WR4 9NF,Comply with Clarity,104119,1,0,,,ORG:104119
Yapp Brothers Limited,01888369,,,Sparkford,BA22 7JQ,Paperpak,101443,1,0,,,ORG:101443
YARA UK LIMITED,03818176,,,Pocklington,YO42 1DN,Comply with Clarity,106828,1,0,,,ORG:106828
Yate Disposables Ltd,01934416,,,Bristol,BS37 7PA,Valpak,114450,1,0,,,ORG:114450
YB Fixings Ltd,SC075801,,,Glasgow,G2 1BP,Paperpak,106421,1,0,,,ORG:106421
Ye Olde Oak Foods Ltd,00470877,,,Corby,NN17 4DU,Valpak,102709,1,0,,,ORG:102709
Yearntree Limited,01531357,,,Newport,NP19 4SP,Paperpak,101302,1,0,,,ORG:101302
Yearsley Food Limited,03406182,,,Heywood,OL10 2TP,Comply with Clarity,107355,1,0,,,ORG:107355
Yeo Valley Organic Limited,10743193,,,Blagdon,BS40 7YE,Ecosurety (EA),105431,1,0,,,ORG:105431
Yeo Valley Production Limited,11953575,,,Blagdon,BS40 7YE,Ecosurety (EA),101454,5,4,Epicurean Dairy (UK) Limited; Tideford Organic Foods Limited; Yeo Valley Farms (Production) Limited; Yeo Valley Fruit Limited,01283809; 03279974; 07229508; 07614134,ORG:101454
YESSS  (B) Electrical Ltd,07650325,,,Normanton,WF6 1TN,Wastepack GB (SEPA),103466,1,0,,,ORG:103466
YESSS (A) Electrical Ltd,07656807,,,Normanton,WF6 1TN,Wastepack GB (SEPA),102885,1,0,,,ORG:102885
Yeti UK Ltd,11857753,,,London,EC2M 4AG,Valpak,108505,1,0,,,ORG:108505
Yew Tree Dairy Limited,07873565,,,Market Drayton,TF9 3SQ,Ecosurety (EA),101977,1,0,,,ORG:101977
Yew Tree Dairy Partco Limited,15335737,,,Market Drayton,TF9 3SQ,Ecosurety (EA),106261,1,0,,,ORG:106261
Yoplait UK Limited,02597128,,,Uxbridge,UB8 1JG,Wastepack GB (SEPA),108038,1,0,,,ORG:108038
York House (Meat Products) Ltd,00992229,,,Sandy,SG19 2YH,Valpak,107277,2,1,Fresh From Cornwall Ltd,03290822,ORG:107277
Yorkshire Farmhouse Eggs Limited,04098531,,,Thirsk,YO7 4BZ,Wastepack GB (SEPA),107253,1,0,,,ORG:107253
Yorkshire Packaging Systems Ltd,01316851,,,Brighouse,HD6 1QF,Valpak,107351,1,0,,,ORG:107351
YORKSHIRE PREMIER MEAT LIMITED,08329802,,,South Kirkby Pontefract,WF9 3NR,Beyondly,106080,1,0,,,ORG:106080
Yoto Ltd,09542062,,,London,EC1V 2NX,Valpak,117789,1,0,,,ORG:117789
You Garden Limited,07864712,,,Market Deeping,PE6 8FD,Smart Comply (EA),107213,1,0,,,ORG:107213
Young & Co's Brewery plc,00032762,,,London,SW18 4AQ,Ecosurety (EA),114470,1,0,,,ORG:114470
Your Grind Ltd,08199187,,,London,SE1 3ER,Comply with Clarity,117531,1,0,,,ORG:117531
Your Local Garden Centre Group Ltd,09112017,,,Ferndown,BH22 8SJ,Veolia (EA),117491,1,0,,,ORG:117491
YOURS CLOTHING LIMITED,02886196,,,Peterborough,PE2 6XJ,Biffpack,102108,1,0,,,ORG:102108
Yusen Logistics (UK) Limited,02548297,,,Northamtpon,NN7 2FR,,111266,1,0,,,ORG:111266
Zafron Foods Limited,06410182,,,Elland,HX5 9JP,Valpak,117508,1,0,,,ORG:117508
Zapf Creation (UK) Ltd,03859936,,,Milton Keynes,MK8 0ES,Valpak,101728,1,0,,,ORG:101728
ZB UK Group Holdings Limited,12189702,,,Swindon,SN5 6NX,Wastepack GB (SEPA),108097,2,1,Zimmer Biomet UK Limited,00740767,ORG:108097
Zebra Logistics UK,BR016385,,,Brackmills,NN4 7HT,Ecosurety (EA),111216,1,0,,,ORG:111216
Zebra MTD Limited,08674779,,,Exeter,EX2 8FD,Ecosurety (EA),102229,4,3,Otter House Limited; The Calendar Club Limited; Vista Stationery & Print Limited,02655839; 03540821; 05900471,ORG:102229
ZEBRA PEN (UK) Limited,02719658,,,Runcorn,WA7 1TY,Valpak,114205,1,0,,,ORG:114205
Zebra Technologies Europe Limited,02881068,,,Bourne End,SL8 5XF,Paperpak,101188,1,0,,,ORG:101188
Zeelandia UK Ltd,00498313,,,Colchester,CO4 5WY,Valpak,104025,1,0,,,ORG:104025
Zehnder Group UK Limited,02296696,,,Camberley,GU15 3AD,Wastepack GB (SEPA),105351,1,0,,,ORG:105351
ZEINA FOODS LIMITED,03967116,,,Ossett,WF5 9JE,Beyondly,100061,1,0,,,ORG:100061
Zenith Print and Packaging Limited,01453367,,,Pontypridd,CF37 5SX,Paperpak,100950,1,0,,,ORG:100950
Zentia Ltd,00207732,,,Grey Street,NE1 6AH,Valpak,104213,1,0,,,ORG:104213
Zentia Profiles Ltd,03316435,,,Newcastle Upon Tyne,NE1 6AH,Valpak,105942,1,0,,,ORG:105942
Zentiva Pharma UK Ltd,02158996,,,London,EC4A 1JP,Valpak,103766,1,0,,,ORG:103766
ZEP UK LIMITED,01428569,,,Widnes,WA8 0RR,Beyondly,105725,1,0,,,ORG:105725
Zetar Ltd,05308258,,,Fakenham,NR21 8AF,Comply with Clarity,103115,3,2,HUMDINGER LIMITED; KINNERTON (CONFECTIONERY) CO. LIMITED,01401107; 04241596,ORG:103115
Zeus Packaging (NI) Limited,NI003483,,,Mallusk,BT36 4FS,Scotpak (SEPA),104645,1,0,,,ORG:104645
Zeus Packaging Agri Ltd,08865806,,,Biggleswadestratton Business Park,SG18 8YL,Valpak,108221,1,0,,,ORG:108221
Zeus Packaging Investments (UK) Ltd,06052597,,,Biggleswade,SG18 8YL,Valpak,101640,7,6,Box - Mart Ltd; Smith & Bateson Ltd; Swanline Group Ltd; Weedon Corrugated Products Ltd; Weedon Packaging Solution Centre Ltd; Zeus Packaging (UK) Ltd,00523345; 01208323; 04112878; 04145121; 05108698; 07550404,ORG:101640
ZF Automotive UK Limited,00872948,,,Solihull,B90 8BG,Veolia (EA),105508,1,0,,,ORG:105508
ZF CV Distribution UK Ltd,00709827,,,Batley,WF17 9LW,Valpak,107714,1,0,,,ORG:107714
ZF Lemforder UK Ltd,02370396,,,Wednesbury,WS10 8XL,Valpak,103384,1,0,,,ORG:103384
ZF Services UK Limited,01137722,,,Nottingham,NG7 2SX,Veolia (EA),115197,1,0,,,ORG:115197
ZG Lighting (UK) Limited,02851586,,,Chalfont St Peter,SL9 9FG,Wastepack GB (SEPA),103863,1,0,,,ORG:103863
ZOE LIMITED,10902884,,,London,N13 4BS,Beyondly,114385,1,0,,,ORG:114385
Zoetis UK Limited,08116609,,,Leatherhead,KT22 7LP,Wastepack GB (SEPA),105132,1,0,,,ORG:105132
Zonin UK Limited,04800222,,,London,SW8 4BG,Wastepack GB (SEPA),115741,1,0,,,ORG:115741
Zonwering Holdings Limited,10754712,,,Nottingham,NG4 2JR,Wastepack GB (SEPA),103221,5,4,Apollo Window Blinds Ltd; Customwest Trading Limited; Hunter Douglas UK Retail Limited; Hunter Douglas UK Trade Ltd,01196432; 02851496; 03438260; 04847751,ORG:103221
Zotefoams plc,02714645,,,London,EC2M 7AQ,Veolia (EA),106975,1,0,,,ORG:106975
Zubrance Limited,03092937,,,Harrogate,HG2 8QT,Wastepack GB (SEPA),114743,6,5,Mallow and Marsh Limited; Nom Bites Ltd; SSC Brands Limited; The Real Candy Co Limited; The Serious Sweet Company Limited,03147393; 07164475; 08223296; 08530665; 12135818,ORG:114743
Zwanenberg Food Group UK Ltd,01032611,,,Shrewsbury,SY5 0BD,Valpak,107528,1,0,,,ORG:107528
Zwilling J A Henckels (UK) Ltd,05816563,,,Baldock,SG7 6QQ,Valpak,103141,1,0,,,ORG:103141
ZYRO LIMITED,03060232,,,Darlington,DL3 0UR,Beyondly,104585,1,0,,,ORG:104585
ZYXEL COMMUNICATIONS UK LIMITED,05061338,,,Wokingham,RG40 1XZ,Beyondly,103105,1,0,,,ORG:103105
