parent_name,companies_house_number,match_method,ch_company_name,company_status,accounts_made_up_to,filing_date,accounts_type,accounts_size,turnover,turnover_source,over_5m,document_format,filing_history_url,subsidiary_count,error,group_key
0404 Investments Limited,05106531,register,0404 INVESTMENTS LIMITED,active,2025-12-31,2026-09-30,accounts-with-accounts-type-group,group,87374878,text,yes,xhtml,https://find-and-update.company-information.service.gov.uk/company/05106531/filing-history,3,,ORG:103508
10 Motives Ltd,07934188,register,10 MOTIVES LIMITED,active,2025-12-31,2026-06-28,accounts-with-accounts-type-full,full,,,likely,pdf (not read),https://find-and-update.company-information.service.gov.uk/company/07934188/filing-history,0,,ORG:105527
108 Foods Limited,09840091,register,108 FOODS LIMITED,active,2025-12-31,2026-09-30,accounts-with-accounts-type-total-exemption-full,small,,,unknown,xhtml,https://find-and-update.company-information.service.gov.uk/company/09840091/filing-history,0,,ORG:111257
151 Products Limited,02149608,register,151 PRODUCTS LIMITED,active,2025-12-31,2026-08-07,accounts-with-accounts-type-full,full,79215222,ixbrl,yes,xhtml,https://find-and-update.company-information.service.gov.uk/company/02149608/filing-history,0,,ORG:104232
2K Polymer Systems Ltd,06085634,register,2K POLYMER SYSTEMS LIMITED,active,2025-12-31,2026-09-25,accounts-with-accounts-type-full,full,,,likely,pdf (not read),https://find-and-update.company-information.service.gov.uk/company/06085634/filing-history,0,,ORG:105150
2M Holdings Limited,04530131,register,2M HOLDINGS LIMITED,active,2025-04-30,2026-02-04,accounts-with-accounts-type-small,small,,,unknown,pdf (not read),https://find-and-update.company-information.service.gov.uk/company/04530131/filing-history,5,,ORG:106252
3BW Ltd,10490262,register,3BW LTD,active,2025-03-31,2025-12-23,accounts-with-accounts-type-total-exemption-full,small,,,unknown,xhtml,https://find-and-update.company-information.service.gov.uk/company/10490262/filing-history,0,,ORG:115902
3M United Kingdom Plc,01123045,register,3M UNITED KINGDOM LIMITED,active,2025-12-31,2026-07-08,accounts-with-accounts-type-full,full,,,likely,pdf (not read),https://find-and-update.company-information.service.gov.uk/company/01123045/filing-history,0,,ORG:102542
4DegreesC Limited,04444939,register,4DEGREESC LIMITED,active,2025-12-31,2026-09-30,accounts-with-accounts-type-total-exemption-full,small,,,unknown,xhtml,https://find-and-update.company-information.service.gov.uk/company/04444939/filing-history,0,,ORG:102522
7 Steel (UK) Holdings Ltd,04578086,register,7 STEEL (UK) HOLDINGS LIMITED,active,2025-12-31,2026-06-24,accounts-with-accounts-type-group,group,,,likely,pdf (not read),https://find-and-update.company-information.service.gov.uk/company/04578086/filing-history,4,,ORG:105097
A & B Vintners Limited,03570581,register,A & B VINTNERS LIMITED,active,2025-12-31,2026-09-29,accounts-with-accounts-type-full,full,13561423,ixbrl,yes,xhtml,https://find-and-update.company-information.service.gov.uk/company/03570581/filing-history,0,,ORG:115955
A & D HOPE LIMITED,07322450,register,A & D HOPE LIMITED,active,2025-12-31,2026-08-26,accounts-with-accounts-type-full,full,17974521,ixbrl,yes,xhtml,https://find-and-update.company-information.service.gov.uk/company/07322450/filing-history,0,,ORG:105916
A 1 Bacon Company Limited,01461813,register,A 1 BACON COMPANY LIMITED,active,2025-04-30,2025-10-07,accounts-with-accounts-type-full,full,,,likely,pdf (not read),https://find-and-update.company-information.service.gov.uk/company/01461813/filing-history,0,,ORG:100408
A B LEWIS LIMITED,05734540,register,A B LEWIS LIMITED,active,2025-03-31,2025-12-08,accounts-with-accounts-type-small,small,,,unknown,xhtml,https://find-and-update.company-information.service.gov.uk/company/05734540/filing-history,0,,ORG:100378
A C HULME AND SONS,00803130,register,A C HULME AND SONS,active,2025-03-31,2025-12-24,accounts-with-accounts-type-full,full,21690880,text,yes,xhtml,https://find-and-update.company-information.service.gov.uk/company/00803130/filing-history,0,,ORG:105847
A D Harvey,,,,,,,,,,,,,,0,no Companies House number in register and no exact name match,ORG:101542
A Di Maria & Sons ltd,11841236,register,A DI MARIA & SONS LTD,active,2026-03-31,2026-10-07,accounts-with-accounts-type-total-exemption-full,small,,,unknown,xhtml,https://find-and-update.company-information.service.gov.uk/company/11841236/filing-history,0,,ORG:116200
A E Chapman & Son Ltd,00470272,register,A E CHAPMAN & SON LIMITED,active,2025-06-30,2026-06-30,accounts-with-accounts-type-medium,medium,8967262,ixbrl,yes,xhtml,https://find-and-update.company-information.service.gov.uk/company/00470272/filing-history,0,,ORG:100519
A E Spink Limited,00214637,register,A.E.SPINK LIMITED,active,2025-11-30,2026-08-17,accounts-with-accounts-type-full,full,71624113,ixbrl,yes,xhtml,https://find-and-update.company-information.service.gov.uk/company/00214637/filing-history,0,,ORG:107912
A J Webb & Son (Sheffield) Ltd,03146578,register,A J WEBB & SON (SHEFFIELD) LTD,active,2025-09-30,2026-03-11,accounts-with-accounts-type-total-exemption-full,small,,,unknown,xhtml,https://find-and-update.company-information.service.gov.uk/company/03146578/filing-history,0,,ORG:115712
A Nelson & Co Ltd,00249879,register,A NELSON & CO LIMITED,active,2024-12-31,2025-09-26,accounts-with-accounts-type-full,full,,,likely,pdf (not read),https://find-and-update.company-information.service.gov.uk/company/00249879/filing-history,0,,ORG:107075
A P Taylor Limited,03958040,register,A P TAYLOR LIMITED,active,2025-07-31,2026-04-30,accounts-with-accounts-type-total-exemption-full,small,,,unknown,xhtml,https://find-and-update.company-information.service.gov.uk/company/03958040/filing-history,0,,ORG:101534
A S Green Ltd,08388566,register,A S GREEN LIMITED,active,2025-03-31,2025-12-23,accounts-with-accounts-type-medium,medium,22114734,ixbrl,yes,xhtml,https://find-and-update.company-information.service.gov.uk/company/08388566/filing-history,0,,ORG:100695
A to Z Catering Supplies Limited,03682173,register,A TO Z CATERING SUPPLIES LIMITED,active,2025-11-30,2026-08-09,accounts-with-accounts-type-full,full,21373570,ixbrl,yes,xhtml,https://find-and-update.company-information.service.gov.uk/company/03682173/filing-history,0,,ORG:107838
A-Gas (UK) Limited,02752249,register,A-GAS (UK) LIMITED,active,2024-12-31,2025-09-18,accounts-with-accounts-type-full,full,,,likely,pdf (not read),https://find-and-update.company-information.service.gov.uk/company/02752249/filing-history,0,,ORG:108282
A-Gas Electronic Materials Limited,02991666,register,A-GAS ELECTRONIC MATERIALS LIMITED,active,2024-12-31,2025-09-26,accounts-with-accounts-type-full,full,,,likely,pdf (not read),https://find-and-update.company-information.service.gov.uk/company/02991666/filing-history,0,,ORG:108145
A-Safe HQ Ltd,05407505,register,A-SAFE HQ LTD,active,2025-12-31,2026-10-06,accounts-with-accounts-type-audit-exemption-subsiduary,subsidiary,,,unknown,pdf (not read),https://find-and-update.company-information.service.gov.uk/company/05407505/filing-history,0,,ORG:111259
A. & F.A. Dundee Ltd,NI003932,register,A.& F.A. DUNDEE LIMITED,active,2025-08-31,2026-05-29,accounts-with-accounts-type-full,full,,,likely,pdf (not read),https://find-and-update.company-information.service.gov.uk/company/NI003932/filing-history,0,,ORG:112647
A. Camacho  U.K. Ltd,04435852,register,"A. CAMACHO, U.K. LIMITED",active,2025-12-31,2026-09-15,accounts-with-accounts-type-full,full,,,likely,pdf (not read),https://find-and-update.company-information.service.gov.uk/company/04435852/filing-history,0,,ORG:104225
A. J. PRODUCTS (UK) LIMITED,03762591,register,A. J. PRODUCTS (UK) LIMITED,active,2025-12-31,2026-03-26,accounts-with-accounts-type-small,small,,,unknown,xhtml,https://find-and-update.company-information.service.gov.uk/company/03762591/filing-history,0,,ORG:105888
A. Poortman (London) Limited,00485890,register,A. POORTMAN (LONDON) LIMITED,active,2025-12-31,2026-06-19,accounts-with-accounts-type-full,full,96142000,ixbrl,yes,xhtml,https://find-and-update.company-information.service.gov.uk/company/00485890/filing-history,0,,ORG:105537
A. Schulman Gainsborough Ltd,03261137,register,A. SCHULMAN GAINSBOROUGH LTD,active,2024-12-31,2025-10-06,accounts-with-accounts-type-full,full,,,likely,pdf (not read),https://find-and-update.company-information.service.gov.uk/company/03261137/filing-history,0,,ORG:102436
A. Schulman Inc. Limited,00512225,register,A. SCHULMAN INC. LIMITED,active,2024-12-31,2025-10-06,accounts-with-accounts-type-full,full,,,likely,pdf (not read),https://find-and-update.company-information.service.gov.uk/company/00512225/filing-history,0,,ORG:107178
A. Schulman Thermoplastic Compounds Limited,01018237,register,A. SCHULMAN THERMOPLASTIC COMPOUNDS LIMITED,active,2024-12-31,2025-10-06,accounts-with-accounts-type-full,full,,,likely,pdf (not read),https://find-and-update.company-information.service.gov.uk/company/01018237/filing-history,0,,ORG:114276
A. Share & Sons Limited,00323778,register,A. SHARE & SONS LIMITED,active,2025-12-31,2026-08-20,accounts-with-accounts-type-full,full,,,likely,pdf (not read),https://find-and-update.company-information.service.gov.uk/company/00323778/filing-history,0,,ORG:105127
A. Vogel Ltd,SC100633,register,A.VOGEL LIMITED,active,2025-12-31,2026-02-12,accounts-with-accounts-type-medium,medium,,,likely,pdf (not read),https://find-and-update.company-information.service.gov.uk/company/SC100633/filing-history,0,,ORG:104231
A. W. Stokes & Son (Drums) Limited,00848334,register,A. W. STOKES & SON (DRUMS) LIMITED,active,2026-04-30,2026-09-10,accounts-with-accounts-type-total-exemption-full,small,,,unknown,xhtml,https://find-and-update.company-information.service.gov.uk/company/00848334/filing-history,0,,ORG:107116
A.& J.Scott Ltd,01087941,register,A.& J.SCOTT LIMITED,active,2026-03-31,2026-07-07,accounts-with-accounts-type-group,group,41170775,text,yes,xhtml,https://find-and-update.company-information.service.gov.uk/company/01087941/filing-history,0,,ORG:104838
A.B. Distributors Limited,NI008366,register,A.B. DISTRIBUTORS LIMITED,active,2025-12-31,2026-09-11,accounts-with-accounts-type-full,full,6362827,ixbrl,yes,xhtml,https://find-and-update.company-information.service.gov.uk/company/NI008366/filing-history,0,,ORG:100255
A.B. PRODUCE PLC,02240234,register,A.B. PRODUCE PLC,active,2025-05-31,2026-02-03,accounts-with-accounts-type-full,full,,,likely,pdf (not read),https://find-and-update.company-information.service.gov.uk/company/02240234/filing-history,0,,ORG:100865
A.C. Worldwide Group Limited,04513462,register,A.C. WORLDWIDE GROUP LIMITED,active,2025-01-31,2026-05-19,accounts-with-accounts-type-group,group,94939610,text,yes,xhtml,https://find-and-update.company-information.service.gov.uk/company/04513462/filing-history,6,,ORG:104778
A.E. Rodda & Son Limited,03833628,register,A.E. RODDA & SON LIMITED,active,2025-03-31,2025-12-18,accounts-with-accounts-type-full,full,50622000,ixbrl,yes,xhtml,https://find-and-update.company-information.service.gov.uk/company/03833628/filing-history,0,,ORG:108503
A.E.S. Engineering Limited,00392743,register,A.E.S. ENGINEERING LIMITED,active,2025-12-31,2026-05-29,accounts-with-accounts-type-group,group,,,likely,pdf (not read),https://find-and-update.company-information.service.gov.uk/company/00392743/filing-history,6,,ORG:101321
A.F.BLAKEMORE AND SON LIMITED,00391135,register,A.F.BLAKEMORE AND SON LIMITED,active,2025-04-27,2026-02-04,accounts-with-accounts-type-group,group,,,likely,pdf (not read),https://find-and-update.company-information.service.gov.uk/company/00391135/filing-history,0,,ORG:102820
A.G. Barr P.L.C.,SC005653,register,A.G. BARR P.L.C.,active,2026-01-31,2026-05-12,accounts-with-accounts-type-group,group,,,likely,pdf (not read),https://find-and-update.company-information.service.gov.uk/company/SC005653/filing-history,0,,ORG:100616
A.G. Parfett and Sons Limited,01472970,register,A.G. PARFETT & SONS LIMITED,active,2025-06-30,2026-04-11,accounts-with-accounts-type-full,full,,,likely,pdf (not read),https://find-and-update.company-information.service.gov.uk/company/01472970/filing-history,0,,ORG:107193
A.G. THAMES HOLDINGS LIMITED,00987311,register,A.G. THAMES HOLDINGS LIMITED,active,2025-09-30,2026-05-17,accounts-with-accounts-type-full,full,,,likely,pdf (not read),https://find-and-update.company-information.service.gov.uk/company/00987311/filing-history,1,,ORG:107412
A.J. AND R.G.BARBER LIMITED,00551460,register,A.J. AND R.G.BARBER LIMITED,active,2025-03-31,2025-12-23,accounts-with-accounts-type-group,group,194733279,text,yes,xhtml,https://find-and-update.company-information.service.gov.uk/company/00551460/filing-history,2,,ORG:111863
A.J. WELLS & SONS LIMITED,03809371,register,A.J. WELLS & SONS LIMITED,active,2025-06-30,2026-04-12,accounts-with-accounts-type-full,full,,,likely,pdf (not read),https://find-and-update.company-information.service.gov.uk/company/03809371/filing-history,0,,ORG:106766
A.J.N. Steelstock Ltd,00689647,register,A.J.N. STEELSTOCK LTD.,active,2025-04-30,2026-01-14,accounts-with-accounts-type-full,full,155753671,ixbrl,yes,xhtml,https://find-and-update.company-information.service.gov.uk/company/00689647/filing-history,0,,ORG:102676
A.K. Stoddart Ltd,SC033785,register,A.K. STODDART LIMITED,active,2025-12-31,2026-07-27,accounts-with-accounts-type-full,full,,,likely,pdf (not read),https://find-and-update.company-information.service.gov.uk/company/SC033785/filing-history,0,,ORG:104810
A.L.Simpkin & Co.Ltd,00244390,register,A.L.SIMPKIN & CO.LIMITED,active,2025-12-31,2026-08-17,accounts-with-accounts-type-total-exemption-full,small,,,unknown,xhtml,https://find-and-update.company-information.service.gov.uk/company/00244390/filing-history,0,,ORG:100490
A.One Feed Supplements Ltd,01207930,register,A.ONE FEED SUPPLEMENTS LIMITED,active,2025-05-31,2026-03-06,accounts-with-accounts-type-full,full,,,likely,pdf (not read),https://find-and-update.company-information.service.gov.uk/company/01207930/filing-history,0,,ORG:104160
A.P. (East Anglia) Limited,03376167,register,A.P. (EAST ANGLIA) LIMITED,active,2024-12-31,2025-12-18,accounts-with-accounts-type-total-exemption-full,small,,,unknown,xhtml,https://find-and-update.company-information.service.gov.uk/company/03376167/filing-history,0,,ORG:103241
A.S. Watson (Health & Beauty UK) Ltd,04051648,register,AS WATSON (HEALTH & BEAUTY UK) LIMITED,active,2025-12-27,2026-07-05,accounts-with-accounts-type-full,full,,,likely,pdf (not read),https://find-and-update.company-information.service.gov.uk/company/04051648/filing-history,2,,ORG:108334
A.W. Jenkinson Forest Products,,,,,,,,,,,,,,0,no Companies House number in register and no exact name match,ORG:102453
A.W.CHAMPION LIMITED,00516470,register,A.W.CHAMPION LIMITED,active,2025-12-31,2026-09-29,accounts-with-accounts-type-full,full,39267442,text,yes,xhtml,https://find-and-update.company-information.service.gov.uk/company/00516470/filing-history,0,,ORG:101914
A.Warne & Company Limited,00350961,register,A.WARNE & COMPANY LIMITED,active,2025-03-31,2025-07-07,accounts-with-accounts-type-total-exemption-full,small,,,unknown,xhtml,https://find-and-update.company-information.service.gov.uk/company/00350961/filing-history,0,,ORG:100119
AAF McQuay UK Limited,02296471,register,AAF-MCQUAY UK LIMITED,active,2025-03-31,2025-12-29,accounts-with-accounts-type-full,full,,,likely,pdf (not read),https://find-and-update.company-information.service.gov.uk/company/02296471/filing-history,3,,ORG:100219
AAK BD Foods Ltd,04170983,register,AAK BD FOODS LIMITED,active,2025-12-31,2026-09-25,accounts-with-accounts-type-full,full,15355055,text,yes,xhtml,https://find-and-update.company-information.service.gov.uk/company/04170983/filing-history,0,,ORG:105086
AAK International,BR020440,register,AAK INTERNATIONAL,open,,,,,,,,,https://find-and-update.company-information.service.gov.uk/company/BR020440/filing-history,0,no accounts filing with a document,ORG:107434
Aalberts HFC Limited,00980683,register,AALBERTS HFC LIMITED,active,2025-12-31,2026-10-01,accounts-with-accounts-type-full,full,,,likely,pdf (not read),https://find-and-update.company-information.service.gov.uk/company/00980683/filing-history,0,,ORG:114937
AAlberts Integrated Piping Systems Ltd,00401507,register,AALBERTS INTEGRATED PIPING SYSTEMS LIMITED,active,2024-12-31,2025-10-04,accounts-with-accounts-type-full,full,,,likely,pdf (not read),https://find-and-update.company-information.service.gov.uk/company/00401507/filing-history,0,,ORG:105366
AB Agri Limited,00193800,register,AB AGRI LIMITED,active,2025-08-31,2026-01-23,accounts-with-accounts-type-full,full,,,likely,pdf (not read),https://find-and-update.company-information.service.gov.uk/company/00193800/filing-history,2,,ORG:102989
AB Inbev UK Limited,03982132,register,AB INBEV UK LIMITED,active,2025-12-31,2026-09-04,accounts-with-accounts-type-full,full,1857518000,text,yes,xhtml,https://find-and-update.company-information.service.gov.uk/company/03982132/filing-history,0,,ORG:106762
AB World Foods Limited,01400901,register,AB WORLD FOODS LIMITED,active,2025-08-30,2026-04-19,accounts-with-accounts-type-full,full,,,likely,pdf (not read),https://find-and-update.company-information.service.gov.uk/company/01400901/filing-history,0,,ORG:102149
Abacus Playgrounds Limited,02992616,register,ABACUS PLAYGROUNDS LIMITED,active,2025-12-31,2026-09-15,accounts-with-accounts-type-small,small,,,unknown,xhtml,https://find-and-update.company-information.service.gov.uk/company/02992616/filing-history,0,,ORG:115850
ABB Limited,03780764,register,ABB LIMITED,active,2025-12-31,2026-04-24,accounts-with-accounts-type-full,full,,,likely,pdf (not read),https://find-and-update.company-information.service.gov.uk/company/03780764/filing-history,3,,ORG:102418
Abbey View Produce Limited,01071951,register,ABBEY VIEW PRODUCE LIMITED,active,2024-11-30,2025-11-28,accounts-with-accounts-type-group,group,,,likely,pdf (not read),https://find-and-update.company-information.service.gov.uk/company/01071951/filing-history,0,,ORG:103756
Abbeywood Packaging Limited,03199041,register,ABBEYWOOD PACKAGING LIMITED,active,2025-03-31,2025-12-15,accounts-with-accounts-type-total-exemption-full,small,,,unknown,xhtml,https://find-and-update.company-information.service.gov.uk/company/03199041/filing-history,0,,ORG:111252
Abbott Laboratories Ltd,00329102,register,ABBOTT LABORATORIES LIMITED,active,2025-12-31,2026-08-04,accounts-with-accounts-type-full,full,,,likely,pdf (not read),https://find-and-update.company-information.service.gov.uk/company/00329102/filing-history,4,,ORG:107060
Abbott Rapid Diagnostics Limited,01716581,register,ABBOTT RAPID DIAGNOSTICS LIMITED,active,2025-12-31,2026-09-11,accounts-with-accounts-type-full,full,,,likely,pdf (not read),https://find-and-update.company-information.service.gov.uk/company/01716581/filing-history,0,,ORG:100637
Abbvie Ltd,08004972,register,ABBVIE LTD,active,2024-12-31,2025-09-24,accounts-with-accounts-type-full,full,,,likely,pdf (not read),https://find-and-update.company-information.service.gov.uk/company/08004972/filing-history,0,,ORG:107625
Abcam Limited,03509322,register,ABCAM LIMITED,active,2025-12-31,2026-08-19,accounts-with-accounts-type-full,full,,,likely,pdf (not read),https://find-and-update.company-information.service.gov.uk/company/03509322/filing-history,0,,ORG:108249
ABCO KOVEX (UK) LIMITED,07941127,register,ABCO KOVEX (UK) LIMITED,active,2025-12-31,2026-08-07,accounts-with-accounts-type-full,full,,,likely,pdf (not read),https://find-and-update.company-information.service.gov.uk/company/07941127/filing-history,0,,ORG:100603
Abena UK Ltd,03750590,register,ABENA UK LIMITED,active,2025-04-30,2025-08-15,accounts-with-accounts-type-full,full,,,likely,pdf (not read),https://find-and-update.company-information.service.gov.uk/company/03750590/filing-history,0,,ORG:102945
Abergavenny Fine Foods Limited,02094670,register,ABERGAVENNY FINE FOODS LIMITED,active,2025-12-31,2026-09-04,accounts-with-accounts-type-full,full,,,likely,xhtml,https://find-and-update.company-information.service.gov.uk/company/02094670/filing-history,0,,ORG:115063
ABF Grain Products Ltd,00079590,register,ABF GRAIN PRODUCTS LIMITED,active,2025-08-30,2026-04-12,accounts-with-accounts-type-full,full,,,likely,pdf (not read),https://find-and-update.company-information.service.gov.uk/company/00079590/filing-history,0,,ORG:100341
ABILITY PROJECTS LIMITED,04088764,register,ABILITY PROJECTS LIMITED,active,2025-09-30,2026-07-04,accounts-with-accounts-type-full,full,,,likely,pdf (not read),https://find-and-update.company-information.service.gov.uk/company/04088764/filing-history,0,,ORG:105071
Abingdon Flooring Limited,04923718,register,ABINGDON FLOORING LIMITED,active,2025-03-29,2025-12-15,accounts-with-accounts-type-audit-exemption-subsiduary,subsidiary,,,unknown,pdf (not read),https://find-and-update.company-information.service.gov.uk/company/04923718/filing-history,1,,ORG:102626
ABLEBOX LIMITED,02547129,register,ABLEBOX LIMITED,active,2025-04-30,2025-12-19,accounts-with-accounts-type-full,full,17631010,ixbrl,yes,xhtml,https://find-and-update.company-information.service.gov.uk/company/02547129/filing-history,0,,ORG:100476
ACCELL UK & IRELAND LTD,00139076,register,ACCELL UK & IRELAND LTD,administration,2023-12-31,2025-01-13,accounts-with-accounts-type-full,full,,,likely,pdf (not read),https://find-and-update.company-information.service.gov.uk/company/00139076/filing-history,0,,ORG:111389
Acco UK Ltd,00197754,register,ACCO UK LIMITED,active,2025-12-31,2026-10-06,accounts-with-accounts-type-full,full,,,likely,pdf (not read),https://find-and-update.company-information.service.gov.uk/company/00197754/filing-history,0,,ORG:102262
Accor Hotelservices UK Limited,10508910,register,ACCOR HOTELSERVICES UK LIMITED,active,2025-12-31,2026-08-14,accounts-with-accounts-type-full,full,,,likely,pdf (not read),https://find-and-update.company-information.service.gov.uk/company/10508910/filing-history,0,,ORG:104982
Accora Limited,04915604,register,ACCORA LIMITED,active,2025-12-31,2026-09-28,accounts-with-accounts-type-full,full,,,likely,pdf (not read),https://find-and-update.company-information.service.gov.uk/company/04915604/filing-history,0,,ORG:101469
Accord Healthcare Ltd,04596349,register,ACCORD HEALTHCARE LIMITED,active,2026-03-31,2026-09-23,accounts-with-accounts-type-full,full,,,likely,pdf (not read),https://find-and-update.company-information.service.gov.uk/company/04596349/filing-history,1,,ORG:104424
ACCRUED PLASTIC LIMITED,03952162,register,ACCRUED PLASTIC LIMITED,active,2026-01-31,2026-06-04,accounts-with-accounts-type-total-exemption-full,small,,,unknown,xhtml,https://find-and-update.company-information.service.gov.uk/company/03952162/filing-history,0,,ORG:100282
Acctim Limited,03853068,register,ACCTIM LIMITED,active,2025-12-31,2026-09-30,accounts-with-accounts-type-total-exemption-full,small,,,unknown,xhtml,https://find-and-update.company-information.service.gov.uk/company/03853068/filing-history,2,,ORG:102220
Acdoco Ltd,06174996,register,DR. BECKMANN GROUP UK LTD,active,2025-12-31,2026-06-20,accounts-with-accounts-type-full,full,,,likely,pdf (not read),https://find-and-update.company-information.service.gov.uk/company/06174996/filing-history,0,,ORG:104002
Ace Fixings Ltd,NI055683,register,ACE FIXINGS LTD,active,2025-12-31,2026-09-29,accounts-with-accounts-type-total-exemption-full,small,,,unknown,xhtml,https://find-and-update.company-information.service.gov.uk/company/NI055683/filing-history,0,,ORG:107214
Acer U.K. Limited,02252821,register,ACER U.K. LIMITED,active,2025-12-31,2026-09-15,accounts-with-accounts-type-full,full,,,likely,pdf (not read),https://find-and-update.company-information.service.gov.uk/company/02252821/filing-history,0,,ORG:104536
Acesur Limited,11796943,register,ACESUR LIMITED,active,2024-12-31,2026-01-04,accounts-with-accounts-type-full,full,,,likely,pdf (not read),https://find-and-update.company-information.service.gov.uk/company/11796943/filing-history,0,,ORG:106467
Acme Vape Ltd,10003856,register,ACME VAPE LTD,active,2025-02-28,2025-11-05,accounts-with-accounts-type-full,full,79436251,ixbrl,yes,xhtml,https://find-and-update.company-information.service.gov.uk/company/10003856/filing-history,0,,ORG:116995
ACO Technologies Plc,01854115,register,ACO TECHNOLOGIES PLC,active,2025-12-31,2026-06-02,accounts-with-accounts-type-group,group,,,likely,pdf (not read),https://find-and-update.company-information.service.gov.uk/company/01854115/filing-history,0,,ORG:100711
Acopia Group Ltd,09150714,register,ACOPIA GROUP LTD,active,2025-12-31,2026-08-03,accounts-with-accounts-type-full,full,17002661,ixbrl,yes,xhtml,https://find-and-update.company-information.service.gov.uk/company/09150714/filing-history,0,,ORG:100818
Acorn Dairy Limited,06959532,register,ACORN DAIRY LIMITED,active,2026-03-31,2026-09-30,accounts-with-accounts-type-total-exemption-full,small,,,unknown,xhtml,https://find-and-update.company-information.service.gov.uk/company/06959532/filing-history,0,,ORG:101744
Acorn Labels Limited,02888767,register,ACORN LABELS LIMITED,active,2025-12-31,2026-04-02,accounts-with-accounts-type-total-exemption-full,small,,,unknown,xhtml,https://find-and-update.company-information.service.gov.uk/company/02888767/filing-history,0,,ORG:100322
Acorn Mobility Services Ltd,02593771,register,ACORN MOBILITY SERVICES LTD.,active,2025-09-30,2026-07-13,accounts-with-accounts-type-group,group,,,likely,pdf (not read),https://find-and-update.company-information.service.gov.uk/company/02593771/filing-history,0,,ORG:100308
Acorn Packaging Partnership LLP,OC328700,register,ACORN PACKAGING PARTNERSHIP LLP,active,2025-08-31,2026-05-27,accounts-with-accounts-type-total-exemption-full,small,,,unknown,xhtml,https://find-and-update.company-information.service.gov.uk/company/OC328700/filing-history,0,,ORG:101458
Acorn Web Offset Limited,02138711,register,ACORN WEB OFFSET LIMITED,active,2025-09-30,2026-06-19,accounts-with-accounts-type-full,full,25983904,text,yes,xhtml,https://find-and-update.company-information.service.gov.uk/company/02138711/filing-history,0,,ORG:103067
Acosta RH Ltd,10589849,register,ACOSTA RH LIMITED,active,2024-12-31,2026-01-09,accounts-with-accounts-type-group,group,,,likely,pdf (not read),https://find-and-update.company-information.service.gov.uk/company/10589849/filing-history,2,,ORG:117380
Acqua Di Parma Ltd,08748936,register,ACQUA DI PARMA LIMITED,active,2024-12-31,2025-12-15,accounts-with-accounts-type-full,full,,,likely,pdf (not read),https://find-and-update.company-information.service.gov.uk/company/08748936/filing-history,0,,ORG:115855
ActicareUK Limited,13075831,register,ACTICAREUK LIMITED,active,2025-12-31,2026-09-23,accounts-with-accounts-type-medium,medium,15639484,ixbrl,yes,xhtml,https://find-and-update.company-information.service.gov.uk/company/13075831/filing-history,0,,ORG:116151
Actionpoint Group Ltd,12514599,register,ACTIONPOINT GROUP LTD,active,2025-12-31,2026-09-28,accounts-with-accounts-type-total-exemption-full,small,,,unknown,xhtml,https://find-and-update.company-information.service.gov.uk/company/12514599/filing-history,0,,ORG:101812
ACTIPH WATER LIMITED,SC505074,register,ACTIPH WATER LIMITED,active,2024-12-31,2025-09-30,accounts-with-accounts-type-total-exemption-full,small,,,unknown,xhtml,https://find-and-update.company-information.service.gov.uk/company/SC505074/filing-history,0,,ORG:106457
Acushnet Europe Ltd,01198336,register,ACUSHNET EUROPE LTD,active,2025-12-31,2026-08-24,accounts-with-accounts-type-full,full,,,likely,pdf (not read),https://find-and-update.company-information.service.gov.uk/company/01198336/filing-history,0,,ORG:105424
ADA Cosmetics International Ltd,02850917,register,ADA COSMETICS INTERNATIONAL LTD,active,2024-12-31,2025-12-01,accounts-with-accounts-type-full,full,,,likely,pdf (not read),https://find-and-update.company-information.service.gov.uk/company/02850917/filing-history,0,,ORG:104152
Adama Agricultural Solutions UK Ltd,02330985,register,ADAMA AGRICULTURAL SOLUTIONS UK LTD,active,2024-12-31,2025-10-03,accounts-with-accounts-type-full,full,,,likely,pdf (not read),https://find-and-update.company-information.service.gov.uk/company/02330985/filing-history,0,,ORG:104507
Adams Foodservice Trading Ltd,13204158,register,ADAMS FOODSERVICE TRADING LTD,active,2025-06-30,2026-03-28,accounts-with-accounts-type-full,full,,,likely,pdf (not read),https://find-and-update.company-information.service.gov.uk/company/13204158/filing-history,0,,ORG:116584
Adapa UK Edinburgh Ltd,SC241535,register,ADAPA UK EDINBURGH LIMITED,active,2025-12-31,2026-07-01,accounts-with-accounts-type-medium,medium,9983607,ixbrl,yes,xhtml,https://find-and-update.company-information.service.gov.uk/company/SC241535/filing-history,0,,ORG:100654
Adapa UK St Helens Ltd,01732746,register,ADAPA UK ST HELENS LIMITED,active,2024-12-31,2025-09-30,accounts-with-accounts-type-total-exemption-full,small,,,unknown,xhtml,https://find-and-update.company-information.service.gov.uk/company/01732746/filing-history,0,,ORG:104345
Addagrip Terraco Ltd,01492055,register,ADDAGRIP TERRACO LTD,active,2024-12-31,2025-09-18,accounts-with-accounts-type-small,small,,,unknown,xhtml,https://find-and-update.company-information.service.gov.uk/company/01492055/filing-history,0,,ORG:104249
Addis Housewares Limited,02881663,register,ADDIS HOUSEWARES LIMITED,active,2025-12-31,2026-09-11,accounts-with-accounts-type-full,full,,,likely,pdf (not read),https://find-and-update.company-information.service.gov.uk/company/02881663/filing-history,0,,ORG:114995
Adelphi Holdings Limited,03886680,register,ADELPHI HOLDINGS LIMITED,active,2025-09-30,2026-06-26,accounts-with-accounts-type-group,group,34939000,text,yes,xhtml,https://find-and-update.company-information.service.gov.uk/company/03886680/filing-history,4,,ORG:105771
ADENA BRANDS LTD,12545293,register,ADENA BRANDS LTD,active,2025-08-30,2025-11-28,accounts-with-accounts-type-group,group,212000000,text,yes,xhtml,https://find-and-update.company-information.service.gov.uk/company/12545293/filing-history,0,,ORG:108049
ADEXA DIRECT LIMITED,10662078,register,ADEXA DIRECT LIMITED,active,2025-12-31,2026-09-04,accounts-with-accounts-type-full,full,55281785,text,yes,xhtml,https://find-and-update.company-information.service.gov.uk/company/10662078/filing-history,0,,ORG:101831
Adhesive Specialities Limited,00957040,register,ADHESIVE SPECIALITIES LIMITED,active,2025-03-31,2025-09-18,accounts-with-accounts-type-total-exemption-full,small,,,unknown,xhtml,https://find-and-update.company-information.service.gov.uk/company/00957040/filing-history,0,,ORG:100352
ADI-Gardiner Ltd,01322200,register,ADI-GARDINER LIMITED,active,2024-12-31,2025-10-28,accounts-with-accounts-type-full,full,,,likely,pdf (not read),https://find-and-update.company-information.service.gov.uk/company/01322200/filing-history,0,,ORG:106004
ADIDAS (U.K.) LIMITED,01075951,register,ADIDAS (U.K.) LIMITED,active,2025-12-31,2026-09-18,accounts-with-accounts-type-full,full,,,likely,pdf (not read),https://find-and-update.company-information.service.gov.uk/company/01075951/filing-history,0,,ORG:102999
Adient Seating UK Ltd,00443687,register,ADIENT SEATING UK LTD,active,2025-09-30,2026-07-26,accounts-with-accounts-type-full,full,,,likely,pdf (not read),https://find-and-update.company-information.service.gov.uk/company/00443687/filing-history,0,,ORG:103676
ADM Agriculture Limited,00904957,register,ADM AGRICULTURE LIMITED,active,2025-12-31,2026-09-09,accounts-with-accounts-type-full,full,,,likely,pdf (not read),https://find-and-update.company-information.service.gov.uk/company/00904957/filing-history,0,,ORG:104920
ADM MILLING LIMITED,02445197,register,ADM MILLING LIMITED,active,2025-12-31,2026-09-11,accounts-with-accounts-type-full,full,,,likely,pdf (not read),https://find-and-update.company-information.service.gov.uk/company/02445197/filing-history,1,,ORG:107027
ADM PROTEXIN LIMITED,01122942,register,ADM PROTEXIN LIMITED,active,2025-12-31,2026-08-12,accounts-with-accounts-type-full,full,,,likely,pdf (not read),https://find-and-update.company-information.service.gov.uk/company/01122942/filing-history,0,,ORG:100388
ADMENTA UK LIMITED,03011757,register,ADMENTA UK LIMITED,active,2025-03-31,2025-12-15,accounts-with-accounts-type-audit-exemption-subsiduary,subsidiary,,,unknown,pdf (not read),https://find-and-update.company-information.service.gov.uk/company/03011757/filing-history,3,,ORG:101877
Adnams Plc,00031114,register,ADNAMS PLC,active,2025-12-31,2026-06-27,accounts-with-accounts-type-full,full,,,likely,pdf (not read),https://find-and-update.company-information.service.gov.uk/company/00031114/filing-history,0,,ORG:104564
ADS Group Holdings Ltd,14597345,register,ADS GROUP HOLDINGS LTD,active,2025-05-31,2026-02-25,accounts-with-accounts-type-group,group,,,likely,xhtml,https://find-and-update.company-information.service.gov.uk/company/14597345/filing-history,2,,ORG:101676
Adshead Ratcliffe & Co Ltd,00388288,register,"ADSHEAD RATCLIFFE & COMPANY,LIMITED",active,2025-12-31,2026-09-28,accounts-with-accounts-type-full,full,18473643,text,yes,xhtml,https://find-and-update.company-information.service.gov.uk/company/00388288/filing-history,0,,ORG:101159
ADT Fire And Security Plc,01161045,register,ADT FIRE AND SECURITY PLC,active,2025-09-30,2026-04-12,accounts-with-accounts-type-full,full,,,likely,pdf (not read),https://find-and-update.company-information.service.gov.uk/company/01161045/filing-history,0,,ORG:114452
ADTRAN EUROPE LIMITED,05320461,register,ADTRAN EUROPE LIMITED,active,2025-12-31,2026-10-06,accounts-with-accounts-type-full,full,,,likely,pdf (not read),https://find-and-update.company-information.service.gov.uk/company/05320461/filing-history,0,,ORG:117489
Adtran Networks (UK) Limited,03593238,register,ADTRAN NETWORKS (UK) LIMITED,active,2025-12-31,2026-10-06,accounts-with-accounts-type-full,full,,,likely,pdf (not read),https://find-and-update.company-information.service.gov.uk/company/03593238/filing-history,0,,ORG:104382
Advance Tapes International Ltd,00929843,register,ADVANCE TAPES INTERNATIONAL LIMITED,active,2025-12-31,2026-09-30,accounts-with-accounts-type-group,group,,,likely,xhtml,https://find-and-update.company-information.service.gov.uk/company/00929843/filing-history,0,,ORG:100590
ADVANCED ELASTOMER SYSTEMS UNLIMITED,02512288,name search,ADVANCED ELASTOMER SYSTEMS UNLIMITED,active,2025-12-31,2026-10-06,accounts-with-accounts-type-full,full,,,likely,pdf (not read),https://find-and-update.company-information.service.gov.uk/company/02512288/filing-history,0,,ORG:102212
ADVANCED MEDICAL SOLUTIONS LIMITED,02666957,register,ADVANCED MEDICAL SOLUTIONS LIMITED,active,2024-12-31,2025-10-04,accounts-with-accounts-type-full,full,,,likely,pdf (not read),https://find-and-update.company-information.service.gov.uk/company/02666957/filing-history,1,,ORG:105656
Advanced Supply Chain Group Ltd,07889139,register,ADVANCED SUPPLY CHAIN GROUP LIMITED,active,2024-12-31,2025-12-15,accounts-with-accounts-type-group,group,,,likely,pdf (not read),https://find-and-update.company-information.service.gov.uk/company/07889139/filing-history,0,,ORG:105010
Aegg Ltd,07006709,register,AEGG LTD,active,2025-12-31,2026-09-30,accounts-with-accounts-type-medium,medium,26605059,ixbrl,yes,xhtml,https://find-and-update.company-information.service.gov.uk/company/07006709/filing-history,0,,ORG:105259
AEI Cables Ltd,07745837,register,AEI CABLES LIMITED,active,2024-12-31,2025-09-19,accounts-with-accounts-type-full,full,,,likely,pdf (not read),https://find-and-update.company-information.service.gov.uk/company/07745837/filing-history,0,,ORG:108305
Aero Forgings Bidco Limited,12187454,register,AERO FORGINGS BIDCO LIMITED,active,2025-12-31,2026-09-28,accounts-with-accounts-type-full,full,,,likely,pdf (not read),https://find-and-update.company-information.service.gov.uk/company/12187454/filing-history,2,,ORG:101462
Aeroplas (U.K) Limited,01376171,register,AEROPLAS (U.K.) LIMITED,active,2025-12-31,2026-09-30,accounts-with-accounts-type-medium,medium,12934480,ixbrl,yes,xhtml,https://find-and-update.company-information.service.gov.uk/company/01376171/filing-history,0,,ORG:102998
Aery Limited,11787482,register,AERY LIMITED,active,2025-01-31,2025-10-31,accounts-with-accounts-type-total-exemption-full,small,,,unknown,xhtml,https://find-and-update.company-information.service.gov.uk/company/11787482/filing-history,0,,ORG:104240
AESC UK Plant 1 Limited,10904139,register,AESC UK PLANT 1 LIMITED,active,2025-03-31,2026-03-15,accounts-with-accounts-type-full,full,,,likely,pdf (not read),https://find-and-update.company-information.service.gov.uk/company/10904139/filing-history,0,,ORG:105248
Aesop UK Ltd,05192303,register,AESOP UK LIMITED,active,2024-12-31,2025-12-19,accounts-with-accounts-type-full,full,224248663,text,yes,xhtml,https://find-and-update.company-information.service.gov.uk/company/05192303/filing-history,0,,ORG:102275
AETC Limited,03206792,register,AETC LIMITED,active,2025-12-28,2026-09-25,accounts-with-accounts-type-full,full,,,likely,pdf (not read),https://find-and-update.company-information.service.gov.uk/company/03206792/filing-history,0,,ORG:105814
AFE Group Ltd,03872673,register,AFE GROUP LIMITED,active,2025-08-31,2026-05-17,accounts-with-accounts-type-full,full,,,likely,pdf (not read),https://find-and-update.company-information.service.gov.uk/company/03872673/filing-history,0,,ORG:104237
AFFCO EUROPE LIMITED,04834758,register,AFFCO EUROPE LIMITED,active,2025-09-30,2026-01-15,accounts-with-accounts-type-full,full,79995823,ixbrl,yes,xhtml,https://find-and-update.company-information.service.gov.uk/company/04834758/filing-history,0,,ORG:101987
Affinity Fragrances Limited,09840244,register,AFFINITY FRAGRANCES LIMITED,active,2025-12-31,2026-07-29,accounts-with-accounts-type-full,full,,,likely,pdf (not read),https://find-and-update.company-information.service.gov.uk/company/09840244/filing-history,0,,ORG:101300
AFH Stores UK Ltd,06423604,register,AFH STORES UK LIMITED,active,2026-01-31,2026-09-10,accounts-with-accounts-type-full,full,,,likely,pdf (not read),https://find-and-update.company-information.service.gov.uk/company/06423604/filing-history,0,,ORG:105202
AFL Telecommunications UK Limited,02734823,register,AFL TELECOMMUNICATIONS UK LIMITED,active,2025-03-31,2026-06-19,accounts-with-accounts-type-full,full,,,likely,pdf (not read),https://find-and-update.company-information.service.gov.uk/company/02734823/filing-history,0,,ORG:103059
AFT Aerosols Limited,08566906,register,AFT AEROSOLS LIMITED,active,2025-03-31,2025-11-26,accounts-with-accounts-type-full,full,,,likely,pdf (not read),https://find-and-update.company-information.service.gov.uk/company/08566906/filing-history,0,,ORG:108195
Afton Chemical Ltd,01213092,register,AFTON CHEMICAL LIMITED,active,2025-12-31,2026-09-11,accounts-with-accounts-type-full,full,,,likely,pdf (not read),https://find-and-update.company-information.service.gov.uk/company/01213092/filing-history,0,,ORG:104023
AG Paving And Building Products Ltd,NI004475,register,AG PAVING AND BUILDING PRODUCTS LIMITED,active,2025-12-31,2026-09-22,accounts-with-accounts-type-full,full,,,likely,pdf (not read),https://find-and-update.company-information.service.gov.uk/company/NI004475/filing-history,0,,ORG:102853
AGA Print Ltd,04717223,register,AGA PRINT LTD.,active,2024-12-31,2025-09-26,accounts-with-accounts-type-full,full,,,likely,pdf (not read),https://find-and-update.company-information.service.gov.uk/company/04717223/filing-history,0,,ORG:105370
AGA Rangemaster Limited,03872754,register,AGA RANGEMASTER LIMITED,active,2024-12-28,2025-08-29,accounts-with-accounts-type-full,full,,,likely,pdf (not read),https://find-and-update.company-information.service.gov.uk/company/03872754/filing-history,0,,ORG:101460
AgaMatrix Europe Limited,06410118,register,AGAMATRIX EUROPE LIMITED,active,2025-12-31,2026-07-11,accounts-with-accounts-type-full,full,,,likely,pdf (not read),https://find-and-update.company-information.service.gov.uk/company/06410118/filing-history,0,,ORG:117581
AGC Chemicals Europe  Ltd,03825057,register,"AGC CHEMICALS EUROPE, LTD.",active,2024-12-31,2025-09-08,accounts-with-accounts-type-full,full,,,likely,pdf (not read),https://find-and-update.company-information.service.gov.uk/company/03825057/filing-history,0,,ORG:105277
AGC Glass UK Ltd,02570740,register,AGC GLASS UK LTD,active,2025-12-31,2026-07-15,accounts-with-accounts-type-full,full,,,likely,pdf (not read),https://find-and-update.company-information.service.gov.uk/company/02570740/filing-history,0,,ORG:106565
Agco Ltd,00509133,register,AGCO LIMITED,active,2024-12-31,2025-11-17,accounts-with-accounts-type-full,full,,,likely,pdf (not read),https://find-and-update.company-information.service.gov.uk/company/00509133/filing-history,0,,ORG:105208
AGGREGATES R US LTD,06573489,register,AGGREGATES R US LTD,active,2025-12-31,2026-09-30,accounts-with-accounts-type-full,full,35688911,text,yes,xhtml,https://find-and-update.company-information.service.gov.uk/company/06573489/filing-history,0,,ORG:107790
Agile Box Ltd,07974056,register,AGILE BOX LTD,active,2026-03-31,2026-10-02,accounts-with-accounts-type-total-exemption-full,small,,,unknown,xhtml,https://find-and-update.company-information.service.gov.uk/company/07974056/filing-history,0,,ORG:118064
Agilent Technologies LDA UK Limited,08815891,register,AGILENT TECHNOLOGIES LDA UK LIMITED,active,2025-10-31,2026-07-04,accounts-with-accounts-type-full,full,,,likely,pdf (not read),https://find-and-update.company-information.service.gov.uk/company/08815891/filing-history,0,,ORG:103586
Agrial Fresh Produce Ltd,03687920,register,AGRIAL FRESH PRODUCE LTD,active,2025-12-31,2026-09-23,accounts-with-accounts-type-full,full,,,likely,pdf (not read),https://find-and-update.company-information.service.gov.uk/company/03687920/filing-history,0,,ORG:107592
AGRICULTURAL CENTRAL TRADING LIMITED,00713606,register,AGRICULTURAL CENTRAL TRADING LIMITED,active,2025-06-30,2025-10-16,accounts-with-accounts-type-full,full,128881655,ixbrl,yes,xhtml,https://find-and-update.company-information.service.gov.uk/company/00713606/filing-history,0,,ORG:116093
Agrihealth (N.I.) Ltd,NI017710,register,AGRIHEALTH (N.I.) LIMITED,active,2025-09-30,2026-06-30,accounts-with-accounts-type-full,full,22656173,ixbrl,yes,xhtml,https://find-and-update.company-information.service.gov.uk/company/NI017710/filing-history,0,,ORG:101209
Agrovision UK Ltd,13542221,register,AGROVISION UK LIMITED,active,2025-03-31,2026-04-12,accounts-with-accounts-type-small,small,,,unknown,pdf (not read),https://find-and-update.company-information.service.gov.uk/company/13542221/filing-history,0,,ORG:117468
Agrovista UK Limited,03525529,register,AGROVISTA UK LIMITED,active,2025-12-31,2026-09-29,accounts-with-accounts-type-full,full,,,likely,pdf (not read),https://find-and-update.company-information.service.gov.uk/company/03525529/filing-history,0,,ORG:107999
AGTC Ltd,08805177,register,AGTC LTD,active,2024-12-31,2025-09-29,accounts-with-accounts-type-total-exemption-full,small,,,unknown,xhtml,https://find-and-update.company-information.service.gov.uk/company/08805177/filing-history,0,,ORG:101257
AH UK Animal Health (PVT) Ltd,02579457,register,AH UK ANIMAL HEALTH (PVT) LTD,active,2025-12-31,2026-07-10,accounts-with-accounts-type-full,full,,,likely,pdf (not read),https://find-and-update.company-information.service.gov.uk/company/02579457/filing-history,0,,ORG:100236
Ahlstrom Chirnside Ltd,04033572,register,AHLSTROM CHIRNSIDE LIMITED,active,2024-12-31,2026-03-06,accounts-with-accounts-type-full,full,,,likely,pdf (not read),https://find-and-update.company-information.service.gov.uk/company/04033572/filing-history,0,,ORG:103847
Ahmad Tea Limited,02019274,register,AHMAD TEA LIMITED,active,2025-12-31,2026-09-30,accounts-with-accounts-type-full,full,52438404,text,yes,xhtml,https://find-and-update.company-information.service.gov.uk/company/02019274/filing-history,0,,ORG:104817
AI Aqua Zip UK Limited,11111719,register,AI AQUA ZIP UK LIMITED,active,2025-12-31,2026-09-25,accounts-with-accounts-type-full,full,,,likely,pdf (not read),https://find-and-update.company-information.service.gov.uk/company/11111719/filing-history,2,,ORG:103003
AICO,02544399,register,AICO,active,2021-12-31,2022-09-26,accounts-with-accounts-type-full,full,173012661,ixbrl,yes,xhtml,https://find-and-update.company-information.service.gov.uk/company/02544399/filing-history,0,,ORG:106304
Aimia Foods Limited,01542173,register,AIMIA FOODS LIMITED,active,2026-01-03,2026-09-17,accounts-with-accounts-type-full,full,,,likely,pdf (not read),https://find-and-update.company-information.service.gov.uk/company/01542173/filing-history,0,,ORG:104871
Air Business Limited,01977067,register,AIR BUSINESS LIMITED,active,2025-12-31,2026-07-21,accounts-with-accounts-type-full,full,,,likely,pdf (not read),https://find-and-update.company-information.service.gov.uk/company/01977067/filing-history,0,,ORG:100412
Air Liquide UK Limited,00232592,register,AIR LIQUIDE UK LIMITED,active,2025-12-31,2026-08-09,accounts-with-accounts-type-full,full,,,likely,pdf (not read),https://find-and-update.company-information.service.gov.uk/company/00232592/filing-history,4,,ORG:100914
Air Products Group Ltd,03101747,register,AIR PRODUCTS GROUP LIMITED,active,2025-09-30,2026-06-07,accounts-with-accounts-type-full,full,,,likely,pdf (not read),https://find-and-update.company-information.service.gov.uk/company/03101747/filing-history,1,,ORG:104703
Airbus Operations Limited,03468788,register,AIRBUS OPERATIONS LIMITED,active,2025-12-31,2026-05-20,accounts-with-accounts-type-full,full,,,likely,pdf (not read),https://find-and-update.company-information.service.gov.uk/company/03468788/filing-history,0,,ORG:103572
Airea plc,00526657,register,AIREA PLC,active,2025-12-31,2026-06-24,accounts-with-accounts-type-group,group,,,likely,pdf (not read),https://find-and-update.company-information.service.gov.uk/company/00526657/filing-history,1,,ORG:108384
Airedale Chemical Company Limited,01149113,register,AIREDALE CHEMICAL COMPANY LIMITED,active,2025-12-31,2026-09-15,accounts-with-accounts-type-full,full,77297944,text,yes,xhtml,https://find-and-update.company-information.service.gov.uk/company/01149113/filing-history,0,,ORG:100763
Airedale International Air Conditioning Limited,01173149,register,AIREDALE INTERNATIONAL AIR CONDITIONING LIMITED,active,2026-03-31,2026-10-01,accounts-with-accounts-type-full,full,,,likely,pdf (not read),https://find-and-update.company-information.service.gov.uk/company/01173149/filing-history,0,,ORG:104938
Airflow Developments Limited,00550374,register,AIRFLOW DEVELOPMENTS LIMITED,active,2025-12-31,2026-09-30,accounts-with-accounts-type-group,group,32681823,text,yes,xhtml,https://find-and-update.company-information.service.gov.uk/company/00550374/filing-history,0,,ORG:101045
Airpure International Limited,06750724,register,AIRPURE INTERNATIONAL LIMITED,active,2025-03-31,2025-12-23,accounts-with-accounts-type-total-exemption-full,small,,,unknown,xhtml,https://find-and-update.company-information.service.gov.uk/company/06750724/filing-history,0,,ORG:107652
AIRSPRUNG FURNITURE LIMITED,01503406,register,AFL REALISATIONS 2026 LIMITED,administration,2024-03-31,2025-01-02,accounts-with-accounts-type-full,full,,,likely,pdf (not read),https://find-and-update.company-information.service.gov.uk/company/01503406/filing-history,0,,ORG:107160
AIRTECH ADVANCED MATERIALS UK LTD,03153600,register,AIRTECH ADVANCED MATERIALS UK LTD,active,2025-12-31,2026-09-28,accounts-with-accounts-type-group,group,35889890,text,yes,xhtml,https://find-and-update.company-information.service.gov.uk/company/03153600/filing-history,0,,ORG:103506
Airwair International Limited,03009359,register,AIRWAIR INTERNATIONAL LIMITED,active,2025-03-30,2025-09-09,accounts-with-accounts-type-full,full,,,likely,pdf (not read),https://find-and-update.company-information.service.gov.uk/company/03009359/filing-history,0,,ORG:107067
Aisin Europe Manufacturing (UK) Ltd.,03476832,register,AISIN EUROPE MANUFACTURING (UK) LTD.,active,2025-03-31,2025-11-17,accounts-with-accounts-type-full,full,,,likely,pdf (not read),https://find-and-update.company-information.service.gov.uk/company/03476832/filing-history,0,,ORG:100927
AJ Plumbing Supplies Ltd,NI020515,register,A.J. PLUMBING SUPPLIES LIMITED,active,2025-12-31,2026-10-02,accounts-with-accounts-type-group,group,,,likely,pdf (not read),https://find-and-update.company-information.service.gov.uk/company/NI020515/filing-history,0,,ORG:103181
AJINOMOTO FOODS EUROPE S.A.S.,BR015235,register,AJINOMOTO FOODS EUROPE S.A.S.,open,,,,,,,,,https://find-and-update.company-information.service.gov.uk/company/BR015235/filing-history,0,no accounts filing with a document,ORG:107886
AKS Precision Ball Europe Ltd,02343208,register,AKS PRECISION BALL EUROPE LIMITED,active,2025-03-31,2025-11-12,accounts-with-accounts-type-full,full,,,likely,pdf (not read),https://find-and-update.company-information.service.gov.uk/company/02343208/filing-history,0,,ORG:116579
AKW Medi-Care Ltd,02764920,register,AKW MEDI-CARE LIMITED,active,2025-12-31,2026-09-16,accounts-with-accounts-type-group,group,,,likely,pdf (not read),https://find-and-update.company-information.service.gov.uk/company/02764920/filing-history,0,,ORG:107187
Akzo Nobel Aerospace Coatings Ltd,00938151,register,AKZO NOBEL AEROSPACE COATINGS LIMITED,active,2025-12-31,2026-08-19,accounts-with-accounts-type-full,full,,,likely,pdf (not read),https://find-and-update.company-information.service.gov.uk/company/00938151/filing-history,0,,ORG:101397
Akzo Nobel Coatings Ltd,03124411,register,AKZO NOBEL COATINGS LIMITED,active,2025-12-31,2026-08-19,accounts-with-accounts-type-full,full,,,likely,pdf (not read),https://find-and-update.company-information.service.gov.uk/company/03124411/filing-history,0,,ORG:102491
Akzo Nobel Industrial Coatings Ltd,02648158,register,AKZO NOBEL INDUSTRIAL COATINGS LIMITED,active,2025-12-31,2026-08-19,accounts-with-accounts-type-full,full,,,likely,pdf (not read),https://find-and-update.company-information.service.gov.uk/company/02648158/filing-history,0,,ORG:108422
Akzo Nobel Packaging Coatings Ltd,00059837,register,AKZO NOBEL PACKAGING COATINGS LIMITED,active,2025-12-31,2026-08-19,accounts-with-accounts-type-full,full,,,likely,pdf (not read),https://find-and-update.company-information.service.gov.uk/company/00059837/filing-history,0,,ORG:101431
Akzo Nobel Powder Coatings Ltd,01725413,register,AKZO NOBEL POWDER COATINGS LIMITED,active,2025-12-31,2026-08-19,accounts-with-accounts-type-full,full,,,likely,pdf (not read),https://find-and-update.company-information.service.gov.uk/company/01725413/filing-history,0,,ORG:103347
AL-KO Gardentech UK Ltd,02311359,register,AL-KO GARDENTECH UK LTD,active,2025-12-31,2026-03-27,accounts-with-accounts-type-medium,medium,11237088,ixbrl,yes,xhtml,https://find-and-update.company-information.service.gov.uk/company/02311359/filing-history,0,,ORG:100293
ALAN BAYBUTT & SONS LIMITED,04691321,register,ALAN BAYBUTT & SONS LIMITED,active,2025-04-30,2026-01-30,accounts-with-accounts-type-full,full,17126370,text,yes,xhtml,https://find-and-update.company-information.service.gov.uk/company/04691321/filing-history,0,,ORG:108326
Alba Trees Ltd,02188633,register,ALBA TREES LIMITED,active,2025-08-31,2026-03-20,accounts-with-accounts-type-full,full,9363712,text,yes,xhtml,https://find-and-update.company-information.service.gov.uk/company/02188633/filing-history,0,,ORG:103836
Albert Bartlet & Sons (Airdrie) Limited,SC037896,register,ALBERT BARTLETT & SONS (AIRDRIE) LIMITED,active,2025-05-31,2026-02-19,accounts-with-accounts-type-full,full,,,likely,pdf (not read),https://find-and-update.company-information.service.gov.uk/company/SC037896/filing-history,0,,ORG:106662
ALBION COMPONENTS LTD,07163111,register,ALBION COMPONENTS LTD,active,2025-09-30,2026-06-19,accounts-with-accounts-type-total-exemption-full,small,,,unknown,xhtml,https://find-and-update.company-information.service.gov.uk/company/07163111/filing-history,0,,ORG:115222
Albion Fine Foods Ltd,10379589,register,ALBION FINE FOODS LIMITED,active,2025-12-31,2026-05-24,accounts-with-accounts-type-audit-exemption-subsiduary,subsidiary,,,unknown,pdf (not read),https://find-and-update.company-information.service.gov.uk/company/10379589/filing-history,0,,ORG:108033
Albis (U.K) Limited,00886913,register,ALBIS (U.K.) LIMITED,active,2025-12-31,2026-09-10,accounts-with-accounts-type-full,full,33196751,text,yes,xhtml,https://find-and-update.company-information.service.gov.uk/company/00886913/filing-history,0,,ORG:105956
Alcon Eye Care UK Ltd,00809238,register,ALCON EYE CARE UK LIMITED,active,2025-12-31,2026-09-14,accounts-with-accounts-type-total-exemption-full,small,177861,ixbrl,no,xhtml,https://find-and-update.company-information.service.gov.uk/company/00809238/filing-history,0,,ORG:106066
ALCURA UK LIMITED,02945457,register,ALCURA UK LIMITED,active,2025-09-30,2026-07-04,accounts-with-accounts-type-full,full,,,likely,pdf (not read),https://find-and-update.company-information.service.gov.uk/company/02945457/filing-history,0,,ORG:103898
Aldi Stores Ltd,02321869,register,ALDI STORES LIMITED,active,2025-12-31,2026-10-01,accounts-with-accounts-type-group,group,,,likely,pdf (not read),https://find-and-update.company-information.service.gov.uk/company/02321869/filing-history,0,,ORG:103104
Aldridge Security Ltd,00835629,register,ALDRIDGE SECURITY LIMITED,active,2025-12-31,2026-09-30,accounts-with-accounts-type-full,full,42459543,ixbrl,yes,xhtml,https://find-and-update.company-information.service.gov.uk/company/00835629/filing-history,0,,ORG:116082
Alec Jarrett Limited,00723594,register,ALEC JARRETT LIMITED,active,2025-01-31,2025-10-07,accounts-with-accounts-type-full,full,62698330,text,yes,xhtml,https://find-and-update.company-information.service.gov.uk/company/00723594/filing-history,0,,ORG:101166
ALEXANDER DENNIS LIMITED,SC268016,register,ALEXANDER DENNIS LIMITED,active,2024-12-29,2026-01-08,accounts-with-accounts-type-full,full,,,likely,pdf (not read),https://find-and-update.company-information.service.gov.uk/company/SC268016/filing-history,0,,ORG:106781
Alexander McQueen Trading Ltd,04438273,register,ALEXANDER MCQUEEN TRADING LIMITED,active,2025-12-31,2026-10-06,accounts-with-accounts-type-full,full,,,likely,pdf (not read),https://find-and-update.company-information.service.gov.uk/company/04438273/filing-history,0,,ORG:115052
Alexander Rose Ltd,02892358,register,ALEXANDER ROSE LTD.,active,2025-08-29,2026-08-27,accounts-with-accounts-type-total-exemption-full,small,6476588,ixbrl,yes,xhtml,https://find-and-update.company-information.service.gov.uk/company/02892358/filing-history,0,,ORG:100133
Alexander Ross Holdings Limited,SC104728,register,ALEXANDER ROSS HOLDINGS LIMITED,active,2025-12-31,2026-09-09,accounts-with-accounts-type-group,group,,,likely,xhtml,https://find-and-update.company-information.service.gov.uk/company/SC104728/filing-history,3,,ORG:111510
Alexir Packaging Limited,02381060,register,ALEXIR PACKAGING LIMITED,active,2025-07-31,2025-12-31,accounts-with-accounts-type-group,group,,,likely,pdf (not read),https://find-and-update.company-information.service.gov.uk/company/02381060/filing-history,1,,ORG:103154
Alfa Chemicals Ltd,01254437,register,ALFA CHEMICALS LIMITED,active,2025-12-31,2026-06-22,accounts-with-accounts-type-full,full,18977372,ixbrl,yes,xhtml,https://find-and-update.company-information.service.gov.uk/company/01254437/filing-history,0,,ORG:103390
ALFA LAVAL LIMITED,00187261,register,ALFA LAVAL LIMITED,active,2025-12-31,2026-09-25,accounts-with-accounts-type-full,full,,,likely,pdf (not read),https://find-and-update.company-information.service.gov.uk/company/00187261/filing-history,1,,ORG:103118
Alfrecell Limited,00665376,register,ALFRECELL LIMITED,active,2025-12-30,2026-10-05,accounts-with-accounts-type-full,full,,,likely,pdf (not read),https://find-and-update.company-information.service.gov.uk/company/00665376/filing-history,0,,ORG:105520
Alfred Franks & Bartlett plc,02937270,register,ALFRED FRANKS & BARTLETT PLC,active,2025-11-30,2026-05-29,accounts-with-accounts-type-full,full,16470224,text,yes,xhtml,https://find-and-update.company-information.service.gov.uk/company/02937270/filing-history,1,,ORG:103428
Alfred G Pearce Limited,00980985,register,ALFRED G PEARCE LIMITED,active,2025-06-28,2026-03-31,accounts-with-accounts-type-full,full,30094239,text,yes,xhtml,https://find-and-update.company-information.service.gov.uk/company/00980985/filing-history,0,,ORG:116924
Alfred Price and Sons Ltd,00343399,register,"ALFRED PRICE & SONS,LIMITED",active,2025-08-31,2026-05-19,accounts-with-accounts-type-full,full,18555737,text,yes,xhtml,https://find-and-update.company-information.service.gov.uk/company/00343399/filing-history,0,,ORG:103486
ALIAXIS UK LIMITED,01698059,register,ALIAXIS UK LIMITED,active,2024-12-31,2025-09-30,accounts-with-accounts-type-full,full,,,likely,pdf (not read),https://find-and-update.company-information.service.gov.uk/company/01698059/filing-history,0,,ORG:102075
ALL ABOUT BRICKS LIMITED,02661954,register,ALL ABOUT BRICKS LIMITED,active,2025-12-31,2026-05-27,accounts-with-accounts-type-full,full,19755415,ixbrl,yes,xhtml,https://find-and-update.company-information.service.gov.uk/company/02661954/filing-history,0,,ORG:107284
All About Food Ltd,03411600,register,ALL ABOUT FOOD LIMITED,active,2025-03-02,2025-10-02,accounts-with-accounts-type-group,group,,,likely,pdf (not read),https://find-and-update.company-information.service.gov.uk/company/03411600/filing-history,0,,ORG:104238
ALL MARKET EUROPE LIMITED,07088143,register,ALL MARKET EUROPE LIMITED,active,2025-12-31,2026-09-30,accounts-with-accounts-type-full,full,,,likely,pdf (not read),https://find-and-update.company-information.service.gov.uk/company/07088143/filing-history,0,,ORG:101558
All Metal Services Limited,01159685,register,ALL METAL SERVICES LIMITED,active,2024-12-31,2025-08-21,accounts-with-accounts-type-full,full,,,likely,pdf (not read),https://find-and-update.company-information.service.gov.uk/company/01159685/filing-history,0,,ORG:106335
All Pallets Ltd,02794548,register,ALL PALLETS LIMITED,active,2025-12-31,2026-05-20,accounts-with-accounts-type-small,small,,,unknown,pdf (not read),https://find-and-update.company-information.service.gov.uk/company/02794548/filing-history,0,,ORG:115098
All Purpose Cleaning and Catering Supplies Ltd,03713077,register,ALL PURPOSE CLEANING AND CATERING SUPPLIES LTD,active,2025-03-31,2025-08-06,accounts-with-accounts-type-total-exemption-full,small,,,unknown,xhtml,https://find-and-update.company-information.service.gov.uk/company/03713077/filing-history,0,,ORG:116961
ALL SAINTS RETAIL LIMITED,04096157,register,ALL SAINTS RETAIL LIMITED,active,2025-02-01,2025-10-29,accounts-with-accounts-type-group,group,,,likely,pdf (not read),https://find-and-update.company-information.service.gov.uk/company/04096157/filing-history,1,,ORG:107643
All4Labels UK Ltd,02846398,register,ALL4LABELS UK LTD,active,2025-12-31,2026-09-24,accounts-with-accounts-type-full,full,15827082,text,yes,xhtml,https://find-and-update.company-information.service.gov.uk/company/02846398/filing-history,0,,ORG:106311
Allbirds UK Ltd,11350304,register,ALLBIRDS UK LIMITED,active,2024-12-31,2025-12-01,accounts-with-accounts-type-small,small,,,unknown,pdf (not read),https://find-and-update.company-information.service.gov.uk/company/11350304/filing-history,0,,ORG:106072
Allegion (UK) Limited,00029131,register,ALLEGION (UK) LIMITED,active,2025-12-31,2026-07-15,accounts-with-accounts-type-full,full,,,likely,pdf (not read),https://find-and-update.company-information.service.gov.uk/company/00029131/filing-history,2,,ORG:105215
Allen & Page Ltd,00318101,register,"ALLEN & PAGE,LIMITED",active,2025-08-29,2026-06-02,accounts-with-accounts-type-medium,medium,,,likely,pdf (not read),https://find-and-update.company-information.service.gov.uk/company/00318101/filing-history,0,,ORG:103609
ALLEN MARMOT (EUROPEAN) LIMITED,00929440,register,ALLEN MARMOT (EUROPEAN) LIMITED,active,2025-03-31,2025-09-03,accounts-with-accounts-type-total-exemption-full,small,,,unknown,xhtml,https://find-and-update.company-information.service.gov.uk/company/00929440/filing-history,0,,ORG:104760
Allensmore Nurseries Limited,02202142,register,ALLENSMORE NURSERIES LIMITED,active,2025-09-30,2026-04-28,accounts-with-accounts-type-medium,medium,27323487,ixbrl,yes,xhtml,https://find-and-update.company-information.service.gov.uk/company/02202142/filing-history,0,,ORG:102002
Allflex UK Group Limited,07330611,register,ALLFLEX UK GROUP LIMITED,active,2025-12-31,2026-09-11,accounts-with-accounts-type-full,full,,,likely,pdf (not read),https://find-and-update.company-information.service.gov.uk/company/07330611/filing-history,0,,ORG:105405
Alliance Boots Holdings Limited,04452715,register,ALLIANCE BOOTS HOLDINGS LIMITED,active,2025-08-31,2026-08-26,accounts-with-accounts-type-full,full,,,likely,pdf (not read),https://find-and-update.company-information.service.gov.uk/company/04452715/filing-history,6,,ORG:102507
Alliance Disposables Limited,03747333,register,ALLIANCE DISPOSABLES LIMITED,active,2025-09-30,2026-05-12,accounts-with-accounts-type-group,group,174539574,text,yes,xhtml,https://find-and-update.company-information.service.gov.uk/company/03747333/filing-history,0,,ORG:100159
Alliance Group (NZ) Limited,01256992,register,ALLIANCE GROUP (NZ) LIMITED,active,2025-09-27,2026-03-15,accounts-with-accounts-type-full,full,,,likely,pdf (not read),https://find-and-update.company-information.service.gov.uk/company/01256992/filing-history,0,,ORG:104176
Alliance Healthcare (Distribution) Ltd,03446039,register,ALLIANCE HEALTHCARE (DISTRIBUTION) LIMITED,active,2025-09-30,2026-07-04,accounts-with-accounts-type-full,full,,,likely,pdf (not read),https://find-and-update.company-information.service.gov.uk/company/03446039/filing-history,0,,ORG:111317
Alliance Pharmaceuticals Ltd,03250064,register,ALLIANCE PHARMACEUTICALS LIMITED,active,2024-12-31,2025-06-30,accounts-with-accounts-type-full,full,,,likely,pdf (not read),https://find-and-update.company-information.service.gov.uk/company/03250064/filing-history,0,,ORG:111298
ALLIANCE SANITARY PRODUCTS LIMITED,SC261393,register,ALLIANCE SANITARY PRODUCTS LIMITED,active,2025-12-31,2026-08-10,accounts-with-accounts-type-full,full,14726662,text,yes,xhtml,https://find-and-update.company-information.service.gov.uk/company/SC261393/filing-history,0,,ORG:106482
Alliance Wine Company Ltd,SC090255,register,ALLIANCE WINE COMPANY LIMITED,active,2025-05-31,2026-03-13,accounts-with-accounts-type-medium,medium,40831763,ixbrl,yes,xhtml,https://find-and-update.company-information.service.gov.uk/company/SC090255/filing-history,1,,ORG:100324
Allied Comline Limited,03425533,register,ALLIED COMLINE LIMITED,active,2026-03-31,2026-07-03,accounts-with-accounts-type-full,full,13560265,ixbrl,yes,xhtml,https://find-and-update.company-information.service.gov.uk/company/03425533/filing-history,0,,ORG:102859
Allied International Trading Ltd,03232058,register,ALLIED INTERNATIONAL TRADING LIMITED,active,2025-12-31,2026-09-30,accounts-with-accounts-type-group,group,,,likely,xhtml,https://find-and-update.company-information.service.gov.uk/company/03232058/filing-history,0,,ORG:104593
Allied Mills Limited,12777595,register,ALLIED MILLS LIMITED,active,2025-08-30,2026-05-15,accounts-with-accounts-type-full,full,,,likely,pdf (not read),https://find-and-update.company-information.service.gov.uk/company/12777595/filing-history,0,,ORG:101539
Alligator Products Limited,09117606,register,ALLIGATOR PRODUCTS LIMITED,active,2025-12-31,2026-07-30,accounts-with-accounts-type-total-exemption-full,small,,,unknown,xhtml,https://find-and-update.company-information.service.gov.uk/company/09117606/filing-history,0,,ORG:116042
Allison Baby UK Limited,07584473,register,ALLISON BABY UK LIMITED,active,2025-12-31,2026-09-30,accounts-with-accounts-type-full,full,88072238,ixbrl,yes,xhtml,https://find-and-update.company-information.service.gov.uk/company/07584473/filing-history,0,,ORG:100912
Allmand - Smith Limited,00960001,register,ALLMAND - SMITH LIMITED,active,2024-12-31,2025-09-29,accounts-with-accounts-type-full,full,17657419,text,yes,xhtml,https://find-and-update.company-information.service.gov.uk/company/00960001/filing-history,0,,ORG:102551
Allmanhall Ltd,05935849,register,ALLMANHALL LTD,active,2025-08-31,2025-12-09,accounts-with-accounts-type-medium,medium,61524025,ixbrl,yes,xhtml,https://find-and-update.company-information.service.gov.uk/company/05935849/filing-history,0,,ORG:107754
Allnex Resins UK Limited,05235281,register,ALLNEX RESINS UK LIMITED,active,2025-12-31,2026-04-23,accounts-with-accounts-type-full,full,,,likely,pdf (not read),https://find-and-update.company-information.service.gov.uk/company/05235281/filing-history,0,,ORG:115980
ALLOGA UK LIMITED,03169255,register,ALLOGA UK LIMITED,active,2025-09-30,2026-07-04,accounts-with-accounts-type-full,full,,,likely,pdf (not read),https://find-and-update.company-information.service.gov.uk/company/03169255/filing-history,0,,ORG:101735
Allpack Packaging Limited,08431220,register,ALLPACK PACKAGING LIMITED,active,2025-12-31,2026-09-04,accounts-with-accounts-type-medium,medium,39139882,ixbrl,yes,xhtml,https://find-and-update.company-information.service.gov.uk/company/08431220/filing-history,0,,ORG:116195
ALLPRESS ESPRESSO UK LIMITED,07125414,register,ALLPRESS ESPRESSO UK LIMITED,active,2025-12-31,2026-08-21,accounts-with-accounts-type-full,full,,,likely,pdf (not read),https://find-and-update.company-information.service.gov.uk/company/07125414/filing-history,0,,ORG:116113
ALLPRINT SUPPLIES LIMITED,03744718,register,ALLPRINT SUPPLIES LIMITED,active,2025-12-31,2026-09-25,accounts-with-accounts-type-medium,medium,16028721,ixbrl,yes,xhtml,https://find-and-update.company-information.service.gov.uk/company/03744718/filing-history,0,,ORG:106372
Alltech (U.K.) Limited,01634012,register,ALLTECH (U.K.) LIMITED,active,2025-12-31,2026-07-17,accounts-with-accounts-type-full,full,,,likely,pdf (not read),https://find-and-update.company-information.service.gov.uk/company/01634012/filing-history,0,,ORG:114869
Allwise Holdings Limited,11162691,register,ALLWISE HOLDINGS LIMITED,active,2025-06-30,2026-09-14,accounts-with-accounts-type-group,group,,,likely,pdf (not read),https://find-and-update.company-information.service.gov.uk/company/11162691/filing-history,2,,ORG:103230
ALLWYN ENTERTAINMENT LTD,13157556,register,ALLWYN ENTERTAINMENT LTD,active,2025-12-31,2026-07-10,accounts-with-accounts-type-full,full,,,likely,pdf (not read),https://find-and-update.company-information.service.gov.uk/company/13157556/filing-history,0,,ORG:116811
Almac Group Ltd,NI041551,register,ALMAC GROUP LIMITED,active,2025-09-30,2026-05-29,accounts-with-accounts-type-group,group,,,likely,pdf (not read),https://find-and-update.company-information.service.gov.uk/company/NI041551/filing-history,4,,ORG:101254
Alpargatas UK Ltd,06590653,register,ALPARGATAS UK LIMITED,active,2025-12-31,2026-10-02,accounts-with-accounts-type-small,small,,,unknown,xhtml,https://find-and-update.company-information.service.gov.uk/company/06590653/filing-history,0,,ORG:108569
ALPEK POLYESTER UK LTD,07108602,register,ALPEK POLYESTER UK LTD,active,2025-12-31,2026-06-08,accounts-with-accounts-type-full,full,,,likely,pdf (not read),https://find-and-update.company-information.service.gov.uk/company/07108602/filing-history,0,,ORG:105611
Alpha 3 Manufacturing Ltd,01065925,register,ALPHA 3 MANUFACTURING LIMITED,active,2025-06-27,2025-10-03,accounts-with-accounts-type-full,full,7784000,text,yes,xhtml,https://find-and-update.company-information.service.gov.uk/company/01065925/filing-history,1,,ORG:107788
Alpha Adhesives & Sealants Limited,02154019,register,ALPHA ADHESIVES AND SEALANTS LIMITED,active,2025-12-31,2026-09-30,accounts-with-accounts-type-total-exemption-full,small,,,unknown,xhtml,https://find-and-update.company-information.service.gov.uk/company/02154019/filing-history,0,,ORG:100786
Alpha Coatings Limited,07836091,register,ALPHA COATINGS LIMITED,active,2025-12-31,2026-09-21,accounts-with-accounts-type-full,full,14259055,text,yes,xhtml,https://find-and-update.company-information.service.gov.uk/company/07836091/filing-history,0,,ORG:102841
Alpha Laboratories Ltd,01215816,register,ALPHA LABORATORIES LIMITED,active,2025-09-30,2026-06-30,accounts-with-accounts-type-full,full,16815086,text,yes,xhtml,https://find-and-update.company-information.service.gov.uk/company/01215816/filing-history,0,,ORG:114481
Alpha Therm Limited,00882439,register,ALPHA THERM LIMITED,active,2025-12-31,2026-03-23,accounts-with-accounts-type-full,full,25253682,text,yes,xhtml,https://find-and-update.company-information.service.gov.uk/company/00882439/filing-history,0,,ORG:105905
Alphatheta EMEA Ltd,09230173,register,ALPHATHETA EMEA LIMITED,active,2025-12-31,2026-07-28,accounts-with-accounts-type-full,full,,,likely,pdf (not read),https://find-and-update.company-information.service.gov.uk/company/09230173/filing-history,0,,ORG:107842
ALPLA UK LIMITED,02482190,register,ALPLA UK LIMITED,active,2025-12-31,2026-09-25,accounts-with-accounts-type-full,full,,,likely,pdf (not read),https://find-and-update.company-information.service.gov.uk/company/02482190/filing-history,0,,ORG:102226
Alpro (UK) Ltd,03708934,register,ALPRO (UK) LIMITED,active,2025-12-31,2026-08-14,accounts-with-accounts-type-full,full,,,likely,pdf (not read),https://find-and-update.company-information.service.gov.uk/company/03708934/filing-history,0,,ORG:104975
Alsico Laucuba Ltd,06224973,register,ALSICO LAUCUBA LTD,active,2025-12-31,2026-09-15,accounts-with-accounts-type-group,group,,,likely,pdf (not read),https://find-and-update.company-information.service.gov.uk/company/06224973/filing-history,0,,ORG:102169
Alstom Engineering And Services Ltd,02235994,register,ALSTOM ENGINEERING AND SERVICES LIMITED,active,2026-03-31,2026-08-10,accounts-with-accounts-type-full,full,,,likely,pdf (not read),https://find-and-update.company-information.service.gov.uk/company/02235994/filing-history,0,,ORG:102593
Alstons (Upholstery) Limited,00491171,register,ALSTONS (UPHOLSTERY) LIMITED,active,2024-12-31,2026-02-05,accounts-with-accounts-type-full,full,,,likely,pdf (not read),https://find-and-update.company-information.service.gov.uk/company/00491171/filing-history,0,,ORG:106672
Altair (UK) Ltd,08774049,register,ALTAIR (UK) LTD,active,2025-06-30,2026-01-29,accounts-with-accounts-type-full,full,,,likely,pdf (not read),https://find-and-update.company-information.service.gov.uk/company/08774049/filing-history,0,,ORG:117429
Altecnic Ltd,02095101,register,ALTECNIC LIMITED,active,2025-12-31,2026-09-21,accounts-with-accounts-type-full,full,,,likely,pdf (not read),https://find-and-update.company-information.service.gov.uk/company/02095101/filing-history,0,,ORG:100506
Alti`s Catering Ltd,05249209,register,ALTI`S CATERING LIMITED,active,2025-03-31,2025-10-23,accounts-with-accounts-type-total-exemption-full,small,,,unknown,xhtml,https://find-and-update.company-information.service.gov.uk/company/05249209/filing-history,0,,ORG:115207
Altnet Solutions Ltd,12594543,register,ALTNET SOLUTIONS LTD,active,2025-10-31,2026-06-19,accounts-with-accounts-type-total-exemption-full,small,,,unknown,xhtml,https://find-and-update.company-information.service.gov.uk/company/12594543/filing-history,0,,ORG:108278
Altonpride Limited,02382415,register,ALTONPRIDE LIMITED,active,2025-03-31,2025-12-11,accounts-with-accounts-type-total-exemption-full,small,,,unknown,xhtml,https://find-and-update.company-information.service.gov.uk/company/02382415/filing-history,0,,ORG:116346
ALTRIPAN UK LIMITED,06245964,register,ALTRIPAN UK LIMITED,active,2025-11-30,2026-04-22,accounts-with-accounts-type-medium,medium,23053650,ixbrl,yes,xhtml,https://find-and-update.company-information.service.gov.uk/company/06245964/filing-history,0,,ORG:102178
Altro Ltd,00154159,register,ALTRO LIMITED,active,2025-12-31,2026-08-11,accounts-with-accounts-type-full,full,,,likely,pdf (not read),https://find-and-update.company-information.service.gov.uk/company/00154159/filing-history,0,,ORG:100462
Altruist Brands Ltd,SC695154,register,ALTRUIST BRANDS LTD,active,2025-12-31,2026-09-30,accounts-with-accounts-type-total-exemption-full,small,,,unknown,xhtml,https://find-and-update.company-information.service.gov.uk/company/SC695154/filing-history,0,,ORG:115755
AluK (GB) Limited,02881320,register,ALUK (GB) LIMITED,active,2025-08-31,2026-08-31,accounts-with-accounts-type-full,full,,,likely,xhtml,https://find-and-update.company-information.service.gov.uk/company/02881320/filing-history,0,,ORG:101338
Aluminium Roofline Products Limited,03876125,register,ALUMINIUM ROOFLINE PRODUCTS LIMITED,active,2025-06-30,2026-01-27,accounts-with-accounts-type-full,full,,,likely,pdf (not read),https://find-and-update.company-information.service.gov.uk/company/03876125/filing-history,0,,ORG:101145
Alvis Brothers Limited,00502230,register,ALVIS BROTHERS LIMITED,active,2025-03-31,2025-12-31,accounts-with-accounts-type-full,full,20348942,ixbrl,yes,xhtml,https://find-and-update.company-information.service.gov.uk/company/00502230/filing-history,0,,ORG:106371
Alwayse Engineering Limited,00362715,register,ALWAYSE ENGINEERING LIMITED,active,2025-12-31,2026-03-25,accounts-with-accounts-type-small,small,,,unknown,xhtml,https://find-and-update.company-information.service.gov.uk/company/00362715/filing-history,0,,ORG:116258
AM Fresh Group UK Limited,08605370,register,AM FRESH GROUP UK LIMITED,active,2025-08-31,2026-07-07,accounts-with-accounts-type-full,full,,,likely,pdf (not read),https://find-and-update.company-information.service.gov.uk/company/08605370/filing-history,4,,ORG:108575
Amada United Kingdom Limited,01063206,register,AMADA UNITED KINGDOM LIMITED,active,2025-03-31,2025-11-24,accounts-with-accounts-type-full,full,,,likely,pdf (not read),https://find-and-update.company-information.service.gov.uk/company/01063206/filing-history,0,,ORG:101038
Amann Threads UK Limited,00519347,register,AMANN THREADS UK LIMITED,active,2025-12-31,2026-08-09,accounts-with-accounts-type-full,full,,,likely,pdf (not read),https://find-and-update.company-information.service.gov.uk/company/00519347/filing-history,0,,ORG:102686
AMARI METALS ENGINEERING GROUP LIMITED,14134425,register,AMARI METALS ENGINEERING GROUP LIMITED,active,2025-12-31,2026-09-28,accounts-with-accounts-type-group,group,,,likely,pdf (not read),https://find-and-update.company-information.service.gov.uk/company/14134425/filing-history,16,,ORG:108070
AMARI METALS LIMITED,02023155,register,AMARI METALS LIMITED,active,2025-12-31,2026-09-28,accounts-with-accounts-type-group,group,,,likely,pdf (not read),https://find-and-update.company-information.service.gov.uk/company/02023155/filing-history,2,,ORG:103629
AMASIS LTD,04270218,register,AMASIS LIMITED,active,2025-07-31,2026-04-27,accounts-with-accounts-type-total-exemption-full,small,,,unknown,xhtml,https://find-and-update.company-information.service.gov.uk/company/04270218/filing-history,0,,ORG:106893
Amathus Drinks Plc,01689532,register,AMATHUS DRINKS PLC,active,2024-12-31,2025-09-24,accounts-with-accounts-type-full,full,32269311,ixbrl,yes,xhtml,https://find-and-update.company-information.service.gov.uk/company/01689532/filing-history,0,,ORG:105164
Amazon EU S.à r.l.,,,,,,,,,,,,,,0,no Companies House number in register and no exact name match,ORG:108619
Amazon EU SARL  UK Branch,FC032354,register,"AMAZON EU SARL, UK BRANCH",active,2025-12-31,2026-06-29,accounts-with-accounts-type-full,full,,,likely,pdf (not read),https://find-and-update.company-information.service.gov.uk/company/FC032354/filing-history,0,,ORG:103051
AMAZON FILTERS LIMITED,01318147,register,AMAZON FILTERS LIMITED,active,2025-02-28,2025-06-02,accounts-with-accounts-type-group,group,,,likely,pdf (not read),https://find-and-update.company-information.service.gov.uk/company/01318147/filing-history,0,,ORG:100529
AMBALA FOODS LIMITED,06544656,register,AMBALA FOODS LIMITED,active,2025-03-31,2026-01-07,accounts-with-accounts-type-full,full,,,likely,pdf (not read),https://find-and-update.company-information.service.gov.uk/company/06544656/filing-history,0,,ORG:117415
AMBER BEVERAGE UK LIMITED,03705002,register,AMBER BEVERAGE UK LIMITED,active,2024-12-31,2026-01-29,accounts-with-accounts-type-full,full,39513540,ixbrl,yes,xhtml,https://find-and-update.company-information.service.gov.uk/company/03705002/filing-history,0,,ORG:105809
Amber House Ltd,05317536,register,AMBER HOUSE LIMITED,active,2025-12-31,2026-03-05,accounts-with-accounts-type-full,full,15481463,text,yes,xhtml,https://find-and-update.company-information.service.gov.uk/company/05317536/filing-history,0,,ORG:106929
Amber Taverns Limited,05335601,register,AMBER TAVERNS LIMITED,active,2025-02-02,2025-10-29,accounts-with-accounts-type-full,full,,,likely,pdf (not read),https://find-and-update.company-information.service.gov.uk/company/05335601/filing-history,0,,ORG:101847
Ambican (UK) Ltd,05803209,register,AMBICAN (UK) LTD,active,2025-05-31,2026-02-25,accounts-with-accounts-type-total-exemption-full,small,,,unknown,xhtml,https://find-and-update.company-information.service.gov.uk/company/05803209/filing-history,0,,ORG:101934
AMC Natural Drinks UK Ltd,12224593,register,AMC NATURAL DRINKS UK LIMITED,active,2025-12-31,2026-04-26,accounts-with-accounts-type-full,full,,,likely,pdf (not read),https://find-and-update.company-information.service.gov.uk/company/12224593/filing-history,0,,ORG:103905
Amcol Minerals EU Ltd,04374403,register,AMCOL MINERALS EU LIMITED,active,2024-12-31,2025-12-19,accounts-with-accounts-type-full,full,,,likely,pdf (not read),https://find-and-update.company-information.service.gov.uk/company/04374403/filing-history,2,,ORG:106090
AMCOR FLEXIBLES DISTRIBUTION UK LIMITED,00949464,register,AMCOR FLEXIBLES DISTRIBUTION UK LIMITED,active,2025-12-31,2026-06-26,accounts-with-accounts-type-full,full,14735000,ixbrl,yes,xhtml,https://find-and-update.company-information.service.gov.uk/company/00949464/filing-history,0,,ORG:107531
AMCOR FLEXIBLES SWANSEA LIMITED,04039373,register,AMCOR FLEXIBLES SWANSEA LIMITED,active,2025-12-31,2026-09-07,accounts-with-accounts-type-full,full,,,likely,xhtml,https://find-and-update.company-information.service.gov.uk/company/04039373/filing-history,0,,ORG:104886
AMCOR FLEXIBLES UK LIMITED,02808801,register,AMCOR FLEXIBLES UK LIMITED,active,2025-06-30,2026-03-31,accounts-with-accounts-type-full,full,,,likely,pdf (not read),https://find-and-update.company-information.service.gov.uk/company/02808801/filing-history,1,,ORG:102807
AMCOR PACKAGING UK LIMITED,00409295,register,AMCOR PACKAGING UK LIMITED,active,2025-06-30,2026-03-31,accounts-with-accounts-type-full,full,,,likely,pdf (not read),https://find-and-update.company-information.service.gov.uk/company/00409295/filing-history,0,,ORG:105139
Amega Sciences Limited,01840633,register,AMEGA SCIENCES LIMITED,active,2025-12-31,2026-10-07,accounts-with-accounts-type-full,full,,,likely,pdf (not read),https://find-and-update.company-information.service.gov.uk/company/01840633/filing-history,0,,ORG:106026
Amelia Knight Ltd,03142087,register,AMELIA KNIGHT LIMITED,active,2024-12-31,2025-09-29,accounts-with-accounts-type-full,full,36458384,ixbrl,yes,xhtml,https://find-and-update.company-information.service.gov.uk/company/03142087/filing-history,0,,ORG:111262
AMENITY HORTICULTURAL SERVICES LIMITED,02803955,register,AMENITY HORTICULTURAL SERVICES LIMITED,active,2025-04-30,2026-01-30,accounts-with-accounts-type-medium,medium,18321557,ixbrl,yes,xhtml,https://find-and-update.company-information.service.gov.uk/company/02803955/filing-history,0,,ORG:106136
Amer Sports UK Services Limited,SC036215,register,AMER SPORTS UK SERVICES LIMITED,active,2024-12-31,2025-09-29,accounts-with-accounts-type-full,full,,,likely,pdf (not read),https://find-and-update.company-information.service.gov.uk/company/SC036215/filing-history,1,,ORG:102817
Ametek European Holdings Ltd,07397586,register,AMETEK EUROPEAN HOLDINGS LIMITED,active,2024-12-31,2026-01-05,accounts-with-accounts-type-full,full,,,likely,pdf (not read),https://find-and-update.company-information.service.gov.uk/company/07397586/filing-history,11,,ORG:105399
AMG Chrome Ltd,00345279,register,AMG CHROME LIMITED,active,2025-12-31,2026-09-30,accounts-with-accounts-type-full,full,,,likely,pdf (not read),https://find-and-update.company-information.service.gov.uk/company/00345279/filing-history,1,,ORG:100837
AMG Group Limited,SC244104,register,AMG GROUP LIMITED,active,2025-12-31,2026-09-17,accounts-with-accounts-type-full,full,,,likely,pdf (not read),https://find-and-update.company-information.service.gov.uk/company/SC244104/filing-history,0,,ORG:108253
Amgen Limited,02354269,register,AMGEN LIMITED,active,2025-12-31,2026-08-10,accounts-with-accounts-type-full,full,,,likely,pdf (not read),https://find-and-update.company-information.service.gov.uk/company/02354269/filing-history,0,,ORG:106145
Amipak Ltd,03708621,register,AMIPAK LIMITED,active,2025-05-31,2026-02-25,accounts-with-accounts-type-full,full,25719813,ixbrl,yes,xhtml,https://find-and-update.company-information.service.gov.uk/company/03708621/filing-history,0,,ORG:104910
AMIROSE LONDON LIMITED,07103699,register,AMIROSE LONDON LIMITED,active,2025-03-31,2025-12-24,accounts-with-accounts-type-medium,medium,10980226,ixbrl,yes,xhtml,https://find-and-update.company-information.service.gov.uk/company/07103699/filing-history,0,,ORG:108247
Amnack Limited,03165185,register,AMNACK LIMITED,active,2025-04-30,2025-08-21,accounts-with-accounts-type-full,full,,,likely,pdf (not read),https://find-and-update.company-information.service.gov.uk/company/03165185/filing-history,0,,ORG:105090
AMO United Kingdom Ltd,04359842,register,AMO UNITED KINGDOM LIMITED,active,2024-12-29,2026-03-11,accounts-with-accounts-type-full,full,,,likely,pdf (not read),https://find-and-update.company-information.service.gov.uk/company/04359842/filing-history,0,,ORG:115136
Amphenol Invotec Limited,01994112,register,AMPHENOL INVOTEC LIMITED,active,2024-12-31,2025-12-19,accounts-with-accounts-type-full,full,,,likely,pdf (not read),https://find-and-update.company-information.service.gov.uk/company/01994112/filing-history,0,,ORG:117430
AMPHENOL LIMITED,00784278,register,AMPHENOL LIMITED,active,2024-12-31,2025-09-09,accounts-with-accounts-type-full,full,,,likely,pdf (not read),https://find-and-update.company-information.service.gov.uk/company/00784278/filing-history,0,,ORG:111855
Amphenol Thermometrics (UK) Ltd,02310013,register,AMPHENOL THERMOMETRICS (UK) LIMITED,active,2024-12-31,2026-01-19,accounts-with-accounts-type-full,full,,,likely,pdf (not read),https://find-and-update.company-information.service.gov.uk/company/02310013/filing-history,0,,ORG:117507
Ampulla Ltd,05928812,register,AMPULLA LIMITED,active,2025-09-30,2026-06-29,accounts-with-accounts-type-total-exemption-full,small,,,unknown,xhtml,https://find-and-update.company-information.service.gov.uk/company/05928812/filing-history,0,,ORG:115090
Amway (UK) Ltd,04088907,register,AMWAY (UK) LIMITED,active,2024-12-31,2025-12-22,accounts-with-accounts-type-full,full,,,likely,pdf (not read),https://find-and-update.company-information.service.gov.uk/company/04088907/filing-history,0,,ORG:103128
Analytichem UK Ltd,01159518,register,ANALYTICHEM UK LTD,active,2025-12-31,2026-10-01,accounts-with-accounts-type-full,full,10446051,text,yes,xhtml,https://find-and-update.company-information.service.gov.uk/company/01159518/filing-history,0,,ORG:100202
Anchor Magnets Limited,08610402,register,ANCHOR GROUP LIMITED,active,2025-12-31,2026-09-09,accounts-with-accounts-type-small,small,,,unknown,pdf (not read),https://find-and-update.company-information.service.gov.uk/company/08610402/filing-history,0,,ORG:104302
ANCIENT WISDOM MARKETING LIMITED,04108870,register,ANCIENT WISDOM MARKETING LIMITED,active,2025-03-31,2026-09-21,accounts-with-accounts-type-group,group,,,likely,xhtml,https://find-and-update.company-information.service.gov.uk/company/04108870/filing-history,0,,ORG:111514
Ancol Pet Products Limited,01019480,register,ANCOL PET PRODUCTS LIMITED,active,2025-12-31,2026-02-23,accounts-with-accounts-type-small,small,,,unknown,xhtml,https://find-and-update.company-information.service.gov.uk/company/01019480/filing-history,0,,ORG:106690
Andaray (Holdings) Ltd,01156047,register,ANDARAY (HOLDINGS) LIMITED,active,2025-12-31,2026-05-16,accounts-with-accounts-type-full,full,,,likely,pdf (not read),https://find-and-update.company-information.service.gov.uk/company/01156047/filing-history,3,,ORG:102344
AndersonBrecon (UK)Ltd,02543975,register,ANDERSONBRECON (UK) LIMITED,active,2025-06-30,2026-04-19,accounts-with-accounts-type-full,full,,,likely,pdf (not read),https://find-and-update.company-information.service.gov.uk/company/02543975/filing-history,2,,ORG:106319
Anderton Board and Packaging Ltd,05019441,register,ANDERTON BOARD AND PACKAGING LIMITED,active,2026-03-31,2026-08-12,accounts-with-accounts-type-total-exemption-full,,,,,,https://find-and-update.company-information.service.gov.uk/company/05019441/filing-history,0,"ProxyError: HTTPSConnectionPool(host='s3.eu-west-2.amazonaws.com', port=443): Max retries exceeded with url: /document-api-images-live.ch.gov.uk/docs/M6CqTWzrBs1iRr06n9ugfPSAUVLcxav0xtjcwnlQhdM/application-xhtml%252Bxml?X-Amz-Algorithm=AWS4-HMAC-SHA256&X-Amz-Credential=ASIAWRGBDBV3B377YOG3%2F20261008%2Feu-west-2%2Fs3%2Faws4_request&X-Amz-Date=20261008T102246Z&X-Amz-Expires=60&X-Amz-Security-Token=IQoJb3JpZ2luX2VjEFcaCWV1LXdlc3QtMiJHMEUCIBUkRy7cYyNZ5o3Zxkc3z2qzG5I84YW3OzK%2BiJNJRkiXAiEAltfyd5r6KVCHp2hToWBKgvi3whK4sQjVZmDX18oG%2FFYqgQQIHxAFGgw0NDkyMjkwMzI4MjIiDEcgN80OFzFpdwcSAireAx4mG7PWfui2FB6qgrKRPm2Is3UQYU%2BFI%2B4QjVrlqxg8mknlCqtZ8jecO6eIHN4LsuCK7mAetOEuIBXhMhFILuRPGJdJxh%2Fn1WZLzlNo8PWqixLK1BpX6Yj5E2ygbIh7uvLxCGTJmnqj%2FvXfWiH72AosntHMw3blm4rjTr2eCfHO8LF6KgwuqFaP%2FLxIbwllr%2FD0c6vtjRkF%2FWJUQxE2NKnwsqDWC%2FfIMJUgH9HkfPPxaz320w5OTPU3Fs22v9m81duIV5RPxr%2B1SYTdenMsVDy9yBaAuVAiiZ3tKSR0PxASiXE9GByQGkz%2BS9JVegs3TZDpB1D30zZM1JAGpevsBA5pIvF01Zx7Hlog%2BSuKJhuBpybvrOmOfzkIhuS4IR1GnUvqjEVmL5907nWB9shZ%2Fh599oxgaZMH%2FxmAWRCxzBNDBFyjY8yuQx5UKmeGuGyPieie%2BHLdj5ibBvXH4Vsg6he7%2FfNeB45sEldownRYpSsf54yi3o8pzaOq%2FB%2FmJ2rY8XaQC7rOPqlGz%2BXijA%2B2T%2BgqREmj7NcVsI20pIcwR%2ByOsE5Ur5dH0FNoFqDHoakDZ%2FN0u5UHqYON9bUJqFqz5tEsMkwvABrkZigcYpUPRYHRWIW68%2F8YNJZxcbbojUUwgvCc1gY6pQEy70aGQGnu4O5Jy%2B8o7aRG7Tg69hKBbm%2BOHEMEadi3O0H%2BkV6i1afQ9eOM6Y%2FmwkqWuVy4LeBKeTpqu69WDNGvQfM2Lo%2BT0ZLnzrOeMn8AocoGLykrV5ukCO%2FqA4h6nXK7tDEW23mpI6paaBIhBTX11ga%2B76cJaTKbBC3jCrQLxIPPrwsiRJMUy%2B3hGomXnIKZ6jQTA5GmtIVtxBsA3prZFC69n3A%3D&X-Amz-SignedHeaders=host&response-content-disposition=inline%3Bfilename%3D%2205019441_aa_2026-08-12.xhtml%22&X-Amz-Signature=86fad95bb9090a02d1c7ecf414edb8cf1334d407e5ab5a66917c8e3d3067aacb (Caused by ProxyError('Unable to connect to proxy', RemoteDisconnected('Remote end closed connection without response')))",ORG:104066
Anderton Music Retailing Limited,06524399,name search,ANDERTON MUSIC RETAILING LIMITED,active,2025-03-31,2025-12-15,accounts-with-accounts-type-total-exemption-full,small,,,unknown,xhtml,https://find-and-update.company-information.service.gov.uk/company/06524399/filing-history,0,,ORG:111585
Andreas Stihl Ltd,01376302,register,ANDREAS STIHL LIMITED,active,2025-12-31,2026-08-06,accounts-with-accounts-type-full,full,,,likely,pdf (not read),https://find-and-update.company-information.service.gov.uk/company/01376302/filing-history,0,,ORG:103650
Andrew Design & Integration UK Ltd,05531272,register,ANDREW DESIGN & INTEGRATION UK LIMITED,active,2024-12-31,2026-01-28,accounts-with-accounts-type-full,full,,,likely,pdf (not read),https://find-and-update.company-information.service.gov.uk/company/05531272/filing-history,0,,ORG:103892
Andrew Ingredients Ltd,NI007639,register,ANDREW INGREDIENTS LTD,active,2025-03-31,2026-01-02,accounts-with-accounts-type-full,full,,,likely,pdf (not read),https://find-and-update.company-information.service.gov.uk/company/NI007639/filing-history,0,,ORG:108488
Andrew Marr International Limited,02011550,register,ANDREW MARR INTERNATIONAL LIMITED,active,2025-03-31,2025-12-19,accounts-with-accounts-type-group,group,,,likely,pdf (not read),https://find-and-update.company-information.service.gov.uk/company/02011550/filing-history,2,,ORG:105055
Andrew Technologies AG,FC012671,register,ANDREW TECHNOLOGIES AG,active,2024-12-31,2025-12-18,accounts-with-accounts-type-full,full,,,likely,pdf (not read),https://find-and-update.company-information.service.gov.uk/company/FC012671/filing-history,0,,ORG:104278
Andrew Technologies UK,BR000675,register,ANDREW TECHNOLOGIES UK,open,,,,,,,,,https://find-and-update.company-information.service.gov.uk/company/BR000675/filing-history,0,no accounts filing with a document,ORG:102269
Andrews Flour Mills Limited,NI632205,register,ANDREWS FLOUR MILLS LIMITED,active,2025-10-04,2026-06-30,accounts-with-accounts-type-full,full,,,likely,pdf (not read),https://find-and-update.company-information.service.gov.uk/company/NI632205/filing-history,0,,ORG:107664
Andros UK Ltd,06661569,register,ANDROS UK LIMITED,active,2025-12-31,2026-09-21,accounts-with-accounts-type-full,full,161857348,ixbrl,yes,xhtml,https://find-and-update.company-information.service.gov.uk/company/06661569/filing-history,0,,ORG:114956
Andy Thornton Limited,05566738,register,ANDY THORNTON LIMITED,active,2025-05-31,2025-11-24,accounts-with-accounts-type-small,small,,,unknown,xhtml,https://find-and-update.company-information.service.gov.uk/company/05566738/filing-history,0,,ORG:108207
Angelcare Corporate UK Ltd,06051294,register,ANGELCARE CORPORATE UK LIMITED,active,2025-09-30,2026-01-15,accounts-with-accounts-type-small,small,,,unknown,xhtml,https://find-and-update.company-information.service.gov.uk/company/06051294/filing-history,0,,ORG:104402
ANGLING DIRECT PLC,05151321,register,ANGLING DIRECT PLC,active,2026-01-31,2026-07-09,accounts-with-accounts-type-group,group,,,likely,pdf (not read),https://find-and-update.company-information.service.gov.uk/company/05151321/filing-history,0,,ORG:104180
ANGLO BEEF PROCESSORS,04296447,name search,ANGLO BEEF PROCESSORS,active,2006-04-02,2007-01-29,accounts-with-accounts-type-full,full,,,likely,pdf (not read),https://find-and-update.company-information.service.gov.uk/company/04296447/filing-history,3,,ORG:106217
Anglo Global Property Ltd,10688906,register,ANGLO GLOBAL PROPERTY LIMITED,active,2023-02-25,2024-07-05,accounts-with-accounts-type-group,group,,,likely,pdf (not read),https://find-and-update.company-information.service.gov.uk/company/10688906/filing-history,0,,ORG:105889
Anglo-Norden Forest Products Limited,01003796,register,ANGLO-NORDEN FOREST PRODUCTS LIMITED,active,2025-12-31,2026-09-21,accounts-with-accounts-type-group,group,40926354,text,yes,xhtml,https://find-and-update.company-information.service.gov.uk/company/01003796/filing-history,0,,ORG:107640
ANGUS SOFT FRUITS LIMITED,SC185769,register,ANGUS SOFT FRUITS LIMITED,active,2026-04-25,2026-08-21,accounts-with-accounts-type-group,group,183404152,text,yes,xhtml,https://find-and-update.company-information.service.gov.uk/company/SC185769/filing-history,0,,ORG:103017
Anikin Ltd,11960313,register,ANIKIN LTD,active,2025-12-31,2026-06-06,accounts-with-accounts-type-group,group,,,likely,pdf (not read),https://find-and-update.company-information.service.gov.uk/company/11960313/filing-history,0,,ORG:114540
Anker Technology (UK) Ltd,08766135,register,ANKER TECHNOLOGY (UK) LTD,active,2024-12-31,2025-10-03,accounts-with-accounts-type-full,full,,,likely,pdf (not read),https://find-and-update.company-information.service.gov.uk/company/08766135/filing-history,0,,ORG:101110
Ann Summers Ltd.,01034349,register,ANN SUMMERS LTD.,active,2025-06-28,2025-12-08,accounts-with-accounts-type-full,full,,,likely,pdf (not read),https://find-and-update.company-information.service.gov.uk/company/01034349/filing-history,0,,ORG:104202
Annaghmore Agencies Ltd,NI026511,register,ANNAGHMORE AGENCIES LTD,active,2025-12-31,2026-09-17,accounts-with-accounts-type-total-exemption-full,small,11534467,ixbrl,yes,xhtml,https://find-and-update.company-information.service.gov.uk/company/NI026511/filing-history,0,,ORG:107867
Annie Sloan Interiors Ltd,07282974,register,ANNIE SLOAN INTERIORS LTD,active,2025-06-30,2026-03-25,accounts-with-accounts-type-total-exemption-full,small,,,unknown,xhtml,https://find-and-update.company-information.service.gov.uk/company/07282974/filing-history,0,,ORG:106453
Annodata Ltd,02246366,register,ANNODATA LIMITED,active,2025-03-31,2025-12-10,accounts-with-accounts-type-full,full,,,likely,pdf (not read),https://find-and-update.company-information.service.gov.uk/company/02246366/filing-history,0,,ORG:103946
Anon UK Holding Limited,05310738,register,ANON UK HOLDING LIMITED,active,2024-12-31,2025-09-25,accounts-with-accounts-type-full,full,,,likely,pdf (not read),https://find-and-update.company-information.service.gov.uk/company/05310738/filing-history,0,,ORG:105440
Anpario Plc,03345857,register,ANPARIO PLC,active,2025-12-31,2026-06-10,accounts-with-accounts-type-group,group,,,likely,pdf (not read),https://find-and-update.company-information.service.gov.uk/company/03345857/filing-history,0,,ORG:115891
Ansell (Sales & Distribution) Limited,01638648,register,ANSELL (SALES & DISTRIBUTION) LIMITED,active,2025-01-31,2025-10-07,accounts-with-accounts-type-group,group,,,likely,pdf (not read),https://find-and-update.company-information.service.gov.uk/company/01638648/filing-history,0,,ORG:104186
Ansell Electrical Products Limited,04134581,register,ANSELL ELECTRICAL PRODUCTS LIMITED,active,2025-01-31,2025-10-07,accounts-with-accounts-type-group,group,,,likely,pdf (not read),https://find-and-update.company-information.service.gov.uk/company/04134581/filing-history,0,,ORG:103984
Ansio Ltd,09088954,register,ANSIO LTD,active,2025-06-30,2026-04-09,accounts-with-accounts-type-small,small,,,unknown,pdf (not read),https://find-and-update.company-information.service.gov.uk/company/09088954/filing-history,0,,ORG:102647
Antalis Limited,01088345,register,ANTALIS LIMITED,active,2025-12-31,2026-08-20,accounts-with-accounts-type-full,full,,,likely,pdf (not read),https://find-and-update.company-information.service.gov.uk/company/01088345/filing-history,0,,ORG:106027
Antec International Ltd,00690279,register,ANTEC INTERNATIONAL LIMITED,active,2024-12-31,2025-09-11,accounts-with-accounts-type-full,full,,,likely,pdf (not read),https://find-and-update.company-information.service.gov.uk/company/00690279/filing-history,0,,ORG:105563
Anthony Rowcliffe And Son Ltd,02213734,register,ANTHONY ROWCLIFFE AND SON LIMITED,active,2025-12-31,2026-09-21,accounts-with-accounts-type-full,full,16355425,text,yes,xhtml,https://find-and-update.company-information.service.gov.uk/company/02213734/filing-history,0,,ORG:103614
Antolin Interiors UK Limited,01676532,register,ANTOLIN INTERIORS UK LIMITED,active,2025-12-31,2026-08-19,accounts-with-accounts-type-full,full,,,likely,pdf (not read),https://find-and-update.company-information.service.gov.uk/company/01676532/filing-history,0,,ORG:106439
Antonelli Bros.Limited,00774204,register,ANTONELLI BROS.LIMITED,active,2025-04-30,2025-12-23,accounts-with-accounts-type-total-exemption-full,small,,,unknown,xhtml,https://find-and-update.company-information.service.gov.uk/company/00774204/filing-history,0,,ORG:105977
AO Retail Limited,03914998,register,AO RETAIL LIMITED,active,2026-03-31,2026-08-18,accounts-with-accounts-type-full,full,,,likely,pdf (not read),https://find-and-update.company-information.service.gov.uk/company/03914998/filing-history,0,,ORG:107058
AOC Resins UK Ltd,04020043,register,AOC RESINS UK LTD,active,2025-12-31,2026-06-03,accounts-with-accounts-type-full,full,7253289,text,yes,xhtml,https://find-and-update.company-information.service.gov.uk/company/04020043/filing-history,0,,ORG:107153
APAC Group Limited,04019499,register,APAC GROUP LIMITED,active,2025-06-30,2026-03-31,accounts-with-accounts-type-full,full,18966979,text,yes,xhtml,https://find-and-update.company-information.service.gov.uk/company/04019499/filing-history,0,,ORG:111515
Apelson Appliances UK Ltd,08265471,register,APELSON APPLIANCES UK LTD,active,2025-12-31,2026-09-09,accounts-with-accounts-type-group,group,17369968,text,yes,xhtml,https://find-and-update.company-information.service.gov.uk/company/08265471/filing-history,0,,ORG:101955
Apetito Ltd,00233851,register,APETITO LIMITED,active,2025-12-31,2026-09-28,accounts-with-accounts-type-full,full,,,likely,pdf (not read),https://find-and-update.company-information.service.gov.uk/company/00233851/filing-history,0,,ORG:108052
APEX STAINLESS FASTENERS LIMITED,02631068,register,APEX STAINLESS FASTENERS LIMITED,active,2024-12-31,2025-12-08,accounts-with-accounts-type-full,full,,,likely,pdf (not read),https://find-and-update.company-information.service.gov.uk/company/02631068/filing-history,0,,ORG:107059
API Transfer Technologies Ltd,SC655194,register,API TRANSFER TECHNOLOGIES LTD,active,2025-06-30,2026-02-19,accounts-with-accounts-type-full,full,,,likely,pdf (not read),https://find-and-update.company-information.service.gov.uk/company/SC655194/filing-history,0,,ORG:104169
APOLLO GARDENING LIMITED,04357353,register,APOLLO GARDENING LIMITED,active,2025-09-30,2026-06-27,accounts-with-accounts-type-full,full,,,likely,pdf (not read),https://find-and-update.company-information.service.gov.uk/company/04357353/filing-history,0,,ORG:100566
Apollo Housewares Limited,02144465,register,APOLLO HOUSEWARES LIMITED,active,2024-12-31,2025-09-30,accounts-with-accounts-type-small,small,,,unknown,xhtml,https://find-and-update.company-information.service.gov.uk/company/02144465/filing-history,0,,ORG:104622
Apparel Brands Limited,09774109,register,APPAREL BRANDS LIMITED,active,2025-06-28,2025-12-23,accounts-with-accounts-type-full,full,,,likely,pdf (not read),https://find-and-update.company-information.service.gov.uk/company/09774109/filing-history,2,,ORG:108355
Apple Retail UK Ltd,04996702,register,APPLE RETAIL UK LIMITED,active,2025-09-27,2026-04-13,accounts-with-accounts-type-full,full,,,likely,pdf (not read),https://find-and-update.company-information.service.gov.uk/company/04996702/filing-history,0,,ORG:107136
APPLEBY WESTWARD GROUP LIMITED,01791158,register,APPLEBY WESTWARD GROUP LIMITED,active,2025-09-26,2026-08-18,accounts-with-accounts-type-full,full,165401000,ixbrl,yes,xhtml,https://find-and-update.company-information.service.gov.uk/company/01791158/filing-history,2,,ORG:101262
Applied Medical UK Ltd,06126148,register,APPLIED MEDICAL UK LIMITED,active,2025-12-31,2026-09-28,accounts-with-accounts-type-small,small,,,unknown,xhtml,https://find-and-update.company-information.service.gov.uk/company/06126148/filing-history,0,,ORG:115126
Applied Nutrition PLC,09131749,register,APPLIED NUTRITION PLC,active,2025-07-31,2025-12-15,accounts-with-accounts-type-group,group,,,likely,pdf (not read),https://find-and-update.company-information.service.gov.uk/company/09131749/filing-history,0,,ORG:105473
APS GROUP GLOBAL LIMITED,06517986,register,APS GROUP GLOBAL LIMITED,active,2025-01-31,2025-10-22,accounts-with-accounts-type-group,group,208102897,text,yes,xhtml,https://find-and-update.company-information.service.gov.uk/company/06517986/filing-history,2,,ORG:101820
APS Produce Limited,03394705,register,APS PRODUCE LIMITED,active,2024-12-31,2025-10-29,accounts-amended-with-accounts-type-full,full,,,likely,pdf (not read),https://find-and-update.company-information.service.gov.uk/company/03394705/filing-history,1,,ORG:105356
Aptar UK Ltd,01411301,register,APTAR UK LIMITED,active,2025-12-31,2026-09-30,accounts-with-accounts-type-full,full,18717186,ixbrl,yes,xhtml,https://find-and-update.company-information.service.gov.uk/company/01411301/filing-history,0,,ORG:103231
AQL INTERNATIONAL LTD,08599466,register,AQL INTERNATIONAL LTD,active,2025-12-31,2026-09-30,accounts-with-accounts-type-full,full,187391947,text,yes,xhtml,https://find-and-update.company-information.service.gov.uk/company/08599466/filing-history,0,,ORG:106111
Aqua Carpatica UK Ltd,11482845,register,AQUA CARPATICA UK LTD,active,2024-12-31,2025-06-09,accounts-with-accounts-type-small,small,,,unknown,xhtml,https://find-and-update.company-information.service.gov.uk/company/11482845/filing-history,0,,ORG:107325
Aqua Cure Limited,06330499,register,AQUA CURE LIMITED,active,2024-12-31,2026-04-01,accounts-with-accounts-type-group,group,,,likely,pdf (not read),https://find-and-update.company-information.service.gov.uk/company/06330499/filing-history,0,,ORG:101852
Aqualisa Products Ltd,01281596,register,AQUALISA PRODUCTS LIMITED,active,2024-12-28,2025-11-21,accounts-with-accounts-type-full,full,,,likely,pdf (not read),https://find-and-update.company-information.service.gov.uk/company/01281596/filing-history,0,,ORG:108563
Aqualona Products Limited,01136473,register,AQUALONA PRODUCTS LIMITED,active,2025-12-31,2026-07-30,accounts-with-accounts-type-unaudited-abridged,small,,,unknown,xhtml,https://find-and-update.company-information.service.gov.uk/company/01136473/filing-history,0,,ORG:111333
Aquaphor UK Ltd,12158751,register,AQUAPHOR UK LTD,active,2025-12-31,2026-07-09,accounts-with-accounts-type-small,small,,,unknown,xhtml,https://find-and-update.company-information.service.gov.uk/company/12158751/filing-history,0,,ORG:115845
Aquascot Limited,SC262080,register,AQUASCOT LIMITED,active,2025-01-31,2025-11-03,accounts-with-accounts-type-medium,medium,,,likely,pdf (not read),https://find-and-update.company-information.service.gov.uk/company/SC262080/filing-history,0,,ORG:108495
Aquaspersions Limited,01167065,register,AQUASPERSIONS LIMITED,active,2025-12-31,2026-09-08,accounts-with-accounts-type-full,full,21369508,ixbrl,yes,xhtml,https://find-and-update.company-information.service.gov.uk/company/01167065/filing-history,0,,ORG:102916
Aquilant Northern Ireland Limited,NI006959,register,AQUILANT NORTHERN IRELAND LIMITED,active,2025-12-30,2026-09-28,accounts-with-accounts-type-full,full,,,likely,pdf (not read),https://find-and-update.company-information.service.gov.uk/company/NI006959/filing-history,0,,ORG:104777
Arabelle Services UK Ltd,04347573,register,ARABELLE SERVICES UK LIMITED,active,2024-12-31,2026-06-10,accounts-with-accounts-type-full,full,,,likely,pdf (not read),https://find-and-update.company-information.service.gov.uk/company/04347573/filing-history,0,,ORG:112260
ARADA LIMITED,02285119,register,ARADA LIMITED,active,2025-04-30,2026-04-29,accounts-with-accounts-type-full,,,,,,https://find-and-update.company-information.service.gov.uk/company/02285119/filing-history,0,"ProxyError: HTTPSConnectionPool(host='s3.eu-west-2.amazonaws.com', port=443): Max retries exceeded with url: /document-api-images-live.ch.gov.uk/docs/moMN-SyloRCo7av0g94xPYJVzFwrdissNW0sMmYahJA/application-xhtml%252Bxml?X-Amz-Algorithm=AWS4-HMAC-SHA256&X-Amz-Credential=ASIAWRGBDBV3B377YOG3%2F20261008%2Feu-west-2%2Fs3%2Faws4_request&X-Amz-Date=20261008T102506Z&X-Amz-Expires=60&X-Amz-Security-Token=IQoJb3JpZ2luX2VjEFcaCWV1LXdlc3QtMiJHMEUCIBUkRy7cYyNZ5o3Zxkc3z2qzG5I84YW3OzK%2BiJNJRkiXAiEAltfyd5r6KVCHp2hToWBKgvi3whK4sQjVZmDX18oG%2FFYqgQQIHxAFGgw0NDkyMjkwMzI4MjIiDEcgN80OFzFpdwcSAireAx4mG7PWfui2FB6qgrKRPm2Is3UQYU%2BFI%2B4QjVrlqxg8mknlCqtZ8jecO6eIHN4LsuCK7mAetOEuIBXhMhFILuRPGJdJxh%2Fn1WZLzlNo8PWqixLK1BpX6Yj5E2ygbIh7uvLxCGTJmnqj%2FvXfWiH72AosntHMw3blm4rjTr2eCfHO8LF6KgwuqFaP%2FLxIbwllr%2FD0c6vtjRkF%2FWJUQxE2NKnwsqDWC%2FfIMJUgH9HkfPPxaz320w5OTPU3Fs22v9m81duIV5RPxr%2B1SYTdenMsVDy9yBaAuVAiiZ3tKSR0PxASiXE9GByQGkz%2BS9JVegs3TZDpB1D30zZM1JAGpevsBA5pIvF01Zx7Hlog%2BSuKJhuBpybvrOmOfzkIhuS4IR1GnUvqjEVmL5907nWB9shZ%2Fh599oxgaZMH%2FxmAWRCxzBNDBFyjY8yuQx5UKmeGuGyPieie%2BHLdj5ibBvXH4Vsg6he7%2FfNeB45sEldownRYpSsf54yi3o8pzaOq%2FB%2FmJ2rY8XaQC7rOPqlGz%2BXijA%2B2T%2BgqREmj7NcVsI20pIcwR%2ByOsE5Ur5dH0FNoFqDHoakDZ%2FN0u5UHqYON9bUJqFqz5tEsMkwvABrkZigcYpUPRYHRWIW68%2F8YNJZxcbbojUUwgvCc1gY6pQEy70aGQGnu4O5Jy%2B8o7aRG7Tg69hKBbm%2BOHEMEadi3O0H%2BkV6i1afQ9eOM6Y%2FmwkqWuVy4LeBKeTpqu69WDNGvQfM2Lo%2BT0ZLnzrOeMn8AocoGLykrV5ukCO%2FqA4h6nXK7tDEW23mpI6paaBIhBTX11ga%2B76cJaTKbBC3jCrQLxIPPrwsiRJMUy%2B3hGomXnIKZ6jQTA5GmtIVtxBsA3prZFC69n3A%3D&X-Amz-SignedHeaders=host&response-content-disposition=inline%3Bfilename%3D%2202285119_aa_2026-04-29.xhtml%22&X-Amz-Signature=794587ef0e3fc925a3f50c86dbd2674b41963b0a7ef8ef06e930e6ff8b92bf39 (Caused by ProxyError('Unable to connect to proxy', RemoteDisconnected('Remote end closed connection without response')))",ORG:107145
Aramark Ltd,00983951,register,ARAMARK LIMITED,active,2025-10-03,2026-07-09,accounts-with-accounts-type-full,full,,,likely,pdf (not read),https://find-and-update.company-information.service.gov.uk/company/00983951/filing-history,0,,ORG:104087
Arbonne UK Limited,05755179,register,ARBONNE UK LIMITED,active,2024-12-31,2026-06-19,accounts-with-accounts-type-small,small,,,unknown,xhtml,https://find-and-update.company-information.service.gov.uk/company/05755179/filing-history,0,,ORG:103166
ARC Building Solutions Ltd,06338081,register,ARC BUILDING SOLUTIONS LIMITED,active,2025-03-31,2025-11-24,accounts-with-accounts-type-medium,medium,23086077,ixbrl,yes,xhtml,https://find-and-update.company-information.service.gov.uk/company/06338081/filing-history,0,,ORG:100689
Arcelormittal Distribution Solutions UK Limited,01669950,register,ARCELORMITTAL DISTRIBUTION SOLUTIONS UK LIMITED,active,2024-12-31,2025-10-03,accounts-with-accounts-type-full,full,,,likely,pdf (not read),https://find-and-update.company-information.service.gov.uk/company/01669950/filing-history,0,,ORG:102389
ArcelorMittal Kent Wire Ltd,02153671,register,ARCELORMITTAL KENT WIRE LIMITED,active,2024-12-31,2026-05-01,accounts-with-accounts-type-full,full,,,likely,pdf (not read),https://find-and-update.company-information.service.gov.uk/company/02153671/filing-history,0,,ORG:103907
ARCH TIMBER PROTECTION LIMITED,00422330,register,ARCH TIMBER PROTECTION LIMITED,active,2024-12-31,2025-11-20,accounts-with-accounts-type-full,full,33490000,ixbrl,yes,xhtml,https://find-and-update.company-information.service.gov.uk/company/00422330/filing-history,1,,ORG:107031
ARCHIVIST LIMITED,05296847,register,ARCHIVIST LIMITED,active,2026-04-30,2026-07-30,accounts-with-accounts-type-total-exemption-full,small,,,unknown,xhtml,https://find-and-update.company-information.service.gov.uk/company/05296847/filing-history,0,,ORG:117012
Archroma UK  Ltd,08461738,register,"ARCHROMA UK, LTD",active,2025-09-30,2026-02-13,accounts-with-accounts-type-full,full,14738000,text,yes,xhtml,https://find-and-update.company-information.service.gov.uk/company/08461738/filing-history,0,,ORG:107137
Archwood Ltd,02037421,register,ARCHWOOD LIMITED,active,2025-09-30,2026-06-29,accounts-with-accounts-type-medium,medium,24408000,ixbrl,yes,xhtml,https://find-and-update.company-information.service.gov.uk/company/02037421/filing-history,0,,ORG:102306
Arco Limited,00133804,register,ARCO LIMITED,active,2025-06-30,2025-11-12,accounts-with-accounts-type-group,group,,,likely,pdf (not read),https://find-and-update.company-information.service.gov.uk/company/00133804/filing-history,1,,ORG:101013
Arconic Manufacturing (GB) Ltd,00633328,register,ARCONIC MANUFACTURING (GB) LIMITED,active,2024-12-31,2026-01-05,accounts-with-accounts-type-full,full,,,likely,pdf (not read),https://find-and-update.company-information.service.gov.uk/company/00633328/filing-history,0,,ORG:102215
Arctic Hayes Limited,01582704,register,ARCTIC HAYES LIMITED,active,2025-12-31,2026-09-30,accounts-with-accounts-type-full,full,,,likely,xhtml,https://find-and-update.company-information.service.gov.uk/company/01582704/filing-history,0,,ORG:108492
Arcturus Publishing Ltd,02873890,register,ARCTURUS PUBLISHING LIMITED,active,2025-03-31,2025-11-12,accounts-with-accounts-type-medium,medium,,,likely,pdf (not read),https://find-and-update.company-information.service.gov.uk/company/02873890/filing-history,0,,ORG:108669
Ardagh Glass Limited,00567801,register,ARDAGH GLASS LIMITED,active,2025-12-31,2026-09-17,accounts-with-accounts-type-full,full,,,likely,pdf (not read),https://find-and-update.company-information.service.gov.uk/company/00567801/filing-history,0,,ORG:101623
Ardagh Metal Packaging Holdings Uk Ltd,07832417,register,ARDAGH METAL PACKAGING TRADING UK LIMITED,active,2025-12-31,2026-10-01,accounts-with-accounts-type-full,full,,,likely,pdf (not read),https://find-and-update.company-information.service.gov.uk/company/07832417/filing-history,0,,ORG:107220
Ardale International Limited,03443642,register,ARDALE INTERNATIONAL LIMITED,active,2025-11-30,2026-08-25,accounts-with-accounts-type-medium,medium,32237138,ixbrl,yes,xhtml,https://find-and-update.company-information.service.gov.uk/company/03443642/filing-history,0,,ORG:115865
ARDBLAIR SPORTS IMPORTERS LIMITED,SC062120,register,ARDBLAIR SPORTS IMPORTERS LIMITED,active,2026-01-31,2026-09-17,accounts-with-accounts-type-small,small,,,unknown,xhtml,https://find-and-update.company-information.service.gov.uk/company/SC062120/filing-history,0,,ORG:106949
ARDEN FINE FOODS (UK) LIMITED,02572217,register,ARDEN FINE FOODS (UK) LIMITED,active,2025-04-30,2025-12-05,accounts-with-accounts-type-medium,medium,42099458,ixbrl,yes,xhtml,https://find-and-update.company-information.service.gov.uk/company/02572217/filing-history,0,,ORG:100479
Arden Lea Nurseries Limited,00475644,register,ARDEN LEA NURSERIES LIMITED,active,2025-11-30,2026-08-14,accounts-with-accounts-type-small,small,,,unknown,xhtml,https://find-and-update.company-information.service.gov.uk/company/00475644/filing-history,0,,ORG:116962
ARDEN WOOD SHAVINGS LIMITED,02592924,register,ARDEN WOOD SHAVINGS LIMITED,active,2025-12-31,2026-08-24,accounts-with-accounts-type-full,full,,,likely,pdf (not read),https://find-and-update.company-information.service.gov.uk/company/02592924/filing-history,0,,ORG:106179
Ardex UK Limited,00668297,register,ARDEX UK LIMITED,active,2025-12-31,2026-09-14,accounts-with-accounts-type-full,full,,,likely,pdf (not read),https://find-and-update.company-information.service.gov.uk/company/00668297/filing-history,0,,ORG:104246
Arena Online Limited,06675240,register,ARENA ONLINE LIMITED,active,2025-04-30,2026-05-12,accounts-with-accounts-type-group,group,31174000,text,yes,xhtml,https://find-and-update.company-information.service.gov.uk/company/06675240/filing-history,1,,ORG:104185
ARGENT FOODS LIMITED,07081161,register,ARGENT FOODS LIMITED,active,2025-12-31,2026-08-03,accounts-with-accounts-type-audit-exemption-subsiduary,subsidiary,,,unknown,pdf (not read),https://find-and-update.company-information.service.gov.uk/company/07081161/filing-history,3,,ORG:103652
Argolin Ltd,01383446,register,ARGOLIN LIMITED,active,2026-03-31,2026-07-10,accounts-with-accounts-type-total-exemption-full,small,,,unknown,xhtml,https://find-and-update.company-information.service.gov.uk/company/01383446/filing-history,0,,ORG:111188
Argos limited,01081551,register,ARGOS LIMITED,active,2025-03-01,2025-11-28,accounts-with-accounts-type-full,full,,,likely,pdf (not read),https://find-and-update.company-information.service.gov.uk/company/01081551/filing-history,0,,ORG:106275
Ariat Europe Ltd,02182529,register,ARIAT EUROPE LIMITED,active,2025-06-30,2026-03-02,accounts-with-accounts-type-full,full,19602088,text,yes,xhtml,https://find-and-update.company-information.service.gov.uk/company/02182529/filing-history,0,,ORG:101049
Ariel Plastics Limited,02257976,register,ARIEL PLASTICS LIMITED,active,2025-12-31,2026-09-21,accounts-with-accounts-type-full,full,,,likely,pdf (not read),https://find-and-update.company-information.service.gov.uk/company/02257976/filing-history,0,,ORG:108021
Arighi Bianchi & Co Ltd,00066706,register,ARIGHI BIANCHI & CO.LIMITED,active,2025-06-30,2026-05-12,accounts-with-accounts-type-full,full,12890931,text,yes,xhtml,https://find-and-update.company-information.service.gov.uk/company/00066706/filing-history,0,,ORG:112381
Ariston U.K. Ltd,01992524,register,ARISTON U.K. LTD,active,2025-12-31,2026-09-29,accounts-with-accounts-type-full,full,35171268,ixbrl,yes,xhtml,https://find-and-update.company-information.service.gov.uk/company/01992524/filing-history,0,,ORG:101360
Arjo UK Limited,10842512,register,ARJO UK LIMITED,active,2024-12-31,2025-08-22,accounts-with-accounts-type-full,full,,,likely,pdf (not read),https://find-and-update.company-information.service.gov.uk/company/10842512/filing-history,0,,ORG:103140
Arkell's Brewery Limited,00226913,register,ARKELL'S BREWERY LIMITED,active,2025-03-31,2025-12-29,accounts-with-accounts-type-full,full,,,likely,pdf (not read),https://find-and-update.company-information.service.gov.uk/company/00226913/filing-history,0,,ORG:101655
Arkema UK Limited,07609424,register,ARKEMA UK LIMITED,active,2025-12-31,2026-05-11,accounts-with-accounts-type-full,full,,,likely,pdf (not read),https://find-and-update.company-information.service.gov.uk/company/07609424/filing-history,0,,ORG:106983
Arla Foods Ingredients Taw Valley Ltd,07425578,register,ARLA FOODS INGREDIENTS TAW VALLEY LIMITED,active,2025-12-31,2026-09-08,accounts-with-accounts-type-full,full,,,likely,pdf (not read),https://find-and-update.company-information.service.gov.uk/company/07425578/filing-history,0,,ORG:104670
Arla Foods Ltd,02143253,register,ARLA FOODS LIMITED,active,2025-12-31,2026-09-11,accounts-with-accounts-type-full,full,,,likely,pdf (not read),https://find-and-update.company-information.service.gov.uk/company/02143253/filing-history,0,,ORG:103926
Armacell UK Limited,03729805,register,ARMACELL UK LIMITED,active,2025-12-31,2026-07-27,accounts-with-accounts-type-full,full,,,likely,pdf (not read),https://find-and-update.company-information.service.gov.uk/company/03729805/filing-history,0,,ORG:104668
Armatile Limited,NI018558,register,ARMATILE LIMITED,active,2025-06-30,2026-03-27,accounts-with-accounts-type-medium,medium,9409533,text,yes,xhtml,https://find-and-update.company-information.service.gov.uk/company/NI018558/filing-history,0,,ORG:103769
ARMIT WINES LIMITED,01609571,register,ARMIT WINES LIMITED,active,2025-06-30,2026-04-08,accounts-with-accounts-type-full,full,14086241,ixbrl,yes,xhtml,https://find-and-update.company-information.service.gov.uk/company/01609571/filing-history,0,,ORG:101719
ARMOUR PLASTICS LIMITED,01013613,register,ARMOUR PLASTICS LIMITED,active,2025-03-30,2025-12-16,accounts-with-accounts-type-full,full,9967400,text,yes,xhtml,https://find-and-update.company-information.service.gov.uk/company/01013613/filing-history,0,,ORG:100819
ARNE CLO LTD,11404914,register,ARNE CLO LTD,active,2025-12-28,2026-09-24,accounts-with-accounts-type-full,full,,,likely,pdf (not read),https://find-and-update.company-information.service.gov.uk/company/11404914/filing-history,0,,ORG:108306
ARNOLD CLARK AUTOMOBILES LIMITED,SC036386,register,ARNOLD CLARK AUTOMOBILES LIMITED,active,2025-12-31,2026-07-11,accounts-with-accounts-type-group,group,,,likely,pdf (not read),https://find-and-update.company-information.service.gov.uk/company/SC036386/filing-history,0,,ORG:105028
Arnold Wills And Company Ltd,00417612,register,ARNOLD WILLS AND COMPANY LIMITED,active,2025-05-31,2026-03-04,accounts-with-accounts-type-full,full,,,likely,pdf (not read),https://find-and-update.company-information.service.gov.uk/company/00417612/filing-history,0,,ORG:104709
Aromatize Limited,08290656,register,AROMATIZE LIMITED,active,2025-12-31,2026-03-16,accounts-with-accounts-type-small,small,,,unknown,xhtml,https://find-and-update.company-information.service.gov.uk/company/08290656/filing-history,0,,ORG:101027
Arora Hotels Ltd,05523006,register,ARORA HOTELS LIMITED,active,2025-03-31,2026-01-19,accounts-with-accounts-type-group,group,,,likely,pdf (not read),https://find-and-update.company-information.service.gov.uk/company/05523006/filing-history,10,,ORG:107671
ARRAN AROMATICS LIMITED,08399920,register,ARRAN AROMATICS LIMITED,active,2026-02-28,2026-08-28,accounts-with-accounts-type-total-exemption-full,small,,,unknown,xhtml,https://find-and-update.company-information.service.gov.uk/company/08399920/filing-history,0,,ORG:105983
ARRIS Global Ltd,01672847,register,ARRIS GLOBAL LTD.,active,2024-12-31,2026-07-01,accounts-with-accounts-type-full,full,,,likely,pdf (not read),https://find-and-update.company-information.service.gov.uk/company/01672847/filing-history,0,,ORG:112467
Arrow County Supplies Limited,06355141,register,ARROW COUNTY SUPPLIES LIMITED,active,2025-12-31,2026-09-18,accounts-with-accounts-type-full,full,21680067,ixbrl,yes,xhtml,https://find-and-update.company-information.service.gov.uk/company/06355141/filing-history,0,,ORG:100252
Arrow Electronics (UK) Limited,02582534,register,ARROW ELECTRONICS (UK) LIMITED,active,2024-12-31,2025-10-02,accounts-with-accounts-type-full,full,,,likely,pdf (not read),https://find-and-update.company-information.service.gov.uk/company/02582534/filing-history,0,,ORG:104337
Arrow Group Global Ltd,09836261,register,ARROW GROUP GLOBAL LTD,active,2025-12-31,2026-06-30,accounts-with-accounts-type-total-exemption-full,small,,,unknown,xhtml,https://find-and-update.company-information.service.gov.uk/company/09836261/filing-history,0,,ORG:115414
ART MARKETING LIMITED,01534760,register,ART MARKETING LIMITED,active,2024-12-31,2025-09-30,accounts-with-accounts-type-small,small,,,unknown,xhtml,https://find-and-update.company-information.service.gov.uk/company/01534760/filing-history,0,,ORG:111226
Arthrex Limited,03199094,register,ARTHREX LIMITED,active,2025-06-30,2026-03-27,accounts-with-accounts-type-full,full,,,likely,pdf (not read),https://find-and-update.company-information.service.gov.uk/company/03199094/filing-history,0,,ORG:101734
Arthur David (Food With Service) Limited,02059424,register,ARTHUR DAVID (FOOD WITH SERVICE) LIMITED,active,2025-01-31,2025-09-24,accounts-with-accounts-type-full,full,57591158,text,yes,xhtml,https://find-and-update.company-information.service.gov.uk/company/02059424/filing-history,0,,ORG:102026
ARTIFEX INTERIOR SYSTEMS LIMITED,05611434,register,ARTIFEX INTERIOR SYSTEMS LIMITED,active,2025-03-31,2025-12-29,accounts-with-accounts-type-full,full,,,likely,pdf (not read),https://find-and-update.company-information.service.gov.uk/company/05611434/filing-history,0,,ORG:107127
Artisan Biscuits Ltd,01138283,register,ARTISAN BISCUITS LIMITED,active,2025-03-31,2025-12-12,accounts-with-accounts-type-medium,medium,15242476,ixbrl,yes,xhtml,https://find-and-update.company-information.service.gov.uk/company/01138283/filing-history,0,,ORG:106927
ARVATO SCM UK LIMITED,05019402,register,ARVATO SCM UK LIMITED,active,2025-12-31,2026-06-24,accounts-with-accounts-type-full,full,97662458,ixbrl,yes,xhtml,https://find-and-update.company-information.service.gov.uk/company/05019402/filing-history,0,,ORG:114948
Arwem Food Distribution UK Ltd,07258005,register,ARWEM FOOD DISTRIBUTION UK LIMITED,active,2025-12-31,2026-09-14,accounts-with-accounts-type-total-exemption-full,small,,,unknown,xhtml,https://find-and-update.company-information.service.gov.uk/company/07258005/filing-history,0,,ORG:107747
Aryzta Bakeries UK Ltd,03010158,register,ARYZTA BAKERIES UK LTD,active,2024-12-31,2026-01-03,accounts-with-accounts-type-full,full,,,likely,pdf (not read),https://find-and-update.company-information.service.gov.uk/company/03010158/filing-history,0,,ORG:107483
ASA UK & Ireland Limited,03987754,register,ASA UK & IRELAND LIMITED,active,2024-12-31,2025-12-23,accounts-with-accounts-type-full,full,14848175,text,yes,xhtml,https://find-and-update.company-information.service.gov.uk/company/03987754/filing-history,0,,ORG:101303
Asahi UK Ltd,11778384,register,ASAHI UK LTD,active,2024-12-31,2025-09-30,accounts-with-accounts-type-full,full,,,likely,pdf (not read),https://find-and-update.company-information.service.gov.uk/company/11778384/filing-history,0,,ORG:102517
ASC Cartons Limited,01551487,register,ASC CARTONS LIMITED,active,2026-03-31,2026-07-20,accounts-with-accounts-type-total-exemption-full,small,,,unknown,xhtml,https://find-and-update.company-information.service.gov.uk/company/01551487/filing-history,0,,ORG:103081
ASC REGENITY LIMITED,10523270,register,ASC REGENITY LIMITED,active,2025-12-31,2026-10-06,accounts-with-accounts-type-group,group,,,likely,pdf (not read),https://find-and-update.company-information.service.gov.uk/company/10523270/filing-history,0,,ORG:108338
Ascensia Diabetes Care UK Ltd,09745524,register,ASCENSIA DIABETES CARE UK LIMITED,active,2025-03-31,2025-11-20,accounts-with-accounts-type-full,full,,,likely,pdf (not read),https://find-and-update.company-information.service.gov.uk/company/09745524/filing-history,0,,ORG:102710
ASCO FOODS LIMITED,04095454,register,ASCO FOODS LIMITED,active,2025-10-31,2026-07-27,accounts-with-accounts-type-full,full,39468100,ixbrl,yes,xhtml,https://find-and-update.company-information.service.gov.uk/company/04095454/filing-history,0,,ORG:117281
Ascot Signs Ltd,NI616201,register,ASCOT SIGNS LTD,active,2025-12-31,2026-04-01,accounts-with-accounts-type-medium,medium,18461094,ixbrl,yes,xhtml,https://find-and-update.company-information.service.gov.uk/company/NI616201/filing-history,0,,ORG:116832
ASD Lighting PLC,01677887,register,ASD LIGHTING PLC,active,2025-06-30,2025-12-29,accounts-with-accounts-type-full,full,17967737,text,yes,xhtml,https://find-and-update.company-information.service.gov.uk/company/01677887/filing-history,0,,ORG:106501
Asda Stores Ltd,00464777,register,ASDA STORES LIMITED,active,2025-12-31,2026-09-16,accounts-with-accounts-type-full,full,,,likely,pdf (not read),https://find-and-update.company-information.service.gov.uk/company/00464777/filing-history,0,,ORG:107079
ASG Group Limited,00957576,register,ASG GROUP LIMITED,active,2024-12-31,2025-10-04,accounts-with-accounts-type-group,group,,,likely,pdf (not read),https://find-and-update.company-information.service.gov.uk/company/00957576/filing-history,0,,ORG:100628
Ash & Lacy Building Systems Limited,00149058,register,ASH & LACY BUILDING SYSTEMS LIMITED,active,2025-12-31,2026-07-06,accounts-with-accounts-type-full,full,,,likely,pdf (not read),https://find-and-update.company-information.service.gov.uk/company/00149058/filing-history,0,,ORG:115280
Ash & Lacy Perforating Limited,10805479,register,ASH & LACY PERFORATING LIMITED,active,2025-12-31,2026-07-10,accounts-with-accounts-type-total-exemption-full,small,,,unknown,pdf (not read),https://find-and-update.company-information.service.gov.uk/company/10805479/filing-history,0,,ORG:108671
Ash & Lacy Solutions Limited,10805226,register,ASH & LACY SOLUTIONS LIMITED,active,2025-12-31,2026-07-06,accounts-with-accounts-type-full,full,,,likely,pdf (not read),https://find-and-update.company-information.service.gov.uk/company/10805226/filing-history,0,,ORG:115281
ASHI GROUP LIMITED,02540020,register,ASHI GROUP LIMITED,active,2025-03-29,2026-01-05,accounts-with-accounts-type-full,full,,,likely,pdf (not read),https://find-and-update.company-information.service.gov.uk/company/02540020/filing-history,0,,ORG:101617
ASHLEIGH & BURWOOD LIMITED,02732655,register,ASHLEIGH AND BURWOOD LIMITED,active,2025-12-31,2026-10-01,accounts-with-accounts-type-small,small,,,unknown,pdf (not read),https://find-and-update.company-information.service.gov.uk/company/02732655/filing-history,0,,ORG:105920
Ashley Wilde Group Limited,00477955,register,ASHLEY WILDE GROUP LIMITED,active,2025-12-31,2026-07-20,accounts-with-accounts-type-full,full,48803660,ixbrl,yes,xhtml,https://find-and-update.company-information.service.gov.uk/company/00477955/filing-history,0,,ORG:106894
Ashworth and Parker Ltd,06866013,register,ASHWORTH AND PARKER LIMITED,active,2025-03-30,2025-08-14,accounts-with-accounts-type-full,full,,,likely,pdf (not read),https://find-and-update.company-information.service.gov.uk/company/06866013/filing-history,0,,ORG:117000
Asia Supermarket,NI614146,register,ASIA SUPERMARKET,active,,,,,,,,,https://find-and-update.company-information.service.gov.uk/company/NI614146/filing-history,0,no accounts filing with a document,ORG:100504
Asics UK Ltd,02104906,register,ASICS UK LIMITED,active,2025-12-31,2026-08-17,accounts-with-accounts-type-full,full,,,likely,pdf (not read),https://find-and-update.company-information.service.gov.uk/company/02104906/filing-history,0,,ORG:107803
ASK CHEMICALS UK LTD,07359197,register,ASK CHEMICALS UK LTD,active,2025-12-31,2026-06-30,accounts-with-accounts-type-full,full,8248318,text,yes,xhtml,https://find-and-update.company-information.service.gov.uk/company/07359197/filing-history,0,,ORG:101242
Askern UK Limited,00564890,register,ASKERN UK LIMITED,active,2025-03-31,2025-12-15,accounts-with-accounts-type-full,full,8990620,text,yes,xhtml,https://find-and-update.company-information.service.gov.uk/company/00564890/filing-history,0,,ORG:102366
Aslotel Limited,02064874,register,ASLOTEL LIMITED,active,2025-12-31,2026-09-07,accounts-with-accounts-type-total-exemption-full,small,,,unknown,xhtml,https://find-and-update.company-information.service.gov.uk/company/02064874/filing-history,0,,ORG:100214
Asmodee UK Limited,03055732,register,ASMODEE UK LIMITED,active,2026-03-31,2026-07-31,accounts-with-accounts-type-full,full,,,likely,pdf (not read),https://find-and-update.company-information.service.gov.uk/company/03055732/filing-history,0,,ORG:100971
ASOS.com Ltd,03584121,register,ASOS.COM LIMITED,active,2025-08-31,2026-01-21,accounts-with-accounts-type-full,full,,,likely,pdf (not read),https://find-and-update.company-information.service.gov.uk/company/03584121/filing-history,0,,ORG:111234
Aspen Pumps Limited,08291827,register,ASPEN PUMPS LIMITED,active,2024-12-31,2025-10-06,accounts-with-accounts-type-full,full,,,likely,pdf (not read),https://find-and-update.company-information.service.gov.uk/company/08291827/filing-history,0,,ORG:102815
ASPINAL OF LONDON LIMITED,05081390,register,ASPINAL OF LONDON LIMITED,active,2025-03-31,2026-01-05,accounts-with-accounts-type-full,full,,,likely,pdf (not read),https://find-and-update.company-information.service.gov.uk/company/05081390/filing-history,0,,ORG:100323
ASPIRE FURNITURE LIMITED,08445275,register,ASPIRE FURNITURE LIMITED,active,2025-09-30,2026-05-22,accounts-with-accounts-type-full,full,20012721,ixbrl,yes,xhtml,https://find-and-update.company-information.service.gov.uk/company/08445275/filing-history,0,,ORG:108549
Aspire Pharma Limited,06828501,register,ASPIRE PHARMA LIMITED,active,2025-12-31,2026-08-29,accounts-with-accounts-type-full,full,118167000,text,yes,xhtml,https://find-and-update.company-information.service.gov.uk/company/06828501/filing-history,0,,ORG:107384
Assa Abloy Ltd,02096505,register,ASSA ABLOY LIMITED,active,2025-12-31,2026-07-17,accounts-with-accounts-type-full,full,,,likely,pdf (not read),https://find-and-update.company-information.service.gov.uk/company/02096505/filing-history,3,,ORG:104099
Assisi Pet Care Limited,01189456,register,ASSISI PET CARE LIMITED,active,2025-03-31,2025-11-05,accounts-with-accounts-type-full,full,,,likely,pdf (not read),https://find-and-update.company-information.service.gov.uk/company/01189456/filing-history,0,,ORG:102144
ASSOCIATED INDEPENDENT STORES LIMITED,00912655,register,ASSOCIATED INDEPENDENT STORES LIMITED,active,2025-12-31,2026-08-07,accounts-with-accounts-type-group,group,,,likely,pdf (not read),https://find-and-update.company-information.service.gov.uk/company/00912655/filing-history,0,,ORG:106344
Associated Pallets Limited,02679001,register,ASSOCIATED PALLETS LIMITED,active,2025-04-30,2025-11-08,accounts-with-accounts-type-total-exemption-full,small,,,unknown,xhtml,https://find-and-update.company-information.service.gov.uk/company/02679001/filing-history,0,,ORG:100794
Associated Seafoods Ltd,SC361498,register,ASSOCIATED SEAFOODS LIMITED,active,2025-12-31,2026-06-08,accounts-with-accounts-type-group,group,109517512,text,yes,xhtml,https://find-and-update.company-information.service.gov.uk/company/SC361498/filing-history,3,,ORG:115103
ASSURED PRODUCTS LIMITED,07053634,register,ASSURED PRODUCTS LIMITED,active,2025-06-30,2026-03-10,accounts-with-accounts-type-total-exemption-full,small,,,unknown,xhtml,https://find-and-update.company-information.service.gov.uk/company/07053634/filing-history,0,,ORG:117237
Assured Solutions Limited,02238356,register,ASSURED SOLUTIONS LIMITED,active,2025-12-31,2026-09-15,accounts-with-accounts-type-unaudited-abridged,small,,,unknown,xhtml,https://find-and-update.company-information.service.gov.uk/company/02238356/filing-history,0,,ORG:105149
Astellas Pharma Ltd.,00787610,register,ASTELLAS PHARMA LTD.,active,2026-03-31,2026-08-07,accounts-with-accounts-type-full,full,,,likely,pdf (not read),https://find-and-update.company-information.service.gov.uk/company/00787610/filing-history,0,,ORG:101981
Astemo UK  Ltd.,03302684,register,"ASTEMO UK, LTD.",active,2025-03-31,2026-04-11,accounts-with-accounts-type-full,full,,,likely,pdf (not read),https://find-and-update.company-information.service.gov.uk/company/03302684/filing-history,0,,ORG:112468
Aston & Fincher Limited,00970902,register,ASTON & FINCHER LIMITED,active,2025-12-31,2026-09-28,accounts-with-accounts-type-full,full,48985850,ixbrl,yes,xhtml,https://find-and-update.company-information.service.gov.uk/company/00970902/filing-history,0,,ORG:100105
Aston Chemicals Ltd,02473404,register,ASTON CHEMICALS LIMITED,active,2025-06-30,2026-04-10,accounts-with-accounts-type-full,full,,,likely,pdf (not read),https://find-and-update.company-information.service.gov.uk/company/02473404/filing-history,0,,ORG:106860
Aston Manor Limited,01699439,register,ASTON MANOR LIMITED,active,2025-12-31,2026-09-17,accounts-with-accounts-type-group,group,,,likely,pdf (not read),https://find-and-update.company-information.service.gov.uk/company/01699439/filing-history,0,,ORG:101056
ASTON MARTIN LAGONDA LIMITED,01199255,register,ASTON MARTIN LAGONDA LIMITED,active,2025-12-31,2026-08-20,accounts-with-accounts-type-full,full,,,likely,pdf (not read),https://find-and-update.company-information.service.gov.uk/company/01199255/filing-history,0,,ORG:104233
AstraZeneca UK Limited,03674842,register,ASTRAZENECA UK LIMITED,active,2025-12-31,2026-08-07,accounts-with-accounts-type-full,full,,,likely,pdf (not read),https://find-and-update.company-information.service.gov.uk/company/03674842/filing-history,0,,ORG:107320
Astro Lighting Limited,03314935,register,ASTRO LIGHTING LIMITED,active,2025-03-31,2025-10-08,accounts-with-accounts-type-full,full,,,likely,pdf (not read),https://find-and-update.company-information.service.gov.uk/company/03314935/filing-history,0,,ORG:106621
Astroluxe Ltd,01219691,register,ASTROLUXE LIMITED,active,2025-12-31,2026-07-09,accounts-with-accounts-type-full,full,,,likely,pdf (not read),https://find-and-update.company-information.service.gov.uk/company/01219691/filing-history,0,,ORG:103619
ASTRUM WINE CELLARS LIMITED,03321771,register,ASTRUM WINE CELLARS LIMITED,active,2025-06-30,2026-01-13,accounts-with-accounts-type-total-exemption-full,small,,,unknown,xhtml,https://find-and-update.company-information.service.gov.uk/company/03321771/filing-history,0,,ORG:101052
Astute Electronics Limited,02326213,register,ASTUTE ELECTRONICS LIMITED,active,2025-12-31,2026-09-29,accounts-with-accounts-type-group,group,176595774,text,yes,xhtml,https://find-and-update.company-information.service.gov.uk/company/02326213/filing-history,1,,ORG:117910
Atkin and Thyme Ltd,08671305,register,ATKIN AND THYME LTD,active,2025-12-31,2026-09-28,accounts-with-accounts-type-small,small,,,unknown,xhtml,https://find-and-update.company-information.service.gov.uk/company/08671305/filing-history,0,,ORG:117672
Atkinson Equipment Group Ltd,13195197,register,ATKINSON EQUIPMENT GROUP LIMITED,active,2025-03-31,2025-12-16,accounts-with-accounts-type-group,group,,,likely,xhtml,https://find-and-update.company-information.service.gov.uk/company/13195197/filing-history,3,,ORG:116121
Atlantic Acquisition Holdings UK Ltd,09325434,register,ATLANTIC ACQUISITION HOLDINGS UK LIMITED,active,2024-12-31,2025-09-16,accounts-with-accounts-type-full,full,,,likely,pdf (not read),https://find-and-update.company-information.service.gov.uk/company/09325434/filing-history,3,,ORG:106357
Atlantic Plastics Limited,01154347,register,ATLANTIC PLASTICS LIMITED,active,2025-09-30,2026-07-11,accounts-with-accounts-type-full,full,,,likely,pdf (not read),https://find-and-update.company-information.service.gov.uk/company/01154347/filing-history,0,,ORG:101902
Atlas Copco IAS UK Ltd,01873269,register,ATLAS COPCO IAS UK LIMITED,active,2025-12-31,2026-09-30,accounts-with-accounts-type-full,full,39695000,ixbrl,yes,xhtml,https://find-and-update.company-information.service.gov.uk/company/01873269/filing-history,0,,ORG:107583
Atlas Copco Ltd,00159809,register,ATLAS COPCO LIMITED,active,2025-12-31,2026-04-09,accounts-with-accounts-type-full,full,196355000,text,yes,xhtml,https://find-and-update.company-information.service.gov.uk/company/00159809/filing-history,0,,ORG:101647
Atom Supplies Ltd,03193057,register,ATOM SUPPLIES LIMITED,active,2025-06-30,2026-04-12,accounts-with-accounts-type-full,full,,,likely,pdf (not read),https://find-and-update.company-information.service.gov.uk/company/03193057/filing-history,0,,ORG:104370
Attends Limited,03718732,register,ATTENDS LIMITED,active,2025-12-31,2026-09-30,accounts-with-accounts-type-full,full,,,likely,pdf (not read),https://find-and-update.company-information.service.gov.uk/company/03718732/filing-history,0,,ORG:104626
AU Vodka Ltd,09470442,register,AU VODKA LTD,active,2025-04-29,2026-02-03,accounts-with-accounts-type-full,full,,,likely,pdf (not read),https://find-and-update.company-information.service.gov.uk/company/09470442/filing-history,0,,ORG:111221
Aubrey Allen Limited,01263890,register,AUBREY ALLEN LIMITED,active,2025-09-27,2025-12-30,accounts-with-accounts-type-full,full,,,likely,pdf (not read),https://find-and-update.company-information.service.gov.uk/company/01263890/filing-history,0,,ORG:106202
Audio-Technica Limited,01385176,register,AUDIO-TECHNICA LIMITED,active,2026-03-31,2026-08-09,accounts-with-accounts-type-full,full,,,likely,pdf (not read),https://find-and-update.company-information.service.gov.uk/company/01385176/filing-history,0,,ORG:101353
Auger Torque Europe Ltd,03537549,register,AUGER TORQUE EUROPE LIMITED,active,2025-12-31,2026-09-04,accounts-with-accounts-type-full,full,10778468,ixbrl,yes,xhtml,https://find-and-update.company-information.service.gov.uk/company/03537549/filing-history,0,,ORG:116527
Augustus Martin Limited,00950118,register,AUGUSTUS MARTIN LIMITED,active,2025-12-31,2026-04-17,accounts-with-accounts-type-full,full,33914014,text,yes,xhtml,https://find-and-update.company-information.service.gov.uk/company/00950118/filing-history,0,,ORG:101014
Aulds Holdings Ltd,SC193186,register,AULDS HOLDINGS LIMITED,active,2025-03-29,2026-01-06,accounts-with-accounts-type-group,group,,,likely,pdf (not read),https://find-and-update.company-information.service.gov.uk/company/SC193186/filing-history,6,,ORG:102391
Aura Brand Solutions Ltd,02984457,register,AURA BRAND SOLUTIONS LIMITED,active,2025-12-31,2026-10-07,accounts-with-accounts-type-full,full,,,likely,pdf (not read),https://find-and-update.company-information.service.gov.uk/company/02984457/filing-history,0,,ORG:104531
Auria Solutions UK I Ltd,10618887,register,AURIA SOLUTIONS UK I LTD.,active,2025-12-31,2026-09-11,accounts-with-accounts-type-full,full,,,likely,pdf (not read),https://find-and-update.company-information.service.gov.uk/company/10618887/filing-history,0,,ORG:107958
Auriga Holdings Ltd,03326486,register,AURIGA HOLDINGS LTD,active,2025-03-31,2025-12-19,accounts-with-accounts-type-group,group,32158829,text,yes,xhtml,https://find-and-update.company-information.service.gov.uk/company/03326486/filing-history,2,,ORG:108516
Aurora Lighting UK Limited,14279450,register,AURORA LIGHTING UK LIMITED,active,2025-12-31,2026-09-30,accounts-with-accounts-type-full,full,,,likely,pdf (not read),https://find-and-update.company-information.service.gov.uk/company/14279450/filing-history,0,,ORG:100863
Aurora World Ltd,03315056,register,AURORA WORLD LTD.,active,2025-12-31,2026-08-24,accounts-with-accounts-type-full,full,,,likely,pdf (not read),https://find-and-update.company-information.service.gov.uk/company/03315056/filing-history,0,,ORG:106046
Aurorium UK Limited,02864354,register,AURORIUM UK LIMITED,active,2024-12-31,2026-01-05,accounts-with-accounts-type-full,full,,,likely,pdf (not read),https://find-and-update.company-information.service.gov.uk/company/02864354/filing-history,0,,ORG:105110
Australian Vintage Ltd,OE030794,register,AUSTRALIAN VINTAGE LTD,registered,,,,,,,,,https://find-and-update.company-information.service.gov.uk/company/OE030794/filing-history,0,no accounts filing with a document,ORG:111296
Authentic Curry Company Ltd,03930505,register,THE AUTHENTIC CURRY COMPANY LIMITED,active,2025-10-31,2026-02-04,accounts-with-accounts-type-total-exemption-full,small,,,unknown,xhtml,https://find-and-update.company-information.service.gov.uk/company/03930505/filing-history,0,,ORG:106251
Autins Group Plc,08958960,register,AUTINS GROUP PLC,active,2025-03-31,2025-10-03,accounts-with-accounts-type-group,group,,,likely,pdf (not read),https://find-and-update.company-information.service.gov.uk/company/08958960/filing-history,2,,ORG:106595
Auto Marine Cables Limited,00804767,register,AUTO MARINE CABLES LIMITED,active,2025-09-30,2026-07-17,accounts-with-accounts-type-medium,medium,,,likely,pdf (not read),https://find-and-update.company-information.service.gov.uk/company/00804767/filing-history,0,,ORG:107149
AUTOCRAFT DRIVETRAIN SOLUTIONS LIMITED,02847178,register,AUTOCRAFT DRIVETRAIN SOLUTIONS LIMITED,active,2024-12-31,2025-10-04,accounts-with-accounts-type-full,full,,,likely,pdf (not read),https://find-and-update.company-information.service.gov.uk/company/02847178/filing-history,0,,ORG:101020
AUTOMAC (UK) LIMITED,03200331,register,AUTOMAC (UK) LIMITED,active,2025-12-31,2026-07-16,accounts-with-accounts-type-small,small,,,unknown,xhtml,https://find-and-update.company-information.service.gov.uk/company/03200331/filing-history,0,,ORG:107721
Automated Technical Controls UK Ltd,07744163,register,AUTOMATED TECHNICAL CONTROLS UK LIMITED,active,2025-12-31,2026-09-08,accounts-with-accounts-type-small,small,,,unknown,pdf (not read),https://find-and-update.company-information.service.gov.uk/company/07744163/filing-history,0,,ORG:104971
Automint Limited,02440888,register,AUTOMINT LIMITED,active,2025-04-30,2026-01-06,accounts-with-accounts-type-group,group,14809549,text,yes,xhtml,https://find-and-update.company-information.service.gov.uk/company/02440888/filing-history,1,,ORG:101004
Automotive Distribution Centre Limited,13124151,register,AUTOMOTIVE DISTRIBUTION CENTRE LIMITED,active,2025-06-30,2026-01-04,accounts-with-accounts-type-full,full,,,likely,pdf (not read),https://find-and-update.company-information.service.gov.uk/company/13124151/filing-history,0,,ORG:108108
Autoneum Great Britain Limited,02248334,register,AUTONEUM GREAT BRITAIN LIMITED,active,2024-12-31,2025-10-06,accounts-with-accounts-type-full,full,,,likely,pdf (not read),https://find-and-update.company-information.service.gov.uk/company/02248334/filing-history,0,,ORG:114682
Autosmart International Ltd,01395515,register,AUTOSMART INTERNATIONAL LTD,active,2025-01-31,2025-11-17,accounts-with-accounts-type-full,full,,,likely,pdf (not read),https://find-and-update.company-information.service.gov.uk/company/01395515/filing-history,0,,ORG:101664
Autosupply Holdings UK Limited,09977356,register,AUTOSUPPLY HOLDINGS UK LIMITED,active,2025-04-30,2026-05-11,accounts-with-accounts-type-group,group,,,likely,pdf (not read),https://find-and-update.company-information.service.gov.uk/company/09977356/filing-history,0,,ORG:100734
Avara Foods Ltd,10973868,register,AVARA FOODS LIMITED,active,2025-05-31,2026-02-26,accounts-with-accounts-type-group,group,,,likely,pdf (not read),https://find-and-update.company-information.service.gov.uk/company/10973868/filing-history,2,,ORG:103698
Avdel UK Ltd,00315076,register,AVDEL UK LIMITED,active,2024-12-31,2025-09-29,accounts-with-accounts-type-full,full,,,likely,pdf (not read),https://find-and-update.company-information.service.gov.uk/company/00315076/filing-history,0,,ORG:103772
Aventis Pharma Limited,01535640,register,AVENTIS PHARMA LIMITED,active,2025-12-31,2026-09-25,accounts-with-accounts-type-full,full,,,likely,pdf (not read),https://find-and-update.company-information.service.gov.uk/company/01535640/filing-history,0,,ORG:108567
Avery Dennison Materials U.K. Limited,00947962,register,AVERY DENNISON MATERIALS U.K. LIMITED,active,2025-12-31,2026-09-28,accounts-with-accounts-type-full,full,,,likely,pdf (not read),https://find-and-update.company-information.service.gov.uk/company/00947962/filing-history,0,,ORG:106902
Avery Dennison Retail Information Services UK Limited,01833924,register,AVERY DENNISON RETAIL INFORMATION SERVICES UK LIMITED,active,2024-12-31,2025-12-27,accounts-with-accounts-type-full,full,,,likely,pdf (not read),https://find-and-update.company-information.service.gov.uk/company/01833924/filing-history,0,,ORG:102895
AVF Group Limited,01339678,register,AVF GROUP LIMITED,active,2024-12-31,2025-09-29,accounts-with-accounts-type-full,full,10867959,text,yes,xhtml,https://find-and-update.company-information.service.gov.uk/company/01339678/filing-history,0,,ORG:107056
Aviagen Limited,01610943,register,AVIAGEN LIMITED,active,2025-06-30,2026-03-04,accounts-with-accounts-type-full,full,,,likely,pdf (not read),https://find-and-update.company-information.service.gov.uk/company/01610943/filing-history,1,,ORG:101400
AVICA UK LTD,03708767,register,AVICA UK LTD,active,2025-03-31,2025-12-31,accounts-with-accounts-type-medium,medium,12200000,ixbrl,yes,xhtml,https://find-and-update.company-information.service.gov.uk/company/03708767/filing-history,0,,ORG:116190
Avient Colorants UK Ltd,05582962,register,AVIENT COLORANTS UK LTD,active,2025-12-31,2026-09-07,accounts-with-accounts-type-full,full,10388000,text,yes,xhtml,https://find-and-update.company-information.service.gov.uk/company/05582962/filing-history,0,,ORG:102990
Avient Material Solutions UK Ltd,03141094,register,AVIENT MATERIAL SOLUTIONS UK LIMITED,active,2025-12-31,2026-09-14,accounts-with-accounts-type-medium,medium,,,likely,pdf (not read),https://find-and-update.company-information.service.gov.uk/company/03141094/filing-history,0,,ORG:102614
AVK UK Limited,01838290,register,AVK UK LIMITED,active,2025-09-30,2026-01-04,accounts-with-accounts-type-full,full,,,likely,pdf (not read),https://find-and-update.company-information.service.gov.uk/company/01838290/filing-history,0,,ORG:106113
Avnet EMG Ltd.,01485988,register,AVNET EMG LTD.,active,2025-06-30,2026-01-15,accounts-with-accounts-type-full,full,,,likely,pdf (not read),https://find-and-update.company-information.service.gov.uk/company/01485988/filing-history,0,,ORG:101434
Avocado Research Chemicals Limited,02682211,register,AVOCADO RESEARCH CHEMICALS LIMITED,active,2025-12-31,2026-09-10,accounts-with-accounts-type-full,full,,,likely,pdf (not read),https://find-and-update.company-information.service.gov.uk/company/02682211/filing-history,0,,ORG:100703
Avon Cosmetics Limited,00592235,register,AVON COSMETICS LIMITED,active,2024-12-31,2025-12-30,accounts-with-accounts-type-full,full,,,likely,pdf (not read),https://find-and-update.company-information.service.gov.uk/company/00592235/filing-history,0,,ORG:102949
AVON GROUP MANUFACTURING (HOLDINGS) LIMITED,03006740,register,AVON GROUP MANUFACTURING (HOLDINGS) LIMITED,active,2025-03-31,2026-01-02,accounts-with-accounts-type-group,group,,,likely,pdf (not read),https://find-and-update.company-information.service.gov.uk/company/03006740/filing-history,9,,ORG:114981
Avondale Foods (Craigavon) Limited,NI015099,register,AVONDALE FOODS (CRAIGAVON) LIMITED,active,2025-03-31,2025-12-23,accounts-with-accounts-type-full,full,102486107,text,yes,xhtml,https://find-and-update.company-information.service.gov.uk/company/NI015099/filing-history,0,,ORG:107362
Avonside Insulation Supplies Limited,01741116,register,AVONSIDE INSULATION SUPPLIES LIMITED,active,2025-08-31,2026-02-27,accounts-with-accounts-type-full,full,24550821,ixbrl,yes,xhtml,https://find-and-update.company-information.service.gov.uk/company/01741116/filing-history,0,,ORG:103513
Awin Barratt Siegel Wine Agencies LLP,OC307303,register,AWIN BARRATT SIEGEL WINE AGENCIES LLP,active,2025-03-31,2026-03-31,accounts-with-accounts-type-total-exemption-full,small,,,unknown,xhtml,https://find-and-update.company-information.service.gov.uk/company/OC307303/filing-history,0,,ORG:108043
AXALTA COATING SYSTEMS HUTHWAITE UK LIMITED,SC007479,register,AXALTA COATING SYSTEMS HUTHWAITE UK LIMITED,active,2025-12-31,2026-06-01,accounts-with-accounts-type-full,full,11886664,text,yes,xhtml,https://find-and-update.company-information.service.gov.uk/company/SC007479/filing-history,0,,ORG:103592
Axalta Powder Coating Systems UK Limited,01074133,register,AXALTA POWDER COATING SYSTEMS UK LIMITED,active,2025-12-31,2026-09-30,accounts-with-accounts-type-full,full,31613000,text,yes,xhtml,https://find-and-update.company-information.service.gov.uk/company/01074133/filing-history,0,,ORG:103679
Axchem (UK) Ltd,05577382,register,AXCHEM (UK) LIMITED,active,2024-12-31,2025-09-02,accounts-with-accounts-type-full,full,,,likely,pdf (not read),https://find-and-update.company-information.service.gov.uk/company/05577382/filing-history,0,,ORG:108497
Axel Arigato London Limited,10136462,register,AXEL ARIGATO LONDON LIMITED,active,2025-12-31,2026-04-28,accounts-with-accounts-type-full,full,18800619,text,yes,xhtml,https://find-and-update.company-information.service.gov.uk/company/10136462/filing-history,0,,ORG:111328
AXTER LIMITED,01446923,register,AXTER LIMITED,active,2025-12-31,2026-09-04,accounts-with-accounts-type-medium,medium,,,likely,pdf (not read),https://find-and-update.company-information.service.gov.uk/company/01446923/filing-history,0,,ORG:116094
Aykroyd & Sons Ltd,00263547,register,AYKROYD & SONS LIMITED,active,2025-03-31,2025-12-09,accounts-with-accounts-type-full,full,81739457,ixbrl,yes,xhtml,https://find-and-update.company-information.service.gov.uk/company/00263547/filing-history,0,,ORG:112369
Aymes International Limited,06603123,register,AYMES INTERNATIONAL LIMITED,active,2025-03-31,2025-10-14,accounts-with-accounts-type-small,small,,,unknown,xhtml,https://find-and-update.company-information.service.gov.uk/company/06603123/filing-history,0,,ORG:100908
Aytac Foods Distribution Ltd,04896297,register,AYTAC FOODS DISTRIBUTION LIMITED,active,2025-06-30,2026-06-25,accounts-with-accounts-type-total-exemption-full,small,,,unknown,xhtml,https://find-and-update.company-information.service.gov.uk/company/04896297/filing-history,0,,ORG:111439
Azelis UK Limited,03585216,register,AZELIS UK LIMITED,active,2025-12-31,2026-05-09,accounts-with-accounts-type-full,full,,,likely,pdf (not read),https://find-and-update.company-information.service.gov.uk/company/03585216/filing-history,0,,ORG:102581
Aztec Oils Ltd,03528262,register,AZTEC OILS LIMITED,active,2026-03-31,2026-08-18,accounts-with-accounts-type-full,full,27897765,text,yes,xhtml,https://find-and-update.company-information.service.gov.uk/company/03528262/filing-history,0,,ORG:105693
Azzurri Central Limited,12457130,register,AZZURRI CENTRAL LIMITED,active,2025-06-29,2026-04-16,accounts-with-accounts-type-audit-exemption-subsiduary,subsidiary,,,unknown,pdf (not read),https://find-and-update.company-information.service.gov.uk/company/12457130/filing-history,6,,ORG:100732
B & M Retail Limited,01357507,register,B & M RETAIL LIMITED,active,2026-03-28,2026-08-07,accounts-with-accounts-type-full,full,,,likely,pdf (not read),https://find-and-update.company-information.service.gov.uk/company/01357507/filing-history,0,,ORG:102354
B & T Associates Ltd,01987654,register,B & T ASSOCIATES LIMITED,active,2025-04-30,2026-01-16,accounts-with-accounts-type-total-exemption-full,small,,,unknown,xhtml,https://find-and-update.company-information.service.gov.uk/company/01987654/filing-history,0,,ORG:105184
B - SPORTING LIMITED,01627024,register,B - SPORTING LIMITED,active,2025-02-28,2025-11-27,accounts-with-accounts-type-full,full,93637241,text,yes,xhtml,https://find-and-update.company-information.service.gov.uk/company/01627024/filing-history,0,,ORG:100377
B M Packaging Limited,02556685,register,B M PACKAGING LIMITED,active,2025-01-31,2025-10-17,accounts-with-accounts-type-medium,medium,11784474,ixbrl,yes,xhtml,https://find-and-update.company-information.service.gov.uk/company/02556685/filing-history,0,,ORG:100542
B&Q Ltd,00973387,register,B&Q LIMITED,active,2025-01-31,2025-09-30,accounts-with-accounts-type-full,full,,,likely,pdf (not read),https://find-and-update.company-information.service.gov.uk/company/00973387/filing-history,0,,ORG:104273
B-Tech International Ltd,01056309,register,B - TECH INTERNATIONAL LIMITED,active,2025-12-31,2026-07-25,accounts-with-accounts-type-small,small,,,unknown,pdf (not read),https://find-and-update.company-information.service.gov.uk/company/01056309/filing-history,0,,ORG:101710
B. Braun Medical Limited,02296559,register,B. BRAUN MEDICAL LIMITED,active,2025-12-31,2026-05-11,accounts-with-accounts-type-full,full,,,likely,pdf (not read),https://find-and-update.company-information.service.gov.uk/company/02296559/filing-history,0,,ORG:104916
B. Cookson Limited,01864616,register,B. COOKSON LIMITED,active,2025-05-31,2025-12-09,accounts-with-accounts-type-total-exemption-full,small,,,unknown,xhtml,https://find-and-update.company-information.service.gov.uk/company/01864616/filing-history,0,,ORG:115667
B. Smith Packaging (Worcester) Ltd,01938928,register,B. SMITH PACKAGING (WORCESTER) LIMITED,active,2025-09-30,2026-04-21,accounts-with-accounts-type-total-exemption-full,small,,,unknown,xhtml,https://find-and-update.company-information.service.gov.uk/company/01938928/filing-history,0,,ORG:115292
B.E.S. Ltd,01202345,register,B.E.S. LIMITED,active,2025-06-30,2026-03-29,accounts-with-accounts-type-medium,medium,,,likely,pdf (not read),https://find-and-update.company-information.service.gov.uk/company/01202345/filing-history,0,,ORG:106054
B.J.R. Foods Limited,01481551,register,B.J.R. FOODS LIMITED,active,2025-12-28,2026-09-18,accounts-with-accounts-type-medium,medium,43673265,ixbrl,yes,xhtml,https://find-and-update.company-information.service.gov.uk/company/01481551/filing-history,0,,ORG:107403
B.S. Labels Limited,01756520,register,B.S. LABELS LIMITED,active,2026-05-31,2026-08-20,accounts-with-accounts-type-total-exemption-full,small,,,unknown,xhtml,https://find-and-update.company-information.service.gov.uk/company/01756520/filing-history,0,,ORG:100392
B.T.C. Activewear Limited,03974944,register,B.T.C. ACTIVEWEAR LIMITED,active,2025-12-31,2026-10-02,accounts-with-accounts-type-full,full,,,likely,pdf (not read),https://find-and-update.company-information.service.gov.uk/company/03974944/filing-history,0,,ORG:107402
B.W. Industries Ltd,01189095,register,B.W.INDUSTRIES LTD,active,2025-01-31,2025-10-24,accounts-with-accounts-type-full,full,31666539,ixbrl,yes,xhtml,https://find-and-update.company-information.service.gov.uk/company/01189095/filing-history,0,,ORG:100314
B2B1 Print Solutions Limited,04143338,register,B2B1 PRINT SOLUTIONS LIMITED,active,2025-08-31,2026-05-20,accounts-with-accounts-type-total-exemption-full,small,,,unknown,xhtml,https://find-and-update.company-information.service.gov.uk/company/04143338/filing-history,0,,ORG:100170
Babcock International Group Plc,02342138,register,BABCOCK INTERNATIONAL GROUP PLC,active,2026-03-31,2026-08-17,accounts-with-accounts-type-group,group,,,likely,pdf (not read),https://find-and-update.company-information.service.gov.uk/company/02342138/filing-history,5,,ORG:108143
Baby Bottles (Wholesale) Limited,02066649,register,BABY BOTTLES (WHOLESALE) LIMITED,active,2026-03-31,2026-10-07,accounts-with-accounts-type-medium,medium,22507289,ixbrl,yes,xhtml,https://find-and-update.company-information.service.gov.uk/company/02066649/filing-history,0,,ORG:114771
Babystyle UK Limited,03714347,register,BABYSTYLE UK LIMITED,active,2025-04-30,2025-09-03,accounts-with-accounts-type-full,full,16042685,text,yes,xhtml,https://find-and-update.company-information.service.gov.uk/company/03714347/filing-history,0,,ORG:107961
Bacardi-Martini Ltd,00305960,register,BACARDI-MARTINI LIMITED,active,2025-03-31,2025-12-27,accounts-with-accounts-type-full,full,,,likely,pdf (not read),https://find-and-update.company-information.service.gov.uk/company/00305960/filing-history,0,,ORG:106590
Bacchus Wine Company (Kensington) Limited (The),01205135,register,BACCHUS WINE COMPANY (KENSINGTON) LIMITED (THE),active,2025-03-31,2025-09-29,accounts-with-accounts-type-total-exemption-full,small,,,unknown,xhtml,https://find-and-update.company-information.service.gov.uk/company/01205135/filing-history,0,,ORG:102460
BAE Systems Plc,01470151,register,BAE SYSTEMS PLC,active,2025-12-31,2026-06-26,accounts-with-accounts-type-group,group,,,likely,pdf (not read),https://find-and-update.company-information.service.gov.uk/company/01470151/filing-history,12,,ORG:103517
Baerlocher UK Ltd,01109873,register,BAERLOCHER UK LIMITED,active,2025-12-31,2026-09-18,accounts-with-accounts-type-full,full,17892508,text,yes,xhtml,https://find-and-update.company-information.service.gov.uk/company/01109873/filing-history,0,,ORG:102048
Bahlsen LLP,OC359027,register,BAHLSEN LLP,active,2025-12-31,2026-08-18,accounts-with-accounts-type-full,full,,,likely,pdf (not read),https://find-and-update.company-information.service.gov.uk/company/OC359027/filing-history,0,,ORG:105134
Bakelite Synthetics UK Ltd,00867053,register,BAKELITE SYNTHETICS UK LIMITED,active,2025-12-31,2026-08-06,accounts-with-accounts-type-audit-exemption-subsiduary,subsidiary,,,unknown,pdf (not read),https://find-and-update.company-information.service.gov.uk/company/00867053/filing-history,0,,ORG:104068
Baker & Baker Products UK Limited,01478292,register,BAKER & BAKER PRODUCTS UK LIMITED,active,2025-12-31,2026-09-15,accounts-with-accounts-type-full,full,,,likely,pdf (not read),https://find-and-update.company-information.service.gov.uk/company/01478292/filing-history,0,,ORG:106728
BAKER BENNETT LIMITED,02914228,register,BAKER BENNETT LIMITED,active,2025-09-30,2026-03-12,accounts-with-accounts-type-total-exemption-full,small,,,unknown,xhtml,https://find-and-update.company-information.service.gov.uk/company/02914228/filing-history,0,,ORG:117404
Baker Furniture Limited,02970306,register,BAKER FURNITURE LIMITED,active,2025-03-30,2025-12-27,accounts-with-accounts-type-full,full,,,likely,pdf (not read),https://find-and-update.company-information.service.gov.uk/company/02970306/filing-history,0,,ORG:105736
Baker Hughes Energy Technology UK Ltd,01521132,register,BAKER HUGHES ENERGY TECHNOLOGY UK LIMITED,active,2024-12-31,2025-10-09,accounts-with-accounts-type-full,full,,,likely,pdf (not read),https://find-and-update.company-information.service.gov.uk/company/01521132/filing-history,0,,ORG:103494
Baker Hughes Ltd,01388658,register,BAKER HUGHES LIMITED,active,2025-12-31,2026-10-05,accounts-with-accounts-type-full,full,,,likely,pdf (not read),https://find-and-update.company-information.service.gov.uk/company/01388658/filing-history,0,,ORG:116175
Baker Ross Ltd,01604275,register,BAKER ROSS LIMITED,active,2025-12-31,2026-08-21,accounts-with-accounts-type-full,full,,,likely,pdf (not read),https://find-and-update.company-information.service.gov.uk/company/01604275/filing-history,0,,ORG:102588
Bakers Basco Ltd,05713959,register,BAKERS BASCO LIMITED,active,2026-03-28,2026-09-22,accounts-with-accounts-type-small,small,,,unknown,pdf (not read),https://find-and-update.company-information.service.gov.uk/company/05713959/filing-history,0,,ORG:100880
Bakkafrost Scotland Ltd,SC107275,register,BAKKAFROST SCOTLAND LIMITED,active,2024-12-31,2025-10-01,accounts-with-accounts-type-full,full,,,likely,pdf (not read),https://find-and-update.company-information.service.gov.uk/company/SC107275/filing-history,0,,ORG:102503
BAKKAVOR FOODS LIMITED,01060806,register,BAKKAVOR FOODS LIMITED,active,2025-12-27,2026-09-01,accounts-with-accounts-type-full,full,,,likely,pdf (not read),https://find-and-update.company-information.service.gov.uk/company/01060806/filing-history,0,,ORG:111279
Bako (Western) Ltd,,,,,,,,,,,,,,0,no Companies House number in register and no exact name match,ORG:108115
Bako Group Ltd,08802727,register,BAKO GROUP LIMITED,active,2025-03-31,2025-08-11,accounts-with-accounts-type-group,group,,,likely,pdf (not read),https://find-and-update.company-information.service.gov.uk/company/08802727/filing-history,2,,ORG:103514
BALCAS TIMBER LIMITED,NI026014,register,BALCAS TIMBER LIMITED,active,2025-12-25,2026-09-29,accounts-with-accounts-type-full,full,,,likely,pdf (not read),https://find-and-update.company-information.service.gov.uk/company/NI026014/filing-history,0,,ORG:102320
Balfe's Bikes Ltd,07584071,register,BALFE'S BIKES LTD,active,2025-03-31,2025-12-18,accounts-with-accounts-type-full,full,,,likely,pdf (not read),https://find-and-update.company-information.service.gov.uk/company/07584071/filing-history,0,,ORG:108562
Balfour Beatty Plc,00395826,register,BALFOUR BEATTY PLC,active,2025-12-31,2026-06-08,accounts-with-accounts-type-group,group,,,likely,pdf (not read),https://find-and-update.company-information.service.gov.uk/company/00395826/filing-history,8,,ORG:103834
Balfour Beatty VINCI,,,,,,,,,,,,,,0,no Companies House number in register and no exact name match,ORG:115616
BALFOUR HOSPITALITY LIMITED,08773581,register,BALFOUR HOSPITALITY LIMITED,active,2025-12-31,2026-09-30,accounts-with-accounts-type-group,group,9758225,text,yes,xhtml,https://find-and-update.company-information.service.gov.uk/company/08773581/filing-history,0,,ORG:114493
Ball & Young Limited,00901282,register,BALL & YOUNG LIMITED,active,2025-12-31,2026-09-21,accounts-with-accounts-type-audit-exemption-subsiduary,subsidiary,,,unknown,pdf (not read),https://find-and-update.company-information.service.gov.uk/company/00901282/filing-history,0,,ORG:107125
Ball Aerosol Packaging UK Limited,01813312,register,BALL AEROSOL PACKAGING UK LIMITED,active,2024-12-31,2025-10-15,accounts-with-accounts-type-full,full,,,likely,pdf (not read),https://find-and-update.company-information.service.gov.uk/company/01813312/filing-history,0,,ORG:105336
Ball Beverage Packaging UK Ltd,00197480,register,BALL BEVERAGE PACKAGING UK LTD,active,2025-12-31,2026-09-28,accounts-with-accounts-type-full,full,,,likely,pdf (not read),https://find-and-update.company-information.service.gov.uk/company/00197480/filing-history,0,,ORG:102528
Ball Colegrave Limited,01577898,register,BALL COLEGRAVE LIMITED,active,2025-09-30,2026-07-31,accounts-with-accounts-type-audit-exemption-subsiduary,subsidiary,,,unknown,pdf (not read),https://find-and-update.company-information.service.gov.uk/company/01577898/filing-history,0,,ORG:103686
Ballward Limited,02053155,register,BALLWARD LIMITED,active,2025-03-31,2025-12-11,accounts-with-accounts-type-total-exemption-full,small,,,unknown,xhtml,https://find-and-update.company-information.service.gov.uk/company/02053155/filing-history,0,,ORG:107357
Ballygarvey Eggs Limited,NI070696,register,BALLYGARVEY EGGS LIMITED,active,2025-09-30,2026-04-09,accounts-with-accounts-type-full,full,,,likely,pdf (not read),https://find-and-update.company-information.service.gov.uk/company/NI070696/filing-history,0,,ORG:102080
Balmoral Comtec Limited,SC301819,register,BALMORAL COMTEC LIMITED,active,2026-03-31,2026-09-16,accounts-with-accounts-type-full,full,,,likely,pdf (not read),https://find-and-update.company-information.service.gov.uk/company/SC301819/filing-history,0,,ORG:102616
Balmoral Tanks Limited,SC300656,register,BALMORAL TANKS LIMITED,active,2025-03-31,2026-01-06,accounts-with-accounts-type-full,full,,,likely,pdf (not read),https://find-and-update.company-information.service.gov.uk/company/SC300656/filing-history,0,,ORG:100139
Bamford Bus Company Limited,12214576,register,BAMFORD BUS COMPANY LIMITED,active,2024-12-31,2025-09-30,accounts-with-accounts-type-full,full,455114374,ixbrl,yes,xhtml,https://find-and-update.company-information.service.gov.uk/company/12214576/filing-history,1,,ORG:103717
BAMFORD COLLECTION LIMITED,03064811,register,BAMFORD COLLECTION LIMITED,active,2025-03-29,2026-01-07,accounts-with-accounts-type-group,group,,,likely,pdf (not read),https://find-and-update.company-information.service.gov.uk/company/03064811/filing-history,2,,ORG:111400
Bancroft Wines Limited,03829460,register,BANCROFT WINES LIMITED,active,2025-09-30,2026-06-19,accounts-with-accounts-type-full,full,14001632,ixbrl,yes,xhtml,https://find-and-update.company-information.service.gov.uk/company/03829460/filing-history,0,,ORG:100747
Banham Poultry (2018) Ltd,11606211,register,BANHAM POULTRY (2018) LTD,active,2025-12-28,2026-09-23,accounts-with-accounts-type-full,full,,,likely,pdf (not read),https://find-and-update.company-information.service.gov.uk/company/11606211/filing-history,0,,ORG:106597
Banquist LTD,12090778,register,BANQUIST LTD,active,2025-07-31,2026-03-31,accounts-with-accounts-type-total-exemption-full,small,,,unknown,xhtml,https://find-and-update.company-information.service.gov.uk/company/12090778/filing-history,0,,ORG:116945
BARCLAY & MATHIESON LIMITED,SC030987,register,BARCLAY & MATHIESON LIMITED,active,2026-03-31,2026-10-06,accounts-with-accounts-type-group,group,124281793,text,yes,xhtml,https://find-and-update.company-information.service.gov.uk/company/SC030987/filing-history,3,,ORG:111379
Bard Ltd,00939600,register,BARD LIMITED,active,2025-09-30,2026-04-17,accounts-with-accounts-type-full,full,,,likely,pdf (not read),https://find-and-update.company-information.service.gov.uk/company/00939600/filing-history,0,,ORG:100512
Barenbrug U.K. Limited,01692116,register,BARENBRUG U.K. LIMITED,active,2025-06-30,2026-03-10,accounts-with-accounts-type-group,group,24556284,text,yes,xhtml,https://find-and-update.company-information.service.gov.uk/company/01692116/filing-history,0,,ORG:102902
BARENTZ UK LIMITED,01762605,register,BARENTZ UK LIMITED,active,2025-12-31,2026-09-30,accounts-with-accounts-type-full,full,39377465,ixbrl,yes,xhtml,https://find-and-update.company-information.service.gov.uk/company/01762605/filing-history,0,,ORG:115887
BARFOOTS OF BOTLEY LIMITED,02383478,register,BARFOOTS OF BOTLEY LIMITED,active,2025-12-31,2026-09-25,accounts-with-accounts-type-full,full,243745502,text,yes,xhtml,https://find-and-update.company-information.service.gov.uk/company/02383478/filing-history,0,,ORG:102249
Barker & Stonehouse Limited,00937498,register,BARKER & STONEHOUSE LIMITED,active,2025-03-30,2025-12-28,accounts-with-accounts-type-group,group,,,likely,pdf (not read),https://find-and-update.company-information.service.gov.uk/company/00937498/filing-history,0,,ORG:102887
Barmans Limited,02563265,register,BARMANS LIMITED,active,2025-04-30,2026-05-04,accounts-with-accounts-type-full,full,,,likely,pdf (not read),https://find-and-update.company-information.service.gov.uk/company/02563265/filing-history,0,,ORG:101920
Baronie UK Limited,09426120,register,BARONIE UK LIMITED,active,2025-12-31,2026-09-30,accounts-with-accounts-type-group,group,150204780,text,yes,xhtml,https://find-and-update.company-information.service.gov.uk/company/09426120/filing-history,0,,ORG:112816
Barony Universal Products Limited,16517008,register,BARONY UNIVERSAL PRODUCTS LIMITED,active,,,,,,,,,https://find-and-update.company-information.service.gov.uk/company/16517008/filing-history,0,no accounts filing with a document,ORG:118058
Barrett Steel Limited,02755663,register,BARRETT STEEL LIMITED,active,2025-09-30,2026-01-05,accounts-with-accounts-type-group,group,,,likely,pdf (not read),https://find-and-update.company-information.service.gov.uk/company/02755663/filing-history,0,,ORG:104053
Barry Callebaut Beverages UK Ltd,02004167,register,BARRY CALLEBAUT BEVERAGES UK LTD,active,2025-08-31,2025-12-23,accounts-with-accounts-type-full,full,9863397,text,yes,xhtml,https://find-and-update.company-information.service.gov.uk/company/02004167/filing-history,0,,ORG:104125
Barry Callebaut Manufacturing (UK) Ltd,01156841,register,BARRY CALLEBAUT MANUFACTURING (UK) LIMITED,active,2025-08-31,2026-05-21,accounts-with-accounts-type-full,full,,,likely,pdf (not read),https://find-and-update.company-information.service.gov.uk/company/01156841/filing-history,0,,ORG:107676
BARTH-HAAS UK LIMITED,04079942,register,BARTH-HAAS UK LIMITED,active,2025-07-31,2026-04-03,accounts-with-accounts-type-full,full,,,likely,pdf (not read),https://find-and-update.company-information.service.gov.uk/company/04079942/filing-history,0,,ORG:107481
Bartley Industries Limited,00798651,register,BARTLEY INDUSTRIES LIMITED,active,2025-03-31,2025-10-14,accounts-with-accounts-type-total-exemption-full,small,,,unknown,xhtml,https://find-and-update.company-information.service.gov.uk/company/00798651/filing-history,0,,ORG:102192
Barton And Redman Limited,00819463,register,BARTON AND REDMAN LIMITED,active,2025-10-31,2026-03-10,accounts-with-accounts-type-full,full,76134873,text,yes,xhtml,https://find-and-update.company-information.service.gov.uk/company/00819463/filing-history,0,,ORG:102373
Barton Firtop Engineering Co Ltd,01117835,register,BARTON FIRTOP ENGINEERING CO LIMITED,active,2025-03-31,2025-12-22,accounts-with-accounts-type-full,full,20835974,text,yes,xhtml,https://find-and-update.company-information.service.gov.uk/company/01117835/filing-history,0,,ORG:108111
Barton Jones Packaging Ltd,02847255,register,BARTON JONES PACKAGING LIMITED,active,2025-09-30,2026-01-14,accounts-with-accounts-type-total-exemption-full,small,,,unknown,xhtml,https://find-and-update.company-information.service.gov.uk/company/02847255/filing-history,0,,ORG:101667
Barton Storage Systems Limited,04998042,register,BARTON STORAGE SYSTEMS LIMITED,active,2025-03-31,2025-12-05,accounts-with-accounts-type-total-exemption-full,small,,,unknown,xhtml,https://find-and-update.company-information.service.gov.uk/company/04998042/filing-history,0,,ORG:111511
Basecamp Brews Ltd,09573563,register,BASECAMP BREWS LTD,active,2025-12-31,2026-09-30,accounts-with-accounts-type-total-exemption-full,small,,,unknown,xhtml,https://find-and-update.company-information.service.gov.uk/company/09573563/filing-history,0,,ORG:116475
BASELL POLYOLEFINS UK LIMITED,02811230,register,BASELL POLYOLEFINS UK LIMITED,active,2024-12-31,2025-10-06,accounts-with-accounts-type-full,full,,,likely,pdf (not read),https://find-and-update.company-information.service.gov.uk/company/02811230/filing-history,0,,ORG:103288
BASELL SALES & MARKETING COMPANY B.V.,BR021323,register,BASELL SALES & MARKETING COMPANY B.V.,open,,,,,,,,,https://find-and-update.company-information.service.gov.uk/company/BR021323/filing-history,0,no accounts filing with a document,ORG:103900
BASF Plc,00667980,register,BASF PUBLIC LIMITED COMPANY,active,2025-12-31,2026-06-04,accounts-with-accounts-type-full,full,,,likely,pdf (not read),https://find-and-update.company-information.service.gov.uk/company/00667980/filing-history,2,,ORG:100894
Basildon Chemical Co. Ltd,01016104,register,BASILDON CHEMICAL CO. LIMITED,active,2025-12-31,2026-07-17,accounts-with-accounts-type-full,full,25109870,text,yes,xhtml,https://find-and-update.company-information.service.gov.uk/company/01016104/filing-history,0,,ORG:102463
Bates Farms & Dairy Limited,00605246,register,BATES FARMS & DAIRY LIMITED,active,2025-05-31,2026-02-27,accounts-with-accounts-type-group,group,,,likely,xhtml,https://find-and-update.company-information.service.gov.uk/company/00605246/filing-history,0,,ORG:102594
Bathams (Delph) Limited,01501306,register,BATHAMS (DELPH) LIMITED,active,2025-06-30,2025-11-25,accounts-with-accounts-type-small,small,,,unknown,xhtml,https://find-and-update.company-information.service.gov.uk/company/01501306/filing-history,0,,ORG:107195
Bathgate Flooring Limited,05055861,register,BATHGATE FLOORING LIMITED,active,2025-09-30,2026-03-31,accounts-with-accounts-type-full,full,18642854,ixbrl,yes,xhtml,https://find-and-update.company-information.service.gov.uk/company/05055861/filing-history,0,,ORG:103936
Bathgate Silica Sand Limited,00142987,register,BATHGATE SILICA SAND LIMITED,active,2025-09-30,2026-03-31,accounts-with-accounts-type-full,full,16513027,ixbrl,yes,xhtml,https://find-and-update.company-information.service.gov.uk/company/00142987/filing-history,0,,ORG:105514
Battle Hayward And Bower Ltd,00274745,register,"BATTLE,HAYWARD AND BOWER,LIMITED",active,2025-12-31,2026-08-14,accounts-with-accounts-type-medium,medium,21318348,ixbrl,yes,xhtml,https://find-and-update.company-information.service.gov.uk/company/00274745/filing-history,0,,ORG:101489
BAUDER LIMITED,01466215,register,BAUDER LIMITED,active,2025-12-31,2026-09-11,accounts-with-accounts-type-full,full,,,likely,pdf (not read),https://find-and-update.company-information.service.gov.uk/company/01466215/filing-history,0,,ORG:100748
Bauer Media Outdoor UK Ltd,00950526,register,BAUER MEDIA OUTDOOR UK LIMITED,active,2025-12-31,2026-09-08,accounts-with-accounts-type-full,full,,,likely,pdf (not read),https://find-and-update.company-information.service.gov.uk/company/00950526/filing-history,0,,ORG:107939
Bausch & Lomb U.K. Limited,00143720,register,BAUSCH & LOMB U.K. LIMITED,active,2024-12-31,2026-01-08,accounts-with-accounts-type-full,full,,,likely,pdf (not read),https://find-and-update.company-information.service.gov.uk/company/00143720/filing-history,0,,ORG:107746
Bawnbua Foods NI Ltd,NI017910,register,BAWNBUA FOODS NI LTD,active,2025-01-31,2025-10-31,accounts-with-accounts-type-full,full,44940999,ixbrl,yes,xhtml,https://find-and-update.company-information.service.gov.uk/company/NI017910/filing-history,0,,ORG:114510
Baxi Heating UK Ltd,03879156,register,BAXI HEATING UK LIMITED,active,2025-12-31,2026-09-22,accounts-with-accounts-type-full,full,,,likely,pdf (not read),https://find-and-update.company-information.service.gov.uk/company/03879156/filing-history,0,,ORG:100633
BAXTER HEALTHCARE LIMITED,00461365,register,BAXTER HEALTHCARE LIMITED,active,2024-12-31,2025-10-04,accounts-with-accounts-type-full,full,,,likely,pdf (not read),https://find-and-update.company-information.service.gov.uk/company/00461365/filing-history,0,,ORG:106632
Baxters Food Group Ltd,SC023572,register,BAXTERS FOOD GROUP LIMITED,active,2025-03-29,2025-12-31,accounts-with-accounts-type-group,group,,,likely,pdf (not read),https://find-and-update.company-information.service.gov.uk/company/SC023572/filing-history,0,,ORG:107380
Bayer Cropscience Limited,00218826,register,BAYER CROPSCIENCE LIMITED,active,2025-12-31,2026-09-04,accounts-with-accounts-type-full,full,,,likely,pdf (not read),https://find-and-update.company-information.service.gov.uk/company/00218826/filing-history,0,,ORG:105420
Bayer Plc,00935048,register,BAYER PUBLIC LIMITED COMPANY,active,2025-12-31,2026-07-03,accounts-with-accounts-type-full,full,,,likely,pdf (not read),https://find-and-update.company-information.service.gov.uk/company/00935048/filing-history,0,,ORG:104601
Baylis & Harding Public Limited Company,01389887,register,BAYLIS & HARDING PUBLIC LIMITED COMPANY,active,2025-05-31,2025-11-26,accounts-with-accounts-type-group,group,72513155,text,yes,xhtml,https://find-and-update.company-information.service.gov.uk/company/01389887/filing-history,0,,ORG:106606
BAZOOKA CANDY BRANDS INTERNATIONAL LIMITED,07459738,register,BAZOOKA CANDY BRANDS INTERNATIONAL LIMITED,active,2026-01-03,2026-09-13,accounts-with-accounts-type-full,full,65416661,ixbrl,yes,xhtml,https://find-and-update.company-information.service.gov.uk/company/07459738/filing-history,0,,ORG:100206
BB Catering Supplies Ltd,08577202,register,BB CATERING SUPPLIES LTD,active,2025-06-30,2026-05-11,accounts-with-accounts-type-total-exemption-full,small,18360847,ixbrl,yes,xhtml,https://find-and-update.company-information.service.gov.uk/company/08577202/filing-history,0,,ORG:116462
BB&R LIMITED,05492886,register,BB&R LIMITED,active,2025-03-31,2025-10-29,accounts-with-accounts-type-full,full,,,likely,pdf (not read),https://find-and-update.company-information.service.gov.uk/company/05492886/filing-history,0,,ORG:107870
BBC Studios Distribution Ltd,01420028,register,BBC STUDIOS DISTRIBUTION LIMITED,active,2026-03-31,2026-07-26,accounts-with-accounts-type-full,full,,,likely,pdf (not read),https://find-and-update.company-information.service.gov.uk/company/01420028/filing-history,2,,ORG:105252
BBI SOLUTIONS OEM LIMITED,08368483,register,BBI SOLUTIONS OEM LIMITED,active,2025-12-31,2026-08-20,accounts-with-accounts-type-full,full,,,likely,pdf (not read),https://find-and-update.company-information.service.gov.uk/company/08368483/filing-history,0,,ORG:116946
BBP MARKETING LIMITED,05453833,register,BBP MARKETING LIMITED,active,2025-09-30,2026-05-08,accounts-with-accounts-type-small,small,,,unknown,xhtml,https://find-and-update.company-information.service.gov.uk/company/05453833/filing-history,0,,ORG:116729
BDM Logistics And Management Ltd,01563200,register,BDM LOGISTICS AND MANAGEMENT LIMITED,active,2025-12-31,2026-09-09,accounts-with-accounts-type-full,full,17834974,ixbrl,yes,xhtml,https://find-and-update.company-information.service.gov.uk/company/01563200/filing-history,0,,ORG:103427
BDN Packaging Ltd,08126169,register,BDN PACKAGING LIMITED,active,2026-06-30,2026-09-07,accounts-with-accounts-type-total-exemption-full,small,,,unknown,xhtml,https://find-and-update.company-information.service.gov.uk/company/08126169/filing-history,0,,ORG:103220
BDP Imports Limited,04031966,register,BDP IMPORTS LIMITED,active,2025-11-30,2026-08-19,accounts-with-accounts-type-medium,medium,31334302,ixbrl,yes,xhtml,https://find-and-update.company-information.service.gov.uk/company/04031966/filing-history,0,,ORG:101560
Be Modern Limited,00829005,register,BE MODERN LIMITED,active,2025-05-10,2026-02-05,accounts-with-accounts-type-full,full,,,likely,pdf (not read),https://find-and-update.company-information.service.gov.uk/company/00829005/filing-history,0,,ORG:100592
BEA Fastening Systems Ltd,01055930,register,BEA FASTENING SYSTEMS LIMITED,active,2025-12-31,2026-09-17,accounts-with-accounts-type-small,small,,,unknown,xhtml,https://find-and-update.company-information.service.gov.uk/company/01055930/filing-history,0,,ORG:100668
BEACHCOURSE LIMITED,03346105,register,BEACHCOURSE LIMITED,active,2025-09-30,2026-07-04,accounts-with-accounts-type-full,full,,,likely,pdf (not read),https://find-and-update.company-information.service.gov.uk/company/03346105/filing-history,0,,ORG:104395
Beacon Foods Limited,02738449,register,BEACON FOODS LIMITED,active,2025-12-31,2026-09-16,accounts-with-accounts-type-medium,medium,25630771,ixbrl,yes,xhtml,https://find-and-update.company-information.service.gov.uk/company/02738449/filing-history,0,,ORG:102519
Beam Suntory UK Ltd,05591988,register,BEAM SUNTORY UK LIMITED,active,2024-12-31,2025-10-03,accounts-with-accounts-type-full,full,,,likely,pdf (not read),https://find-and-update.company-information.service.gov.uk/company/05591988/filing-history,0,,ORG:105683
Beamfeature Ltd,02029999,register,BEAMFEATURE LIMITED,active,2025-12-31,2026-10-05,accounts-with-accounts-type-full,full,12054773,text,yes,xhtml,https://find-and-update.company-information.service.gov.uk/company/02029999/filing-history,0,,ORG:105205
Beamglow Ltd,00889202,register,BEAMGLOW LIMITED,active,2025-04-30,2026-02-02,accounts-with-accounts-type-full,full,,,likely,pdf (not read),https://find-and-update.company-information.service.gov.uk/company/00889202/filing-history,0,,ORG:102179
Beams International Ltd,03737151,register,BEAMS INTERNATIONAL LIMITED,active,2025-03-31,2025-12-27,accounts-with-accounts-type-full,full,,,likely,pdf (not read),https://find-and-update.company-information.service.gov.uk/company/03737151/filing-history,0,,ORG:107722
BEANIES THE FLAVOUR CO. LTD.,07804284,register,BEANIES THE FLAVOUR CO. LTD.,active,2025-12-31,2026-09-18,accounts-with-accounts-type-small,small,,,unknown,xhtml,https://find-and-update.company-information.service.gov.uk/company/07804284/filing-history,0,,ORG:114085
Beaphar UK Ltd,02926721,register,BEAPHAR UK LIMITED,active,2025-12-31,2026-07-22,accounts-with-accounts-type-medium,medium,14941039,ixbrl,yes,xhtml,https://find-and-update.company-information.service.gov.uk/company/02926721/filing-history,0,,ORG:105684
Bearfields of London Limited,13547469,register,BEARFIELDS OF LONDON LIMITED,active,2025-12-31,2026-09-10,accounts-with-accounts-type-full,full,18112957,ixbrl,yes,xhtml,https://find-and-update.company-information.service.gov.uk/company/13547469/filing-history,0,,ORG:102350
Beauty Pie Ltd,09647981,register,BEAUTY PIE LIMITED,active,2025-03-31,2025-12-28,accounts-with-accounts-type-group,group,,,likely,pdf (not read),https://find-and-update.company-information.service.gov.uk/company/09647981/filing-history,0,,ORG:101950
BEAVER-VISITEC INTERNATIONAL LIMITED,01889847,register,BEAVER-VISITEC INTERNATIONAL LIMITED,active,2025-12-31,2026-08-26,accounts-with-accounts-type-full,full,,,likely,pdf (not read),https://find-and-update.company-information.service.gov.uk/company/01889847/filing-history,0,,ORG:111568
Beaverbrooks The Jewellers Ltd,00321773,register,BEAVERBROOKS THE JEWELLERS LTD,active,2026-02-28,2026-09-29,accounts-with-accounts-type-full,full,217048000,text,yes,xhtml,https://find-and-update.company-information.service.gov.uk/company/00321773/filing-history,0,,ORG:103784
Becker Industrial Coatings Limited,00680990,register,BECKER INDUSTRIAL COATINGS LIMITED,active,2025-12-31,2026-09-10,accounts-with-accounts-type-full,full,,,likely,pdf (not read),https://find-and-update.company-information.service.gov.uk/company/00680990/filing-history,0,,ORG:102375
Beckett's Foods Limited,02257171,register,BECKETT'S FOODS LIMITED,active,2025-12-31,2026-09-08,accounts-with-accounts-type-full,full,169417935,ixbrl,yes,xhtml,https://find-and-update.company-information.service.gov.uk/company/02257171/filing-history,0,,ORG:103279
Beckman Coulter United Kingdom Ltd,00640961,register,BECKMAN COULTER UNITED KINGDOM LIMITED,active,2025-12-31,2026-09-02,accounts-with-accounts-type-full,full,,,likely,pdf (not read),https://find-and-update.company-information.service.gov.uk/company/00640961/filing-history,0,,ORG:102422
Becton  Dickinson U.K.Limited,00852702,register,"BECTON, DICKINSON U.K. LIMITED",active,2025-09-30,2026-07-10,accounts-with-accounts-type-full,full,,,likely,pdf (not read),https://find-and-update.company-information.service.gov.uk/company/00852702/filing-history,0,,ORG:108289
Bedec Products Limited,03018513,register,BEDEC PRODUCTS LIMITED,active,2025-04-30,2026-01-30,accounts-with-accounts-type-total-exemption-full,small,,,unknown,xhtml,https://find-and-update.company-information.service.gov.uk/company/03018513/filing-history,0,,ORG:102564
BEDECK LTD,NI023062,register,BEDECK LIMITED,active,2025-03-31,2025-12-18,accounts-with-accounts-type-medium,medium,44887072,ixbrl,yes,xhtml,https://find-and-update.company-information.service.gov.uk/company/NI023062/filing-history,0,,ORG:108591
Bedmax Limited,03796823,register,BEDMAX LIMITED,active,2025-03-31,2025-12-02,accounts-with-accounts-type-full,full,22892886,text,yes,xhtml,https://find-and-update.company-information.service.gov.uk/company/03796823/filing-history,0,,ORG:103165
Bee Health Limited,06653237,register,BEE HEALTH LIMITED,active,2025-12-31,2026-07-02,accounts-with-accounts-type-full,full,35414015,ixbrl,yes,xhtml,https://find-and-update.company-information.service.gov.uk/company/06653237/filing-history,0,,ORG:101475
Beechdean Dairies Limited,02729439,register,BEECHDEAN DAIRIES LIMITED,active,2025-04-30,2026-01-22,accounts-with-accounts-type-full,full,30282349,text,yes,xhtml,https://find-and-update.company-information.service.gov.uk/company/02729439/filing-history,0,,ORG:105293
Beechdean Manufacturing Limited,04134384,register,BEECHDEAN MANUFACTURING LTD,active,2025-04-30,2026-01-22,accounts-with-accounts-type-full,full,26016047,text,yes,xhtml,https://find-and-update.company-information.service.gov.uk/company/04134384/filing-history,0,,ORG:105292
BEECHFIELD BRANDS LIMITED,02953704,register,BEECHFIELD BRANDS LIMITED,active,2025-12-31,2026-09-29,accounts-with-accounts-type-full,full,60007468,ixbrl,yes,xhtml,https://find-and-update.company-information.service.gov.uk/company/02953704/filing-history,0,,ORG:104015
Beechwood Eggs,,,,,,,,,,,,,,0,no Companies House number in register and no exact name match,ORG:115918
Beer52 Ltd,SC449930,register,BEER52 LIMITED,active,2025-06-30,2026-03-31,accounts-with-accounts-type-full,full,39662392,text,yes,xhtml,https://find-and-update.company-information.service.gov.uk/company/SC449930/filing-history,0,,ORG:107500
Bees Seeds Group Limited,11944731,register,BEES SEEDS GROUP LIMITED,active,2025-06-30,2026-03-26,accounts-with-accounts-type-total-exemption-full,small,,,unknown,xhtml,https://find-and-update.company-information.service.gov.uk/company/11944731/filing-history,2,,ORG:117464
BEESLEY & FILDES LIMITED,02412526,register,BEESLEY & FILDES LIMITED,active,2025-03-31,2025-12-05,accounts-with-accounts-type-full,full,48808158,ixbrl,yes,xhtml,https://find-and-update.company-information.service.gov.uk/company/02412526/filing-history,0,,ORG:103184
Beeswift Limited,01569085,register,BEESWIFT LIMITED,active,2025-09-30,2026-07-07,accounts-with-accounts-type-group,group,,,likely,pdf (not read),https://find-and-update.company-information.service.gov.uk/company/01569085/filing-history,0,,ORG:100582
BEIERSDORF UK LTD.,00468710,register,BEIERSDORF UK LTD.,active,2025-12-31,2026-07-04,accounts-with-accounts-type-full,full,,,likely,pdf (not read),https://find-and-update.company-information.service.gov.uk/company/00468710/filing-history,0,,ORG:100599
Beijer Ref UK Limited,00467637,register,BEIJER REF UK LIMITED,active,2025-12-31,2026-09-28,accounts-with-accounts-type-full,full,,,likely,pdf (not read),https://find-and-update.company-information.service.gov.uk/company/00467637/filing-history,0,,ORG:100442
Bekaert Bradford UK Limited,00095908,register,BEKAERT BRADFORD UK LIMITED,active,2025-12-31,2026-09-03,accounts-with-accounts-type-full,full,,,likely,pdf (not read),https://find-and-update.company-information.service.gov.uk/company/00095908/filing-history,0,,ORG:100526
Beko PLC,02415578,register,BEKO PLC,active,2025-12-31,2026-07-11,accounts-with-accounts-type-full,full,,,likely,pdf (not read),https://find-and-update.company-information.service.gov.uk/company/02415578/filing-history,0,,ORG:103705
Bel UK Ltd,00886813,register,BEL UK LIMITED,active,2025-12-31,2026-07-26,accounts-with-accounts-type-full,full,,,likely,pdf (not read),https://find-and-update.company-information.service.gov.uk/company/00886813/filing-history,0,,ORG:102484
Belkin Limited,03168562,register,BELKIN LIMITED,active,2024-12-28,2025-07-08,accounts-with-accounts-type-full,full,,,likely,pdf (not read),https://find-and-update.company-information.service.gov.uk/company/03168562/filing-history,0,,ORG:105388
Bell Brothers Nurseries Limited,04331554,register,BELL BROTHERS NURSERIES LIMITED,active,2024-12-31,2025-09-29,accounts-with-accounts-type-group,group,,,likely,xhtml,https://find-and-update.company-information.service.gov.uk/company/04331554/filing-history,0,,ORG:101488
Bell Sons & Co.(Druggists)Limited,00351951,register,"BELL,SONS & CO.(DRUGGISTS)LIMITED",active,2026-03-31,2026-06-04,accounts-with-accounts-type-full,full,,,likely,pdf (not read),https://find-and-update.company-information.service.gov.uk/company/00351951/filing-history,0,,ORG:107300
Bella & Duke Ltd,SC547789,register,BELLA & DUKE LIMITED,active,2026-03-31,2026-09-02,accounts-with-accounts-type-group,group,32628065,text,yes,xhtml,https://find-and-update.company-information.service.gov.uk/company/SC547789/filing-history,0,,ORG:103419
Belle Engineering (Sheen) Limited,00682892,register,BELLE ENGINEERING (SHEEN) LIMITED,active,2025-08-31,2026-05-11,accounts-with-accounts-type-full,full,,,likely,pdf (not read),https://find-and-update.company-information.service.gov.uk/company/00682892/filing-history,0,,ORG:103921
Bells Food Group Limited,SC045567,register,BELLS FOOD GROUP LIMITED,active,2025-03-31,2025-11-13,accounts-with-accounts-type-medium,medium,,,likely,pdf (not read),https://find-and-update.company-information.service.gov.uk/company/SC045567/filing-history,0,,ORG:103842
Bells of Lazonby Limited,00500802,register,BELLS OF LAZONBY LIMITED,active,2025-12-31,2026-09-08,accounts-with-accounts-type-full,full,47396596,text,yes,xhtml,https://find-and-update.company-information.service.gov.uk/company/00500802/filing-history,0,,ORG:103593
Belmont Packaging Ltd,08727841,register,BELMONT PACKAGING LTD,active,2025-12-31,2026-09-24,accounts-with-accounts-type-total-exemption-full,small,,,unknown,xhtml,https://find-and-update.company-information.service.gov.uk/company/08727841/filing-history,0,,ORG:102537
BELMONT PRESS LIMITED,00504862,register,BELMONT PRESS LIMITED,active,2025-12-31,2026-09-30,accounts-with-accounts-type-full,full,10766981,text,yes,xhtml,https://find-and-update.company-information.service.gov.uk/company/00504862/filing-history,0,,ORG:100474
Belron UK Ltd,00494648,register,BELRON UK LIMITED,active,2025-12-31,2026-10-06,accounts-with-accounts-type-full,full,,,likely,pdf (not read),https://find-and-update.company-information.service.gov.uk/company/00494648/filing-history,0,,ORG:103284
Belstaff International Limited,01447390,register,BELSTAFF INTERNATIONAL LIMITED,active,2025-12-31,2026-10-05,accounts-with-accounts-type-full,full,,,likely,pdf (not read),https://find-and-update.company-information.service.gov.uk/company/01447390/filing-history,0,,ORG:115951
Belton Farm Group Ltd,08497200,register,BELTON FARM GROUP LIMITED,active,2025-12-31,2026-08-28,accounts-with-accounts-type-group,,,,,,https://find-and-update.company-information.service.gov.uk/company/08497200/filing-history,2,"ProxyError: HTTPSConnectionPool(host='s3.eu-west-2.amazonaws.com', port=443): Max retries exceeded with url: /document-api-images-live.ch.gov.uk/docs/E8OTPgTXTyC8eOROz31sj3wshe6DYR6_A0os8gDZIto/application-xhtml%252Bxml?X-Amz-Algorithm=AWS4-HMAC-SHA256&X-Amz-Credential=ASIAWRGBDBV3B377YOG3%2F20261008%2Feu-west-2%2Fs3%2Faws4_request&X-Amz-Date=20261008T103728Z&X-Amz-Expires=60&X-Amz-Security-Token=IQoJb3JpZ2luX2VjEFcaCWV1LXdlc3QtMiJHMEUCIBUkRy7cYyNZ5o3Zxkc3z2qzG5I84YW3OzK%2BiJNJRkiXAiEAltfyd5r6KVCHp2hToWBKgvi3whK4sQjVZmDX18oG%2FFYqgQQIHxAFGgw0NDkyMjkwMzI4MjIiDEcgN80OFzFpdwcSAireAx4mG7PWfui2FB6qgrKRPm2Is3UQYU%2BFI%2B4QjVrlqxg8mknlCqtZ8jecO6eIHN4LsuCK7mAetOEuIBXhMhFILuRPGJdJxh%2Fn1WZLzlNo8PWqixLK1BpX6Yj5E2ygbIh7uvLxCGTJmnqj%2FvXfWiH72AosntHMw3blm4rjTr2eCfHO8LF6KgwuqFaP%2FLxIbwllr%2FD0c6vtjRkF%2FWJUQxE2NKnwsqDWC%2FfIMJUgH9HkfPPxaz320w5OTPU3Fs22v9m81duIV5RPxr%2B1SYTdenMsVDy9yBaAuVAiiZ3tKSR0PxASiXE9GByQGkz%2BS9JVegs3TZDpB1D30zZM1JAGpevsBA5pIvF01Zx7Hlog%2BSuKJhuBpybvrOmOfzkIhuS4IR1GnUvqjEVmL5907nWB9shZ%2Fh599oxgaZMH%2FxmAWRCxzBNDBFyjY8yuQx5UKmeGuGyPieie%2BHLdj5ibBvXH4Vsg6he7%2FfNeB45sEldownRYpSsf54yi3o8pzaOq%2FB%2FmJ2rY8XaQC7rOPqlGz%2BXijA%2B2T%2BgqREmj7NcVsI20pIcwR%2ByOsE5Ur5dH0FNoFqDHoakDZ%2FN0u5UHqYON9bUJqFqz5tEsMkwvABrkZigcYpUPRYHRWIW68%2F8YNJZxcbbojUUwgvCc1gY6pQEy70aGQGnu4O5Jy%2B8o7aRG7Tg69hKBbm%2BOHEMEadi3O0H%2BkV6i1afQ9eOM6Y%2FmwkqWuVy4LeBKeTpqu69WDNGvQfM2Lo%2BT0ZLnzrOeMn8AocoGLykrV5ukCO%2FqA4h6nXK7tDEW23mpI6paaBIhBTX11ga%2B76cJaTKbBC3jCrQLxIPPrwsiRJMUy%2B3hGomXnIKZ6jQTA5GmtIVtxBsA3prZFC69n3A%3D&X-Amz-SignedHeaders=host&response-content-disposition=inline%3Bfilename%3D%2208497200_aa_2026-08-28.xhtml%22&X-Amz-Signature=2aac4ca200ad8f2767437927374b5f33238c73e696b7c2ae12c1a474cdf2423b (Caused by ProxyError('Unable to connect to proxy', RemoteDisconnected('Remote end closed connection without response')))",ORG:106068
Belvoir Farm Drinks Limited,10297356,register,BELVOIR FARM DRINKS LIMITED,active,2025-12-31,2026-07-24,accounts-with-accounts-type-full,full,27756883,text,yes,xhtml,https://find-and-update.company-information.service.gov.uk/company/10297356/filing-history,0,,ORG:100140
BEMIS LIMITED,00918517,register,BEMIS LIMITED,active,2024-12-31,2025-07-14,accounts-with-accounts-type-full,full,8172388,text,yes,xhtml,https://find-and-update.company-information.service.gov.uk/company/00918517/filing-history,0,,ORG:107780
Bemrose Booth Paragon Limited,04891375,register,PARAGON ID HULL UK LTD,active,2025-06-30,2026-06-07,accounts-with-accounts-type-full,full,,,likely,pdf (not read),https://find-and-update.company-information.service.gov.uk/company/04891375/filing-history,1,,ORG:103440
BEN AND BILL'S LTD,07018862,register,BEN AND BILL'S LTD,active,2025-09-30,2026-04-23,accounts-with-accounts-type-total-exemption-full,small,,,unknown,xhtml,https://find-and-update.company-information.service.gov.uk/company/07018862/filing-history,0,,ORG:117850
BENCHMARK DRINKS LTD,11164581,register,BENCHMARK DRINKS LTD,active,2025-01-31,2025-10-30,accounts-with-accounts-type-group,group,36896358,text,yes,xhtml,https://find-and-update.company-information.service.gov.uk/company/11164581/filing-history,1,,ORG:111176
Benecol Ltd,09062361,register,BENECOL LIMITED,active,2025-12-31,2026-07-31,accounts-with-accounts-type-full,full,,,likely,pdf (not read),https://find-and-update.company-information.service.gov.uk/company/09062361/filing-history,0,,ORG:107175
Benefit Cosmetics Ltd,03922046,register,BENEFIT COSMETICS LIMITED,active,2024-12-31,2025-12-28,accounts-with-accounts-type-full,full,,,likely,pdf (not read),https://find-and-update.company-information.service.gov.uk/company/03922046/filing-history,0,,ORG:104848
Benjamin Moore UK Limited,09573012,register,BENJAMIN MOORE UK LIMITED,active,2025-12-31,2026-09-15,accounts-with-accounts-type-small,small,,,unknown,xhtml,https://find-and-update.company-information.service.gov.uk/company/09573012/filing-history,0,,ORG:115775
BENNETT OPIE LIMITED,00124503,register,"BENNETT OPIE,LIMITED",active,2025-03-31,2025-11-11,accounts-with-accounts-type-full,full,52678279,ixbrl,yes,xhtml,https://find-and-update.company-information.service.gov.uk/company/00124503/filing-history,0,,ORG:104482
BenQ UK Ltd,03462488,register,BENQ UK LIMITED,active,2025-12-31,2026-09-28,accounts-with-accounts-type-full,full,20840397,ixbrl,yes,xhtml,https://find-and-update.company-information.service.gov.uk/company/03462488/filing-history,0,,ORG:101923
Benross Marketing Limited,03037336,register,BENROSS MARKETING LIMITED,active,2026-01-31,2026-05-04,accounts-with-accounts-type-full,full,29205954,ixbrl,yes,xhtml,https://find-and-update.company-information.service.gov.uk/company/03037336/filing-history,0,,ORG:107940
Bensonsforbedsmanufacturing LTD,12683167,register,BENSONSFORBEDSMANUFACTURING LTD,active,2025-09-27,2026-02-26,accounts-with-accounts-type-full,full,,,likely,pdf (not read),https://find-and-update.company-information.service.gov.uk/company/12683167/filing-history,0,,ORG:103972
Bensonsforbedsretail LTD,12528962,register,BENSONSFORBEDSRETAIL LTD,active,2025-09-27,2026-02-26,accounts-with-accounts-type-full,full,,,likely,pdf (not read),https://find-and-update.company-information.service.gov.uk/company/12528962/filing-history,0,,ORG:101062
Bentley Motors Limited,00992897,register,BENTLEY MOTORS LIMITED,active,2025-12-31,2026-09-28,accounts-with-accounts-type-full,full,,,likely,pdf (not read),https://find-and-update.company-information.service.gov.uk/company/00992897/filing-history,0,,ORG:105060
Bents Garden Centre Limited,02869245,register,BENTS GARDEN CENTRE LIMITED,active,2026-01-31,2026-09-30,accounts-with-accounts-type-full,full,29486630,text,yes,xhtml,https://find-and-update.company-information.service.gov.uk/company/02869245/filing-history,0,,ORG:106817
Benvic Dugdale Ltd,04116131,register,BENVIC DUGDALE LIMITED,active,2025-12-31,2026-07-29,accounts-with-accounts-type-full,full,37726509,ixbrl,yes,xhtml,https://find-and-update.company-information.service.gov.uk/company/04116131/filing-history,0,,ORG:102256
BERGSTROM (EUROPE) LIMITED,02407030,register,BERGSTROM (EUROPE) LIMITED,active,2026-01-03,2026-06-18,accounts-with-accounts-type-full,full,,,likely,pdf (not read),https://find-and-update.company-information.service.gov.uk/company/02407030/filing-history,0,,ORG:106780
BERICAP U.K. LIMITED.,02566980,register,BERICAP U.K. LIMITED.,active,2025-12-31,2026-08-20,accounts-with-accounts-type-full,full,,,likely,pdf (not read),https://find-and-update.company-information.service.gov.uk/company/02566980/filing-history,0,,ORG:101875
BERICOTE PARK LIMITED,08156756,register,BERICOTE PARK LIMITED,active,2024-12-31,2025-12-24,accounts-with-accounts-type-unaudited-abridged,small,,,unknown,xhtml,https://find-and-update.company-information.service.gov.uk/company/08156756/filing-history,0,,ORG:101746
Berisfords Ltd,02707046,register,BERISFORDS LIMITED,active,2024-12-31,2025-10-15,accounts-with-accounts-type-medium,medium,4162325,ixbrl,no,xhtml,https://find-and-update.company-information.service.gov.uk/company/02707046/filing-history,0,,ORG:101994
Berkmann Wine Cellars Ltd,02190816,register,BERKMANN WINE CELLARS LIMITED,active,2025-03-31,2025-12-31,accounts-with-accounts-type-full,full,110889331,ixbrl,yes,xhtml,https://find-and-update.company-information.service.gov.uk/company/02190816/filing-history,0,,ORG:107602
BERKSHIRE MEAT TRADERS LIMITED,03724989,register,BERKSHIRE MEAT TRADERS LIMITED,active,2024-12-31,2025-12-22,accounts-with-accounts-type-full,full,32822870,ixbrl,yes,xhtml,https://find-and-update.company-information.service.gov.uk/company/03724989/filing-history,0,,ORG:108612
Berlin Packaging Holding UK Ltd,00497950,register,BERLIN PACKAGING HOLDING UK LTD,active,2025-12-31,2026-07-31,accounts-with-accounts-type-full,full,,,likely,xhtml,https://find-and-update.company-information.service.gov.uk/company/00497950/filing-history,0,,ORG:100465
BERNARD MATTHEWS FOODS (DERBY) LIMITED,11899591,register,BERNARD MATTHEWS FOODS (DERBY) LIMITED,active,2025-12-28,2026-09-23,accounts-with-accounts-type-full,full,,,likely,pdf (not read),https://find-and-update.company-information.service.gov.uk/company/11899591/filing-history,0,,ORG:107282
BERNARD MATTHEWS FOODS (SUNDERLAND) LIMITED,09690151,register,BERNARD MATTHEWS FOODS (SUNDERLAND) LIMITED,active,2025-12-28,2026-10-06,accounts-with-accounts-type-full,full,,,likely,pdf (not read),https://find-and-update.company-information.service.gov.uk/company/09690151/filing-history,0,,ORG:107280
BERNARD MATTHEWS FOODS LIMITED,10036286,register,BERNARD MATTHEWS FOODS LIMITED,active,2025-12-28,2026-09-23,accounts-with-accounts-type-full,full,,,likely,pdf (not read),https://find-and-update.company-information.service.gov.uk/company/10036286/filing-history,0,,ORG:106405
BERRINGTON PURE SPRING WATER LIMITED,05210588,register,BERRINGTON PURE SPRING WATER LIMITED,active,2025-03-31,2025-12-05,accounts-with-accounts-type-total-exemption-full,small,,,unknown,pdf (not read),https://find-and-update.company-information.service.gov.uk/company/05210588/filing-history,0,,ORG:114877
Berry Gardens Ltd,01719714,register,BERRY GARDENS LIMITED,active,2025-12-31,2026-07-14,accounts-with-accounts-type-full,full,,,likely,pdf (not read),https://find-and-update.company-information.service.gov.uk/company/01719714/filing-history,0,,ORG:107631
BERRYWORLD GROUP LIMITED,14171788,register,BERRYWORLD GROUP LIMITED,active,2025-12-31,2026-07-21,accounts-with-accounts-type-audit-exemption-subsiduary,subsidiary,,,unknown,pdf (not read),https://find-and-update.company-information.service.gov.uk/company/14171788/filing-history,2,,ORG:114090
Bertagni 1882 (UK) Ltd,11033495,register,BERTAGNI 1882 (UK) LIMITED,active,2025-12-31,2026-07-07,accounts-with-accounts-type-total-exemption-full,small,,,unknown,xhtml,https://find-and-update.company-information.service.gov.uk/company/11033495/filing-history,0,,ORG:106052
Bertazzoni UK Limited,10550342,register,BERTAZZONI UK LIMITED,active,2025-12-31,2026-02-26,accounts-with-accounts-type-total-exemption-full,small,,,unknown,xhtml,https://find-and-update.company-information.service.gov.uk/company/10550342/filing-history,0,,ORG:111377
Berwin Rubber Company Limited,00524814,register,HEXPOL MANCHESTER LTD,active,2025-12-31,2026-10-01,accounts-with-accounts-type-full,full,37005980,ixbrl,yes,xhtml,https://find-and-update.company-information.service.gov.uk/company/00524814/filing-history,0,,ORG:103441
Besana UK Limited,02507055,register,BESANA UK LIMITED,active,2025-12-31,2026-06-20,accounts-with-accounts-type-full,full,,,likely,pdf (not read),https://find-and-update.company-information.service.gov.uk/company/02507055/filing-history,0,,ORG:103108
Bespak Europe Limited,03515896,register,BESPAK EUROPE LIMITED,active,2025-12-31,2026-08-06,accounts-with-accounts-type-full,full,,,likely,pdf (not read),https://find-and-update.company-information.service.gov.uk/company/03515896/filing-history,0,,ORG:101577
Bespak HC Limited,11343867,register,BESPAK HC LIMITED,active,2025-12-31,2026-08-06,accounts-with-accounts-type-full,full,,,likely,pdf (not read),https://find-and-update.company-information.service.gov.uk/company/11343867/filing-history,0,,ORG:107264
Bespoke Menu Solutions Limited,06279824,register,BESPOKE MENU SOLUTIONS LIMITED,active,2025-05-31,2026-02-24,accounts-with-accounts-type-full,full,15777594,text,yes,xhtml,https://find-and-update.company-information.service.gov.uk/company/06279824/filing-history,0,,ORG:103375
Best C.Veg Limited,06829156,register,BEST C.VEG LIMITED,active,2025-03-31,2025-12-13,accounts-with-accounts-type-group,group,,,likely,pdf (not read),https://find-and-update.company-information.service.gov.uk/company/06829156/filing-history,0,,ORG:115926
BEST FOODS LIMITED,04527390,register,BEST FOODS LIMITED,active,2025-09-30,2026-06-25,accounts-with-accounts-type-full,full,,,likely,pdf (not read),https://find-and-update.company-information.service.gov.uk/company/04527390/filing-history,0,,ORG:108301
Bestseller Retail UK Limited,05878986,register,BESTSELLER RETAIL UK LIMITED,active,2025-07-31,2025-11-18,accounts-with-accounts-type-medium,medium,22271780,ixbrl,yes,xhtml,https://find-and-update.company-information.service.gov.uk/company/05878986/filing-history,0,,ORG:107834
Bestseller Wholesale UK Limited,03851454,register,BESTSELLER WHOLESALE UK LTD,active,2025-07-31,2025-11-18,accounts-with-accounts-type-full,full,126035202,ixbrl,yes,xhtml,https://find-and-update.company-information.service.gov.uk/company/03851454/filing-history,0,,ORG:107053
Bestway Northern Ltd,02675585,register,BESTWAY NORTHERN LIMITED,active,2025-06-30,2026-03-28,accounts-with-accounts-type-full,full,,,likely,pdf (not read),https://find-and-update.company-information.service.gov.uk/company/02675585/filing-history,0,,ORG:111749
Bestway Panacea Holdings Ltd,09225479,register,BESTWAY PANACEA HOLDINGS LIMITED,active,2025-06-30,2026-03-29,accounts-with-accounts-type-full,full,,,likely,pdf (not read),https://find-and-update.company-information.service.gov.uk/company/09225479/filing-history,8,,ORG:108286
Bestway Retail Ltd,04103203,register,BESTWAY RETAIL LIMITED,active,2025-06-30,2026-03-28,accounts-with-accounts-type-full,full,,,likely,pdf (not read),https://find-and-update.company-information.service.gov.uk/company/04103203/filing-history,0,,ORG:111747
Bestway Wholesale Ltd,01207120,register,BESTWAY WHOLESALE LIMITED,active,2025-06-30,2026-03-28,accounts-with-accounts-type-full,full,,,likely,pdf (not read),https://find-and-update.company-information.service.gov.uk/company/01207120/filing-history,0,,ORG:111501
Better Taste Holding 1 Ltd,12872150,register,BETTER TASTE HOLDING 1 LTD,active,2024-09-29,2026-01-28,accounts-with-accounts-type-group,group,,,likely,pdf (not read),https://find-and-update.company-information.service.gov.uk/company/12872150/filing-history,2,,ORG:112793
Bettys & Taylors of Harrogate Ltd,00543821,register,BETTYS & TAYLORS OF HARROGATE LTD,active,2025-10-31,2026-06-25,accounts-with-accounts-type-full,full,,,likely,pdf (not read),https://find-and-update.company-information.service.gov.uk/company/00543821/filing-history,0,,ORG:106514
Beurer UK Limited,06247279,register,BEURER UK LIMITED,active,2026-03-31,2026-07-28,accounts-with-accounts-type-small,small,,,unknown,xhtml,https://find-and-update.company-information.service.gov.uk/company/06247279/filing-history,0,,ORG:102702
Beverage Plastics Limited,NI017684,register,BEVERAGE PLASTICS LIMITED,active,2025-12-31,2026-09-09,accounts-with-accounts-type-full,full,,,likely,pdf (not read),https://find-and-update.company-information.service.gov.uk/company/NI017684/filing-history,0,,ORG:100421
BEW Electrical Distributors Limited,01703444,register,BEW ELECTRICAL DISTRIBUTORS LIMITED,active,2025-04-30,2026-01-22,accounts-with-accounts-type-full,full,126352854,ixbrl,yes,xhtml,https://find-and-update.company-information.service.gov.uk/company/01703444/filing-history,0,,ORG:117733
Beyond Retail Ltd,07457691,register,BEYOND RETAIL LTD,active,2026-03-31,2026-07-01,accounts-with-accounts-type-full,full,59002000,text,yes,xhtml,https://find-and-update.company-information.service.gov.uk/company/07457691/filing-history,0,,ORG:100349
Beyond The Bean Limited,03342222,register,BEYOND THE BEAN LIMITED,active,2025-09-30,2026-07-02,accounts-with-accounts-type-group,group,,,likely,pdf (not read),https://find-and-update.company-information.service.gov.uk/company/03342222/filing-history,0,,ORG:102639
Beyond Wines Ltd,11979276,register,BEYOND WINES LIMITED,active,2025-05-31,2026-02-28,accounts-with-accounts-type-total-exemption-full,small,,,unknown,xhtml,https://find-and-update.company-information.service.gov.uk/company/11979276/filing-history,0,,ORG:115620
BFM Europe Limited,03543354,register,BFM EUROPE LIMITED,active,2025-12-31,2026-10-02,accounts-with-accounts-type-full,full,,,likely,pdf (not read),https://find-and-update.company-information.service.gov.uk/company/03543354/filing-history,0,,ORG:100464
BFS Group Ltd,00239718,register,BFS GROUP LIMITED,active,2025-06-30,2026-04-14,accounts-with-accounts-type-full,full,,,likely,pdf (not read),https://find-and-update.company-information.service.gov.uk/company/00239718/filing-history,12,,ORG:103276
BGC South Ltd,12178153,register,BGC SOUTH LTD,active,2025-12-31,2026-09-25,accounts-with-accounts-type-group,group,94976339,text,yes,xhtml,https://find-and-update.company-information.service.gov.uk/company/12178153/filing-history,0,,ORG:105217
BGRP Ltd,05423920,register,BGRP LIMITED,active,2025-04-30,2026-02-02,accounts-with-accounts-type-full,full,,,likely,pdf (not read),https://find-and-update.company-information.service.gov.uk/company/05423920/filing-history,0,,ORG:107929
Bharat Forge International Limited,07459638,register,BHARAT FORGE INTERNATIONAL LIMITED,active,2026-03-31,2026-06-19,accounts-with-accounts-type-full,full,316902400,text,yes,xhtml,https://find-and-update.company-information.service.gov.uk/company/07459638/filing-history,0,,ORG:105176
BHF Shops Limited,02472513,register,BHF SHOPS LIMITED,active,2025-03-31,2025-09-30,accounts-with-accounts-type-full,full,,,likely,pdf (not read),https://find-and-update.company-information.service.gov.uk/company/02472513/filing-history,0,,ORG:108066
BHGS Ltd,04222414,register,BHGS LIMITED,administration,2025-06-30,2026-03-30,accounts-with-accounts-type-full,full,30165034,ixbrl,yes,xhtml,https://find-and-update.company-information.service.gov.uk/company/04222414/filing-history,0,,ORG:112807
BHH Ltd,NI031884,register,BHH LIMITED,active,2025-07-31,2026-04-20,accounts-with-accounts-type-group,group,,,likely,pdf (not read),https://find-and-update.company-information.service.gov.uk/company/NI031884/filing-history,1,,ORG:105604
BHID Group Ltd,09003127,register,BHID GROUP LIMITED,active,2026-04-30,2026-09-28,accounts-with-accounts-type-full,full,,,likely,xhtml,https://find-and-update.company-information.service.gov.uk/company/09003127/filing-history,2,,ORG:107044
BHJ UK Limited,01535700,register,BHJ UK LIMITED,active,2025-12-31,2026-06-09,accounts-with-accounts-type-small,small,,,unknown,xhtml,https://find-and-update.company-information.service.gov.uk/company/01535700/filing-history,0,,ORG:108541
BHK (UK) Limited,02195429,register,BHK (UK) LIMITED,active,2025-12-31,2026-09-25,accounts-with-accounts-type-full,full,13188814,text,yes,xhtml,https://find-and-update.company-information.service.gov.uk/company/02195429/filing-history,0,,ORG:103453
Bi-Silque Visual Communication Products Limited,03093943,register,BI-SILQUE VISUAL COMMUNICATION PRODUCTS LIMITED,active,2024-12-31,2025-11-20,accounts-with-accounts-type-small,small,,,unknown,xhtml,https://find-and-update.company-information.service.gov.uk/company/03093943/filing-history,0,,ORG:100911
Biachem Group Ltd,03243797,register,BIACHEM GROUP LIMITED,active,2025-11-30,2026-08-21,accounts-with-accounts-type-group,group,20694076,text,yes,xhtml,https://find-and-update.company-information.service.gov.uk/company/03243797/filing-history,2,,ORG:104937
Bic U.K. Ltd,00389090,register,BIC U.K. LIMITED,active,2025-12-31,2026-06-24,accounts-with-accounts-type-full,full,,,likely,pdf (not read),https://find-and-update.company-information.service.gov.uk/company/00389090/filing-history,0,,ORG:100891
Biesterfeld Petroplas Limited,04493327,register,BIESTERFELD PETROPLAS LIMITED,active,2025-12-31,2026-03-23,accounts-with-accounts-type-full,full,,,likely,pdf (not read),https://find-and-update.company-information.service.gov.uk/company/04493327/filing-history,0,,ORG:101199
BIFFA LIMITED,10336040,register,BIFFA LIMITED,active,2025-03-28,2026-01-05,accounts-with-accounts-type-audit-exemption-subsiduary,subsidiary,,,unknown,pdf (not read),https://find-and-update.company-information.service.gov.uk/company/10336040/filing-history,10,,ORG:101892
Big K Products U.K. Limited,01549574,register,BIG K PRODUCTS UK LIMITED,active,2025-09-30,2026-06-06,accounts-with-accounts-type-full,full,,,likely,pdf (not read),https://find-and-update.company-information.service.gov.uk/company/01549574/filing-history,0,,ORG:101037
BIGDUG LIMITED,05019218,register,BIGDUG LIMITED,active,2025-12-31,2026-09-17,accounts-with-accounts-type-full,full,46856857,text,yes,xhtml,https://find-and-update.company-information.service.gov.uk/company/05019218/filing-history,0,,ORG:107955
Bighams Limited,03233191,register,BIGHAMS LIMITED,active,2025-08-31,2026-05-24,accounts-with-accounts-type-group,group,,,likely,pdf (not read),https://find-and-update.company-information.service.gov.uk/company/03233191/filing-history,0,,ORG:105800
BIGJIGS TOYS LIMITED,04710017,register,BIGJIGS TOYS LIMITED,active,2025-06-30,2026-03-24,accounts-with-accounts-type-group,group,16389839,text,yes,xhtml,https://find-and-update.company-information.service.gov.uk/company/04710017/filing-history,0,,ORG:114920
BIL GROUP LIMITED,02603821,register,BIL GROUP LIMITED,active,2025-09-30,2026-06-29,accounts-with-accounts-type-small,small,,,unknown,xhtml,https://find-and-update.company-information.service.gov.uk/company/02603821/filing-history,0,,ORG:116792
Billions Europe Ltd,09298775,register,BILLIONS EUROPE LTD,active,2025-12-31,2026-08-18,accounts-with-accounts-type-full,full,233558600,text,yes,xhtml,https://find-and-update.company-information.service.gov.uk/company/09298775/filing-history,0,,ORG:101315
Bills Restaurants Ltd.,05158252,register,BILLS RESTAURANTS LTD.,active,2025-01-05,2026-01-08,accounts-with-accounts-type-full,full,,,likely,pdf (not read),https://find-and-update.company-information.service.gov.uk/company/05158252/filing-history,0,,ORG:106936
Binghams Food Ltd,06351192,register,BINGHAMS FOOD LIMITED,active,2025-04-30,2026-01-29,accounts-with-accounts-type-small,small,,,unknown,xhtml,https://find-and-update.company-information.service.gov.uk/company/06351192/filing-history,0,,ORG:107037
Binning Wine Mart Ltd,04831953,register,BINNING WINE MART LTD,active,2025-03-31,2025-12-10,accounts-with-accounts-type-total-exemption-full,small,,,unknown,xhtml,https://find-and-update.company-information.service.gov.uk/company/04831953/filing-history,0,,ORG:114500
Bio Products Laboratory Limited,07343036,register,BIO PRODUCTS LABORATORY LIMITED,active,2025-12-31,2026-04-26,accounts-with-accounts-type-full,full,,,likely,pdf (not read),https://find-and-update.company-information.service.gov.uk/company/07343036/filing-history,0,,ORG:104633
BIO&ME LIMITED,12092366,register,BIO&ME LIMITED,active,2025-12-31,2026-09-30,accounts-with-accounts-type-unaudited-abridged,small,,,unknown,xhtml,https://find-and-update.company-information.service.gov.uk/company/12092366/filing-history,0,,ORG:106868
Bio-Productions Limited,02886125,register,BIO-PRODUCTIONS LIMITED,active,2025-04-30,2025-11-06,accounts-with-accounts-type-total-exemption-full,small,,,unknown,xhtml,https://find-and-update.company-information.service.gov.uk/company/02886125/filing-history,0,,ORG:104698
Bio-Rad Laboratories Limited,03044694,register,BIO-RAD LABORATORIES LIMITED,active,2024-12-31,2025-10-23,accounts-with-accounts-type-full,full,,,likely,pdf (not read),https://find-and-update.company-information.service.gov.uk/company/03044694/filing-history,0,,ORG:117178
Bio-tiful Dairy Ltd,08181288,register,BIO-TIFUL DAIRY LIMITED,active,2025-03-31,2025-12-24,accounts-with-accounts-type-group,group,46781168,text,yes,xhtml,https://find-and-update.company-information.service.gov.uk/company/08181288/filing-history,0,,ORG:114609
Biocare Limited,01948434,register,BIOCARE LIMITED,active,2025-12-31,2026-06-25,accounts-with-accounts-type-full,full,,,likely,pdf (not read),https://find-and-update.company-information.service.gov.uk/company/01948434/filing-history,0,,ORG:106227
Biological Preparations Limited,06729209,register,BIOLOGICAL PREPARATIONS LIMITED,active,2025-12-31,2026-08-06,accounts-with-accounts-type-full,full,,,likely,pdf (not read),https://find-and-update.company-information.service.gov.uk/company/06729209/filing-history,0,,ORG:116041
Biomar Ltd,SC119586,register,BIOMAR LIMITED,active,2025-12-31,2026-09-30,accounts-with-accounts-type-full,full,167502000,text,yes,xhtml,https://find-and-update.company-information.service.gov.uk/company/SC119586/filing-history,0,,ORG:104850
Biomerieux UK Limited,01061914,register,BIOMERIEUX UK LIMITED,active,2025-12-31,2026-06-09,accounts-with-accounts-type-full,full,,,likely,pdf (not read),https://find-and-update.company-information.service.gov.uk/company/01061914/filing-history,0,,ORG:103761
Biopak (UK) Ltd,04104861,register,BIOPAK (UK) LTD,active,2024-12-31,2025-09-22,accounts-with-accounts-type-full,full,12655887,ixbrl,yes,xhtml,https://find-and-update.company-information.service.gov.uk/company/04104861/filing-history,0,,ORG:102976
Biopax Ltd,NI656536,register,BIOPAX LIMITED,active,2025-06-30,2026-03-30,accounts-with-accounts-type-full,full,8132536,ixbrl,yes,xhtml,https://find-and-update.company-information.service.gov.uk/company/NI656536/filing-history,0,,ORG:105681
BIP Candy & Toys UK Limited,SC198334,register,BIP CANDY & TOYS UK LIMITED,active,2025-03-31,2026-04-13,accounts-with-accounts-type-medium,medium,15242039,ixbrl,yes,xhtml,https://find-and-update.company-information.service.gov.uk/company/SC198334/filing-history,0,,ORG:102247
Bird & Blend Tea Ltd,08474525,register,BIRD & BLEND TEA LTD.,active,2026-04-30,2026-09-25,accounts-with-accounts-type-medium,medium,18541326,ixbrl,yes,xhtml,https://find-and-update.company-information.service.gov.uk/company/08474525/filing-history,0,,ORG:106425
Birds (Derby) Ltd,00252672,register,BIRDS (DERBY) LIMITED,active,2026-01-03,2026-08-07,accounts-with-accounts-type-full,full,,,likely,pdf (not read),https://find-and-update.company-information.service.gov.uk/company/00252672/filing-history,0,,ORG:102643
Birkenstock UK Ltd,09914603,register,BIRKENSTOCK UK LTD,active,2025-09-30,2026-04-07,accounts-with-accounts-type-full,full,,,likely,pdf (not read),https://find-and-update.company-information.service.gov.uk/company/09914603/filing-history,0,,ORG:115975
BISCHOF & KLEIN (UK) LIMITED,01372782,register,BISCHOF & KLEIN (UK) LIMITED,active,2025-12-31,2026-09-02,accounts-with-accounts-type-full,full,,,likely,pdf (not read),https://find-and-update.company-information.service.gov.uk/company/01372782/filing-history,0,,ORG:100475
Biscuit International UK Limited,04352824,register,BISCUIT INTERNATIONAL UK LIMITED,active,2024-12-31,2025-09-08,accounts-with-accounts-type-full,full,,,likely,pdf (not read),https://find-and-update.company-information.service.gov.uk/company/04352824/filing-history,0,,ORG:104014
Biscuiteers Limited,16402333,register,BISCUITEERS LIMITED,active,,,,,,,,,https://find-and-update.company-information.service.gov.uk/company/16402333/filing-history,0,no accounts filing with a document,ORG:116242
Bitrez Limited,04138468,register,BITREZ LIMITED,active,2025-12-31,2026-09-30,accounts-with-accounts-type-medium,medium,31582352,ixbrl,yes,xhtml,https://find-and-update.company-information.service.gov.uk/company/04138468/filing-history,0,,ORG:101124
BKUK Group Limited,10980808,register,BKUK GROUP LIMITED,active,2025-12-31,2026-05-11,accounts-with-accounts-type-group,group,,,likely,pdf (not read),https://find-and-update.company-information.service.gov.uk/company/10980808/filing-history,9,,ORG:101789
Blachford UK Ltd,06867435,register,BLACHFORD UK LTD,active,2025-10-31,2026-03-28,accounts-with-accounts-type-full,full,,,likely,pdf (not read),https://find-and-update.company-information.service.gov.uk/company/06867435/filing-history,0,,ORG:108606
Black & Decker Ltd BV - UK Branch,BR020854,name search,BLACK & DECKER LIMITED BV - UK BRANCH,open,,,,,,,,,https://find-and-update.company-information.service.gov.uk/company/BR020854/filing-history,0,no accounts filing with a document,ORG:106779
Black Cat Fireworks Limited,01900841,register,BLACK CAT FIREWORKS LIMITED,active,2025-12-31,2026-10-07,accounts-with-accounts-type-group,group,,,likely,pdf (not read),https://find-and-update.company-information.service.gov.uk/company/01900841/filing-history,0,,ORG:112652
Blackburn Chemicals Ltd,01112362,register,BLACKBURN CHEMICALS LIMITED,active,2025-05-31,2026-02-25,accounts-with-accounts-type-full,full,66016255,text,yes,xhtml,https://find-and-update.company-information.service.gov.uk/company/01112362/filing-history,0,,ORG:102157
Blackpool Pleasure Beach Ltd,01876267,register,BLACKPOOL PLEASURE BEACH LIMITED,active,2024-03-24,2025-03-21,accounts-with-accounts-type-full,full,32054999,text,yes,xhtml,https://find-and-update.company-information.service.gov.uk/company/01876267/filing-history,1,,ORG:112814
Blackwood Engineering Limited,00423178,register,BLACKWOOD ENGINEERING LIMITED,active,2025-12-31,2026-09-16,accounts-with-accounts-type-full,full,,,likely,pdf (not read),https://find-and-update.company-information.service.gov.uk/company/00423178/filing-history,0,,ORG:102189
Blagden Specialty Chemicals Ltd,03914333,register,BLAGDEN SPECIALTY CHEMICALS LIMITED,active,2025-12-31,2026-09-28,accounts-with-accounts-type-full,full,23420122,ixbrl,yes,xhtml,https://find-and-update.company-information.service.gov.uk/company/03914333/filing-history,0,,ORG:100795
Blakely Clothing Co Ltd,07973401,register,BLAKELY CLOTHING CO LIMITED,active,2025-03-31,2026-01-02,accounts-with-accounts-type-medium,medium,,,likely,pdf (not read),https://find-and-update.company-information.service.gov.uk/company/07973401/filing-history,0,,ORG:116960
Blakley Electrics Limited,00592238,register,BLAKLEY ELECTRICS LIMITED,active,2025-12-31,2026-07-07,accounts-with-accounts-type-full,full,,,likely,pdf (not read),https://find-and-update.company-information.service.gov.uk/company/00592238/filing-history,0,,ORG:104516
Blanco UK Ltd,02674018,register,BLANCO UK LIMITED,active,2025-12-31,2026-07-11,accounts-with-accounts-type-full,full,,,likely,pdf (not read),https://find-and-update.company-information.service.gov.uk/company/02674018/filing-history,0,,ORG:102205
BLANK STREET UK LIMITED,13887702,register,BLANK STREET UK LIMITED,active,2025-12-31,2026-10-06,accounts-with-accounts-type-full,full,,,likely,pdf (not read),https://find-and-update.company-information.service.gov.uk/company/13887702/filing-history,0,,ORG:106498
Blazers Fuels Limited,08594176,register,BLAZERS FUELS LIMITED,active,2024-12-31,2025-09-30,accounts-with-accounts-type-full,full,19674655,text,yes,xhtml,https://find-and-update.company-information.service.gov.uk/company/08594176/filing-history,0,,ORG:117221
Bleach Products Limited,07951797,register,BLEACH PRODUCTS LIMITED,active,2025-12-31,2026-09-28,accounts-with-accounts-type-audit-exemption-subsiduary,subsidiary,,,unknown,pdf (not read),https://find-and-update.company-information.service.gov.uk/company/07951797/filing-history,0,,ORG:106069
BLENDS LIMITED,03537679,register,BLENDS LIMITED,active,2025-09-30,2026-06-30,accounts-with-accounts-type-small,small,,,unknown,xhtml,https://find-and-update.company-information.service.gov.uk/company/03537679/filing-history,0,,ORG:117071
Blinds 2 Go Limited,03954180,register,BLINDS 2 GO LIMITED,active,2024-12-31,2026-02-02,accounts-with-accounts-type-audit-exemption-subsiduary,subsidiary,,,unknown,pdf (not read),https://find-and-update.company-information.service.gov.uk/company/03954180/filing-history,0,,ORG:116315
Blink Medical Limited,05084548,register,BLINK MEDICAL LIMITED,active,2025-12-31,2026-09-30,accounts-with-accounts-type-full,full,14213845,ixbrl,yes,xhtml,https://find-and-update.company-information.service.gov.uk/company/05084548/filing-history,0,,ORG:101621
Bloom and Wild Holdings Limited,13302625,register,BLOOM AND WILD HOLDINGS LIMITED,active,2025-03-31,2026-01-04,accounts-with-accounts-type-group,group,,,likely,pdf (not read),https://find-and-update.company-information.service.gov.uk/company/13302625/filing-history,2,,ORG:116393
Blooming Artificial Limited,04186113,register,BLOOMING ARTIFICIAL LIMITED,active,2026-03-31,2026-08-20,accounts-with-accounts-type-small,small,,,unknown,pdf (not read),https://find-and-update.company-information.service.gov.uk/company/04186113/filing-history,0,,ORG:111339
Blowplast Limited,02294547,register,BLOWPLAST LIMITED,active,2025-03-31,2025-12-29,accounts-with-accounts-type-full,full,39992633,ixbrl,yes,xhtml,https://find-and-update.company-information.service.gov.uk/company/02294547/filing-history,0,,ORG:108116
Blue Bell Foods Ltd,07537614,register,BLUE BELL FOODS LIMITED,active,2025-06-29,2026-06-23,accounts-with-accounts-type-audit-exemption-subsiduary,subsidiary,,,unknown,pdf (not read),https://find-and-update.company-information.service.gov.uk/company/07537614/filing-history,0,,ORG:114756
Blue Diamond (CP) Ltd,NI029850,register,BLUE DIAMOND (C.P.) LIMITED,active,2026-01-31,2026-05-21,accounts-with-accounts-type-total-exemption-full,small,,,unknown,xhtml,https://find-and-update.company-information.service.gov.uk/company/NI029850/filing-history,0,,ORG:100760
BLUE DIAMOND PRODUCTS LIMITED,04090477,register,BLUE DIAMOND PRODUCTS LIMITED,administration,2024-11-30,2025-02-19,accounts-with-accounts-type-total-exemption-full,small,,,unknown,xhtml,https://find-and-update.company-information.service.gov.uk/company/04090477/filing-history,0,,ORG:107936
Blue Diamond UK Limited,02421720,register,BLUE DIAMOND UK LIMITED,active,2025-12-31,2026-05-16,accounts-with-accounts-type-group,group,,,likely,pdf (not read),https://find-and-update.company-information.service.gov.uk/company/02421720/filing-history,9,,ORG:108651
Blue Machinery (Spares) Limited,04597499,register,BLUE MACHINERY (SPARES) LIMITED,active,2025-12-31,2026-09-24,accounts-with-accounts-type-full,full,,,likely,pdf (not read),https://find-and-update.company-information.service.gov.uk/company/04597499/filing-history,0,,ORG:106183
Blue Orange Brand Management Limited,03708700,register,BLUE ORANGE BRAND MANAGEMENT LIMITED,active,2025-02-28,2025-05-27,accounts-with-accounts-type-total-exemption-full,small,,,unknown,xhtml,https://find-and-update.company-information.service.gov.uk/company/03708700/filing-history,0,,ORG:102992
Blue Seal Limited,03437267,register,BLUE SEAL LIMITED,active,2025-08-31,2025-12-17,accounts-with-accounts-type-full,full,,,likely,pdf (not read),https://find-and-update.company-information.service.gov.uk/company/03437267/filing-history,0,,ORG:104540
Blue Skies Holdings Limited,04049445,register,BLUE SKIES HOLDINGS LIMITED,active,2025-12-28,2026-07-31,accounts-with-accounts-type-group,group,,,likely,pdf (not read),https://find-and-update.company-information.service.gov.uk/company/04049445/filing-history,1,,ORG:101323
Blue Sky Designs Ltd,04459190,register,BLUE SKY DESIGNS LIMITED,active,2025-12-31,2026-06-10,accounts-with-accounts-type-total-exemption-full,small,,,unknown,xhtml,https://find-and-update.company-information.service.gov.uk/company/04459190/filing-history,0,,ORG:101113
Blue Tree Limited,04255829,register,BLUE TREE LIMITED,active,2025-03-31,2025-10-31,accounts-with-accounts-type-total-exemption-full,small,,,unknown,xhtml,https://find-and-update.company-information.service.gov.uk/company/04255829/filing-history,0,,ORG:103548
BLUELEAF LIMITED,07872692,register,BLUELEAF LIMITED,active,2025-12-31,2026-07-03,accounts-with-accounts-type-full,full,57656592,ixbrl,yes,xhtml,https://find-and-update.company-information.service.gov.uk/company/07872692/filing-history,0,,ORG:101263
Blueprint Operations Limited,09388354,register,BLUEPRINT OPERATIONS LIMITED,active,2024-12-31,2025-09-04,accounts-with-accounts-type-full,full,,,likely,pdf (not read),https://find-and-update.company-information.service.gov.uk/company/09388354/filing-history,0,,ORG:108295
BLUES GROUP (HOLDINGS) LIMITED,08680743,register,BLUES GROUP (HOLDINGS) LIMITED,active,2025-12-31,2026-05-12,accounts-with-accounts-type-group,group,,,likely,pdf (not read),https://find-and-update.company-information.service.gov.uk/company/08680743/filing-history,1,,ORG:107963
Bluesky (UK) Limited,07763362,register,BLUESKY (UK) LIMITED,active,2025-12-31,2026-03-31,accounts-with-accounts-type-medium,medium,12478565,ixbrl,yes,xhtml,https://find-and-update.company-information.service.gov.uk/company/07763362/filing-history,0,,ORG:114436
BlueStar Europe Distribution B.V. UK Branch,BR018136,register,BLUESTAR EUROPE DISTRIBUTION B.V. UK BRANCH,open,,,,,,,,,https://find-and-update.company-information.service.gov.uk/company/BR018136/filing-history,0,no accounts filing with a document,ORG:100397
Bluetree Print Limited,13575578,register,BLUETREE PRINT LIMITED,active,2025-04-26,2025-12-31,accounts-with-accounts-type-full,full,,,likely,pdf (not read),https://find-and-update.company-information.service.gov.uk/company/13575578/filing-history,0,,ORG:106437
Blugilt Holdings Ltd,00321419,register,BLUGILT HOLDINGS LIMITED,active,2025-12-31,2026-07-23,accounts-with-accounts-type-group,group,,,likely,pdf (not read),https://find-and-update.company-information.service.gov.uk/company/00321419/filing-history,2,,ORG:111258
Blum UK,02141589,register,BLUM UK,active,2009-06-30,2010-03-26,accounts-with-accounts-type-small,small,,,unknown,pdf (not read),https://find-and-update.company-information.service.gov.uk/company/02141589/filing-history,0,,ORG:108140
BLV Holdings Limited,11378033,register,BLV HOLDINGS LIMITED,active,2025-12-31,2026-08-10,accounts-with-accounts-type-micro-entity,micro,,,no,xhtml,https://find-and-update.company-information.service.gov.uk/company/11378033/filing-history,2,,ORG:116739
BMI Group Holdings UK Limited,09984607,register,BMI GROUP HOLDINGS UK LIMITED,active,2025-12-31,2026-08-24,accounts-with-accounts-type-full,full,,,likely,pdf (not read),https://find-and-update.company-information.service.gov.uk/company/09984607/filing-history,0,,ORG:104136
BMJ PUBLISHING GROUP LIMITED,03102371,register,BMJ PUBLISHING GROUP LIMITED,active,2025-12-31,2026-07-26,accounts-with-accounts-type-group,group,,,likely,pdf (not read),https://find-and-update.company-information.service.gov.uk/company/03102371/filing-history,0,,ORG:108463
BMP Europe Limited,01845855,register,BMP EUROPE LIMITED,active,2025-03-31,2025-12-19,accounts-with-accounts-type-full,full,22410151,ixbrl,yes,xhtml,https://find-and-update.company-information.service.gov.uk/company/01845855/filing-history,2,,ORG:101762
BMW (UK) LIMITED,01378137,register,BMW (UK) LIMITED,active,2025-12-31,2026-09-10,accounts-with-accounts-type-full,full,,,likely,pdf (not read),https://find-and-update.company-information.service.gov.uk/company/01378137/filing-history,0,,ORG:104156
BMW (UK) MANUFACTURING LIMITED,03950868,register,BMW (UK) MANUFACTURING LIMITED,active,2025-12-31,2026-08-07,accounts-with-accounts-type-full,full,,,likely,pdf (not read),https://find-and-update.company-information.service.gov.uk/company/03950868/filing-history,0,,ORG:102565
BMW HAMS HALL MOTOREN GMBH,FC021341,name search,BMW HAMS HALL MOTOREN GMBH,active,2008-12-31,2009-06-22,accounts-with-accounts-type-full,full,,,likely,pdf (not read),https://find-and-update.company-information.service.gov.uk/company/FC021341/filing-history,0,,ORG:102379
BOAL U.K. LIMITED,02194180,register,BOAL U.K. LIMITED,active,2025-12-31,2026-08-14,accounts-with-accounts-type-full,full,,,likely,pdf (not read),https://find-and-update.company-information.service.gov.uk/company/02194180/filing-history,0,,ORG:105596
Board24 Ltd,02138268,register,BOARD24 LTD,active,2025-12-31,2026-09-14,accounts-with-accounts-type-full,full,,,likely,pdf (not read),https://find-and-update.company-information.service.gov.uk/company/02138268/filing-history,0,,ORG:100142
BOC Ltd,00337663,register,BOC LIMITED,active,2025-12-31,2026-08-26,accounts-with-accounts-type-full,full,,,likely,pdf (not read),https://find-and-update.company-information.service.gov.uk/company/00337663/filing-history,0,,ORG:101855
Boden & Davies Limited,00699015,register,BODEN & DAVIES LIMITED,active,2025-01-31,2025-10-31,accounts-with-accounts-type-full,full,24630289,text,yes,xhtml,https://find-and-update.company-information.service.gov.uk/company/00699015/filing-history,0,,ORG:107693
Bodum (U.K.) Limited,01848144,register,BODUM (U.K.) LIMITED,active,2024-12-31,2025-08-15,accounts-amended-with-accounts-type-small,small,,,unknown,pdf (not read),https://find-and-update.company-information.service.gov.uk/company/01848144/filing-history,0,,ORG:102778
Bodypak Limited,06502827,register,BODYPAK LIMITED,active,2025-04-30,2026-01-29,accounts-with-accounts-type-total-exemption-full,small,,,unknown,xhtml,https://find-and-update.company-information.service.gov.uk/company/06502827/filing-history,0,,ORG:101853
BODYPOWER SPORTS LTD,03644050,register,BODYPOWER SPORTS LTD,active,2025-09-30,2026-06-27,accounts-with-accounts-type-full,full,26527981,text,yes,xhtml,https://find-and-update.company-information.service.gov.uk/company/03644050/filing-history,0,,ORG:102083
Bodywise (UK) Limited,02379973,register,BODYWISE (UK) LIMITED,active,2025-03-31,2025-12-02,accounts-with-accounts-type-group,group,19337706,text,yes,xhtml,https://find-and-update.company-information.service.gov.uk/company/02379973/filing-history,0,,ORG:106471
Boehringer Ingelheim Animal Health UK Ltd,01961886,register,BOEHRINGER INGELHEIM ANIMAL HEALTH UK LIMITED,active,2025-12-31,2026-06-04,accounts-with-accounts-type-full,full,,,likely,pdf (not read),https://find-and-update.company-information.service.gov.uk/company/01961886/filing-history,0,,ORG:104083
Boehringer Ingelheim Ltd,00711858,register,BOEHRINGER INGELHEIM LIMITED,active,2025-12-31,2026-06-04,accounts-with-accounts-type-full,full,,,likely,pdf (not read),https://find-and-update.company-information.service.gov.uk/company/00711858/filing-history,0,,ORG:103685
Bogod Group Ltd,04592400,register,BOGOD GROUP LIMITED,active,2025-03-31,2025-12-09,accounts-with-accounts-type-group,group,19039768,text,yes,xhtml,https://find-and-update.company-information.service.gov.uk/company/04592400/filing-history,2,,ORG:100153
Bollin Group Ltd,02404333,register,BOLLIN GROUP LIMITED,active,2025-12-31,2026-08-24,accounts-with-accounts-type-group,group,,,likely,pdf (not read),https://find-and-update.company-information.service.gov.uk/company/02404333/filing-history,4,,ORG:111324
Bolton BG UK Limited,14034335,register,BOLTON BG UK LIMITED,active,2025-12-31,2026-05-31,accounts-with-accounts-type-small,small,,,unknown,pdf (not read),https://find-and-update.company-information.service.gov.uk/company/14034335/filing-history,0,,ORG:117228
Bombay Halwa Limited,01093486,register,BOMBAY HALWA LIMITED,active,2024-12-31,2026-02-12,accounts-with-accounts-type-full,full,26748322,ixbrl,yes,xhtml,https://find-and-update.company-information.service.gov.uk/company/01093486/filing-history,0,,ORG:107914
Bon Bons (Wholesale) Limited,06734747,register,BON BONS (WHOLESALE) LIMITED,active,2025-06-30,2026-04-12,accounts-with-accounts-type-full,full,,,likely,pdf (not read),https://find-and-update.company-information.service.gov.uk/company/06734747/filing-history,0,,ORG:103458
Bong UK Limited,03895897,register,BONG UK LIMITED,active,2025-12-31,2026-10-06,accounts-with-accounts-type-full,full,,,likely,pdf (not read),https://find-and-update.company-information.service.gov.uk/company/03895897/filing-history,0,,ORG:105894
Boningale Limited,00651044,register,BONINGALE LIMITED,active,2025-06-30,2026-09-08,accounts-with-accounts-type-full,full,,,likely,pdf (not read),https://find-and-update.company-information.service.gov.uk/company/00651044/filing-history,0,,ORG:102592
BONNINGTON PLASTICS LIMITED,01306737,register,BONNINGTON PLASTICS LIMITED,active,2025-12-31,2026-09-17,accounts-with-accounts-type-group,group,10946557,text,yes,xhtml,https://find-and-update.company-information.service.gov.uk/company/01306737/filing-history,0,,ORG:101230
Bonta' Italia Ltd,04589545,register,BONTA' ITALIA LTD,active,2026-03-31,2026-06-05,accounts-with-accounts-type-small,small,11639445,ixbrl,yes,xhtml,https://find-and-update.company-information.service.gov.uk/company/04589545/filing-history,0,,ORG:100113
Bonus Electrical Group Limited,01422329,register,BONUS ELECTRICAL GROUP LIMITED,active,2025-06-30,2026-03-30,accounts-with-accounts-type-group,group,,,likely,xhtml,https://find-and-update.company-information.service.gov.uk/company/01422329/filing-history,4,,ORG:102642
Bonus Trading UK Ltd,08151258,register,BONUS TRADING UK LTD,active,2025-03-31,2025-11-25,accounts-with-accounts-type-total-exemption-full,small,,,unknown,xhtml,https://find-and-update.company-information.service.gov.uk/company/08151258/filing-history,0,,ORG:105699
Booker Group Ltd,05145685,register,BOOKER GROUP LIMITED,active,2025-02-23,2025-11-17,accounts-with-accounts-type-audit-exemption-subsiduary,subsidiary,,,unknown,pdf (not read),https://find-and-update.company-information.service.gov.uk/company/05145685/filing-history,4,,ORG:102182
BOOMER INDUSTRIES LIMITED,NI008036,register,BOOMER INDUSTRIES LIMITED,active,2026-03-31,2026-08-06,accounts-with-accounts-type-full,full,,,likely,pdf (not read),https://find-and-update.company-information.service.gov.uk/company/NI008036/filing-history,0,,ORG:106604
Booost Trading Limited,04236843,register,BOOOST TRADING LIMITED,active,2025-12-31,2026-09-29,accounts-with-accounts-type-unaudited-abridged,,,,,,https://find-and-update.company-information.service.gov.uk/company/04236843/filing-history,0,"ProxyError: HTTPSConnectionPool(host='s3.eu-west-2.amazonaws.com', port=443): Max retries exceeded with url: /document-api-images-live.ch.gov.uk/docs/2kljPC6ysFg_yIrpZ_wRkLs9rAkGmk-pV62kfCR0Cko/application-xhtml%252Bxml?X-Amz-Algorithm=AWS4-HMAC-SHA256&X-Amz-Credential=ASIAWRGBDBV3B377YOG3%2F20261008%2Feu-west-2%2Fs3%2Faws4_request&X-Amz-Date=20261008T104404Z&X-Amz-Expires=60&X-Amz-Security-Token=IQoJb3JpZ2luX2VjEFcaCWV1LXdlc3QtMiJHMEUCIBUkRy7cYyNZ5o3Zxkc3z2qzG5I84YW3OzK%2BiJNJRkiXAiEAltfyd5r6KVCHp2hToWBKgvi3whK4sQjVZmDX18oG%2FFYqgQQIHxAFGgw0NDkyMjkwMzI4MjIiDEcgN80OFzFpdwcSAireAx4mG7PWfui2FB6qgrKRPm2Is3UQYU%2BFI%2B4QjVrlqxg8mknlCqtZ8jecO6eIHN4LsuCK7mAetOEuIBXhMhFILuRPGJdJxh%2Fn1WZLzlNo8PWqixLK1BpX6Yj5E2ygbIh7uvLxCGTJmnqj%2FvXfWiH72AosntHMw3blm4rjTr2eCfHO8LF6KgwuqFaP%2FLxIbwllr%2FD0c6vtjRkF%2FWJUQxE2NKnwsqDWC%2FfIMJUgH9HkfPPxaz320w5OTPU3Fs22v9m81duIV5RPxr%2B1SYTdenMsVDy9yBaAuVAiiZ3tKSR0PxASiXE9GByQGkz%2BS9JVegs3TZDpB1D30zZM1JAGpevsBA5pIvF01Zx7Hlog%2BSuKJhuBpybvrOmOfzkIhuS4IR1GnUvqjEVmL5907nWB9shZ%2Fh599oxgaZMH%2FxmAWRCxzBNDBFyjY8yuQx5UKmeGuGyPieie%2BHLdj5ibBvXH4Vsg6he7%2FfNeB45sEldownRYpSsf54yi3o8pzaOq%2FB%2FmJ2rY8XaQC7rOPqlGz%2BXijA%2B2T%2BgqREmj7NcVsI20pIcwR%2ByOsE5Ur5dH0FNoFqDHoakDZ%2FN0u5UHqYON9bUJqFqz5tEsMkwvABrkZigcYpUPRYHRWIW68%2F8YNJZxcbbojUUwgvCc1gY6pQEy70aGQGnu4O5Jy%2B8o7aRG7Tg69hKBbm%2BOHEMEadi3O0H%2BkV6i1afQ9eOM6Y%2FmwkqWuVy4LeBKeTpqu69WDNGvQfM2Lo%2BT0ZLnzrOeMn8AocoGLykrV5ukCO%2FqA4h6nXK7tDEW23mpI6paaBIhBTX11ga%2B76cJaTKbBC3jCrQLxIPPrwsiRJMUy%2B3hGomXnIKZ6jQTA5GmtIVtxBsA3prZFC69n3A%3D&X-Amz-SignedHeaders=host&response-content-disposition=inline%3Bfilename%3D%2204236843_aa_2026-09-29.xhtml%22&X-Amz-Signature=3ad6262e6bcc978ec03a6138b85a0884fb45b439a70fce2578fa176cebe4d7e0 (Caused by ProxyError('Unable to connect to proxy', RemoteDisconnected('Remote end closed connection without response')))",ORG:107789
Bootyman Printers Limited,02733554,register,BOOTYMAN PRINTERS LIMITED,active,2025-09-29,2026-06-22,accounts-with-accounts-type-total-exemption-full,small,,,unknown,xhtml,https://find-and-update.company-information.service.gov.uk/company/02733554/filing-history,0,,ORG:107063
BOPARAN HOLDINGS LIMITED,03558065,register,BOPARAN HOLDINGS LIMITED,active,2025-07-26,2026-05-04,accounts-with-accounts-type-group,group,,,likely,pdf (not read),https://find-and-update.company-information.service.gov.uk/company/03558065/filing-history,5,,ORG:107249
Boparan Restaurants Holdings Limited,10192508,register,BOPARAN RESTAURANTS HOLDINGS LIMITED,active,2025-12-28,2026-09-30,accounts-with-accounts-type-audit-exemption-subsiduary,subsidiary,,,unknown,pdf (not read),https://find-and-update.company-information.service.gov.uk/company/10192508/filing-history,6,,ORG:111757
Boran-Mopack Limited,NI046138,register,BORAN-MOPACK LIMITED,active,2024-12-31,2025-11-05,accounts-with-accounts-type-full,full,,,likely,pdf (not read),https://find-and-update.company-information.service.gov.uk/company/NI046138/filing-history,0,,ORG:102465
Border Biscuits Limited,SC087177,register,BORDER BISCUITS LIMITED,active,2025-12-31,2026-09-25,accounts-with-accounts-type-medium,medium,,,likely,pdf (not read),https://find-and-update.company-information.service.gov.uk/company/SC087177/filing-history,0,,ORG:102893
Border Holdings (U.K.) Ltd,01664243,register,BORDER HOLDINGS (U.K.) LTD.,active,2025-03-31,2025-09-03,accounts-with-accounts-type-group,group,,,likely,pdf (not read),https://find-and-update.company-information.service.gov.uk/company/01664243/filing-history,1,,ORG:104503
Border Vending Group Limited,06357748,register,BORDER VENDING GROUP LIMITED,active,2025-03-31,2026-02-04,accounts-with-accounts-type-total-exemption-full,small,,,unknown,xhtml,https://find-and-update.company-information.service.gov.uk/company/06357748/filing-history,2,,ORG:117845
Borealis UK Ltd,01387553,register,BOREALIS UK LTD,active,2025-12-31,2026-07-16,accounts-with-accounts-type-full,full,,,likely,pdf (not read),https://find-and-update.company-information.service.gov.uk/company/01387553/filing-history,0,,ORG:104732
BorgWarner Ltd,02346109,register,BORGWARNER LIMITED,active,2024-12-31,2025-10-04,accounts-with-accounts-type-full,full,,,likely,pdf (not read),https://find-and-update.company-information.service.gov.uk/company/02346109/filing-history,0,,ORG:107800
BOROUGH BROTH COMPANY LIMITED,09590728,register,BOROUGH BROTH COMPANY LIMITED,active,2025-05-31,2026-05-29,accounts-with-accounts-type-total-exemption-full,small,,,unknown,xhtml,https://find-and-update.company-information.service.gov.uk/company/09590728/filing-history,0,,ORG:115713
Borregaard UK Ltd,01141222,register,BORREGAARD UK LTD,active,2025-12-31,2026-09-15,accounts-with-accounts-type-full,full,,,likely,pdf (not read),https://find-and-update.company-information.service.gov.uk/company/01141222/filing-history,0,,ORG:101565
BOSCH REXROTH LIMITED,00768471,register,BOSCH REXROTH LIMITED,active,2025-12-31,2026-07-14,accounts-with-accounts-type-full,full,,,likely,pdf (not read),https://find-and-update.company-information.service.gov.uk/company/00768471/filing-history,0,,ORG:103089
Bosch Thermotechnology Ltd,01993294,register,BOSCH THERMOTECHNOLOGY LTD,active,2025-12-31,2026-09-11,accounts-with-accounts-type-full,full,,,likely,pdf (not read),https://find-and-update.company-information.service.gov.uk/company/01993294/filing-history,0,,ORG:101202
Bose Limited,01187672,register,BOSE LIMITED,active,2025-03-31,2026-01-04,accounts-with-accounts-type-full,full,,,likely,pdf (not read),https://find-and-update.company-information.service.gov.uk/company/01187672/filing-history,0,,ORG:106957
Boston Scientific Ltd,02729626,register,BOSTON SCIENTIFIC LIMITED,active,2024-12-31,2025-11-17,accounts-with-accounts-type-full,full,,,likely,pdf (not read),https://find-and-update.company-information.service.gov.uk/company/02729626/filing-history,0,,ORG:105793
BOTT LIMITED,01325869,register,BOTT LIMITED,active,2025-12-31,2026-04-13,accounts-with-accounts-type-full,full,55995447,ixbrl,yes,xhtml,https://find-and-update.company-information.service.gov.uk/company/01325869/filing-history,0,,ORG:106527
Bottega Veneta U.K. Co. Ltd,02892235,register,BOTTEGA VENETA U.K. CO. LIMITED,active,2025-12-31,2026-10-06,accounts-with-accounts-type-full,full,,,likely,pdf (not read),https://find-and-update.company-information.service.gov.uk/company/02892235/filing-history,0,,ORG:108445
Bourne Holidays Limited,01854900,register,BOURNE HOLIDAYS LIMITED,active,2025-12-31,2026-09-14,accounts-with-accounts-type-full,full,,,likely,pdf (not read),https://find-and-update.company-information.service.gov.uk/company/01854900/filing-history,1,,ORG:115184
Bourne Leisure Limited,04011660,register,BOURNE LEISURE LIMITED,active,2025-12-31,2026-10-01,accounts-with-accounts-type-audit-exemption-subsiduary,subsidiary,,,unknown,pdf (not read),https://find-and-update.company-information.service.gov.uk/company/04011660/filing-history,5,,ORG:100964
BOUTINOT LIMITED,01530086,register,BOUTINOT LIMITED,active,2025-08-31,2026-05-28,accounts-with-accounts-type-full,full,144743979,ixbrl,yes,xhtml,https://find-and-update.company-information.service.gov.uk/company/01530086/filing-history,0,,ORG:106400
Boux Avenue Ltd,07191520,register,BOUX AVENUE LIMITED,active,2025-03-29,2026-03-26,accounts-with-accounts-type-full,full,,,likely,pdf (not read),https://find-and-update.company-information.service.gov.uk/company/07191520/filing-history,0,,ORG:104140
Bowmed Ibisqus Limited,06204088,register,BOWMED IBISQUS LIMITED,active,2025-12-31,2026-06-25,accounts-with-accounts-type-full,full,,,likely,pdf (not read),https://find-and-update.company-information.service.gov.uk/company/06204088/filing-history,0,,ORG:115208
Bowmer and Kirkland Limited,00701982,register,BOWMER AND KIRKLAND LIMITED,active,2025-08-31,2026-04-21,accounts-with-accounts-type-group,group,,,likely,pdf (not read),https://find-and-update.company-information.service.gov.uk/company/00701982/filing-history,5,,ORG:102072
Box and Seal Limited,04455760,register,BOX AND SEAL LIMITED,active,2025-03-31,2025-10-20,accounts-with-accounts-type-total-exemption-full,small,,,unknown,xhtml,https://find-and-update.company-information.service.gov.uk/company/04455760/filing-history,0,,ORG:105969
Box-It Ireland Limited,NI061649,register,BOX-IT (IRELAND) LIMITED,active,2025-03-31,2025-12-22,accounts-with-accounts-type-total-exemption-full,small,,,unknown,pdf (not read),https://find-and-update.company-information.service.gov.uk/company/NI061649/filing-history,0,,ORG:104897
Boxes & Packaging (UK) Limited,05562625,register,BOXES AND PACKAGING (UK) LIMITED,active,2025-12-31,2026-09-14,accounts-with-accounts-type-group,group,,,likely,pdf (not read),https://find-and-update.company-information.service.gov.uk/company/05562625/filing-history,9,,ORG:100203
BoxPak Ltd,NI002891,register,BOXPAK LIMITED,active,2026-04-03,2026-10-01,accounts-with-accounts-type-total-exemption-full,small,,,unknown,xhtml,https://find-and-update.company-information.service.gov.uk/company/NI002891/filing-history,0,,ORG:101340
Boxway Packaging Group Limited,13157232,register,BOXWAY PACKAGING GROUP LIMITED,active,2024-12-31,2026-01-07,accounts-with-accounts-type-full,full,,,likely,pdf (not read),https://find-and-update.company-information.service.gov.uk/company/13157232/filing-history,0,,ORG:107135
Boys & Boden  Limited,00215444,register,"BOYS & BODEN, LIMITED",active,2025-03-31,2025-12-10,accounts-with-accounts-type-full,full,46409712,ixbrl,yes,xhtml,https://find-and-update.company-information.service.gov.uk/company/00215444/filing-history,0,,ORG:105302
BP Marine Ltd,01214291,register,BP MARINE LIMITED,active,2025-12-31,2026-08-11,accounts-with-accounts-type-full,full,,,likely,pdf (not read),https://find-and-update.company-information.service.gov.uk/company/01214291/filing-history,0,,ORG:104017
BP Oil UK Ltd,00446915,register,BP OIL UK LIMITED,active,2024-12-31,2025-09-30,accounts-with-accounts-type-full,full,,,likely,pdf (not read),https://find-and-update.company-information.service.gov.uk/company/00446915/filing-history,0,,ORG:105498
BPS REALISATIONS LTD,04230546,register,BPS REALISATIONS LTD,administration,2024-12-31,2025-09-29,accounts-with-accounts-type-total-exemption-full,small,,,unknown,xhtml,https://find-and-update.company-information.service.gov.uk/company/04230546/filing-history,0,,ORG:100968
BPW Ltd,01815263,register,BPW LIMITED,active,2025-12-31,2026-07-25,accounts-with-accounts-type-full,full,,,likely,pdf (not read),https://find-and-update.company-information.service.gov.uk/company/01815263/filing-history,1,,ORG:107023
Brabantia (U.K.) Ltd,04936679,register,BRABANTIA (U.K.) LIMITED,active,2025-12-31,2026-06-08,accounts-with-accounts-type-full,full,24358515,ixbrl,yes,xhtml,https://find-and-update.company-information.service.gov.uk/company/04936679/filing-history,0,,ORG:104609
Braces Bakery Ltd,01223575,register,BRACES BAKERY LIMITED,active,2024-09-28,2026-01-04,accounts-with-accounts-type-full,full,,,likely,pdf (not read),https://find-and-update.company-information.service.gov.uk/company/01223575/filing-history,0,,ORG:108297
Bradbury & Son (Buxton) Limited,00363223,register,BRADBURY & SON (BUXTON) LIMITED,active,2025-05-02,2025-10-16,accounts-with-accounts-type-full,full,69218203,ixbrl,yes,xhtml,https://find-and-update.company-information.service.gov.uk/company/00363223/filing-history,1,,ORG:102530
Bradford And Sons Limited,00040088,register,BRADFORD AND SONS LIMITED,active,2025-12-31,2026-05-30,accounts-with-accounts-type-group,group,,,likely,pdf (not read),https://find-and-update.company-information.service.gov.uk/company/00040088/filing-history,0,,ORG:108499
Bradshaws Driffield (Holdings) Ltd,01498609,register,BRADSHAWS DRIFFIELD (HOLDINGS) LIMITED,active,2025-03-31,2025-12-12,accounts-with-accounts-type-group,group,,,likely,pdf (not read),https://find-and-update.company-information.service.gov.uk/company/01498609/filing-history,1,,ORG:112650
Brady Corporation Ltd,04201763,register,BRADY CORPORATION LIMITED,active,2025-07-31,2026-04-29,accounts-with-accounts-type-full,full,41703000,ixbrl,yes,xhtml,https://find-and-update.company-information.service.gov.uk/company/04201763/filing-history,0,,ORG:103054
Brainstorm Ltd,03066662,register,BRAINSTORM LTD,active,2025-03-31,2025-09-16,accounts-with-accounts-type-total-exemption-full,small,,,unknown,xhtml,https://find-and-update.company-information.service.gov.uk/company/03066662/filing-history,0,,ORG:100077
Bramble Foods Group Holdco Limited,12498421,register,BRAMBLE FOODS GROUP HOLDCO LIMITED,active,2025-12-31,2026-09-08,accounts-with-accounts-type-full,full,,,likely,pdf (not read),https://find-and-update.company-information.service.gov.uk/company/12498421/filing-history,3,,ORG:108025
Brand Addition Ltd,02083209,register,BRAND ADDITION LIMITED,active,2025-12-31,2026-09-16,accounts-with-accounts-type-full,full,,,likely,pdf (not read),https://find-and-update.company-information.service.gov.uk/company/02083209/filing-history,0,,ORG:104789
Brand Architekts Group Limited,01975376,register,BRAND ARCHITEKTS GROUP LIMITED,active,2025-12-31,2026-09-17,accounts-with-accounts-type-audit-exemption-subsiduary,subsidiary,,,unknown,pdf (not read),https://find-and-update.company-information.service.gov.uk/company/01975376/filing-history,1,,ORG:104754
BRAND EVANGELISTS FOR BEAUTY LIMITED,10787576,register,BRAND EVANGELISTS FOR BEAUTY LIMITED,active,2024-12-31,2025-10-22,accounts-with-accounts-type-group,group,,,likely,pdf (not read),https://find-and-update.company-information.service.gov.uk/company/10787576/filing-history,0,,ORG:103340
Brand Phoenix Ltd,04195741,register,BRAND PHOENIX LIMITED,active,2025-07-31,2026-04-29,accounts-with-accounts-type-small,small,,,unknown,xhtml,https://find-and-update.company-information.service.gov.uk/company/04195741/filing-history,0,,ORG:116007
Brand Tap Bottling Ltd,12313590,register,BRAND TAP BOTTLING LIMITED,active,2025-03-31,2025-12-22,accounts-with-accounts-type-total-exemption-full,small,,,unknown,xhtml,https://find-and-update.company-information.service.gov.uk/company/12313590/filing-history,0,,ORG:116192
Brand Your Limited,13132827,register,BRAND YOUR LIMITED,active,2025-12-31,2026-04-14,accounts-with-accounts-type-total-exemption-full,small,,,unknown,xhtml,https://find-and-update.company-information.service.gov.uk/company/13132827/filing-history,0,,ORG:116297
Branded Drinks Ltd,03843119,register,BRANDED DRINKS LTD,active,2025-12-30,2026-09-22,accounts-with-accounts-type-total-exemption-full,small,,,unknown,xhtml,https://find-and-update.company-information.service.gov.uk/company/03843119/filing-history,0,,ORG:105434
Branded Garden Products Limited,00358372,register,BRANDED GARDEN PRODUCTS LIMITED,active,2025-08-31,2026-03-19,accounts-with-accounts-type-full,full,63243731,text,yes,xhtml,https://find-and-update.company-information.service.gov.uk/company/00358372/filing-history,0,,ORG:107390
Brands Direct Ltd,03127307,register,BRANDS DIRECT LIMITED,active,2025-06-30,2026-03-04,accounts-with-accounts-type-full,full,,,likely,pdf (not read),https://find-and-update.company-information.service.gov.uk/company/03127307/filing-history,0,,ORG:107239
Brandsby Agricultural Trading Association Limited,IP03289R,register,BRANDSBY AGRICULTURAL TRADING ASSOCIATION LIMITED,active,,,,,,,,,https://find-and-update.company-information.service.gov.uk/company/IP03289R/filing-history,1,no accounts filing with a document,ORG:100712
BRANSFORD GARDEN PLANTS LIMITED,00686208,register,BRANSFORD GARDEN PLANTS LIMITED,active,2025-12-31,2026-07-24,accounts-with-accounts-type-total-exemption-full,small,,,unknown,xhtml,https://find-and-update.company-information.service.gov.uk/company/00686208/filing-history,0,,ORG:101579
Branston Ltd,02889789,register,BRANSTON LIMITED,active,2025-07-27,2026-04-21,accounts-with-accounts-type-full,full,,,likely,pdf (not read),https://find-and-update.company-information.service.gov.uk/company/02889789/filing-history,0,,ORG:103871
BRAVISSIMO LIMITED,03315389,register,BRAVISSIMO LIMITED,active,2026-03-31,2026-10-06,accounts-with-accounts-type-full,full,,,likely,pdf (not read),https://find-and-update.company-information.service.gov.uk/company/03315389/filing-history,0,,ORG:102971
BRAVURA FOODS LIMITED,07347764,register,BRAVURA FOODS LIMITED,active,2025-12-31,2026-09-30,accounts-with-accounts-type-total-exemption-full,small,,,unknown,xhtml,https://find-and-update.company-information.service.gov.uk/company/07347764/filing-history,0,,ORG:105114
BRAY CONTROLS (UK) LIMITED,SC163206,register,BRAY CONTROLS (UK) LIMITED,active,2025-12-31,2026-09-29,accounts-with-accounts-type-full,full,31636490,ixbrl,yes,xhtml,https://find-and-update.company-information.service.gov.uk/company/SC163206/filing-history,0,,ORG:117061
BRCK Group Plc,11123804,register,BRCK GROUP PLC,active,2026-03-31,2026-09-07,accounts-with-accounts-type-group,group,,,likely,pdf (not read),https://find-and-update.company-information.service.gov.uk/company/11123804/filing-history,17,,ORG:116255
BREAD LIMITED,06186850,register,BREAD LIMITED,active,2025-02-28,2025-12-09,accounts-with-accounts-type-audit-exemption-subsiduary,subsidiary,,,unknown,pdf (not read),https://find-and-update.company-information.service.gov.uk/company/06186850/filing-history,3,,ORG:111841
Breedon Cement Limited,08284549,register,BREEDON CEMENT LIMITED,active,2025-12-31,2026-09-21,accounts-with-accounts-type-full,full,,,likely,pdf (not read),https://find-and-update.company-information.service.gov.uk/company/08284549/filing-history,0,,ORG:105491
Breedon Group plc,14739556,register,BREEDON GROUP PLC,active,2025-12-31,2026-05-31,accounts-with-accounts-type-group,group,,,likely,pdf (not read),https://find-and-update.company-information.service.gov.uk/company/14739556/filing-history,0,,ORG:107377
Brenntag UK Holding Limited,05777067,register,BRENNTAG UK HOLDING LIMITED,active,2025-12-31,2026-09-24,accounts-with-accounts-type-full,full,,,likely,xhtml,https://find-and-update.company-information.service.gov.uk/company/05777067/filing-history,2,,ORG:116499
BRETT LANDSCAPING LIMITED,00342312,register,BRETT LANDSCAPING LIMITED,active,2025-12-31,2026-10-06,accounts-with-accounts-type-full,full,,,likely,pdf (not read),https://find-and-update.company-information.service.gov.uk/company/00342312/filing-history,0,,ORG:101786
Brett Martin Daylight Systems Ltd,01225853,register,BRETT MARTIN DAYLIGHT SYSTEMS LIMITED,active,2025-12-31,2026-09-21,accounts-with-accounts-type-full,full,,,likely,pdf (not read),https://find-and-update.company-information.service.gov.uk/company/01225853/filing-history,0,,ORG:100960
Brett Martin Limited,NI008627,register,BRETT MARTIN LIMITED,active,2025-12-31,2026-09-17,accounts-with-accounts-type-full,full,,,likely,pdf (not read),https://find-and-update.company-information.service.gov.uk/company/NI008627/filing-history,0,,ORG:104733
Brevitt-Rieker Limited,02418034,register,BREVITT - RIEKER LIMITED,active,2025-12-31,2026-06-19,accounts-with-accounts-type-full,full,34621599,text,yes,xhtml,https://find-and-update.company-information.service.gov.uk/company/02418034/filing-history,0,,ORG:100758
BRG Appliances Ltd,08223512,register,BRG APPLIANCES LIMITED,active,2025-06-30,2026-06-20,accounts-amended-with-accounts-type-full,full,,,likely,pdf (not read),https://find-and-update.company-information.service.gov.uk/company/08223512/filing-history,0,,ORG:111388
Bri-Ton Fine Foods Ltd,01056729,register,BRI-TON FINE FOODS LIMITED,active,2025-05-31,2026-01-29,accounts-with-accounts-type-total-exemption-full,small,,,unknown,xhtml,https://find-and-update.company-information.service.gov.uk/company/01056729/filing-history,0,,ORG:116345
Brian James Trailers Limited,03844151,register,BRIAN JAMES TRAILERS LIMITED,active,2025-12-31,2026-03-19,accounts-with-accounts-type-medium,medium,36382967,ixbrl,yes,xhtml,https://find-and-update.company-information.service.gov.uk/company/03844151/filing-history,0,,ORG:116257
Bridge Farm Horticulture Limited,07632692,register,BRIDGE FARM HORTICULTURE LIMITED,active,2024-12-31,2026-04-23,accounts-with-accounts-type-full,full,,,likely,pdf (not read),https://find-and-update.company-information.service.gov.uk/company/07632692/filing-history,0,,ORG:105547
BRIDGE JOHNSON LIMITED,SC293861,register,BRIDGE JOHNSON LIMITED,active,2025-12-31,2026-09-04,accounts-with-accounts-type-total-exemption-full,small,,,unknown,xhtml,https://find-and-update.company-information.service.gov.uk/company/SC293861/filing-history,0,,ORG:106944
Bridge Stores Ltd,01840540,register,BRIDGE STORES LIMITED,active,2025-04-30,2025-12-15,accounts-with-accounts-type-total-exemption-full,small,,,unknown,xhtml,https://find-and-update.company-information.service.gov.uk/company/01840540/filing-history,0,,ORG:108039
Bridgnorth Aluminium Limited,04155640,register,BRIDGNORTH ALUMINIUM LIMITED,active,2025-12-31,2026-07-24,accounts-with-accounts-type-full,full,,,likely,pdf (not read),https://find-and-update.company-information.service.gov.uk/company/04155640/filing-history,0,,ORG:101050
Bridgwater Bros.Holdings Ltd,00893784,register,BRIDGWATER BROS.HOLDINGS LIMITED,active,2025-09-30,2026-03-31,accounts-with-accounts-type-group,group,,,likely,pdf (not read),https://find-and-update.company-information.service.gov.uk/company/00893784/filing-history,7,,ORG:106842
Bridon International Ltd.,00416671,register,BRIDON INTERNATIONAL LTD.,active,2025-12-31,2026-09-03,accounts-with-accounts-type-full,full,,,likely,pdf (not read),https://find-and-update.company-information.service.gov.uk/company/00416671/filing-history,0,,ORG:104969
BRIDOR FRESHLY BAKED SOLUTION LIMITED,01543222,register,BRIDOR FRESHLY BAKED SOLUTION LIMITED,active,2025-12-31,2026-09-30,accounts-with-accounts-type-small,small,,,unknown,xhtml,https://find-and-update.company-information.service.gov.uk/company/01543222/filing-history,0,,ORG:107726
BRIGHT BLUE FOODS LIMITED,08211695,register,BRIGHT BLUE FOODS LIMITED,active,2025-06-28,2026-04-08,accounts-with-accounts-type-group,group,,,likely,pdf (not read),https://find-and-update.company-information.service.gov.uk/company/08211695/filing-history,0,,ORG:101908
Brightgreen Plastics Ltd,07289595,register,BRIGHTGREEN PLASTICS LIMITED,active,2024-12-31,2025-07-16,accounts-with-accounts-type-full,full,,,likely,pdf (not read),https://find-and-update.company-information.service.gov.uk/company/07289595/filing-history,0,,ORG:103753
Brightwell Dosing Limited,00661996,register,BRIGHTWELL DOSING LIMITED,active,2025-12-31,2026-09-17,accounts-with-accounts-type-full,full,,,likely,pdf (not read),https://find-and-update.company-information.service.gov.uk/company/00661996/filing-history,0,,ORG:108548
BRINDISA LIMITED,02214956,register,BRINDISA LIMITED,active,2025-06-30,2026-04-12,accounts-with-accounts-type-group,group,,,likely,pdf (not read),https://find-and-update.company-information.service.gov.uk/company/02214956/filing-history,0,,ORG:105296
Brinkman (Horticultural Service) U.K. Limited,01178930,register,BRINKMAN (HORTICULTURAL SERVICE) U.K. LIMITED,active,2025-12-31,2026-06-05,accounts-with-accounts-type-small,small,,,unknown,xhtml,https://find-and-update.company-information.service.gov.uk/company/01178930/filing-history,0,,ORG:106605
Brioche Pasquier U.K. Ltd,04039198,register,BRIOCHE PASQUIER U.K. LIMITED,active,2025-12-31,2026-08-09,accounts-with-accounts-type-full,full,,,likely,pdf (not read),https://find-and-update.company-information.service.gov.uk/company/04039198/filing-history,0,,ORG:105550
BRISTAN GROUP LIMITED,01318148,register,BRISTAN GROUP LIMITED,active,2025-12-31,2026-08-04,accounts-with-accounts-type-full,full,,,likely,pdf (not read),https://find-and-update.company-information.service.gov.uk/company/01318148/filing-history,0,,ORG:103247
Bristol Laboratories Limited,03393503,register,BRISTOL LABORATORIES LIMITED,active,2025-03-31,2026-06-26,accounts-with-accounts-type-full,full,37010000,text,yes,xhtml,https://find-and-update.company-information.service.gov.uk/company/03393503/filing-history,0,,ORG:108539
Bristol-Myers Squibb Pharmaceuticals Ltd,02487574,register,BRISTOL-MYERS SQUIBB PHARMACEUTICALS LIMITED,active,2025-12-31,2026-09-21,accounts-with-accounts-type-full,full,,,likely,pdf (not read),https://find-and-update.company-information.service.gov.uk/company/02487574/filing-history,0,,ORG:107465
Brita Vivreau Limited,02875749,register,BRITA VIVREAU LIMITED,active,2025-12-31,2026-08-18,accounts-with-accounts-type-full,full,15705119,ixbrl,yes,xhtml,https://find-and-update.company-information.service.gov.uk/company/02875749/filing-history,0,,ORG:114642
Brita Water Filter Systems Limited,02700375,register,BRITA WATER FILTER SYSTEMS LIMITED,active,2025-12-31,2026-08-04,accounts-with-accounts-type-full,full,,,likely,pdf (not read),https://find-and-update.company-information.service.gov.uk/company/02700375/filing-history,0,,ORG:101899
BRITAL FOODS LIMITED,02966384,register,BRITAL FOODS LIMITED,active,2025-04-30,2025-11-07,accounts-with-accounts-type-small,small,,,unknown,pdf (not read),https://find-and-update.company-information.service.gov.uk/company/02966384/filing-history,0,,ORG:104944
Britannia Fire Limited,06935191,register,BRITANNIA FIRE LIMITED,active,2025-12-31,2026-05-10,accounts-with-accounts-type-total-exemption-full,small,,,unknown,xhtml,https://find-and-update.company-information.service.gov.uk/company/06935191/filing-history,0,,ORG:116940
Britannia Hotels Ltd,01343600,register,BRITANNIA HOTELS LIMITED,active,2025-03-31,2026-09-01,accounts-with-accounts-type-group,group,,,likely,pdf (not read),https://find-and-update.company-information.service.gov.uk/company/01343600/filing-history,0,,ORG:107194
Britannia Pharmaceuticals Ltd,01557088,register,BRITANNIA PHARMACEUTICALS LIMITED,active,2025-12-31,2026-09-30,accounts-with-accounts-type-full,full,,,likely,pdf (not read),https://find-and-update.company-information.service.gov.uk/company/01557088/filing-history,0,,ORG:116433
Britannia Superfine Limited,00526712,register,BRITANNIA SUPERFINE LIMITED,active,2025-12-31,2026-09-28,accounts-with-accounts-type-full,full,90859230,ixbrl,yes,xhtml,https://find-and-update.company-information.service.gov.uk/company/00526712/filing-history,0,,ORG:105087
Britax Excelsior Limited,00294545,register,BRITAX EXCELSIOR LIMITED,active,2024-12-31,2025-10-09,accounts-with-accounts-type-audit-exemption-subsiduary,subsidiary,,,unknown,pdf (not read),https://find-and-update.company-information.service.gov.uk/company/00294545/filing-history,0,,ORG:106735
Britchem Limited,04465919,register,BRITCHEM LIMITED,active,2025-03-31,2025-11-12,accounts-with-accounts-type-small,small,,,unknown,pdf (not read),https://find-and-update.company-information.service.gov.uk/company/04465919/filing-history,0,,ORG:108404
BRITISH AIRWAYS PLC,01777777,register,BRITISH AIRWAYS PLC,active,2025-12-31,2026-06-04,accounts-with-accounts-type-group,group,,,likely,pdf (not read),https://find-and-update.company-information.service.gov.uk/company/01777777/filing-history,5,,ORG:105779
British American Tobacco UK Ltd,02346565,register,BRITISH AMERICAN TOBACCO UK LIMITED,active,2025-12-31,2026-09-30,accounts-with-accounts-type-full,full,,,likely,pdf (not read),https://find-and-update.company-information.service.gov.uk/company/02346565/filing-history,0,,ORG:105342
British Bakels Ltd,00430208,register,BRITISH BAKELS LIMITED,active,2025-12-31,2026-09-28,accounts-with-accounts-type-full,full,80385619,text,yes,xhtml,https://find-and-update.company-information.service.gov.uk/company/00430208/filing-history,0,,ORG:104267
British Cables Company Ltd,08118255,register,BRITISH CABLES COMPANY LIMITED,active,2025-06-30,2026-02-24,accounts-with-accounts-type-medium,medium,,,likely,pdf (not read),https://find-and-update.company-information.service.gov.uk/company/08118255/filing-history,0,,ORG:106981
BRITISH ELECTRIC LAMPS LIMITED,00167205,register,BRITISH ELECTRIC LAMPS LIMITED,active,2025-03-31,2025-12-05,accounts-with-accounts-type-group,group,,,likely,pdf (not read),https://find-and-update.company-information.service.gov.uk/company/00167205/filing-history,0,,ORG:102259
British Engines (UK) Limited,07159418,register,BRITISH ENGINES (UK) LIMITED,active,2025-10-31,2026-07-07,accounts-with-accounts-type-audit-exemption-subsiduary,subsidiary,,,unknown,pdf (not read),https://find-and-update.company-information.service.gov.uk/company/07159418/filing-history,8,,ORG:105305
British Polythene Industries Ltd,00108191,register,BRITISH POLYTHENE INDUSTRIES LIMITED,active,2025-09-30,2026-07-09,accounts-with-accounts-type-full,full,,,likely,pdf (not read),https://find-and-update.company-information.service.gov.uk/company/00108191/filing-history,2,,ORG:105449
British Steel Ltd,12303256,register,2026 TRANSFEROR COMPANY LIMITED,active,2024-12-28,2026-07-29,accounts-with-accounts-type-full,full,,,likely,pdf (not read),https://find-and-update.company-information.service.gov.uk/company/12303256/filing-history,0,,ORG:105080
British Sugar Plc,00315158,register,BRITISH SUGAR PLC,active,2025-08-30,2026-01-19,accounts-with-accounts-type-full,full,,,likely,pdf (not read),https://find-and-update.company-information.service.gov.uk/company/00315158/filing-history,0,,ORG:100469
BRITISH TELECOMMUNICATIONS PUBLIC LIMITED COMPANY,01800000,register,BRITISH TELECOMMUNICATIONS LIMITED,active,2026-03-31,2026-06-26,accounts-with-accounts-type-group,group,,,likely,pdf (not read),https://find-and-update.company-information.service.gov.uk/company/01800000/filing-history,3,,ORG:102772
British Wool Marketing Board,,,,,,,,,,,,,,1,no Companies House number in register and no exact name match,ORG:104177
BRITVIC LIMITED,05604923,register,BRITVIC LIMITED,active,2025-12-31,2026-07-29,accounts-with-accounts-type-full,full,,,likely,pdf (not read),https://find-and-update.company-information.service.gov.uk/company/05604923/filing-history,1,,ORG:107441
Britvic Northern Ireland Ltd,NF000009,register,BRITVIC NORTHERN IRELAND LIMITED,active,2024-09-30,2026-05-11,accounts-with-accounts-type-full,full,,,likely,pdf (not read),https://find-and-update.company-information.service.gov.uk/company/NF000009/filing-history,0,,ORG:107389
Broad Oak Farm Sausage Co. Limited,02034575,register,BROAD OAK FARM SAUSAGE CO. LIMITED,active,2025-06-30,2025-12-17,accounts-with-accounts-type-total-exemption-full,small,,,unknown,xhtml,https://find-and-update.company-information.service.gov.uk/company/02034575/filing-history,0,,ORG:102692
Broadland Drinks Limited,00859081,register,BROADLAND DRINKS LIMITED,active,2026-03-31,2026-07-26,accounts-with-accounts-type-full,full,,,likely,pdf (not read),https://find-and-update.company-information.service.gov.uk/company/00859081/filing-history,0,,ORG:102124
Brockmans Gin Limited,05988509,register,BROCKMANS GIN LIMITED,active,2024-12-31,2025-12-22,accounts-with-accounts-type-small,small,,,unknown,xhtml,https://find-and-update.company-information.service.gov.uk/company/05988509/filing-history,0,,ORG:116782
BRODERICK GROUP LIMITED,01459430,register,BRODERICK GROUP LIMITED,active,2024-12-31,2025-10-07,accounts-with-accounts-type-medium,medium,25084460,ixbrl,yes,xhtml,https://find-and-update.company-information.service.gov.uk/company/01459430/filing-history,0,,ORG:103928
Brodie Melrose Drysdale & Co Ltd,SC201590,register,BRODIE MELROSE DRYSDALE & CO. LIMITED,active,2025-12-31,2026-02-18,accounts-with-accounts-type-full,full,8612542,ixbrl,yes,xhtml,https://find-and-update.company-information.service.gov.uk/company/SC201590/filing-history,0,,ORG:104984
Brokk UK Limited,04063287,register,BROKK UK LIMITED,active,2025-12-31,2026-04-01,accounts-with-accounts-type-small,small,,,unknown,xhtml,https://find-and-update.company-information.service.gov.uk/company/04063287/filing-history,0,,ORG:116454
Brook Taverner Limited,00450639,register,BROOK TAVERNER LIMITED,active,2025-12-31,2026-09-08,accounts-with-accounts-type-group,group,,,likely,pdf (not read),https://find-and-update.company-information.service.gov.uk/company/00450639/filing-history,0,,ORG:100287
Brookerpaks Ltd,04466553,register,BROOKERPAKS LIMITED,active,2026-03-31,2026-06-19,accounts-with-accounts-type-total-exemption-full,small,,,unknown,xhtml,https://find-and-update.company-information.service.gov.uk/company/04466553/filing-history,0,,ORG:103401
Brooks Bros. (UK) Limited,01644146,register,BROOKS BROS. (UK) LIMITED,active,2025-12-31,2026-09-14,accounts-with-accounts-type-full,full,72503249,text,yes,xhtml,https://find-and-update.company-information.service.gov.uk/company/01644146/filing-history,0,,ORG:100696
Brooks Sports Ltd,09290582,register,BROOKS SPORTS LIMITED,active,2024-12-31,2025-10-08,accounts-with-accounts-type-small,small,,,unknown,pdf (not read),https://find-and-update.company-information.service.gov.uk/company/09290582/filing-history,0,,ORG:117252
BROOM HOUSE INVESTMENTS LIMITED,01156457,register,BROOM HOUSE INVESTMENTS LIMITED,active,2025-03-31,2025-12-18,accounts-with-accounts-type-group,group,34714996,text,yes,xhtml,https://find-and-update.company-information.service.gov.uk/company/01156457/filing-history,0,,ORG:105901
Brose Ltd,00849216,register,BROSE LIMITED,active,2025-12-31,2026-07-24,accounts-with-accounts-type-full,full,,,likely,pdf (not read),https://find-and-update.company-information.service.gov.uk/company/00849216/filing-history,0,,ORG:105846
Brother Industries (U.K.) Ltd,01888853,register,BROTHER INDUSTRIES (U.K.) LTD.,active,2026-03-31,2026-06-24,accounts-with-accounts-type-full,full,,,likely,pdf (not read),https://find-and-update.company-information.service.gov.uk/company/01888853/filing-history,0,,ORG:108622
Brother International Europe Ltd,00664172,register,BROTHER INTERNATIONAL EUROPE LIMITED,active,2026-03-31,2026-07-08,accounts-with-accounts-type-full,full,,,likely,pdf (not read),https://find-and-update.company-information.service.gov.uk/company/00664172/filing-history,0,,ORG:104367
Brother Sewing Machines Europe GmbH UK Branch,FC029339,register,BROTHER SEWING MACHINES EUROPE GMBH UK BRANCH,active,2024-03-31,2024-09-26,accounts-with-accounts-type-full,full,,,likely,pdf (not read),https://find-and-update.company-information.service.gov.uk/company/FC029339/filing-history,0,,ORG:106833
Brother U.K. Ltd,00029301,register,BROTHER U.K. LIMITED,active,2025-03-31,2025-09-03,accounts-with-accounts-type-full,full,,,likely,pdf (not read),https://find-and-update.company-information.service.gov.uk/company/00029301/filing-history,0,,ORG:105461
Brothers Drinks Co. Limited,02711055,register,BROTHERS DRINKS CO. LIMITED,active,2025-12-31,2026-09-24,accounts-with-accounts-type-full,full,94828665,text,yes,xhtml,https://find-and-update.company-information.service.gov.uk/company/02711055/filing-history,0,,ORG:107896
Broughton Plant Hire and Sales Limited,01722401,register,BROUGHTON PLANT HIRE AND SALES LIMITED,active,2025-12-31,2026-03-30,accounts-with-accounts-type-full,full,27047067,text,yes,xhtml,https://find-and-update.company-information.service.gov.uk/company/01722401/filing-history,0,,ORG:117003
Brown-Forman Beverages  Europe  Ltd,04129810,register,"BROWN-FORMAN BEVERAGES, EUROPE, LTD",active,2025-04-30,2025-12-31,accounts-with-accounts-type-full,full,,,likely,pdf (not read),https://find-and-update.company-information.service.gov.uk/company/04129810/filing-history,0,,ORG:107476
Brownings The Bakers,SC218108,register,BROWNINGS THE BAKERS LIMITED,active,2025-03-30,2025-12-24,accounts-with-accounts-type-medium,medium,14530144,ixbrl,yes,xhtml,https://find-and-update.company-information.service.gov.uk/company/SC218108/filing-history,0,,ORG:107577
Browns Bedrooms & Kitchens Ltd,03832767,register,BROWNS BEDROOMS & KITCHENS LTD,active,2025-12-31,2026-09-30,accounts-with-accounts-type-full,full,9796759,text,yes,xhtml,https://find-and-update.company-information.service.gov.uk/company/03832767/filing-history,0,,ORG:102454
Browns Builders Merchants Limited,02478452,register,BROWNS BUILDERS MERCHANTS LIMITED,active,2025-12-31,2026-07-07,accounts-with-accounts-type-full,full,53369066,text,yes,xhtml,https://find-and-update.company-information.service.gov.uk/company/02478452/filing-history,0,,ORG:100311
Browns Food Group Limited,SC236133,register,BROWNS FOOD GROUP LIMITED,active,2025-12-31,2026-07-27,accounts-with-accounts-type-full,full,,,likely,pdf (not read),https://find-and-update.company-information.service.gov.uk/company/SC236133/filing-history,4,,ORG:115757
Broxburn Bottlers Ltd,SC088127,register,BROXBURN BOTTLERS LIMITED,active,2025-12-31,2026-08-14,accounts-with-accounts-type-full,full,35376961,ixbrl,yes,xhtml,https://find-and-update.company-information.service.gov.uk/company/SC088127/filing-history,0,,ORG:111402
Bruce Douglas Marketing Ltd,SC059670,register,BRUCE DOUGLAS MARKETING LIMITED,active,2025-03-31,2025-12-18,accounts-with-accounts-type-medium,medium,14119396,ixbrl,yes,xhtml,https://find-and-update.company-information.service.gov.uk/company/SC059670/filing-history,0,,ORG:104911
Bruichladdich Distillery Company Ltd,SC209196,register,BRUICHLADDICH DISTILLERY COMPANY LIMITED,active,2025-03-31,2025-10-21,accounts-with-accounts-type-full,full,,,likely,pdf (not read),https://find-and-update.company-information.service.gov.uk/company/SC209196/filing-history,0,,ORG:105106
Brunel Healthcare Manufacturing Limited,04504895,register,BRUNEL HEALTHCARE MANUFACTURING LIMITED,active,2025-12-31,2026-06-25,accounts-with-accounts-type-full,full,,,likely,pdf (not read),https://find-and-update.company-information.service.gov.uk/company/04504895/filing-history,0,,ORG:104113
BRUSH GROUP LIMITED,14235315,register,BRUSH GROUP LIMITED,active,2024-12-31,2025-07-16,accounts-with-accounts-type-group,group,,,likely,pdf (not read),https://find-and-update.company-information.service.gov.uk/company/14235315/filing-history,2,,ORG:116627
BRYAN W. NASH & SONS LIMITED,01145449,register,BRYAN W. NASH & SONS LIMITED,active,2025-05-31,2025-11-18,accounts-with-accounts-type-full,full,49233581,ixbrl,yes,xhtml,https://find-and-update.company-information.service.gov.uk/company/01145449/filing-history,0,,ORG:100188
Bryan's Salads Ltd.,04093925,register,BRYAN'S SALADS LTD.,active,2025-11-30,2026-08-27,accounts-with-accounts-type-full,full,54439457,ixbrl,yes,xhtml,https://find-and-update.company-information.service.gov.uk/company/04093925/filing-history,0,,ORG:100961
Bryants Nurseries Limited,00640145,register,BRYANTS NURSERIES LIMITED,active,2025-12-31,2026-08-25,accounts-with-accounts-type-total-exemption-full,small,,,unknown,xhtml,https://find-and-update.company-information.service.gov.uk/company/00640145/filing-history,0,,ORG:104579
BS Plastics Ltd,09350237,register,B.S. PLASTICS LIMITED,active,2025-12-31,2026-07-13,accounts-with-accounts-type-full,full,,,likely,pdf (not read),https://find-and-update.company-information.service.gov.uk/company/09350237/filing-history,0,,ORG:107473
BS Polythene Ltd,07428899,register,B S POLYTHENE LIMITED,active,2025-12-31,2026-07-27,accounts-with-accounts-type-small,small,,,unknown,pdf (not read),https://find-and-update.company-information.service.gov.uk/company/07428899/filing-history,0,,ORG:107475
BSH Home Appliances Limited,01844007,register,BSH HOME APPLIANCES LIMITED,active,2024-12-31,2025-09-23,accounts-with-accounts-type-full,full,,,likely,pdf (not read),https://find-and-update.company-information.service.gov.uk/company/01844007/filing-history,0,,ORG:104734
BSM Packaging Supplies Limited,02508832,register,BSM PACKAGING SUPPLIES LIMITED,active,2025-06-30,2026-03-20,accounts-with-accounts-type-unaudited-abridged,small,,,unknown,xhtml,https://find-and-update.company-information.service.gov.uk/company/02508832/filing-history,0,,ORG:117089
BSW TIMBER LIMITED,SC108926,register,BSW TIMBER LIMITED,active,2024-12-31,2025-09-30,accounts-with-accounts-type-group,group,,,likely,pdf (not read),https://find-and-update.company-information.service.gov.uk/company/SC108926/filing-history,2,,ORG:116594
BSW Timber Solutions Ltd,02541468,register,BSW TIMBER SOLUTIONS LTD,active,2024-12-31,2025-09-30,accounts-with-accounts-type-full,full,,,likely,pdf (not read),https://find-and-update.company-information.service.gov.uk/company/02541468/filing-history,0,,ORG:106526
BUBBLE MAX LTD,11202125,register,BUBBLE MAX LTD,active,2025-03-31,2025-08-05,accounts-with-accounts-type-unaudited-abridged,small,,,unknown,xhtml,https://find-and-update.company-information.service.gov.uk/company/11202125/filing-history,0,,ORG:105957
Bucher Municipal Limited,00199841,register,BUCHER MUNICIPAL LIMITED,active,2025-12-31,2026-08-12,accounts-with-accounts-type-full,full,,,likely,pdf (not read),https://find-and-update.company-information.service.gov.uk/company/00199841/filing-history,0,,ORG:102014
BUCKINGHAM VINTNERS INTERNATIONAL LIMITED,04402527,register,BUCKINGHAM VINTNERS INTERNATIONAL LIMITED,active,2025-12-31,2026-03-19,accounts-with-accounts-type-full,full,,,likely,pdf (not read),https://find-and-update.company-information.service.gov.uk/company/04402527/filing-history,0,,ORG:102461
BUCKLER BOOTS LIMITED,SC182006,register,BUCKLER BOOTS LIMITED,active,2025-07-31,2026-03-12,accounts-with-accounts-type-total-exemption-full,small,,,unknown,xhtml,https://find-and-update.company-information.service.gov.uk/company/SC182006/filing-history,0,,ORG:102472
Budweiser Budvar UK Limited,04309989,register,BUDWEISER BUDVAR UK LIMITED,active,2025-12-31,2026-02-19,accounts-with-accounts-type-full,full,20418981,ixbrl,yes,xhtml,https://find-and-update.company-information.service.gov.uk/company/04309989/filing-history,0,,ORG:103799
BUFA Composites UK Ltd.,02090336,register,BUFA COMPOSITES UK LTD.,active,2025-12-31,2026-09-16,accounts-with-accounts-type-full,full,35507575,text,yes,xhtml,https://find-and-update.company-information.service.gov.uk/company/02090336/filing-history,0,,ORG:105098
BUFAB (UK) LIMITED,02646431,register,BUFAB (UK) LIMITED,active,2025-12-31,2026-04-27,accounts-with-accounts-type-full,full,,,likely,pdf (not read),https://find-and-update.company-information.service.gov.uk/company/02646431/filing-history,0,,ORG:106624
Build-A-Bear UK Holdings Limited,05651132,register,BUILD-A-BEAR UK HOLDINGS LIMITED,active,2025-02-01,2025-11-04,accounts-with-accounts-type-full,full,,,likely,pdf (not read),https://find-and-update.company-information.service.gov.uk/company/05651132/filing-history,1,,ORG:102682
Building Adhesives Limited,00742637,register,BUILDING ADHESIVES LIMITED,active,2025-12-31,2026-09-14,accounts-with-accounts-type-full,full,,,likely,pdf (not read),https://find-and-update.company-information.service.gov.uk/company/00742637/filing-history,0,,ORG:106382
BUILDING AND PLUMBING SUPPLIES LIMITED,00288407,register,BUILDING AND PLUMBING SUPPLIES LIMITED,active,2025-12-31,2026-09-02,accounts-with-accounts-type-full,full,3116691,text,no,xhtml,https://find-and-update.company-information.service.gov.uk/company/00288407/filing-history,0,,ORG:108658
BULK HARDWARE LIMITED,01177960,register,BULK HARDWARE LIMITED,active,2025-12-31,2026-07-20,accounts-with-accounts-type-total-exemption-full,small,,,unknown,xhtml,https://find-and-update.company-information.service.gov.uk/company/01177960/filing-history,0,,ORG:111219
Bull Brand Limited,04045290,register,BULL BRAND LIMITED,active,2025-04-30,2026-02-04,accounts-with-accounts-type-medium,medium,,,likely,pdf (not read),https://find-and-update.company-information.service.gov.uk/company/04045290/filing-history,0,,ORG:105720
Bulrush Horticulture Limited,NI013566,register,BULRUSH HORTICULTURE LIMITED,active,2025-09-30,2026-05-07,accounts-with-accounts-type-group,group,,,likely,pdf (not read),https://find-and-update.company-information.service.gov.uk/company/NI013566/filing-history,0,,ORG:100477
BULTEN LIMITED,SC085664,register,BULTEN LIMITED,active,2025-12-31,2026-09-28,accounts-with-accounts-type-full,full,,,likely,pdf (not read),https://find-and-update.company-information.service.gov.uk/company/SC085664/filing-history,0,,ORG:106280
BUMBLE HOLE FOODS LIMITED,04297967,register,BUMBLE HOLE FOODS LIMITED,active,2025-12-31,2026-09-11,accounts-with-accounts-type-full,full,,,likely,pdf (not read),https://find-and-update.company-information.service.gov.uk/company/04297967/filing-history,0,,ORG:101155
Bunches Florapost Limited,03924234,register,BUNCHES FLORAPOST LIMITED,active,2025-04-30,2026-01-27,accounts-with-accounts-type-full,full,,,likely,pdf (not read),https://find-and-update.company-information.service.gov.uk/company/03924234/filing-history,0,,ORG:100524
Bundaberg Brewed Drinks UK PTY Limited,04749599,register,BUNDABERG BREWED DRINKS UK PTY LIMITED,active,2025-06-30,2026-03-27,accounts-with-accounts-type-total-exemption-full,small,,,unknown,xhtml,https://find-and-update.company-information.service.gov.uk/company/04749599/filing-history,0,,ORG:111753
Bunzl UK Ltd,02902454,register,BUNZL UK LIMITED,active,2025-12-31,2026-08-07,accounts-with-accounts-type-full,full,,,likely,pdf (not read),https://find-and-update.company-information.service.gov.uk/company/02902454/filing-history,0,,ORG:103908
Buoyant Upholstery Limited,03690496,register,BUOYANT UPHOLSTERY LIMITED,active,2025-09-30,2026-03-28,accounts-with-accounts-type-full,full,,,likely,pdf (not read),https://find-and-update.company-information.service.gov.uk/company/03690496/filing-history,0,,ORG:100885
Burberry Ltd,00162636,register,BURBERRY LIMITED,active,2026-03-28,2026-08-13,accounts-with-accounts-type-full,full,,,likely,pdf (not read),https://find-and-update.company-information.service.gov.uk/company/00162636/filing-history,0,,ORG:104840
Burbidge & Son Limited,00376700,register,BURBIDGE & SON LIMITED,active,2025-12-31,2026-08-28,accounts-with-accounts-type-medium,medium,6743649,ixbrl,yes,xhtml,https://find-and-update.company-information.service.gov.uk/company/00376700/filing-history,0,,ORG:103785
Burford Garden Centre Ltd,02773151,register,BURFORD GARDEN CENTRE LIMITED,active,2025-01-31,2025-10-28,accounts-with-accounts-type-full,full,,,likely,pdf (not read),https://find-and-update.company-information.service.gov.uk/company/02773151/filing-history,0,,ORG:102443
Burgess Farms Ltd,03107225,register,BURGESS FARMS LIMITED,active,2024-12-27,2025-09-19,accounts-with-accounts-type-group,group,,,likely,pdf (not read),https://find-and-update.company-information.service.gov.uk/company/03107225/filing-history,2,,ORG:108197
Burgess Group Limited,00445555,register,BURGESS GROUP LIMITED,active,2025-05-31,2026-01-02,accounts-with-accounts-type-group,group,,,likely,pdf (not read),https://find-and-update.company-information.service.gov.uk/company/00445555/filing-history,1,,ORG:103961
Burgon & Ball Ltd,02074260,register,BURGON & BALL LIMITED,active,2024-12-31,2025-08-19,accounts-with-accounts-type-small,small,,,unknown,pdf (not read),https://find-and-update.company-information.service.gov.uk/company/02074260/filing-history,0,,ORG:105966
BURTS SNACKS LIMITED,02665660,register,BURTS SNACKS LIMITED,active,2026-01-31,2026-09-25,accounts-with-accounts-type-full,full,,,likely,pdf (not read),https://find-and-update.company-information.service.gov.uk/company/02665660/filing-history,0,,ORG:107741
Bushboard Ltd,03943217,register,BUSHBOARD LIMITED,active,2025-12-31,2026-08-26,accounts-with-accounts-type-full,full,,,likely,pdf (not read),https://find-and-update.company-information.service.gov.uk/company/03943217/filing-history,0,,ORG:106102
BUTCHER'S PET CARE LIMITED,01716195,register,BUTCHER'S PET CARE LIMITED,active,2025-06-28,2026-03-28,accounts-with-accounts-type-full,full,,,likely,pdf (not read),https://find-and-update.company-information.service.gov.uk/company/01716195/filing-history,0,,ORG:103379
BUTCOMBE BREWERY LIMITED,04631145,register,BUTCOMBE BREWERY LIMITED,active,2025-01-25,2025-05-23,accounts-with-accounts-type-full,full,,,likely,pdf (not read),https://find-and-update.company-information.service.gov.uk/company/04631145/filing-history,0,,ORG:107832
Bute Island Foods Ltd.,SC237960,register,BUTE ISLAND FOODS LTD.,active,2025-03-31,2025-11-18,accounts-with-accounts-type-full,full,,,likely,pdf (not read),https://find-and-update.company-information.service.gov.uk/company/SC237960/filing-history,0,,ORG:104521
Butlers Farmhouse Cheeses Limited,03660805,register,BUTLERS FARMHOUSE CHEESES LIMITED,active,2025-09-30,2026-07-10,accounts-with-accounts-type-full,full,,,likely,pdf (not read),https://find-and-update.company-information.service.gov.uk/company/03660805/filing-history,0,,ORG:107296
Butlins Skyline Limited,04011665,register,BUTLINS SKYLINE LIMITED,active,2024-12-31,2025-12-03,accounts-with-accounts-type-small,small,,,unknown,pdf (not read),https://find-and-update.company-information.service.gov.uk/company/04011665/filing-history,0,,ORG:107292
Butterfly Poultry Limited,02513659,register,BUTTERFLY POULTRY LIMITED,active,2025-07-31,2026-03-25,accounts-with-accounts-type-total-exemption-full,small,,,unknown,pdf (not read),https://find-and-update.company-information.service.gov.uk/company/02513659/filing-history,0,,ORG:111825
Buttle's plc,02657821,register,BUTTLE'S PLC,active,2025-12-31,2026-06-30,accounts-with-accounts-type-full,full,6239998,text,yes,xhtml,https://find-and-update.company-information.service.gov.uk/company/02657821/filing-history,0,,ORG:114763
BUTTRESS GROUP LIMITED,01632071,register,BUTTRESS GROUP LIMITED,active,2025-12-31,2026-06-19,accounts-with-accounts-type-full,full,19109436,ixbrl,yes,xhtml,https://find-and-update.company-information.service.gov.uk/company/01632071/filing-history,0,,ORG:114424
BUXTON LIME LIMITED,14245883,register,BUXTON LIME LIMITED,active,2024-12-31,2025-09-29,accounts-with-accounts-type-total-exemption-full,small,,,unknown,pdf (not read),https://find-and-update.company-information.service.gov.uk/company/14245883/filing-history,0,,ORG:108642
Buy It Direct Ltd,04171412,register,BUY IT DIRECT LTD,active,2025-03-31,2026-01-23,accounts-with-accounts-type-group,group,,,likely,pdf (not read),https://find-and-update.company-information.service.gov.uk/company/04171412/filing-history,0,,ORG:115010
Buy Whole Foods Online Ltd,06643885,register,BUY WHOLE FOODS ONLINE LIMITED,active,2025-03-31,2026-03-31,accounts-with-accounts-type-medium,medium,25640111,ixbrl,yes,xhtml,https://find-and-update.company-information.service.gov.uk/company/06643885/filing-history,0,,ORG:100719
BUZZ GROUP LIMITED,00794943,register,BUZZ GROUP LIMITED,active,2026-01-17,2026-09-10,accounts-with-accounts-type-full,full,,,likely,pdf (not read),https://find-and-update.company-information.service.gov.uk/company/00794943/filing-history,0,,ORG:107181
BWT UK Limited,01386074,register,BWT UK LIMITED,active,2024-12-31,2025-04-03,accounts-with-accounts-type-full,full,,,likely,pdf (not read),https://find-and-update.company-information.service.gov.uk/company/01386074/filing-history,0,,ORG:117338
BYK Additives Ltd,04050418,register,BYK ADDITIVES LIMITED,active,2025-12-31,2026-08-13,accounts-with-accounts-type-full,full,,,likely,pdf (not read),https://find-and-update.company-information.service.gov.uk/company/04050418/filing-history,0,,ORG:101060
Byredo UK Ltd,08144057,register,BYREDO UK LIMITED,active,2025-12-31,2026-06-29,accounts-with-accounts-type-small,small,,,unknown,pdf (not read),https://find-and-update.company-information.service.gov.uk/company/08144057/filing-history,0,,ORG:106525
B�hler UK Ltd,00434274,register,BÜHLER UK LIMITED,active,2024-12-31,2025-07-24,accounts-with-accounts-type-full,full,,,likely,pdf (not read),https://find-and-update.company-information.service.gov.uk/company/00434274/filing-history,0,,ORG:106853
C & C HOLDINGS (NI) LIMITED,NI022259,register,C & C HOLDINGS (NI) LIMITED,active,2025-02-28,2025-08-28,accounts-with-accounts-type-full,full,,,likely,pdf (not read),https://find-and-update.company-information.service.gov.uk/company/NI022259/filing-history,6,,ORG:106625
C & D Foods (Larkshall) Unlimited,03836597,register,C & D FOODS (LARKSHALL) UNLIMITED,active,2016-03-30,2017-01-03,accounts-with-accounts-type-full,full,,,likely,pdf (not read),https://find-and-update.company-information.service.gov.uk/company/03836597/filing-history,0,,ORG:100383
C & K Meats Ltd,02770891,register,C & K MEATS LIMITED,active,2025-12-31,2026-09-08,accounts-with-accounts-type-full,full,87814505,ixbrl,yes,xhtml,https://find-and-update.company-information.service.gov.uk/company/02770891/filing-history,0,,ORG:101737
C & P Bird Bros. Ltd,01333687,register,C & P BIRD BROS. LIMITED,active,2025-04-30,2025-11-13,accounts-with-accounts-type-full,full,,,likely,xhtml,https://find-and-update.company-information.service.gov.uk/company/01333687/filing-history,0,,ORG:103553
C & P Medical Trading Limited,03613589,register,C & P MEDICAL TRADING LIMITED,active,2025-02-28,2025-09-08,accounts-with-accounts-type-full,full,,,likely,pdf (not read),https://find-and-update.company-information.service.gov.uk/company/03613589/filing-history,0,,ORG:105365
C & W BERRY LIMITED,01464224,register,C & W BERRY LIMITED,active,2025-10-31,2026-07-17,accounts-with-accounts-type-full,full,66687106,ixbrl,yes,xhtml,https://find-and-update.company-information.service.gov.uk/company/01464224/filing-history,0,,ORG:105978
C CARNEVALE LIMITED,06546531,register,C CARNEVALE LIMITED,active,2025-05-31,2026-02-26,accounts-with-accounts-type-full,full,,,likely,pdf (not read),https://find-and-update.company-information.service.gov.uk/company/06546531/filing-history,0,,ORG:116908
C D T Sidoli (Welshpool) Limited,01656459,register,C D T SIDOLI (WELSHPOOL) LIMITED,active,2026-01-31,2026-08-20,accounts-with-accounts-type-full,full,32710219,text,yes,xhtml,https://find-and-update.company-information.service.gov.uk/company/01656459/filing-history,0,,ORG:103527
C J Wildbird Foods Limited,02101581,register,C J WILDBIRD FOODS LIMITED,active,2024-12-31,2026-01-07,accounts-with-accounts-type-full,full,,,likely,pdf (not read),https://find-and-update.company-information.service.gov.uk/company/02101581/filing-history,0,,ORG:103775
C K's Supermarket Limited,03639524,register,C K'S SUPERMARKET LIMITED,active,2025-04-30,2026-01-30,accounts-with-accounts-type-full,full,71836600,ixbrl,yes,xhtml,https://find-and-update.company-information.service.gov.uk/company/03639524/filing-history,0,,ORG:107251
C S LABELS LIMITED,01267599,register,C S LABELS LIMITED,active,2025-12-31,2026-07-17,accounts-with-accounts-type-full,full,12594944,text,yes,xhtml,https://find-and-update.company-information.service.gov.uk/company/01267599/filing-history,0,,ORG:105247
C&D Foods (Driffield) Unlimited,02678260,register,C&D FOODS (DRIFFIELD) UNLIMITED,active,2016-03-30,2017-01-03,accounts-with-accounts-type-full,full,,,likely,pdf (not read),https://find-and-update.company-information.service.gov.uk/company/02678260/filing-history,0,,ORG:107954
C. & J. Clark International Limited,00141015,register,C. & J. CLARK INTERNATIONAL LIMITED,active,2024-12-31,2025-07-02,accounts-with-accounts-type-full,full,,,likely,pdf (not read),https://find-and-update.company-information.service.gov.uk/company/00141015/filing-history,0,,ORG:102876
C. & O. Wines Limited,02729653,register,C. & O. WINES LIMITED,active,2025-10-31,2026-08-09,accounts-with-accounts-type-total-exemption-full,small,,,unknown,pdf (not read),https://find-and-update.company-information.service.gov.uk/company/02729653/filing-history,0,,ORG:116533
C. L. Jones Ltd.,03923685,register,C. L. JONES LTD.,active,2025-03-31,2025-12-02,accounts-with-accounts-type-medium,medium,23107028,ixbrl,yes,xhtml,https://find-and-update.company-information.service.gov.uk/company/03923685/filing-history,0,,ORG:108244
C.A. Group Limited,01745027,register,C.A. GROUP LIMITED,active,2025-09-30,2026-06-08,accounts-with-accounts-type-full,full,,,likely,pdf (not read),https://find-and-update.company-information.service.gov.uk/company/01745027/filing-history,0,,ORG:104800
C.Brewer & Sons Ltd,00203852,register,C.BREWER & SONS LIMITED,active,2025-12-31,2026-09-24,accounts-with-accounts-type-group,group,,,likely,pdf (not read),https://find-and-update.company-information.service.gov.uk/company/00203852/filing-history,0,,ORG:101759
C.E.X. Limited,03194152,register,C.E.X. LIMITED,active,2025-12-31,2026-09-29,accounts-with-accounts-type-group,group,,,likely,xhtml,https://find-and-update.company-information.service.gov.uk/company/03194152/filing-history,0,,ORG:111214
C.G. Fixings Limited,04666779,register,C.G. FIXINGS LIMITED,active,2025-12-31,2026-09-29,accounts-with-accounts-type-medium,medium,40270488,ixbrl,yes,xhtml,https://find-and-update.company-information.service.gov.uk/company/04666779/filing-history,0,,ORG:108494
C.G.Hacking & Sons Limited,01002291,register,C.G.HACKING & SONS LIMITED,active,2024-06-30,2026-05-07,accounts-with-accounts-type-group,group,46465557,text,yes,xhtml,https://find-and-update.company-information.service.gov.uk/company/01002291/filing-history,0,,ORG:102154
C.J. LANG & SON LIMITED,SC017664,register,C.J. LANG & SON LIMITED,active,2025-04-28,2025-11-21,accounts-with-accounts-type-group,group,,,likely,pdf (not read),https://find-and-update.company-information.service.gov.uk/company/SC017664/filing-history,0,,ORG:107696
C.K. FOODS HOLDINGS LIMITED,05040550,register,C.K. FOODS HOLDINGS LIMITED,active,2025-03-31,2025-12-15,accounts-with-accounts-type-unaudited-abridged,small,,,unknown,xhtml,https://find-and-update.company-information.service.gov.uk/company/05040550/filing-history,3,,ORG:116073
C.R. Walter (Coventry) Ltd,01278754,register,C.R. WALTER (COVENTRY) LIMITED,active,2025-03-31,2025-09-12,accounts-with-accounts-type-unaudited-abridged,small,,,unknown,xhtml,https://find-and-update.company-information.service.gov.uk/company/01278754/filing-history,0,,ORG:105240
C.R.T. Packaging (U.K.) Limited,03173508,register,C.R.T. PACKAGING (U.K.) LIMITED,active,2025-12-31,2026-09-22,accounts-with-accounts-type-total-exemption-full,small,,,unknown,xhtml,https://find-and-update.company-information.service.gov.uk/company/03173508/filing-history,0,,ORG:103246
C.S. Ellis (Holdings) Limited,08405320,register,C.S. ELLIS (HOLDINGS) LIMITED,active,2025-06-30,2026-07-06,accounts-amended-with-accounts-type-group,group,,,likely,pdf (not read),https://find-and-update.company-information.service.gov.uk/company/08405320/filing-history,2,,ORG:106128
CABLE SERVICES LIMITED,05174041,register,CABLE SERVICES LIMITED,active,2025-03-31,2026-07-07,accounts-with-accounts-type-full,full,47423604,ixbrl,yes,xhtml,https://find-and-update.company-information.service.gov.uk/company/05174041/filing-history,0,,ORG:101975
Cables Direct Ltd,02819039,register,CABLES DIRECT LIMITED,active,2025-12-31,2026-08-19,accounts-with-accounts-type-full,full,10801499,ixbrl,yes,xhtml,https://find-and-update.company-information.service.gov.uk/company/02819039/filing-history,0,,ORG:104286
Cabot Carbon Ltd,00462857,register,CABOT CARBON LIMITED,active,2024-09-30,2025-06-27,accounts-with-accounts-type-full,full,18810000,text,yes,xhtml,https://find-and-update.company-information.service.gov.uk/company/00462857/filing-history,0,,ORG:102563
CAFE CONNECTIONS LIMITED,04502423,register,CAFE CONNECTIONS LIMITED,active,2025-12-31,2026-09-24,accounts-with-accounts-type-total-exemption-full,small,,,unknown,xhtml,https://find-and-update.company-information.service.gov.uk/company/04502423/filing-history,0,,ORG:104649
CAFEA UK LIMITED,02974751,register,CAFEA UK LIMITED,active,2025-12-31,2026-05-30,accounts-with-accounts-type-full,full,,,likely,pdf (not read),https://find-and-update.company-information.service.gov.uk/company/02974751/filing-history,0,,ORG:100811
CafeDirect Plc,SC141496,register,CAFEDIRECT PLC,active,2025-12-31,2026-07-06,accounts-with-accounts-type-group,group,,,likely,pdf (not read),https://find-and-update.company-information.service.gov.uk/company/SC141496/filing-history,0,,ORG:105532
Cafedirect Roastery Limited,04022650,register,CAFEDIRECT ROASTERY LIMITED,active,2025-12-31,2026-07-10,accounts-with-accounts-type-full,full,,,likely,pdf (not read),https://find-and-update.company-information.service.gov.uk/company/04022650/filing-history,0,,ORG:107836
Cake Decor Ltd,SC298811,register,CAKE DECOR LTD,active,2025-12-31,2026-09-28,accounts-with-accounts-type-full,full,27555247,text,yes,xhtml,https://find-and-update.company-information.service.gov.uk/company/SC298811/filing-history,0,,ORG:105931
Cakesmiths Group Limited,05586303,register,CAKESMITHS GROUP LIMITED,active,2025-12-31,2026-09-30,accounts-with-accounts-type-full,full,38377000,ixbrl,yes,xhtml,https://find-and-update.company-information.service.gov.uk/company/05586303/filing-history,0,,ORG:116893
Calbee Group (UK) Ltd,08949175,register,CALBEE GROUP (UK) LTD,active,2025-12-31,2026-09-10,accounts-with-accounts-type-full,full,,,likely,pdf (not read),https://find-and-update.company-information.service.gov.uk/company/08949175/filing-history,0,,ORG:104350
Calder Industrial Materials Limited,00028073,register,CALDER INDUSTRIAL MATERIALS LIMITED,active,2025-05-31,2025-10-30,accounts-with-accounts-type-full,full,,,likely,pdf (not read),https://find-and-update.company-information.service.gov.uk/company/00028073/filing-history,0,,ORG:102954
CALDER MILLERFIELD LIMITED,SC013663,register,CALDER MILLERFIELD LIMITED,active,2025-10-31,2026-06-03,accounts-with-accounts-type-small,small,,,unknown,pdf (not read),https://find-and-update.company-information.service.gov.uk/company/SC013663/filing-history,0,,ORG:103554
Calders & Grandidge (Boston) Limited,12512544,register,CALDERS & GRANDIDGE (BOSTON) LIMITED,active,2024-12-31,2026-01-06,accounts-with-accounts-type-full,full,,,likely,pdf (not read),https://find-and-update.company-information.service.gov.uk/company/12512544/filing-history,0,,ORG:112423
Calderys NGJ Ltd,04148785,register,CALDERYS NGJ LIMITED,active,2024-12-31,2025-10-11,accounts-with-accounts-type-audit-exemption-subsiduary,subsidiary,,,unknown,pdf (not read),https://find-and-update.company-information.service.gov.uk/company/04148785/filing-history,0,,ORG:104491
CALDEX HOLDINGS LIMITED,06401841,register,CALDEX HOLDINGS LIMITED,active,2025-05-31,2025-11-21,accounts-with-accounts-type-total-exemption-full,small,,,unknown,pdf (not read),https://find-and-update.company-information.service.gov.uk/company/06401841/filing-history,0,,ORG:101465
Caldic (UK) Ltd,02084881,register,CALDIC (UK) LTD,active,2024-12-31,2026-01-05,accounts-with-accounts-type-full,full,,,likely,pdf (not read),https://find-and-update.company-information.service.gov.uk/company/02084881/filing-history,1,,ORG:103393
Caledonian Alloys Limited,SC162625,register,CALEDONIAN ALLOYS LIMITED,active,2025-12-28,2026-09-25,accounts-with-accounts-type-full,full,,,likely,pdf (not read),https://find-and-update.company-information.service.gov.uk/company/SC162625/filing-history,0,,ORG:101452
Caledonian Plywood Company Ltd.,SC195444,register,CALEDONIAN PLYWOOD COMPANY LTD.,active,2025-05-31,2025-10-21,accounts-with-accounts-type-full,full,,,likely,pdf (not read),https://find-and-update.company-information.service.gov.uk/company/SC195444/filing-history,0,,ORG:100459
CALIFIA FARMS UK LIMITED,10594783,register,CALIFIA FARMS UK LIMITED,active,2025-12-31,2026-06-03,accounts-with-accounts-type-small,small,,,unknown,xhtml,https://find-and-update.company-information.service.gov.uk/company/10594783/filing-history,0,,ORG:107095
Calington Limited,04908778,register,CALINGTON LIMITED,active,2025-12-31,2026-09-30,accounts-with-accounts-type-medium,medium,20170682,ixbrl,yes,xhtml,https://find-and-update.company-information.service.gov.uk/company/04908778/filing-history,0,,ORG:102105
Callaway Golf Europe Ltd,02756321,register,CALLAWAY GOLF EUROPE LTD.,active,2025-12-31,2026-09-14,accounts-with-accounts-type-full,full,,,likely,pdf (not read),https://find-and-update.company-information.service.gov.uk/company/02756321/filing-history,0,,ORG:107541
Calleva Limited,02880629,register,CALLEVA LIMITED,active,2025-12-31,2026-08-12,accounts-with-accounts-type-small,small,,,unknown,pdf (not read),https://find-and-update.company-information.service.gov.uk/company/02880629/filing-history,0,,ORG:117505
Calor Gas Ltd,00303703,register,CALOR GAS LIMITED,active,2025-12-31,2026-08-20,accounts-with-accounts-type-full,full,,,likely,pdf (not read),https://find-and-update.company-information.service.gov.uk/company/00303703/filing-history,0,,ORG:104758
Calor Gas Northern Ireland Limited,NI008192,register,CALOR GAS NORTHERN IRELAND LIMITED,active,2025-12-31,2026-09-15,accounts-with-accounts-type-full,full,,,likely,pdf (not read),https://find-and-update.company-information.service.gov.uk/company/NI008192/filing-history,0,,ORG:103915
CAMBIUM OPERATIONS LIMITED,13308203,register,CAMBIUM OPERATIONS LIMITED,active,2024-12-31,2025-10-14,accounts-with-accounts-type-audit-exemption-subsiduary,subsidiary,,,unknown,pdf (not read),https://find-and-update.company-information.service.gov.uk/company/13308203/filing-history,4,,ORG:114472
Cambrian Packaging Ltd,07289081,register,CAMBRIAN PACKAGING LTD,active,2025-12-31,2026-05-14,accounts-with-accounts-type-full,full,16928419,text,yes,xhtml,https://find-and-update.company-information.service.gov.uk/company/07289081/filing-history,0,,ORG:100625
Cambridge Commodities Limited,03590758,register,CAMBRIDGE COMMODITIES LIMITED,active,2025-11-30,2026-06-25,accounts-with-accounts-type-full,full,,,likely,pdf (not read),https://find-and-update.company-information.service.gov.uk/company/03590758/filing-history,0,,ORG:104697
Cambridge Nutritional Foods Limited,05530118,register,CAMBRIDGE NUTRITIONAL FOODS LIMITED,active,2025-03-31,2025-08-06,accounts-with-accounts-type-group,group,,,likely,pdf (not read),https://find-and-update.company-information.service.gov.uk/company/05530118/filing-history,3,,ORG:116337
Camel Valley Limited,04159388,register,CAMEL VALLEY LIMITED,active,2025-03-31,2025-08-18,accounts-with-accounts-type-total-exemption-full,small,,,unknown,xhtml,https://find-and-update.company-information.service.gov.uk/company/04159388/filing-history,0,,ORG:101995
Camerons Brewery Limited,03571101,register,CAMERONS BREWERY LIMITED,active,2026-01-04,2026-09-30,accounts-with-accounts-type-group,group,,,likely,xhtml,https://find-and-update.company-information.service.gov.uk/company/03571101/filing-history,2,,ORG:105531
CAMFIL LIMITED,01404355,register,CAMFIL LIMITED,active,2025-12-31,2026-08-09,accounts-with-accounts-type-full,full,,,likely,pdf (not read),https://find-and-update.company-information.service.gov.uk/company/01404355/filing-history,0,,ORG:102549
Camira Group Ltd,05635756,register,CAMIRA GROUP LTD,active,2024-12-29,2025-11-10,accounts-with-accounts-type-audit-exemption-subsiduary,subsidiary,,,unknown,pdf (not read),https://find-and-update.company-information.service.gov.uk/company/05635756/filing-history,3,,ORG:102960
CAMPACK LIMITED,03749580,register,CAMPACK LIMITED,active,2025-12-31,2026-03-12,accounts-with-accounts-type-total-exemption-full,small,,,unknown,xhtml,https://find-and-update.company-information.service.gov.uk/company/03749580/filing-history,0,,ORG:103198
Campbell's Prime Meat Limited,SC051565,register,CAMPBELL'S PRIME MEAT LIMITED,active,2025-06-29,2026-04-01,accounts-with-accounts-type-full,full,,,likely,pdf (not read),https://find-and-update.company-information.service.gov.uk/company/SC051565/filing-history,0,,ORG:104932
Campbells Shortbread,,,,,,,,,,,,,,0,no Companies House number in register and no exact name match,ORG:103437
Camseng International Foods Distributors,NI617389,register,CAMSENG INTERNATIONAL FOODS LIMITED,active,2025-05-31,2026-01-14,accounts-with-accounts-type-group,group,,,likely,xhtml,https://find-and-update.company-information.service.gov.uk/company/NI617389/filing-history,0,,ORG:101220
Camvac International Ltd,15238561,register,CAMVAC INTERNATIONAL LTD,active,2025-06-30,2026-03-30,accounts-with-accounts-type-full,full,12258736,text,yes,xhtml,https://find-and-update.company-information.service.gov.uk/company/15238561/filing-history,0,,ORG:116300
CAMVAC ROCKWELL LIMITED,SC177774,register,CAMVAC ROCKWELL LIMITED,active,2025-09-30,2026-02-23,accounts-with-accounts-type-full,full,13752479,text,yes,xhtml,https://find-and-update.company-information.service.gov.uk/company/SC177774/filing-history,0,,ORG:107517
Canal Toys Distribution Ltd,11132457,register,CANAL TOYS DISTRIBUTION LIMITED,active,2025-03-31,2025-12-30,accounts-with-accounts-type-unaudited-abridged,small,,,unknown,xhtml,https://find-and-update.company-information.service.gov.uk/company/11132457/filing-history,0,,ORG:116074
CANCER RESEARCH UK TRADING LIMITED,04355631,register,CANCER RESEARCH UK TRADING LIMITED,active,2026-03-31,2026-09-16,accounts-with-accounts-type-full,full,,,likely,pdf (not read),https://find-and-update.company-information.service.gov.uk/company/04355631/filing-history,0,,ORG:101319
Candle Shack Limited,07331656,register,CANDLE SHACK LIMITED,active,2025-07-31,2026-04-10,accounts-with-accounts-type-group,group,12424081,text,yes,xhtml,https://find-and-update.company-information.service.gov.uk/company/07331656/filing-history,0,,ORG:102699
Candlelight Products Ltd,01190834,register,CANDLELIGHT PRODUCTS LIMITED,active,2025-05-31,2026-01-16,accounts-with-accounts-type-medium,medium,19297000,ixbrl,yes,xhtml,https://find-and-update.company-information.service.gov.uk/company/01190834/filing-history,0,,ORG:104016
CANO WATER LIMITED,09483931,register,CANO WATER LIMITED,active,2025-03-31,2026-03-31,accounts-with-accounts-type-total-exemption-full,small,,,unknown,xhtml,https://find-and-update.company-information.service.gov.uk/company/09483931/filing-history,0,,ORG:105719
Canon Europa NV,FC012104,name search,CANON EUROPA NV,active,2024-12-31,2026-01-06,accounts-with-accounts-type-group,group,,,likely,pdf (not read),https://find-and-update.company-information.service.gov.uk/company/FC012104/filing-history,1,,ORG:105300
CANPACK UK LIMITED,06366267,register,CANPACK UK LIMITED,active,2025-12-31,2026-07-25,accounts-with-accounts-type-full,full,,,likely,pdf (not read),https://find-and-update.company-information.service.gov.uk/company/06366267/filing-history,0,,ORG:106953
Canyon Europe Limited,NI019880,register,CANYON EUROPE LIMITED,active,2025-12-31,2026-09-29,accounts-with-accounts-type-full,full,9817000,ixbrl,yes,xhtml,https://find-and-update.company-information.service.gov.uk/company/NI019880/filing-history,0,,ORG:104064
Capestone Organic Poultry Limited,03693186,register,CAPESTONE ORGANIC POULTRY LIMITED,active,2025-12-31,2026-09-30,accounts-with-accounts-type-group,group,45149193,text,yes,xhtml,https://find-and-update.company-information.service.gov.uk/company/03693186/filing-history,0,,ORG:106445
Capita Managed IT Solutions Limited,NI032979,register,CAPITA MANAGED IT SOLUTIONS LIMITED,active,2025-12-31,2026-08-04,accounts-with-accounts-type-total-exemption-full,small,70848000,text,yes,xhtml,https://find-and-update.company-information.service.gov.uk/company/NI032979/filing-history,0,,ORG:108042
Capital (Hair and Beauty) Limited,00530201,register,CAPITAL (HAIR AND BEAUTY) LIMITED,active,2025-12-31,2026-10-05,accounts-with-accounts-type-full,full,,,likely,pdf (not read),https://find-and-update.company-information.service.gov.uk/company/00530201/filing-history,1,,ORG:107943
Capital Coated Steel Limited,01066357,register,CAPITAL COATED STEEL LIMITED,active,2025-03-31,2025-12-03,accounts-with-accounts-type-full,full,,,likely,pdf (not read),https://find-and-update.company-information.service.gov.uk/company/01066357/filing-history,2,,ORG:103883
Capital Refractories Limited,01101489,register,CAPITAL REFRACTORIES LIMITED,active,2025-11-30,2026-08-18,accounts-with-accounts-type-full,full,12428063,text,yes,xhtml,https://find-and-update.company-information.service.gov.uk/company/01101489/filing-history,0,,ORG:116685
Capper Trading Limited,NI020754,register,CAPPER TRADING LIMITED,active,2025-06-30,2026-01-19,accounts-with-accounts-type-full,full,,,likely,pdf (not read),https://find-and-update.company-information.service.gov.uk/company/NI020754/filing-history,0,,ORG:102726
Capri Sun UK Limited,12116020,register,CAPRI SUN UK LIMITED,active,2025-12-31,2026-10-01,accounts-with-accounts-type-full,full,39329566,ixbrl,yes,xhtml,https://find-and-update.company-information.service.gov.uk/company/12116020/filing-history,0,,ORG:111611
CAPS CASES LIMITED,01636565,register,CAPS CASES LIMITED,active,2025-10-31,2026-07-20,accounts-with-accounts-type-full,full,30195779,ixbrl,yes,xhtml,https://find-and-update.company-information.service.gov.uk/company/01636565/filing-history,0,,ORG:102826
Carclo Plc,00196249,register,CARCLO PLC,active,2025-03-31,2025-09-04,accounts-with-accounts-type-group,group,,,likely,pdf (not read),https://find-and-update.company-information.service.gov.uk/company/00196249/filing-history,2,,ORG:101869
CareCo (UK) Limited,06831125,register,CARECO (UK) LIMITED,active,2025-03-31,2025-12-19,accounts-with-accounts-type-full,full,,,likely,pdf (not read),https://find-and-update.company-information.service.gov.uk/company/06831125/filing-history,0,,ORG:116392
Cargill Bioindustrial UK Limited,13642628,register,CARGILL BIOINDUSTRIAL UK LIMITED,active,2025-05-31,2026-05-15,accounts-with-accounts-type-full,full,,,likely,pdf (not read),https://find-and-update.company-information.service.gov.uk/company/13642628/filing-history,0,,ORG:114811
Cargill plc,01387437,register,CARGILL PLC,active,2025-05-31,2025-12-03,accounts-with-accounts-type-full,full,,,likely,pdf (not read),https://find-and-update.company-information.service.gov.uk/company/01387437/filing-history,0,,ORG:101227
Carl Kammerling International Ltd,00764323,register,CARL KAMMERLING INTERNATIONAL LIMITED,active,2025-12-31,2026-07-30,accounts-with-accounts-type-group,group,20964728,text,yes,xhtml,https://find-and-update.company-information.service.gov.uk/company/00764323/filing-history,1,,ORG:103727
Carl Zeiss Vision UK Ltd,02838963,register,CARL ZEISS VISION UK LIMITED,active,2025-09-30,2025-12-29,accounts-with-accounts-type-full,full,,,likely,pdf (not read),https://find-and-update.company-information.service.gov.uk/company/02838963/filing-history,0,,ORG:101895
CARLSBERG MARSTON'S BREWING COMPANY LIMITED,00078439,register,CARLSBERG MARSTON'S BREWING COMPANY LIMITED,active,2025-12-31,2026-07-30,accounts-with-accounts-type-full,full,,,likely,pdf (not read),https://find-and-update.company-information.service.gov.uk/company/00078439/filing-history,0,,ORG:102810
Carlton Packaging LLP,OC380622,register,CARLTON PACKAGING LLP,active,2025-12-31,2026-09-29,accounts-with-accounts-type-full,full,52839099,ixbrl,yes,xhtml,https://find-and-update.company-information.service.gov.uk/company/OC380622/filing-history,0,,ORG:100166
Carolia Tower Hotel Limited,09331942,register,CAROLIA TOWER HOTEL LIMITED,active,2025-12-31,2026-08-28,accounts-with-accounts-type-full,full,,,likely,pdf (not read),https://find-and-update.company-information.service.gov.uk/company/09331942/filing-history,0,,ORG:107065
Carpenter & Paterson Limited,00559771,register,CARPENTER & PATERSON LIMITED,active,2025-12-31,2026-08-13,accounts-with-accounts-type-full,full,8847868,ixbrl,yes,xhtml,https://find-and-update.company-information.service.gov.uk/company/00559771/filing-history,0,,ORG:116542
Carpenter Limited,00214781,register,CARPENTER LIMITED,active,2025-12-31,2026-09-01,accounts-with-accounts-type-full,full,,,likely,pdf (not read),https://find-and-update.company-information.service.gov.uk/company/00214781/filing-history,0,,ORG:103324
Carr's Flour Mills Ltd,00480341,register,CARR'S FLOUR MILLS LIMITED,active,2025-03-28,2025-10-21,accounts-with-accounts-type-full,full,,,likely,pdf (not read),https://find-and-update.company-information.service.gov.uk/company/00480341/filing-history,0,,ORG:104701
Carrick Holdings Ltd,SC011797,register,CARRICK HOLDINGS LIMITED,active,2025-12-31,2026-09-30,accounts-with-accounts-type-group,,,,,,https://find-and-update.company-information.service.gov.uk/company/SC011797/filing-history,2,"ProxyError: HTTPSConnectionPool(host='s3.eu-west-2.amazonaws.com', port=443): Max retries exceeded with url: /document-api-images-live.ch.gov.uk/docs/Ia0wpUDqT0owVczqkpkhFSJIykMV61lvRjYZDIk1eo8/application-xhtml%252Bxml?X-Amz-Algorithm=AWS4-HMAC-SHA256&X-Amz-Credential=ASIAWRGBDBV3B377YOG3%2F20261008%2Feu-west-2%2Fs3%2Faws4_request&X-Amz-Date=20261008T105404Z&X-Amz-Expires=60&X-Amz-Security-Token=IQoJb3JpZ2luX2VjEFcaCWV1LXdlc3QtMiJHMEUCIBUkRy7cYyNZ5o3Zxkc3z2qzG5I84YW3OzK%2BiJNJRkiXAiEAltfyd5r6KVCHp2hToWBKgvi3whK4sQjVZmDX18oG%2FFYqgQQIHxAFGgw0NDkyMjkwMzI4MjIiDEcgN80OFzFpdwcSAireAx4mG7PWfui2FB6qgrKRPm2Is3UQYU%2BFI%2B4QjVrlqxg8mknlCqtZ8jecO6eIHN4LsuCK7mAetOEuIBXhMhFILuRPGJdJxh%2Fn1WZLzlNo8PWqixLK1BpX6Yj5E2ygbIh7uvLxCGTJmnqj%2FvXfWiH72AosntHMw3blm4rjTr2eCfHO8LF6KgwuqFaP%2FLxIbwllr%2FD0c6vtjRkF%2FWJUQxE2NKnwsqDWC%2FfIMJUgH9HkfPPxaz320w5OTPU3Fs22v9m81duIV5RPxr%2B1SYTdenMsVDy9yBaAuVAiiZ3tKSR0PxASiXE9GByQGkz%2BS9JVegs3TZDpB1D30zZM1JAGpevsBA5pIvF01Zx7Hlog%2BSuKJhuBpybvrOmOfzkIhuS4IR1GnUvqjEVmL5907nWB9shZ%2Fh599oxgaZMH%2FxmAWRCxzBNDBFyjY8yuQx5UKmeGuGyPieie%2BHLdj5ibBvXH4Vsg6he7%2FfNeB45sEldownRYpSsf54yi3o8pzaOq%2FB%2FmJ2rY8XaQC7rOPqlGz%2BXijA%2B2T%2BgqREmj7NcVsI20pIcwR%2ByOsE5Ur5dH0FNoFqDHoakDZ%2FN0u5UHqYON9bUJqFqz5tEsMkwvABrkZigcYpUPRYHRWIW68%2F8YNJZxcbbojUUwgvCc1gY6pQEy70aGQGnu4O5Jy%2B8o7aRG7Tg69hKBbm%2BOHEMEadi3O0H%2BkV6i1afQ9eOM6Y%2FmwkqWuVy4LeBKeTpqu69WDNGvQfM2Lo%2BT0ZLnzrOeMn8AocoGLykrV5ukCO%2FqA4h6nXK7tDEW23mpI6paaBIhBTX11ga%2B76cJaTKbBC3jCrQLxIPPrwsiRJMUy%2B3hGomXnIKZ6jQTA5GmtIVtxBsA3prZFC69n3A%3D&X-Amz-SignedHeaders=host&response-content-disposition=inline%3Bfilename%3D%22SC011797_aa_2026-09-30.xhtml%22&X-Amz-Signature=5c840481f830d5f2b845a089cb49cc787b6ad37657391c203309ff2b959a9297 (Caused by ProxyError('Unable to connect to proxy', RemoteDisconnected('Remote end closed connection without response')))",ORG:107400
Carrier Solutions UK Ltd.,03723803,register,CARRIER SOLUTIONS UK LTD.,active,2024-11-30,2025-12-03,accounts-with-accounts-type-full,full,,,likely,pdf (not read),https://find-and-update.company-information.service.gov.uk/company/03723803/filing-history,0,,ORG:101917
Carron Bathrooms Ltd,SC080506,register,CARRON BATHROOMS LIMITED,active,2024-12-31,2025-09-29,accounts-with-accounts-type-full,full,10325579,text,yes,xhtml,https://find-and-update.company-information.service.gov.uk/company/SC080506/filing-history,0,,ORG:100761
Carron Lodge Ltd,03186709,register,CARRON LODGE LIMITED,active,2025-03-31,2026-01-06,accounts-with-accounts-type-group,group,,,likely,pdf (not read),https://find-and-update.company-information.service.gov.uk/company/03186709/filing-history,0,,ORG:107576
Carrs Coatings Limited,06628569,register,CARRS COATINGS LIMITED,active,2025-12-31,2026-06-22,accounts-with-accounts-type-small,small,,,unknown,pdf (not read),https://find-and-update.company-information.service.gov.uk/company/06628569/filing-history,0,,ORG:106266
CARTE BLANCHE GREETINGS LIMITED,02265225,register,CARTE BLANCHE GREETINGS LIMITED,active,2025-06-30,2026-03-22,accounts-with-accounts-type-full,full,,,likely,pdf (not read),https://find-and-update.company-information.service.gov.uk/company/02265225/filing-history,0,,ORG:100780
CARTONAGE LIMITED,05668766,register,CARTONAGE LIMITED,active,2025-01-31,2025-10-21,accounts-with-accounts-type-total-exemption-full,small,,,unknown,xhtml,https://find-and-update.company-information.service.gov.uk/company/05668766/filing-history,0,,ORG:105947
Cartonplast (UK) Ltd,04092100,register,CARTONPLAST (UK) LIMITED,active,2025-12-31,2026-04-19,accounts-with-accounts-type-small,small,,,unknown,pdf (not read),https://find-and-update.company-information.service.gov.uk/company/04092100/filing-history,0,,ORG:107478
Cartoon (Holdings) Ltd,05964718,register,CARTOON (HOLDINGS) LIMITED,active,2025-03-29,2025-12-28,accounts-with-accounts-type-group,group,,,likely,pdf (not read),https://find-and-update.company-information.service.gov.uk/company/05964718/filing-history,4,,ORG:102430
CARTRIDGE SAVE LIMITED,04983326,register,CARTRIDGE SAVE LIMITED,active,2025-12-31,2026-09-21,accounts-with-accounts-type-medium,medium,28800140,ixbrl,yes,xhtml,https://find-and-update.company-information.service.gov.uk/company/04983326/filing-history,0,,ORG:101000
Carver (Wolverhampton) Ltd,00164692,register,CARVER (WOLVERHAMPTON) LIMITED,active,2025-12-31,2026-09-10,accounts-with-accounts-type-full,full,44123065,ixbrl,yes,xhtml,https://find-and-update.company-information.service.gov.uk/company/00164692/filing-history,0,,ORG:101695
CARVER GROUP LIMITED,00509127,register,CARVER GROUP LIMITED,active,2025-12-31,2026-09-11,accounts-with-accounts-type-group,group,80361000,text,yes,xhtml,https://find-and-update.company-information.service.gov.uk/company/00509127/filing-history,1,,ORG:102420
Carwood Motor Units Ltd,00469608,register,CARWOOD MOTOR UNITS LIMITED,active,2025-08-31,2026-05-21,accounts-with-accounts-type-full,full,,,likely,pdf (not read),https://find-and-update.company-information.service.gov.uk/company/00469608/filing-history,0,,ORG:102085
Carysil Surfaces Ltd,02079134,register,CARYSIL SURFACES LTD,active,2025-03-31,2025-12-11,accounts-with-accounts-type-full,full,14568373,ixbrl,yes,xhtml,https://find-and-update.company-information.service.gov.uk/company/02079134/filing-history,0,,ORG:102171
Casa Julia Ltd,01209630,register,CASA JULIA LIMITED,active,2025-07-31,2026-04-02,accounts-with-accounts-type-full,full,36267448,ixbrl,yes,xhtml,https://find-and-update.company-information.service.gov.uk/company/01209630/filing-history,0,,ORG:103092
Cascade (U.K.) Limited,01986500,register,CASCADE (U.K.) LIMITED,active,2025-03-31,2025-10-07,accounts-with-accounts-type-full,full,18639000,ixbrl,yes,xhtml,https://find-and-update.company-information.service.gov.uk/company/01986500/filing-history,0,,ORG:102337
Cascade Holdings Limited,00708310,register,CASCADE HOLDINGS LIMITED,active,2025-03-31,2025-12-19,accounts-with-accounts-type-group,group,23101637,text,yes,xhtml,https://find-and-update.company-information.service.gov.uk/company/00708310/filing-history,0,,ORG:100228
CASDON LIMITED,00565383,register,CASDON LIMITED,active,2025-04-30,2026-01-27,accounts-with-accounts-type-full,full,19784335,ixbrl,yes,xhtml,https://find-and-update.company-information.service.gov.uk/company/00565383/filing-history,0,,ORG:104444
CASELLA FAMILY BRANDS (EUROPE) LIMITED,02710556,register,CASELLA FAMILY BRANDS (EUROPE) LIMITED,active,2025-06-30,2026-03-11,accounts-with-accounts-type-full,full,101004496,text,yes,xhtml,https://find-and-update.company-information.service.gov.uk/company/02710556/filing-history,0,,ORG:100373
Casio Electronics Co Ltd,01203633,register,CASIO ELECTRONICS CO. LIMITED,active,2026-03-31,2026-08-21,accounts-with-accounts-type-full,full,,,likely,pdf (not read),https://find-and-update.company-information.service.gov.uk/company/01203633/filing-history,0,,ORG:104845
Castacrete Limited,00875221,register,CASTACRETE LIMITED,active,2024-12-31,2025-12-22,accounts-with-accounts-type-group,group,23555003,text,yes,xhtml,https://find-and-update.company-information.service.gov.uk/company/00875221/filing-history,0,,ORG:104396
Castell Howell Foods Limited,02269053,register,CASTELL HOWELL FOODS LIMITED,active,2025-10-31,2026-07-13,accounts-with-accounts-type-group,group,,,likely,pdf (not read),https://find-and-update.company-information.service.gov.uk/company/02269053/filing-history,0,,ORG:103255
Castelli UK Limited,03441802,register,CASTELLI UK LIMITED,active,2024-12-31,2025-08-11,accounts-with-accounts-type-full,full,,,likely,pdf (not read),https://find-and-update.company-information.service.gov.uk/company/03441802/filing-history,0,,ORG:102843
CASTINGS PUBLIC LIMITED COMPANY,00091580,register,CASTINGS PUBLIC LIMITED COMPANY,active,2026-03-31,2026-09-17,accounts-with-accounts-type-group,group,,,likely,pdf (not read),https://find-and-update.company-information.service.gov.uk/company/00091580/filing-history,2,,ORG:101129
Castle Cartons Limited,00969956,register,CASTLE CARTONS LIMITED,active,2025-12-31,2026-04-30,accounts-with-accounts-type-total-exemption-full,small,,,unknown,xhtml,https://find-and-update.company-information.service.gov.uk/company/00969956/filing-history,0,,ORG:116249
Castle Cement Limited,02182762,register,CASTLE CEMENT LIMITED,active,2024-12-31,2025-09-24,accounts-with-accounts-type-full,full,,,likely,pdf (not read),https://find-and-update.company-information.service.gov.uk/company/02182762/filing-history,0,,ORG:105898
Castle Colour Packaging Limited,02601602,register,CASTLE COLOUR PACKAGING LIMITED,active,2025-09-30,2026-07-02,accounts-with-accounts-type-full,full,,,likely,pdf (not read),https://find-and-update.company-information.service.gov.uk/company/02601602/filing-history,0,,ORG:100782
Castle Dairies Ltd,02028054,register,CASTLE DAIRIES LIMITED,active,2025-10-31,2026-07-17,accounts-with-accounts-type-full,full,74704312,text,yes,xhtml,https://find-and-update.company-information.service.gov.uk/company/02028054/filing-history,0,,ORG:105099
Castle Industrial Supplies Ltd,07207824,register,CASTLE INDUSTRIAL SUPPLIES LTD,active,2025-12-31,2026-09-30,accounts-with-accounts-type-full,full,21368716,text,yes,xhtml,https://find-and-update.company-information.service.gov.uk/company/07207824/filing-history,0,,ORG:104455
Caswick Limited,01955577,register,CASWICK LIMITED,active,2025-09-30,2026-03-29,accounts-with-accounts-type-small,small,,,unknown,pdf (not read),https://find-and-update.company-information.service.gov.uk/company/01955577/filing-history,0,,ORG:107935
Catalent U.K. Swindon Zydis Limited,SC070691,register,CATALENT U.K. SWINDON ZYDIS LIMITED,active,2025-12-31,2026-05-12,accounts-with-accounts-type-full,full,,,likely,pdf (not read),https://find-and-update.company-information.service.gov.uk/company/SC070691/filing-history,0,,ORG:107488
Caterers Choice Limited,02311817,register,CATERERS CHOICE LIMITED,active,2025-06-30,2026-03-30,accounts-with-accounts-type-group,group,105570180,text,yes,xhtml,https://find-and-update.company-information.service.gov.uk/company/02311817/filing-history,0,,ORG:102789
Caterforce Limited,02677400,register,CATERFORCE LIMITED,active,2025-12-31,2026-02-04,accounts-with-accounts-type-micro-entity,micro,,,no,xhtml,https://find-and-update.company-information.service.gov.uk/company/02677400/filing-history,0,,ORG:106097
Catering24 Ltd,03640170,register,CATERING24 LTD,active,2025-03-31,2025-12-09,accounts-with-accounts-type-total-exemption-full,small,,,unknown,xhtml,https://find-and-update.company-information.service.gov.uk/company/03640170/filing-history,0,,ORG:105437
Caterite Food And Wineservice Limited,03639100,register,CATERITE FOOD AND WINESERVICE LIMITED,active,2025-09-30,2026-04-14,accounts-with-accounts-type-full,full,39091307,ixbrl,yes,xhtml,https://find-and-update.company-information.service.gov.uk/company/03639100/filing-history,0,,ORG:102438
Caterpillar (NI) Limited,NI006692,register,CATERPILLAR (NI) LIMITED,active,2025-12-31,2026-10-07,accounts-with-accounts-type-full,full,,,likely,pdf (not read),https://find-and-update.company-information.service.gov.uk/company/NI006692/filing-history,0,,ORG:102111
Caterpillar UK Group Ltd,05623145,register,CATERPILLAR UK GROUP LIMITED,active,2024-12-31,2025-09-25,accounts-with-accounts-type-dormant,dormant,,,no,pdf (not read),https://find-and-update.company-information.service.gov.uk/company/05623145/filing-history,3,,ORG:100094
Cavalier Carpets Limited,01028083,register,CAVALIER CARPETS LIMITED,active,2025-12-31,2026-09-24,accounts-with-accounts-type-full,full,,,likely,pdf (not read),https://find-and-update.company-information.service.gov.uk/company/01028083/filing-history,0,,ORG:102991
Cave Direct Ltd.,06738514,register,CAVE DIRECT LTD.,active,2025-12-31,2026-09-30,accounts-with-accounts-type-medium,medium,24152540,ixbrl,yes,xhtml,https://find-and-update.company-information.service.gov.uk/company/06738514/filing-history,0,,ORG:115832
Caves de Pierre Limited,04132365,register,CAVES DE PIERRE LIMITED,active,2025-03-31,2025-08-15,accounts-with-accounts-type-total-exemption-full,small,,,unknown,xhtml,https://find-and-update.company-information.service.gov.uk/company/04132365/filing-history,0,,ORG:114825
Cavity Trays Limited,00766755,register,"CAVITY TRAYS LIMITED,",active,2025-10-31,2026-03-27,accounts-with-accounts-type-unaudited-abridged,small,,,unknown,xhtml,https://find-and-update.company-information.service.gov.uk/company/00766755/filing-history,0,,ORG:101393
Cavu Experiences (EMEA) Ltd,05602720,register,CAVU EXPERIENCES (EMEA) LIMITED,active,2026-03-31,2026-10-07,accounts-with-accounts-type-full,full,,,likely,pdf (not read),https://find-and-update.company-information.service.gov.uk/company/05602720/filing-history,0,,ORG:104674
CAWINGREDIENTS LIMITED,06625288,register,CAWINGREDIENTS LIMITED,active,2025-12-31,2026-04-22,accounts-with-accounts-type-full,full,,,likely,pdf (not read),https://find-and-update.company-information.service.gov.uk/company/06625288/filing-history,0,,ORG:104418
Cawston Press Limited,04019196,register,CAWSTON PRESS LIMITED,active,2025-12-31,2026-07-31,accounts-with-accounts-type-full,full,,,likely,pdf (not read),https://find-and-update.company-information.service.gov.uk/company/04019196/filing-history,0,,ORG:101414
CB Paper Sacks Ltd.,03218045,register,CB PAPER SACKS LTD.,active,2025-12-31,2026-09-09,accounts-with-accounts-type-full,full,11460960,ixbrl,yes,xhtml,https://find-and-update.company-information.service.gov.uk/company/03218045/filing-history,0,,ORG:104376
Cbee (Europe) Ltd,06062933,register,CBEE (EUROPE) LIMITED,active,2025-06-30,2026-01-05,accounts-with-accounts-type-full,full,,,likely,pdf (not read),https://find-and-update.company-information.service.gov.uk/company/06062933/filing-history,0,,ORG:105157
CBT Packaging Ltd,00891861,register,CBT PACKAGING LIMITED,active,2025-12-31,2026-09-25,accounts-with-accounts-type-total-exemption-full,small,,,unknown,xhtml,https://find-and-update.company-information.service.gov.uk/company/00891861/filing-history,0,,ORG:108662
CCL Industries (UK) Ltd,02422763,register,CCL INDUSTRIES (U.K.) LIMITED,active,2025-12-31,2026-06-27,accounts-with-accounts-type-full,full,,,likely,pdf (not read),https://find-and-update.company-information.service.gov.uk/company/02422763/filing-history,2,,ORG:101832
CCL Label Ireland Limited,NI041288,register,CCL LABEL IRELAND LIMITED,active,2025-12-31,2026-09-11,accounts-with-accounts-type-full,full,11005089,text,yes,xhtml,https://find-and-update.company-information.service.gov.uk/company/NI041288/filing-history,0,,ORG:106342
CCS McLays Limited,03602069,register,CCS MCLAYS LIMITED,active,2025-03-31,2025-12-30,accounts-with-accounts-type-group,group,,,likely,pdf (not read),https://find-and-update.company-information.service.gov.uk/company/03602069/filing-history,0,,ORG:105713
CD WINES AND FOODS LTD,14469284,register,CD WINES AND FOODS LTD,active,2025-12-31,2026-06-01,accounts-with-accounts-type-small,small,,,unknown,xhtml,https://find-and-update.company-information.service.gov.uk/company/14469284/filing-history,0,,ORG:114623
CDL Business Services Group Limited,04368116,register,CDL BUSINESS SERVICES GROUP LIMITED,active,2025-12-31,2026-09-30,accounts-with-accounts-type-full,full,,,likely,xhtml,https://find-and-update.company-information.service.gov.uk/company/04368116/filing-history,2,,ORG:107097
CDS (SUPERSTORES INTERNATIONAL) LIMITED,02699203,register,CDS (SUPERSTORES INTERNATIONAL) LIMITED,active,2025-02-02,2025-10-08,accounts-with-accounts-type-group,group,,,likely,pdf (not read),https://find-and-update.company-information.service.gov.uk/company/02699203/filing-history,0,,ORG:104930
CDW Ltd,02465350,register,CDW LIMITED,active,2024-12-31,2025-10-02,accounts-with-accounts-type-full,full,,,likely,pdf (not read),https://find-and-update.company-information.service.gov.uk/company/02465350/filing-history,0,,ORG:103707
CED Ltd,00624843,register,CED LIMITED,active,2024-12-31,2025-12-31,accounts-with-accounts-type-group,group,13280212,text,yes,xhtml,https://find-and-update.company-information.service.gov.uk/company/00624843/filing-history,0,,ORG:105677
Cedesa Ltd,02255194,register,CEDESA LIMITED,active,2024-12-31,2025-08-14,accounts-with-accounts-type-total-exemption-full,small,,,unknown,pdf (not read),https://find-and-update.company-information.service.gov.uk/company/02255194/filing-history,0,,ORG:107224
CEDO LIMITED,00934776,register,CEDO LIMITED,active,2025-12-31,2026-09-16,accounts-with-accounts-type-full,full,,,likely,pdf (not read),https://find-and-update.company-information.service.gov.uk/company/00934776/filing-history,0,,ORG:105697
Celebration Packaging Ltd,01743179,register,CELEBRATION PACKAGING LIMITED,active,2025-04-30,2025-12-04,accounts-with-accounts-type-small,small,,,unknown,pdf (not read),https://find-and-update.company-information.service.gov.uk/company/01743179/filing-history,0,,ORG:100343
Celestron Global Limited,08913001,register,CELESTRON GLOBAL LIMITED,active,2025-02-28,2025-07-07,accounts-with-accounts-type-small,small,,,unknown,pdf (not read),https://find-and-update.company-information.service.gov.uk/company/08913001/filing-history,0,,ORG:100143
Celli Group (UK) Ltd,03230525,register,CELLI GROUP (UK) LIMITED,active,2025-12-29,2026-07-27,accounts-with-accounts-type-full,full,14571967,text,yes,xhtml,https://find-and-update.company-information.service.gov.uk/company/03230525/filing-history,0,,ORG:106159
Celtic Chemicals Limited,01438896,register,CELTIC CHEMICALS LIMITED,active,2025-10-31,2026-06-04,accounts-with-accounts-type-medium,medium,13613630,ixbrl,yes,xhtml,https://find-and-update.company-information.service.gov.uk/company/01438896/filing-history,0,,ORG:102281
Celtica Foods Limited,04612694,register,CELTICA FOODS LIMITED,active,2025-10-31,2026-07-13,accounts-with-accounts-type-full,full,,,likely,pdf (not read),https://find-and-update.company-information.service.gov.uk/company/04612694/filing-history,0,,ORG:103257
Cemcor Ltd,09559778,register,CEMCOR LTD,active,2025-03-31,2025-12-24,accounts-with-accounts-type-full,full,49915440,ixbrl,yes,xhtml,https://find-and-update.company-information.service.gov.uk/company/09559778/filing-history,0,,ORG:102437
Cemex UK Operations Ltd,00658390,register,CEMEX UK OPERATIONS LIMITED,active,2024-12-31,2025-10-04,accounts-with-accounts-type-full,full,,,likely,pdf (not read),https://find-and-update.company-information.service.gov.uk/company/00658390/filing-history,2,,ORG:104795
Centaur Foods Limited,03314567,register,CENTAUR FOODS LIMITED,active,2025-08-31,2026-03-26,accounts-with-accounts-type-total-exemption-full,small,,,unknown,xhtml,https://find-and-update.company-information.service.gov.uk/company/03314567/filing-history,0,,ORG:117503
Centaur Services Limited,00787385,register,CENTAUR SERVICES LIMITED,active,2025-09-30,2026-03-28,accounts-with-accounts-type-full,full,,,likely,pdf (not read),https://find-and-update.company-information.service.gov.uk/company/00787385/filing-history,0,,ORG:107861
CENTER PARCS (HOLDINGS 1) LIMITED,07656429,register,CENTER PARCS (HOLDINGS 1) LIMITED,active,2026-04-23,2026-07-18,accounts-with-accounts-type-group,group,,,likely,pdf (not read),https://find-and-update.company-information.service.gov.uk/company/07656429/filing-history,0,,ORG:104799
CENTRA BALLINDERRY LIMITED,NI060451,register,CENTRA BALLINDERRY LIMITED,active,2025-03-31,2025-09-24,accounts-with-accounts-type-total-exemption-full,small,,,unknown,xhtml,https://find-and-update.company-information.service.gov.uk/company/NI060451/filing-history,0,,ORG:111301
CENTRAL CHEMICAL SUPPLIES LIMITED,NI032489,register,CENTRAL CHEMICAL SUPPLIES LIMITED,active,2025-03-31,2025-12-23,accounts-with-accounts-type-medium,medium,16983959,ixbrl,yes,xhtml,https://find-and-update.company-information.service.gov.uk/company/NI032489/filing-history,0,,ORG:105338
Central Foods Limited,02666517,register,CENTRAL FOODS LIMITED,active,2025-12-31,2026-06-27,accounts-with-accounts-type-full,full,,,likely,pdf (not read),https://find-and-update.company-information.service.gov.uk/company/02666517/filing-history,0,,ORG:101883
Centrica plc,03033654,register,CENTRICA PLC,active,2025-12-31,2026-06-10,accounts-with-accounts-type-group,group,,,likely,pdf (not read),https://find-and-update.company-information.service.gov.uk/company/03033654/filing-history,4,,ORG:102604
Centriforce Products Limited,03347875,register,CENTRIFORCE PRODUCTS LIMITED,active,2025-12-31,2026-06-24,accounts-with-accounts-type-full,full,,,likely,pdf (not read),https://find-and-update.company-information.service.gov.uk/company/03347875/filing-history,0,,ORG:105211
Cepac Ltd,03373762,register,CEPAC LIMITED,active,2025-12-31,2026-08-06,accounts-with-accounts-type-full,full,111182376,ixbrl,yes,xhtml,https://find-and-update.company-information.service.gov.uk/company/03373762/filing-history,0,,ORG:103788
Cercis Limited,14521244,register,CERCIS LIMITED,active,2024-10-31,2026-08-05,accounts-with-accounts-type-full,full,,,likely,pdf (not read),https://find-and-update.company-information.service.gov.uk/company/14521244/filing-history,0,,ORG:112398
Cereal Partners UK,,,,,,,,,,,,,,0,no Companies House number in register and no exact name match,ORG:106537
Cereform Limited,00346958,register,CEREFORM LIMITED,active,2025-08-30,2026-01-30,accounts-with-accounts-type-full,full,,,likely,pdf (not read),https://find-and-update.company-information.service.gov.uk/company/00346958/filing-history,1,,ORG:102521
Certas Energy UK Limited,04168225,register,CERTAS ENERGY UK LIMITED,active,2026-03-31,2026-07-21,accounts-with-accounts-type-full,full,,,likely,pdf (not read),https://find-and-update.company-information.service.gov.uk/company/04168225/filing-history,0,,ORG:102663
Certikin International Limited,03047290,register,CERTIKIN INTERNATIONAL LIMITED,active,2025-12-31,2026-09-25,accounts-with-accounts-type-full,full,,,likely,pdf (not read),https://find-and-update.company-information.service.gov.uk/company/03047290/filing-history,0,,ORG:100510
Certis Belchim BV,BR005674,register,CERTIS BELCHIM BV,open,,,,,,,,,https://find-and-update.company-information.service.gov.uk/company/BR005674/filing-history,0,no accounts filing with a document,ORG:104933
Certus Card Group Ltd,01431189,register,CERTUS CARD GROUP LTD,active,2025-12-31,2026-09-27,accounts-with-accounts-type-full,full,14705088,ixbrl,yes,xhtml,https://find-and-update.company-information.service.gov.uk/company/01431189/filing-history,0,,ORG:101961
CEVA ANIMAL HEALTH LIMITED,03085474,register,CEVA ANIMAL HEALTH LIMITED,active,2024-12-31,2025-10-07,accounts-with-accounts-type-full,full,,,likely,pdf (not read),https://find-and-update.company-information.service.gov.uk/company/03085474/filing-history,1,,ORG:102268
Ceva Logistics Ltd,01291251,register,CEVA LOGISTICS LIMITED,active,2025-12-31,2026-07-02,accounts-with-accounts-type-full,full,,,likely,pdf (not read),https://find-and-update.company-information.service.gov.uk/company/01291251/filing-history,0,,ORG:100239
CEWE Limited,00485715,register,CEWE LIMITED,active,2025-12-31,2026-08-05,accounts-with-accounts-type-full,full,30633983,text,yes,xhtml,https://find-and-update.company-information.service.gov.uk/company/00485715/filing-history,0,,ORG:100584
CF FERTILISERS UK LIMITED,03455690,register,CF FERTILISERS UK LIMITED,active,2025-12-31,2026-05-06,accounts-with-accounts-type-full,full,235007000,text,yes,xhtml,https://find-and-update.company-information.service.gov.uk/company/03455690/filing-history,0,,ORG:100853
Chairs Limited,02714841,register,CHAIRS LIMITED,active,2025-09-30,2026-06-25,accounts-with-accounts-type-full,full,51961367,ixbrl,yes,xhtml,https://find-and-update.company-information.service.gov.uk/company/02714841/filing-history,0,,ORG:105093
Challenge Packaging Ltd,04415655,register,CHALLENGE PACKAGING LIMITED,active,2025-12-31,2026-09-15,accounts-with-accounts-type-group,group,,,likely,pdf (not read),https://find-and-update.company-information.service.gov.uk/company/04415655/filing-history,0,,ORG:102546
Challs International Limited,02707348,register,CHALLS INTERNATIONAL LIMITED,active,2024-12-31,2025-10-06,accounts-with-accounts-type-full,full,,,likely,pdf (not read),https://find-and-update.company-information.service.gov.uk/company/02707348/filing-history,0,,ORG:101418
Chameleon Technology (UK) Ltd,07388340,register,CHAMELEON TECHNOLOGY (UK) LIMITED,active,2024-12-31,2026-01-15,accounts-with-accounts-type-full,full,19014163,ixbrl,yes,xhtml,https://find-and-update.company-information.service.gov.uk/company/07388340/filing-history,0,,ORG:105224
Champagne Warehouse Ltd,04096032,register,CHAMPAGNE WAREHOUSE LTD,active,2025-03-31,2025-12-17,accounts-with-accounts-type-total-exemption-full,small,,,unknown,xhtml,https://find-and-update.company-information.service.gov.uk/company/04096032/filing-history,0,,ORG:103840
Champagnes And Chateaux Ltd.,02388877,register,CHAMPAGNES AND CHATEAUX LTD.,active,2025-12-31,2026-09-30,accounts-with-accounts-type-small,small,,,unknown,xhtml,https://find-and-update.company-information.service.gov.uk/company/02388877/filing-history,0,,ORG:103127
Champion Technologies Ltd,SC224908,register,CHAMPION TECHNOLOGIES LIMITED,active,2024-12-31,2025-10-16,accounts-with-accounts-type-full,full,123446752,ixbrl,yes,xhtml,https://find-and-update.company-information.service.gov.uk/company/SC224908/filing-history,0,,ORG:102883
CHANDLER MATERIAL SUPPLIES LIMITED,01480021,register,CHANDLER MATERIAL SUPPLIES LIMITED,active,2025-12-31,2026-09-24,accounts-with-accounts-type-total-exemption-full,small,,,unknown,xhtml,https://find-and-update.company-information.service.gov.uk/company/01480021/filing-history,0,,ORG:102161
Chanel Ltd,00203669,register,CHANEL LIMITED,active,2025-12-31,2026-06-29,accounts-with-accounts-type-group,group,,,likely,pdf (not read),https://find-and-update.company-information.service.gov.uk/company/00203669/filing-history,6,,ORG:106363
Chapelton Board Sales Ltd,01898401,register,CHAPELTON BOARD SALES LIMITED,active,2025-08-31,2026-02-13,accounts-with-accounts-type-small,small,,,unknown,xhtml,https://find-and-update.company-information.service.gov.uk/company/01898401/filing-history,0,,ORG:103306
CHARACTER OPTIONS LIMITED,02587289,register,CHARACTER OPTIONS LIMITED,active,2025-08-31,2026-05-31,accounts-with-accounts-type-full,full,,,likely,pdf (not read),https://find-and-update.company-information.service.gov.uk/company/02587289/filing-history,0,,ORG:100164
CHARACTER WORLD LIMITED,04160087,register,CHARACTER WORLD LIMITED,active,2025-12-31,2026-10-01,accounts-with-accounts-type-medium,medium,,,likely,pdf (not read),https://find-and-update.company-information.service.gov.uk/company/04160087/filing-history,0,,ORG:106114
CHARBONNEL ET WALKER LIMITED,00169938,register,CHARBONNEL ET WALKER LIMITED,active,2025-04-30,2026-01-30,accounts-with-accounts-type-full,full,,,likely,pdf (not read),https://find-and-update.company-information.service.gov.uk/company/00169938/filing-history,0,,ORG:100368
Chargemaster Ltd,06720009,register,CHARGEMASTER LIMITED,active,2024-12-31,2025-10-06,accounts-with-accounts-type-full,full,,,likely,pdf (not read),https://find-and-update.company-information.service.gov.uk/company/06720009/filing-history,0,,ORG:106928
Charles Bentley & Son Limited,01409627,register,CHARLES BENTLEY & SON LIMITED,active,2026-03-31,2026-08-13,accounts-with-accounts-type-full,full,25443541,text,yes,xhtml,https://find-and-update.company-information.service.gov.uk/company/01409627/filing-history,0,,ORG:101537
CHARLES FARAM & CO. LIMITED,00686409,register,"CHARLES FARAM & CO.,LIMITED",active,2025-06-30,2026-03-27,accounts-with-accounts-type-full,full,,,likely,pdf (not read),https://find-and-update.company-information.service.gov.uk/company/00686409/filing-history,0,,ORG:103168
Charles Gordon Associates Limited,01279733,register,CHARLES GORDON ASSOCIATES LIMITED,active,2026-01-02,2026-09-20,accounts-with-accounts-type-audit-exemption-subsiduary,subsidiary,,,unknown,pdf (not read),https://find-and-update.company-information.service.gov.uk/company/01279733/filing-history,0,,ORG:104049
Charles Ransford & Son Limited,01185122,register,CHARLES RANSFORD & SON LIMITED,active,2024-12-31,2025-09-30,accounts-with-accounts-type-full,full,17536012,ixbrl,yes,xhtml,https://find-and-update.company-information.service.gov.uk/company/01185122/filing-history,0,,ORG:114183
Charles Robertson (Holdings) Ltd,07810463,register,CHARLES ROBERTSON (HOLDINGS) LIMITED,active,2026-02-28,2026-08-24,accounts-with-accounts-type-group,group,,,likely,pdf (not read),https://find-and-update.company-information.service.gov.uk/company/07810463/filing-history,4,,ORG:101531
Charles Saunders Limited,01581532,register,CHARLES SAUNDERS LIMITED,active,2025-09-30,2026-06-08,accounts-with-accounts-type-full,full,,,likely,pdf (not read),https://find-and-update.company-information.service.gov.uk/company/01581532/filing-history,0,,ORG:105501
Charles Taylor Wines Limited,02022550,register,CHARLES TAYLOR WINES LIMITED,active,2025-03-31,2025-12-31,accounts-with-accounts-type-total-exemption-full,small,,,unknown,xhtml,https://find-and-update.company-information.service.gov.uk/company/02022550/filing-history,0,,ORG:114802
Charles Tennant & Company  Ltd,SC008811,register,"CHARLES TENNANT & COMPANY, LIMITED",active,2025-12-31,2026-06-08,accounts-with-accounts-type-full,full,,,likely,pdf (not read),https://find-and-update.company-information.service.gov.uk/company/SC008811/filing-history,0,,ORG:105348
Charles Trent Ltd,14938085,register,CHARLES TRENT LIMITED,active,2025-01-31,2025-10-14,accounts-with-accounts-type-medium,medium,43523492,ixbrl,yes,xhtml,https://find-and-update.company-information.service.gov.uk/company/14938085/filing-history,0,,ORG:114512
CHARLES TYRWHITT SHIRTS LIMITED,02914928,register,CHARLES TYRWHITT SHIRTS LIMITED,active,2025-08-02,2026-04-17,accounts-with-accounts-type-full,full,,,likely,pdf (not read),https://find-and-update.company-information.service.gov.uk/company/02914928/filing-history,0,,ORG:105565
Charles Wells Limited,00106884,register,CHARLES WELLS LIMITED,active,2025-09-28,2026-05-17,accounts-with-accounts-type-group,group,,,likely,pdf (not read),https://find-and-update.company-information.service.gov.uk/company/00106884/filing-history,0,,ORG:102294
CHARLIE STEWART SPIRITS (HOLDINGS) LIMITED,03699814,register,CHARLIE STEWART SPIRITS (HOLDINGS) LIMITED,active,2025-06-28,2025-12-18,accounts-with-accounts-type-group,group,,,likely,pdf (not read),https://find-and-update.company-information.service.gov.uk/company/03699814/filing-history,15,,ORG:117066
Charlotte Tilbury Beauty Ltd,08037372,register,CHARLOTTE TILBURY BEAUTY LIMITED,active,2025-12-31,2026-08-11,accounts-with-accounts-type-full,full,,,likely,pdf (not read),https://find-and-update.company-information.service.gov.uk/company/08037372/filing-history,0,,ORG:103673
Charlton & Jenrick Ltd,02037946,register,CHARLTON & JENRICK LIMITED,active,2025-12-31,2026-09-29,accounts-with-accounts-type-medium,medium,16003593,ixbrl,yes,xhtml,https://find-and-update.company-information.service.gov.uk/company/02037946/filing-history,0,,ORG:102133
CHARPAK LIMITED,01588917,register,CHARPAK LIMITED,active,2025-12-31,2026-07-07,accounts-with-accounts-type-full,full,,,likely,pdf (not read),https://find-and-update.company-information.service.gov.uk/company/01588917/filing-history,0,,ORG:100112
CHARTERHOUSE HOLDINGS PLC,00981987,register,CHARTERHOUSE HOLDINGS PLC,active,2025-12-31,2026-06-24,accounts-with-accounts-type-full,full,24807000,text,yes,xhtml,https://find-and-update.company-information.service.gov.uk/company/00981987/filing-history,0,,ORG:104483
Chatsworth Estate Trading Limited,02032738,register,CHATSWORTH ESTATE TRADING LIMITED,active,2025-03-31,2025-12-19,accounts-with-accounts-type-full,full,21927327,ixbrl,yes,xhtml,https://find-and-update.company-information.service.gov.uk/company/02032738/filing-history,0,,ORG:103235
Checkfire Ltd,07990436,register,CHECKFIRE LTD,active,2025-12-31,2026-10-07,accounts-with-accounts-type-group,group,,,likely,pdf (not read),https://find-and-update.company-information.service.gov.uk/company/07990436/filing-history,0,,ORG:117011
CHEEKY RASCALS LIMITED,03933118,register,CHEEKY RASCALS LIMITED,active,2025-12-31,2026-09-29,accounts-with-accounts-type-total-exemption-full,small,,,unknown,xhtml,https://find-and-update.company-information.service.gov.uk/company/03933118/filing-history,0,,ORG:108284
Chelmer Foods Limited,02704138,register,CHELMER FOODS LIMITED,active,2026-03-31,2026-08-24,accounts-with-accounts-type-full,full,112175646,ixbrl,yes,xhtml,https://find-and-update.company-information.service.gov.uk/company/02704138/filing-history,0,,ORG:100404
Chelsom Limited,00626933,register,CHELSOM LIMITED,active,2024-12-31,2025-08-06,accounts-with-accounts-type-full,full,11430976,text,yes,xhtml,https://find-and-update.company-information.service.gov.uk/company/00626933/filing-history,0,,ORG:106225
Chemetall Limited,00252864,register,SURVENTIS SURFACE TREATMENT LTD.,active,2025-12-31,2026-05-19,accounts-with-accounts-type-full,full,,,likely,pdf (not read),https://find-and-update.company-information.service.gov.uk/company/00252864/filing-history,0,,ORG:103968
Chemfix Products Ltd,04334528,register,CHEMFIX PRODUCTS LIMITED,active,2025-12-31,2026-05-29,accounts-with-accounts-type-medium,medium,26936951,ixbrl,yes,xhtml,https://find-and-update.company-information.service.gov.uk/company/04334528/filing-history,0,,ORG:102724
Chemidex Pharma Limited,01676110,register,CHEMIDEX PHARMA LIMITED,active,2025-06-30,2026-07-10,accounts-with-accounts-type-full,full,,,likely,pdf (not read),https://find-and-update.company-information.service.gov.uk/company/01676110/filing-history,0,,ORG:106815
Chemique Adhesives and Sealants Ltd,01945954,register,CHEMIQUE ADHESIVES AND SEALANTS LIMITED,active,2025-12-31,2026-05-22,accounts-with-accounts-type-full,full,15828454,ixbrl,yes,xhtml,https://find-and-update.company-information.service.gov.uk/company/01945954/filing-history,0,,ORG:100532
Chemoxy International Ltd,00350164,register,CHEMOXY INTERNATIONAL LIMITED,active,2025-12-31,2026-09-09,accounts-with-accounts-type-full,full,,,likely,pdf (not read),https://find-and-update.company-information.service.gov.uk/company/00350164/filing-history,0,,ORG:103487
Chemring Group plc,00086662,register,CHEMRING GROUP PLC,active,2025-10-31,2026-03-29,accounts-with-accounts-type-group,group,,,likely,pdf (not read),https://find-and-update.company-information.service.gov.uk/company/00086662/filing-history,4,,ORG:103837
Chemviron Carbon Limited,02208285,register,CHEMVIRON CARBON LIMITED,active,2025-12-31,2026-10-07,accounts-with-accounts-type-full,full,,,likely,pdf (not read),https://find-and-update.company-information.service.gov.uk/company/02208285/filing-history,0,,ORG:103075
Chep UK Ltd,00197807,register,CHEP UK LIMITED,active,2025-06-30,2026-01-09,accounts-with-accounts-type-full,full,,,likely,pdf (not read),https://find-and-update.company-information.service.gov.uk/company/00197807/filing-history,0,,ORG:101783
Cherry Equity Partners Limited,16030393,register,CHERRY EQUITY PARTNERS LIMITED,active,2025-12-28,2026-07-01,accounts-with-accounts-type-group,group,26726442,text,yes,xhtml,https://find-and-update.company-information.service.gov.uk/company/16030393/filing-history,3,,ORG:117015
Cherry Pipes Ltd,NI053648,register,CHERRY PIPES LIMITED,active,2025-12-31,2026-09-29,accounts-with-accounts-type-full,full,,,likely,pdf (not read),https://find-and-update.company-information.service.gov.uk/company/NI053648/filing-history,0,,ORG:111369
Cherrytree Bakery Limited,01821491,register,CHERRYTREE BAKERY LIMITED,active,2025-07-31,2026-04-30,accounts-with-accounts-type-full,full,36597422,text,yes,xhtml,https://find-and-update.company-information.service.gov.uk/company/01821491/filing-history,0,,ORG:103304
Cherwell Packaging Limited,01320468,register,CHERWELL PACKAGING LIMITED,active,2025-08-31,2026-05-29,accounts-with-accounts-type-small,small,,,unknown,xhtml,https://find-and-update.company-information.service.gov.uk/company/01320468/filing-history,0,,ORG:100921
Cheshire Farm Ice Cream Ltd.,11623385,register,CHESHIRE FARM ICE CREAM LTD.,active,2025-12-31,2026-05-12,accounts-with-accounts-type-total-exemption-full,small,,,unknown,xhtml,https://find-and-update.company-information.service.gov.uk/company/11623385/filing-history,0,,ORG:116985
Cheshire Mouldings & Woodturnings Limited,02322883,register,CHESHIRE MOULDINGS & WOODTURNINGS LIMITED,active,2025-12-31,2026-09-29,accounts-with-accounts-type-full,full,47992000,text,yes,xhtml,https://find-and-update.company-information.service.gov.uk/company/02322883/filing-history,0,,ORG:107030
CHESTERFIELD POULTRY LIMITED,04516852,register,CHESTERFIELD POULTRY LIMITED,active,2025-06-30,2026-03-30,accounts-with-accounts-type-full,full,245764750,ixbrl,yes,xhtml,https://find-and-update.company-information.service.gov.uk/company/04516852/filing-history,0,,ORG:104809
Chestnut Dairies Limited,02488792,register,CHESTNUT DAIRIES LIMITED,active,2025-03-28,2026-02-12,accounts-with-accounts-type-total-exemption-full,small,,,unknown,xhtml,https://find-and-update.company-information.service.gov.uk/company/02488792/filing-history,0,,ORG:101842
Chevler Limited,06736785,register,CHEVLER LIMITED,active,2025-11-30,2026-08-28,accounts-with-accounts-type-total-exemption-full,small,,,unknown,xhtml,https://find-and-update.company-information.service.gov.uk/company/06736785/filing-history,0,,ORG:100537
Chevron Phillips Chemicals UK Ltd,04018188,register,CHEVRON PHILLIPS CHEMICALS UK LIMITED,active,2024-12-31,2025-10-21,accounts-with-accounts-type-full,full,,,likely,pdf (not read),https://find-and-update.company-information.service.gov.uk/company/04018188/filing-history,0,,ORG:116513
Chevron Products UK Ltd,03600726,register,CHEVRON PRODUCTS UK LIMITED,active,2024-12-31,2025-09-29,accounts-with-accounts-type-full,full,,,likely,pdf (not read),https://find-and-update.company-information.service.gov.uk/company/03600726/filing-history,0,,ORG:111375
CHF GLOBAL HOME LIMITED,04266364,register,CHF GLOBAL HOME LIMITED,active,2025-12-31,2026-07-17,accounts-with-accounts-type-full,full,,,likely,pdf (not read),https://find-and-update.company-information.service.gov.uk/company/04266364/filing-history,0,,ORG:114492
CHH Conex Ltd,02566897,register,CHH CONEX LIMITED,active,2025-12-31,2026-10-06,accounts-with-accounts-type-full,full,,,likely,pdf (not read),https://find-and-update.company-information.service.gov.uk/company/02566897/filing-history,0,,ORG:100176
Chicken Cabins Ltd,00865970,register,CHICKEN CABINS LIMITED,active,2025-06-29,2026-06-23,accounts-with-accounts-type-audit-exemption-subsiduary,subsidiary,,,unknown,pdf (not read),https://find-and-update.company-information.service.gov.uk/company/00865970/filing-history,0,,ORG:107615
Chik'n Ltd,10499976,register,CHIK'N LIMITED,active,2024-12-31,2025-09-26,accounts-with-accounts-type-full,full,9396391,text,yes,xhtml,https://find-and-update.company-information.service.gov.uk/company/10499976/filing-history,0,,ORG:114640
Childrensalon Limited,04997666,register,CHILDRENSALON LIMITED,active,2025-12-31,2026-09-18,accounts-with-accounts-type-audit-exemption-subsiduary,subsidiary,,,unknown,pdf (not read),https://find-and-update.company-information.service.gov.uk/company/04997666/filing-history,0,,ORG:100606
Childs Farm Ltd,07454284,register,CHILDS FARM LTD,active,2025-05-31,2026-02-27,accounts-with-accounts-type-audit-exemption-subsiduary,subsidiary,,,unknown,pdf (not read),https://find-and-update.company-information.service.gov.uk/company/07454284/filing-history,0,,ORG:105398
Chilly's Bottles Ltd,07326177,register,CHILLY'S BOTTLES LIMITED,active,2025-07-31,2026-04-27,accounts-with-accounts-type-full,full,18259956,ixbrl,yes,xhtml,https://find-and-update.company-information.service.gov.uk/company/07326177/filing-history,0,,ORG:100784
China Cash And Carry Limited,NI608371,register,CHINA CASH AND CARRY LIMITED,active,2025-10-31,2026-07-23,accounts-with-accounts-type-total-exemption-full,small,,,unknown,xhtml,https://find-and-update.company-information.service.gov.uk/company/NI608371/filing-history,0,,ORG:105455
China Enterprise UK Limited,05686504,register,CHINA ENTERPRISE UK LIMITED,active,2025-12-31,2026-03-13,accounts-with-accounts-type-total-exemption-full,small,,,unknown,xhtml,https://find-and-update.company-information.service.gov.uk/company/05686504/filing-history,0,,ORG:112492
China Industries Ltd,04989385,register,CHINA INDUSTRIES LIMITED,active,2025-12-31,2026-09-25,accounts-with-accounts-type-full,full,20601243,ixbrl,yes,xhtml,https://find-and-update.company-information.service.gov.uk/company/04989385/filing-history,0,,ORG:114475
Chiquita Europe BV  UK Branch,BR017857,register,"CHIQUITA EUROPE BV, UK BRANCH",open,,,,,,,,,https://find-and-update.company-information.service.gov.uk/company/BR017857/filing-history,0,no accounts filing with a document,ORG:108344
Chivas Brothers Ltd,SC268758,register,CHIVAS BROTHERS LIMITED,active,2025-06-30,2026-04-01,accounts-with-accounts-type-full,full,,,likely,pdf (not read),https://find-and-update.company-information.service.gov.uk/company/SC268758/filing-history,0,,ORG:103976
Choice Discount Stores Ltd,01712914,register,CHOICE DISCOUNT STORES LIMITED,active,2025-01-25,2025-11-11,accounts-with-accounts-type-full,full,,,likely,pdf (not read),https://find-and-update.company-information.service.gov.uk/company/01712914/filing-history,0,,ORG:103872
Chopstix Group Ltd,10702275,register,CHOPSTIX GROUP LTD,active,2025-12-31,2026-06-28,accounts-with-accounts-type-group,group,,,likely,pdf (not read),https://find-and-update.company-information.service.gov.uk/company/10702275/filing-history,3,,ORG:111612
CHR. HANSEN (UK) LIMITED,00145472,register,CHR. HANSEN (UK) LIMITED,active,2025-12-31,2026-07-07,accounts-with-accounts-type-full,full,24646000,ixbrl,yes,xhtml,https://find-and-update.company-information.service.gov.uk/company/00145472/filing-history,0,,ORG:105418
Christeyns Food Hygiene Ltd,02456403,register,CHRISTEYNS FOOD HYGIENE LTD,active,2025-12-31,2026-09-16,accounts-with-accounts-type-full,full,31739202,ixbrl,yes,xhtml,https://find-and-update.company-information.service.gov.uk/company/02456403/filing-history,0,,ORG:103546
Christeyns Professional Hygiene UK Ltd,02476263,register,CHRISTEYNS PROFESSIONAL HYGIENE UK LIMITED,active,2025-12-31,2026-09-16,accounts-with-accounts-type-full,full,12755458,ixbrl,yes,xhtml,https://find-and-update.company-information.service.gov.uk/company/02476263/filing-history,0,,ORG:108000
Christeyns UK Ltd,00847863,register,CHRISTEYNS UK LTD,active,2025-12-31,2026-09-16,accounts-with-accounts-type-full,full,35434134,ixbrl,yes,xhtml,https://find-and-update.company-information.service.gov.uk/company/00847863/filing-history,1,,ORG:101178
Christopher Piper Wines Limited,01509601,register,CHRISTOPHER PIPER WINES LIMITED,active,2026-01-31,2026-05-05,accounts-with-accounts-type-total-exemption-full,small,,,unknown,xhtml,https://find-and-update.company-information.service.gov.uk/company/01509601/filing-history,0,,ORG:100702
CHT UK Bridgwater Ltd,01185365,register,CHT UK BRIDGWATER LTD.,active,2025-12-31,2026-03-13,accounts-with-accounts-type-full,full,16044330,text,yes,xhtml,https://find-and-update.company-information.service.gov.uk/company/01185365/filing-history,0,,ORG:104520
Chubb Fire & Security Limited,00524469,register,CHUBB FIRE & SECURITY LIMITED,active,2025-12-31,2026-10-01,accounts-with-accounts-type-full,full,,,likely,pdf (not read),https://find-and-update.company-information.service.gov.uk/company/00524469/filing-history,0,,ORG:101983
Church & Dwight UK Ltd,00375793,register,CHURCH & DWIGHT UK LIMITED,active,2025-12-31,2026-09-09,accounts-with-accounts-type-full,full,,,likely,pdf (not read),https://find-and-update.company-information.service.gov.uk/company/00375793/filing-history,0,,ORG:106341
Churchill China Plc,02709505,register,CHURCHILL CHINA PLC,active,2025-12-31,2026-06-22,accounts-with-made-up-date,unknown,,,unknown,pdf (not read),https://find-and-update.company-information.service.gov.uk/company/02709505/filing-history,2,,ORG:104705
Cider of Sweden Ltd,05857605,register,CIDER OF SWEDEN LTD,active,2025-12-31,2026-09-23,accounts-with-accounts-type-full,full,,,likely,pdf (not read),https://find-and-update.company-information.service.gov.uk/company/05857605/filing-history,0,,ORG:101197
Cineworld Cinemas Ltd,01915767,register,CINEWORLD CINEMAS LIMITED,active,2025-12-31,2026-10-02,accounts-with-accounts-type-full,full,,,likely,pdf (not read),https://find-and-update.company-information.service.gov.uk/company/01915767/filing-history,0,,ORG:105941
Circle Foods Ltd,07782248,register,CIRCLE FOODS LIMITED,active,2025-12-31,2026-08-26,accounts-with-accounts-type-full,full,,,likely,pdf (not read),https://find-and-update.company-information.service.gov.uk/company/07782248/filing-history,0,,ORG:107385
CIRCON LIMITED,05121722,register,CIRCON LIMITED,active,2025-03-31,2025-10-07,accounts-with-accounts-type-total-exemption-full,small,,,unknown,xhtml,https://find-and-update.company-information.service.gov.uk/company/05121722/filing-history,0,,ORG:116866
CIRET LIMITED,00674416,register,CIRET LIMITED,active,2025-12-31,2026-09-15,accounts-with-accounts-type-full,full,11167530,text,yes,xhtml,https://find-and-update.company-information.service.gov.uk/company/00674416/filing-history,0,,ORG:100070
CIRRUS LIMITED,NI020574,register,CIRRUS LIMITED,active,2025-11-30,2026-08-20,accounts-with-accounts-type-medium,medium,20126276,ixbrl,yes,xhtml,https://find-and-update.company-information.service.gov.uk/company/NI020574/filing-history,0,,ORG:104349
Cisco International Ltd,06640658,register,CISCO INTERNATIONAL LIMITED,active,2025-07-26,2026-05-08,accounts-with-accounts-type-full,full,,,likely,pdf (not read),https://find-and-update.company-information.service.gov.uk/company/06640658/filing-history,0,,ORG:101092
Citizen Watch United Kingdom  Ltd,04104163,register,"CITIZEN WATCH UNITED KINGDOM, LTD",active,2026-03-31,2026-07-10,accounts-with-accounts-type-full,full,36789665,ixbrl,yes,xhtml,https://find-and-update.company-information.service.gov.uk/company/04104163/filing-history,0,,ORG:105998
City Electrical Factors Ltd,00336408,register,CITY ELECTRICAL FACTORS LIMITED,active,2025-04-30,2025-12-01,accounts-with-accounts-type-full,full,,,likely,pdf (not read),https://find-and-update.company-information.service.gov.uk/company/00336408/filing-history,0,,ORG:102488
City Technology Limited,01326515,register,CITY TECHNOLOGY LIMITED,active,2024-12-31,2026-01-06,accounts-with-accounts-type-full,full,,,likely,pdf (not read),https://find-and-update.company-information.service.gov.uk/company/01326515/filing-history,0,,ORG:105340
CLAAS UK Limited,00467407,register,CLAAS UK LIMITED,active,2025-09-30,2026-02-02,accounts-with-accounts-type-full,full,,,likely,pdf (not read),https://find-and-update.company-information.service.gov.uk/company/00467407/filing-history,0,,ORG:103438
Clarendon Specialty Fasteners Limited,02666902,register,CLARENDON SPECIALTY FASTENERS LIMITED,active,2025-09-30,2026-07-10,accounts-with-accounts-type-audit-exemption-subsiduary,subsidiary,,,unknown,pdf (not read),https://find-and-update.company-information.service.gov.uk/company/02666902/filing-history,0,,ORG:108236
Clariant Services UK Ltd,03031202,register,CLARIANT SERVICES UK LTD,active,2025-12-31,2026-08-07,accounts-with-accounts-type-full,full,,,likely,xhtml,https://find-and-update.company-information.service.gov.uk/company/03031202/filing-history,1,,ORG:106967
Clarins (U.K.) Ltd,01580079,register,CLARINS (U.K.) LIMITED,active,2024-12-31,2025-07-28,accounts-with-accounts-type-group,group,,,likely,pdf (not read),https://find-and-update.company-information.service.gov.uk/company/01580079/filing-history,0,,ORG:107806
Clark Foyster Wines Limited,02932943,register,CLARK FOYSTER WINES LIMITED,active,2025-09-30,2026-03-11,accounts-with-accounts-type-total-exemption-full,small,,,unknown,xhtml,https://find-and-update.company-information.service.gov.uk/company/02932943/filing-history,0,,ORG:103008
CLARKE INTERNATIONAL LIMITED,00972660,register,CLARKE INTERNATIONAL LIMITED,active,2025-05-31,2026-02-20,accounts-with-accounts-type-full,full,27262584,ixbrl,yes,xhtml,https://find-and-update.company-information.service.gov.uk/company/00972660/filing-history,0,,ORG:107227
Class Delta Ltd,08170845,register,CLASS DELTA LTD,active,2025-08-31,2026-05-11,accounts-with-accounts-type-full,full,55069994,text,yes,xhtml,https://find-and-update.company-information.service.gov.uk/company/08170845/filing-history,0,,ORG:107002
Classic Cuisine of Northampton Limited,06654587,register,CLASSIC CUISINE OF NORTHAMPTON LIMITED,active,2025-07-31,2025-12-11,accounts-with-accounts-type-total-exemption-full,small,,,unknown,xhtml,https://find-and-update.company-information.service.gov.uk/company/06654587/filing-history,0,,ORG:107487
Classic Fine Foods UK Limited,00207864,register,CLASSIC FINE FOODS UK LIMITED,active,2025-09-30,2026-08-13,accounts-with-accounts-type-full,full,52390000,ixbrl,yes,xhtml,https://find-and-update.company-information.service.gov.uk/company/00207864/filing-history,0,,ORG:115998
Clays Ltd.,00342498,register,CLAYS LTD.,active,2025-12-31,2026-09-30,accounts-with-accounts-type-group,group,,,likely,pdf (not read),https://find-and-update.company-information.service.gov.uk/company/00342498/filing-history,0,,ORG:103945
CLAYTON GLASS LIMITED,05322333,register,CLAYTON GLASS LIMITED,administration,2025-03-31,2025-10-03,accounts-with-accounts-type-group,group,,,likely,pdf (not read),https://find-and-update.company-information.service.gov.uk/company/05322333/filing-history,0,,ORG:117128
Clean Linen Services Ltd,00087908,register,CLEAN LINEN SERVICES LIMITED,active,2025-12-31,2026-07-27,accounts-with-accounts-type-full,full,,,likely,pdf (not read),https://find-and-update.company-information.service.gov.uk/company/00087908/filing-history,0,,ORG:103339
CLEAN TECH U.K. LIMITED,10445078,register,CLEAN TECH U.K. LIMITED,active,2025-10-31,2026-06-23,accounts-with-accounts-type-full,full,,,likely,pdf (not read),https://find-and-update.company-information.service.gov.uk/company/10445078/filing-history,0,,ORG:104074
CleanCo Ventures Limited,11868187,register,CLEANCO VENTURES LIMITED,active,2025-12-31,2026-05-19,accounts-with-accounts-type-total-exemption-full,small,,,unknown,xhtml,https://find-and-update.company-information.service.gov.uk/company/11868187/filing-history,0,,ORG:117047
Cleaning and Paper Disposables Limited,02247941,register,CLEANING AND PAPER DISPOSABLES LIMITED,active,2025-09-30,2026-06-25,accounts-with-accounts-type-medium,medium,18885327,ixbrl,yes,xhtml,https://find-and-update.company-information.service.gov.uk/company/02247941/filing-history,0,,ORG:103027
Cleanux Chemicals Ltd,10956835,register,CLEANUX CHEMICALS LTD,active,2025-03-31,2025-12-30,accounts-with-accounts-type-unaudited-abridged,small,,,unknown,xhtml,https://find-and-update.company-information.service.gov.uk/company/10956835/filing-history,0,,ORG:114752
Clear Amber Group Limited,SC545283,register,CLEAR AMBER GROUP LIMITED,active,2025-12-31,2026-09-30,accounts-with-accounts-type-total-exemption-full,small,,,unknown,xhtml,https://find-and-update.company-information.service.gov.uk/company/SC545283/filing-history,0,,ORG:116201
Clearly Drinks Limited,07505787,register,CLEARLY DRINKS LIMITED,active,2026-03-31,2026-09-25,accounts-with-accounts-type-full,full,,,likely,pdf (not read),https://find-and-update.company-information.service.gov.uk/company/07505787/filing-history,0,,ORG:103191
CLEARSPRING LIMITED,02834835,register,CLEARSPRING LIMITED,active,2025-12-31,2026-10-06,accounts-with-accounts-type-group,group,,,likely,pdf (not read),https://find-and-update.company-information.service.gov.uk/company/02834835/filing-history,1,,ORG:101095
Clearwater Hampers Limited,06167203,register,CLEARWATER HAMPERS LIMITED,active,2025-01-31,2025-08-28,accounts-with-accounts-type-total-exemption-full,small,,,unknown,xhtml,https://find-and-update.company-information.service.gov.uk/company/06167203/filing-history,0,,ORG:100406
CLEENOL GROUP LIMITED,00635803,register,CLEENOL GROUP LIMITED,active,2025-10-31,2026-09-11,accounts-with-accounts-type-full,full,,,likely,pdf (not read),https://find-and-update.company-information.service.gov.uk/company/00635803/filing-history,0,,ORG:105597
Cleland Mciver Limited,01689093,register,CLELAND MCIVER LIMITED,active,2025-09-30,2025-12-18,accounts-with-accounts-type-full,full,77682615,ixbrl,yes,xhtml,https://find-and-update.company-information.service.gov.uk/company/01689093/filing-history,0,,ORG:105518
Cleone Foods Ltd,02264840,register,CLEONE FOODS LIMITED,active,2025-03-31,2025-12-17,accounts-with-accounts-type-total-exemption-full,small,,,unknown,xhtml,https://find-and-update.company-information.service.gov.uk/company/02264840/filing-history,0,,ORG:114950
Cleva Europe Ltd,10960450,register,CLEVA EUROPE LTD,active,2025-12-31,2026-05-21,accounts-with-accounts-type-small,small,,,unknown,xhtml,https://find-and-update.company-information.service.gov.uk/company/10960450/filing-history,0,,ORG:108240
CLEVELAND CABLE COMPANY LIMITED,05538824,register,CLEVELAND CABLE COMPANY LIMITED,active,2025-04-30,2026-01-28,accounts-with-accounts-type-full,full,,,likely,pdf (not read),https://find-and-update.company-information.service.gov.uk/company/05538824/filing-history,0,,ORG:103394
Cleveland Cascades Ltd,04970054,register,CLEVELAND CASCADES LIMITED,active,2025-12-31,2026-03-27,accounts-with-accounts-type-small,small,,,unknown,xhtml,https://find-and-update.company-information.service.gov.uk/company/04970054/filing-history,0,,ORG:116341
CLF LIMITED,04276700,register,CLF LIMITED,active,2026-04-30,2026-10-06,accounts-with-accounts-type-total-exemption-full,small,,,unknown,xhtml,https://find-and-update.company-information.service.gov.uk/company/04276700/filing-history,2,,ORG:107698
CLIFFE PACKAGING LIMITED,04829354,register,CLIFFE PACKAGING LIMITED,active,2025-12-31,2026-07-14,accounts-with-accounts-type-full,full,13556410,text,yes,xhtml,https://find-and-update.company-information.service.gov.uk/company/04829354/filing-history,0,,ORG:100376
CLIFTON PACKAGING GROUP LIMITED,04623230,register,CLIFTON PACKAGING GROUP LIMITED,active,2025-12-31,2026-06-23,accounts-with-accounts-type-full,full,37855609,ixbrl,yes,xhtml,https://find-and-update.company-information.service.gov.uk/company/04623230/filing-history,0,,ORG:117035
Climax Molybdenum U.K. Limited,00359564,register,CLIMAX MOLYBDENUM U.K. LIMITED,active,2025-12-31,2026-07-31,accounts-with-accounts-type-full,full,,,likely,pdf (not read),https://find-and-update.company-information.service.gov.uk/company/00359564/filing-history,0,,ORG:103627
Clinimed (Holdings) Limited,02640337,register,CLINIMED (HOLDINGS) LIMITED,active,2025-12-31,2026-09-21,accounts-with-accounts-type-group,group,,,likely,pdf (not read),https://find-and-update.company-information.service.gov.uk/company/02640337/filing-history,6,,ORG:102673
Clinisupplies Group Limited,14506446,register,CLINISUPPLIES GROUP LIMITED,active,2025-03-31,2026-01-29,accounts-with-accounts-type-group,group,,,likely,pdf (not read),https://find-and-update.company-information.service.gov.uk/company/14506446/filing-history,0,,ORG:117550
Clipper Retail Ltd,07602693,register,CLIPPER RETAIL LTD,active,2024-12-31,2025-12-22,accounts-with-accounts-type-small,small,,,unknown,xhtml,https://find-and-update.company-information.service.gov.uk/company/07602693/filing-history,0,,ORG:114075
CLOETTA UK LIMITED,01726257,register,CLOETTA UK LIMITED,active,2025-12-31,2026-09-24,accounts-with-accounts-type-full,full,27603964,text,yes,xhtml,https://find-and-update.company-information.service.gov.uk/company/01726257/filing-history,0,,ORG:100850
Cloughbane Farms Foods Ltd,NI612729,register,CLOUGHBANE FARM FOODS LIMITED,active,2025-06-30,2025-11-03,accounts-with-accounts-type-total-exemption-full,small,,,unknown,xhtml,https://find-and-update.company-information.service.gov.uk/company/NI612729/filing-history,0,,ORG:117757
Clynderwen and Cardiganshire Farmers Limited,IP04247R,name search,CLYNDERWEN AND CARDIGANSHIRE FARMERS LIMITED,active,,,,,,,,,https://find-and-update.company-information.service.gov.uk/company/IP04247R/filing-history,0,no accounts filing with a document,ORG:102842
CMB Water Ltd,04208428,register,CMB WATER LIMITED,active,2026-04-30,2026-10-06,accounts-with-accounts-type-total-exemption-full,small,,,unknown,xhtml,https://find-and-update.company-information.service.gov.uk/company/04208428/filing-history,0,,ORG:104974
CMD Ltd,02290387,register,CMD LIMITED,active,2024-12-31,2025-11-06,accounts-with-accounts-type-audit-exemption-subsiduary,subsidiary,,,unknown,pdf (not read),https://find-and-update.company-information.service.gov.uk/company/02290387/filing-history,0,,ORG:104914
CMS Cepcor (Holdings) Limited,10669097,register,CMS CEPCOR (HOLDINGS) LIMITED,active,2025-04-30,2025-12-19,accounts-with-accounts-type-group,group,85940000,text,yes,xhtml,https://find-and-update.company-information.service.gov.uk/company/10669097/filing-history,1,,ORG:101430
CMS Distribution Limited,02214562,register,CMS DISTRIBUTION LIMITED,active,2025-12-31,2026-07-24,accounts-with-accounts-type-full,full,312655420,ixbrl,yes,xhtml,https://find-and-update.company-information.service.gov.uk/company/02214562/filing-history,0,,ORG:115609
CNH Industrial N.V.,FC031116,register,CNH INDUSTRIAL N.V.,active,2025-12-31,2026-05-21,accounts-with-accounts-type-group,group,,,likely,pdf (not read),https://find-and-update.company-information.service.gov.uk/company/FC031116/filing-history,0,,ORG:111180
CO-OP Wholesale Limited,00980790,register,CO-OP WHOLESALE LIMITED,active,2026-01-04,2026-07-09,accounts-with-accounts-type-full,full,,,likely,pdf (not read),https://find-and-update.company-information.service.gov.uk/company/00980790/filing-history,0,,ORG:111463
Co-operative Group Limited,IP00525R,register,CO-OPERATIVE GROUP LIMITED,active,,,,,,,,,https://find-and-update.company-information.service.gov.uk/company/IP00525R/filing-history,1,no accounts filing with a document,ORG:100445
Coach Stores Limited,07224597,register,COACH STORES LIMITED,active,2025-06-28,2026-03-03,accounts-with-accounts-type-full,full,,,likely,pdf (not read),https://find-and-update.company-information.service.gov.uk/company/07224597/filing-history,0,,ORG:103425
Coat Trading Ltd,12502151,register,COAT TRADING LTD,active,2025-03-31,2025-12-04,accounts-with-accounts-type-total-exemption-full,small,,,unknown,xhtml,https://find-and-update.company-information.service.gov.uk/company/12502151/filing-history,0,,ORG:103890
COBA HOLDINGS LIMITED,11815142,register,COBA HOLDINGS LIMITED,active,2025-06-30,2026-01-09,accounts-with-accounts-type-full,full,,,likely,pdf (not read),https://find-and-update.company-information.service.gov.uk/company/11815142/filing-history,3,,ORG:114241
COBA INTERNATIONAL LIMITED,05040384,register,COBA INTERNATIONAL LIMITED,active,2025-06-30,2026-01-09,accounts-with-accounts-type-full,full,,,likely,pdf (not read),https://find-and-update.company-information.service.gov.uk/company/05040384/filing-history,2,,ORG:101367
Coca-Cola Europacific Partners Great Britain Ltd,00027173,register,COCA-COLA EUROPACIFIC PARTNERS GREAT BRITAIN LIMITED,active,2025-12-31,2026-07-06,accounts-with-accounts-type-full,full,,,likely,pdf (not read),https://find-and-update.company-information.service.gov.uk/company/00027173/filing-history,0,,ORG:102204
Coca-Cola HBC Northern Ireland Limited,NI001920,register,COCA-COLA HBC NORTHERN IRELAND LIMITED,active,2025-12-31,2026-10-01,accounts-with-accounts-type-full,full,,,likely,pdf (not read),https://find-and-update.company-information.service.gov.uk/company/NI001920/filing-history,0,,ORG:102270
Cocopac Ltd,06492821,register,COCOPAC LIMITED,active,2026-03-31,2026-09-07,accounts-with-accounts-type-total-exemption-full,small,,,unknown,xhtml,https://find-and-update.company-information.service.gov.uk/company/06492821/filing-history,0,,ORG:101354
CODA PLASTICS LIMITED,01116956,register,CODA PLASTICS LIMITED,active,2025-12-31,2026-09-30,accounts-with-accounts-type-small,small,4770499,ixbrl,no,xhtml,https://find-and-update.company-information.service.gov.uk/company/01116956/filing-history,0,,ORG:101143
Codorniu UK Limited,03712632,register,CODORNIU UK LIMITED,active,2025-06-30,2026-03-11,accounts-with-accounts-type-small,small,,,unknown,xhtml,https://find-and-update.company-information.service.gov.uk/company/03712632/filing-history,0,,ORG:105026
COFCO International UK Ltd,00165772,register,COFCO INTERNATIONAL UK LTD,active,2025-12-31,2026-08-04,accounts-with-accounts-type-full,full,133091094,text,yes,xhtml,https://find-and-update.company-information.service.gov.uk/company/00165772/filing-history,0,,ORG:103291
Coffetek Limited,02841455,register,COFFETEK LIMITED,active,2025-12-31,2026-06-21,accounts-with-accounts-type-full,full,,,likely,pdf (not read),https://find-and-update.company-information.service.gov.uk/company/02841455/filing-history,0,,ORG:102964
Coin-A-Drink Limited,00870282,register,COIN-A-DRINK LIMITED,active,2025-07-31,2026-02-10,accounts-with-accounts-type-total-exemption-full,small,,,unknown,pdf (not read),https://find-and-update.company-information.service.gov.uk/company/00870282/filing-history,0,,ORG:114271
Coinstone Limited,01850620,register,COINSTONE LIMITED,active,2025-03-31,2026-01-07,accounts-with-accounts-type-group,group,,,likely,pdf (not read),https://find-and-update.company-information.service.gov.uk/company/01850620/filing-history,3,,ORG:106700
Colart UK Ltd,00016193,register,COLART UK LIMITED,active,2025-12-31,2026-07-13,accounts-with-accounts-type-full,full,,,likely,pdf (not read),https://find-and-update.company-information.service.gov.uk/company/00016193/filing-history,0,,ORG:108596
Colas Limited,02644726,register,COLAS LIMITED,active,2025-12-31,2026-09-14,accounts-with-accounts-type-full,full,,,likely,pdf (not read),https://find-and-update.company-information.service.gov.uk/company/02644726/filing-history,0,,ORG:104013
Coldstores Ltd,05680704,register,COLDSTORES LIMITED,active,2025-02-28,2025-11-27,accounts-with-accounts-type-full,full,24049098,text,yes,xhtml,https://find-and-update.company-information.service.gov.uk/company/05680704/filing-history,0,,ORG:102027
Cole Fabrics Plc,02150561,register,COLE FABRICS PLC,active,2026-01-31,2026-06-24,accounts-with-accounts-type-full,full,12741821,ixbrl,yes,xhtml,https://find-and-update.company-information.service.gov.uk/company/02150561/filing-history,0,,ORG:101123
Coletta Holdings Ltd,03807081,register,COLETTA HOLDINGS LIMITED,active,2025-07-31,2026-07-30,accounts-with-accounts-type-group,group,,,likely,pdf (not read),https://find-and-update.company-information.service.gov.uk/company/03807081/filing-history,0,,ORG:108028
Colgate-Palmolive (U.K.) Ltd,00178909,register,COLGATE-PALMOLIVE (U.K.) LIMITED,active,2025-12-31,2026-09-09,accounts-with-accounts-type-full,full,,,likely,pdf (not read),https://find-and-update.company-information.service.gov.uk/company/00178909/filing-history,0,,ORG:100437
Colian UK Ltd,03737259,register,COLIAN UK LIMITED,active,2025-12-31,2026-07-30,accounts-with-accounts-type-full,full,,,likely,pdf (not read),https://find-and-update.company-information.service.gov.uk/company/03737259/filing-history,0,,ORG:104816
Collingwood Lighting Limited,00900626,register,COLLINGWOOD LIGHTING LIMITED,active,2024-12-31,2025-10-06,accounts-with-accounts-type-full,full,,,likely,pdf (not read),https://find-and-update.company-information.service.gov.uk/company/00900626/filing-history,0,,ORG:107688
Collins Aerospace,03599118,register,B/E AEROSPACE (UK) LIMITED,active,2025-12-31,2026-10-06,accounts-with-accounts-type-full,full,,,likely,pdf (not read),https://find-and-update.company-information.service.gov.uk/company/03599118/filing-history,0,,ORG:114444
COLLOIDS LIMITED,05058123,register,COLLOIDS LIMITED,active,2025-12-31,2026-04-21,accounts-with-accounts-type-group,group,,,likely,pdf (not read),https://find-and-update.company-information.service.gov.uk/company/05058123/filing-history,1,,ORG:103161
Colombier (UK) Ltd,00942522,register,COLOMBIER (UK) LIMITED,active,2025-12-31,2026-08-21,accounts-with-accounts-type-small,small,,,unknown,xhtml,https://find-and-update.company-information.service.gov.uk/company/00942522/filing-history,0,,ORG:103549
COLOPLAST LIMITED,01094405,register,COLOPLAST LIMITED,active,2025-09-30,2026-07-20,accounts-with-accounts-type-full,full,,,likely,pdf (not read),https://find-and-update.company-information.service.gov.uk/company/01094405/filing-history,0,,ORG:104340
Colorcon Ltd,00999077,register,COLORCON LIMITED,active,2025-12-31,2026-07-07,accounts-with-accounts-type-full,full,,,likely,pdf (not read),https://find-and-update.company-information.service.gov.uk/company/00999077/filing-history,0,,ORG:101081
ColorMatrix Europe Ltd,02780189,register,COLORMATRIX EUROPE LIMITED,active,2025-12-31,2026-09-30,accounts-with-accounts-type-full,full,,,likely,pdf (not read),https://find-and-update.company-information.service.gov.uk/company/02780189/filing-history,0,,ORG:101576
Colorplas Limited,02592589,register,COLORPLAS LIMITED,active,2025-06-30,2025-08-19,accounts-with-accounts-type-total-exemption-full,small,,,unknown,xhtml,https://find-and-update.company-information.service.gov.uk/company/02592589/filing-history,0,,ORG:106598
Colpac Limited,00326182,register,COLPAC LIMITED,active,2025-03-31,2025-12-23,accounts-with-accounts-type-full,full,17800458,text,yes,xhtml,https://find-and-update.company-information.service.gov.uk/company/00326182/filing-history,0,,ORG:104181
Colt International Ltd,01222993,register,COLT INTERNATIONAL LIMITED,active,2025-12-31,2026-09-17,accounts-with-accounts-type-full,full,,,likely,pdf (not read),https://find-and-update.company-information.service.gov.uk/company/01222993/filing-history,0,,ORG:107150
Columbia Sportswear Company Ltd,03854251,register,COLUMBIA SPORTSWEAR COMPANY LIMITED,active,2024-12-31,2025-11-28,accounts-with-accounts-type-full,full,,,likely,pdf (not read),https://find-and-update.company-information.service.gov.uk/company/03854251/filing-history,0,,ORG:107813
Com Dev Europe Limited,01863723,register,COM DEV EUROPE LIMITED,active,2025-12-31,2026-06-23,accounts-with-accounts-type-full,full,,,likely,pdf (not read),https://find-and-update.company-information.service.gov.uk/company/01863723/filing-history,0,,ORG:103523
Combe International Ltd,01162890,register,COMBE INTERNATIONAL LIMITED,active,2025-12-31,2026-10-07,accounts-with-accounts-type-full,full,,,likely,pdf (not read),https://find-and-update.company-information.service.gov.uk/company/01162890/filing-history,0,,ORG:108367
Combined Distribution (Holdings) Limited,03136477,register,COMBINED DISTRIBUTION (HOLDINGS) LIMITED,active,2025-12-31,2026-08-26,accounts-with-accounts-type-audit-exemption-subsiduary,subsidiary,,,unknown,pdf (not read),https://find-and-update.company-information.service.gov.uk/company/03136477/filing-history,2,,ORG:108333
Comfortex Limited,03319732,register,COMFORTEX LIMITED,active,2025-06-30,2026-03-31,accounts-with-accounts-type-small,small,,,unknown,xhtml,https://find-and-update.company-information.service.gov.uk/company/03319732/filing-history,0,,ORG:105639
Comfy Living Ltd,07271653,register,COMFY LIVING LIMITED,voluntary-arrangement,2024-09-30,2026-03-31,accounts-with-accounts-type-full,full,13871959,ixbrl,yes,xhtml,https://find-and-update.company-information.service.gov.uk/company/07271653/filing-history,0,,ORG:107821
Comfy Quilts Ltd,02575781,register,COMFY QUILTS LIMITED,active,2025-01-31,2025-10-06,accounts-with-accounts-type-full,full,101931760,text,yes,xhtml,https://find-and-update.company-information.service.gov.uk/company/02575781/filing-history,0,,ORG:101448
Comline Holdings Limited,10231026,register,COMLINE HOLDINGS LIMITED,active,2025-03-31,2025-12-05,accounts-with-accounts-type-group,group,79383166,text,yes,xhtml,https://find-and-update.company-information.service.gov.uk/company/10231026/filing-history,1,,ORG:108426
Commercial Body Fittings Limited,01849475,register,COMMERCIAL BODY FITTINGS LIMITED,active,2025-04-30,2025-12-24,accounts-with-accounts-type-full,full,,,likely,pdf (not read),https://find-and-update.company-information.service.gov.uk/company/01849475/filing-history,0,,ORG:106539
Commercial Limited,02589514,register,COMMERCIAL LIMITED,active,2025-06-30,2026-03-31,accounts-with-accounts-type-full,full,96843615,ixbrl,yes,xhtml,https://find-and-update.company-information.service.gov.uk/company/02589514/filing-history,0,,ORG:105526
Commercial Services Education Ltd,02285483,register,COMMERCIAL SERVICES EDUCATION LTD,active,2024-12-31,2025-09-26,accounts-with-accounts-type-full,full,,,likely,pdf (not read),https://find-and-update.company-information.service.gov.uk/company/02285483/filing-history,0,,ORG:101671
Commscope Connectivity UK Ltd,03107702,register,COMMSCOPE CONNECTIVITY UK LIMITED,active,2024-12-31,2025-10-08,accounts-with-accounts-type-full,full,,,likely,pdf (not read),https://find-and-update.company-information.service.gov.uk/company/03107702/filing-history,0,,ORG:103789
Community Foods Limited,01328083,register,COMMUNITY FOODS LIMITED,active,2026-03-28,2026-07-14,accounts-with-accounts-type-full,full,105604561,ixbrl,yes,xhtml,https://find-and-update.company-information.service.gov.uk/company/01328083/filing-history,0,,ORG:102845
Community Products (UK) Limited,03498955,register,COMMUNITY PRODUCTS (UK) LIMITED,active,2025-03-31,2025-10-23,accounts-with-accounts-type-full,full,,,likely,pdf (not read),https://find-and-update.company-information.service.gov.uk/company/03498955/filing-history,0,,ORG:106495
Compagnie Fruitiere UK Limited,00969262,register,COMPAGNIE FRUITIERE UK LIMITED,active,2025-12-31,2026-08-20,accounts-with-accounts-type-full,full,,,likely,pdf (not read),https://find-and-update.company-information.service.gov.uk/company/00969262/filing-history,0,,ORG:103234
COMPASS GROUP  UK AND IRELAND LIMITED,02272248,register,"COMPASS GROUP, UK AND IRELAND LIMITED",active,2024-09-30,2025-07-07,accounts-with-accounts-type-full,full,,,likely,pdf (not read),https://find-and-update.company-information.service.gov.uk/company/02272248/filing-history,13,,ORG:101979
COMPLETE POOL CONTROLS LIMITED,05956913,register,COMPLETE POOL CONTROLS LIMITED,active,2025-10-31,2026-06-25,accounts-with-accounts-type-medium,medium,10544100,ixbrl,yes,xhtml,https://find-and-update.company-information.service.gov.uk/company/05956913/filing-history,0,,ORG:104033
Compugraphics International Limited,00895170,register,COMPUGRAPHICS INTERNATIONAL LIMITED,active,2025-12-31,2026-08-21,accounts-with-accounts-type-full,full,,,likely,pdf (not read),https://find-and-update.company-information.service.gov.uk/company/00895170/filing-history,0,,ORG:103678
COMPUTACENTER (UK) LIMITED,01584718,register,COMPUTACENTER (UK) LIMITED,active,2025-12-31,2026-09-25,accounts-with-accounts-type-full,full,,,likely,pdf (not read),https://find-and-update.company-information.service.gov.uk/company/01584718/filing-history,0,,ORG:114050
CONCENTRIC BIRMINGHAM LIMITED,00671254,register,CONCENTRIC BIRMINGHAM LIMITED,active,2024-12-31,2025-10-02,accounts-with-accounts-type-full,full,,,likely,pdf (not read),https://find-and-update.company-information.service.gov.uk/company/00671254/filing-history,0,,ORG:100338
Concha Y Toro UK Limited,04131411,register,CONCHA Y TORO UK LIMITED,active,2025-12-31,2026-10-02,accounts-with-accounts-type-full,full,,,likely,pdf (not read),https://find-and-update.company-information.service.gov.uk/company/04131411/filing-history,0,,ORG:101327
Concrete Fabrications Limited,03705158,register,CONCRETE FABRICATIONS LIMITED,active,2024-12-31,2025-12-17,accounts-with-accounts-type-full,full,,,likely,pdf (not read),https://find-and-update.company-information.service.gov.uk/company/03705158/filing-history,0,,ORG:101921
CONDALE PLASTICS LIMITED,00992692,register,CONDALE PLASTICS LIMITED,active,2025-12-31,2026-03-30,accounts-with-accounts-type-full,full,15588651,text,yes,xhtml,https://find-and-update.company-information.service.gov.uk/company/00992692/filing-history,0,,ORG:103884
Conde Nast Holdings Limited,05516970,register,CONDE NAST HOLDINGS LIMITED,active,2024-12-31,2025-09-30,accounts-with-accounts-type-group,group,,,likely,pdf (not read),https://find-and-update.company-information.service.gov.uk/company/05516970/filing-history,1,,ORG:104588
Condor Wines Ltd,07670221,register,CONDOR WINES LTD,active,2025-12-31,2026-07-16,accounts-with-accounts-type-total-exemption-full,small,,,unknown,xhtml,https://find-and-update.company-information.service.gov.uk/company/07670221/filing-history,0,,ORG:106349
CONFECTIONS LIMITED,10326821,register,CONFECTIONS LIMITED,active,2025-07-31,2026-07-31,accounts-with-accounts-type-group,group,14697537,text,yes,xhtml,https://find-and-update.company-information.service.gov.uk/company/10326821/filing-history,3,,ORG:111893
Confex Limited,01072545,register,CONFEX LIMITED,active,2025-12-31,2026-09-04,accounts-with-accounts-type-total-exemption-full,small,,,unknown,xhtml,https://find-and-update.company-information.service.gov.uk/company/01072545/filing-history,0,,ORG:111177
Conglom International Ltd,,,,,,,,,,,,,,0,no Companies House number in register and no exact name match,ORG:116470
Conica Ltd,02547695,register,CONICA LTD,active,2025-12-31,2026-04-11,accounts-with-accounts-type-medium,medium,,,likely,pdf (not read),https://find-and-update.company-information.service.gov.uk/company/02547695/filing-history,0,,ORG:101557
Conilon Ltd,08663274,register,CONILON LTD,active,2024-12-29,2026-07-24,accounts-with-accounts-type-group,group,,,likely,pdf (not read),https://find-and-update.company-information.service.gov.uk/company/08663274/filing-history,0,,ORG:106570
Connect Chemicals (UK) Limited,04245089,register,CONNECT CHEMICALS (UK) LIMITED,active,2025-12-31,2026-10-06,accounts-with-accounts-type-total-exemption-full,small,,,unknown,pdf (not read),https://find-and-update.company-information.service.gov.uk/company/04245089/filing-history,0,,ORG:103502
Connection Flooring Ltd,07924240,register,CONNECTION FLOORING LIMITED,active,2025-07-31,2026-07-30,accounts-with-accounts-type-full,full,,,likely,pdf (not read),https://find-and-update.company-information.service.gov.uk/company/07924240/filing-history,0,,ORG:104206
Connectix Ltd,02814569,register,CONNECTIX LIMITED,active,2025-03-31,2026-01-08,accounts-with-accounts-type-full,full,,,likely,pdf (not read),https://find-and-update.company-information.service.gov.uk/company/02814569/filing-history,0,,ORG:105631
CONNOLLYS' LIQUOR WHOLESALE LIMITED,NI600955,register,CONNOLLYS' LIQUOR WHOLESALE LIMITED,active,2025-03-31,2026-01-27,accounts-with-accounts-type-total-exemption-full,small,,,unknown,xhtml,https://find-and-update.company-information.service.gov.uk/company/NI600955/filing-history,0,,ORG:114225
CONSILIENT HEALTH (UK) LIMITED,05427634,register,CONSILIENT HEALTH (UK) LIMITED,active,2025-03-31,2026-01-05,accounts-with-accounts-type-full,full,,,likely,pdf (not read),https://find-and-update.company-information.service.gov.uk/company/05427634/filing-history,0,,ORG:115209
CONSOLIDATED TIMBER HOLDINGS LIMITED,02295212,register,CONSOLIDATED TIMBER HOLDINGS LIMITED,active,2025-12-31,2026-09-29,accounts-with-accounts-type-full,full,,,likely,pdf (not read),https://find-and-update.company-information.service.gov.uk/company/02295212/filing-history,3,,ORG:103735
Consort Equipment Products Ltd,03160980,register,CONSORT EQUIPMENT PRODUCTS LIMITED,active,2025-03-31,2025-08-13,accounts-with-accounts-type-medium,medium,,,likely,pdf (not read),https://find-and-update.company-information.service.gov.uk/company/03160980/filing-history,0,,ORG:104235
Consort Frozen Foods Limited,02079678,register,CONSORT FROZEN FOODS LIMITED,active,2025-12-31,2026-10-07,accounts-with-accounts-type-group,group,,,likely,pdf (not read),https://find-and-update.company-information.service.gov.uk/company/02079678/filing-history,1,,ORG:103183
Constantia FFP Ltd,00893217,register,CONSTANTIA FFP LIMITED,active,2025-12-31,2026-09-15,accounts-with-accounts-type-medium,medium,19320134,ixbrl,yes,xhtml,https://find-and-update.company-information.service.gov.uk/company/00893217/filing-history,0,,ORG:104949
Constantia Sittingbourne Ltd,03108047,register,CONSTANTIA SITTINGBOURNE LIMITED,active,2025-12-31,2026-06-04,accounts-with-accounts-type-full,full,,,likely,pdf (not read),https://find-and-update.company-information.service.gov.uk/company/03108047/filing-history,0,,ORG:104097
Consumer Brands Ltd,14757702,register,CONSUMER BRANDS LIMITED,active,2025-12-31,2026-09-30,accounts-with-accounts-type-full,full,30059254,ixbrl,yes,xhtml,https://find-and-update.company-information.service.gov.uk/company/14757702/filing-history,0,,ORG:117074
Contact Marketing (NI) Ltd,NI047646,register,CONTACT MARKETING (NI) LIMITED,active,2025-09-30,2026-03-31,accounts-with-accounts-type-total-exemption-full,small,,,unknown,xhtml,https://find-and-update.company-information.service.gov.uk/company/NI047646/filing-history,0,,ORG:106320
Contactum Ltd,06835712,register,CONTACTUM LIMITED,active,2025-12-31,2026-06-05,accounts-with-accounts-type-full,full,12585410,ixbrl,yes,xhtml,https://find-and-update.company-information.service.gov.uk/company/06835712/filing-history,0,,ORG:100073
Continental Bottle Co. Ltd,02606480,register,CONTINENTAL BOTTLE CO. LIMITED,active,2024-12-31,2026-01-02,accounts-with-accounts-type-full,full,,,likely,pdf (not read),https://find-and-update.company-information.service.gov.uk/company/02606480/filing-history,0,,ORG:106916
Contour Showers Limited,01347879,register,CONTOUR SHOWERS LIMITED,active,2025-12-31,2026-09-16,accounts-with-accounts-type-full,full,,,likely,pdf (not read),https://find-and-update.company-information.service.gov.uk/company/01347879/filing-history,0,,ORG:100890
Control Techniques Dynamics Limited,00741360,register,CONTROL TECHNIQUES DYNAMICS LIMITED,active,2025-03-31,2026-07-31,accounts-with-accounts-type-full,full,13266274,text,yes,xhtml,https://find-and-update.company-information.service.gov.uk/company/00741360/filing-history,0,,ORG:100138
Convatec Holdings U.K. Ltd,06622360,register,CONVATEC HOLDINGS U.K. LIMITED,active,2025-12-31,2026-09-11,accounts-with-accounts-type-audit-exemption-subsiduary,subsidiary,,,unknown,pdf (not read),https://find-and-update.company-information.service.gov.uk/company/06622360/filing-history,2,,ORG:111894
Conway Packing Services Limited,02648068,register,CONWAY PACKING SERVICES LIMITED,active,2025-12-31,2026-09-24,accounts-with-accounts-type-total-exemption-full,small,,,unknown,pdf (not read),https://find-and-update.company-information.service.gov.uk/company/02648068/filing-history,0,,ORG:103838
Cook (UK) Ltd,01666971,register,COOK (UK) LIMITED,active,2025-12-31,2026-05-09,accounts-with-accounts-type-full,full,,,likely,pdf (not read),https://find-and-update.company-information.service.gov.uk/company/01666971/filing-history,0,,ORG:106430
Cook Trading Limited,04611064,register,COOK TRADING LIMITED,active,2025-03-31,2025-12-21,accounts-with-accounts-type-full,full,,,likely,pdf (not read),https://find-and-update.company-information.service.gov.uk/company/04611064/filing-history,0,,ORG:104423
Cooke Aquaculture Scotland Limited,SC419789,register,COOKE AQUACULTURE SCOTLAND LIMITED,active,2025-12-31,2026-09-23,accounts-with-accounts-type-full,full,224970708,ixbrl,yes,xhtml,https://find-and-update.company-information.service.gov.uk/company/SC419789/filing-history,0,,ORG:102236
Cooks Professional Limited,13039270,register,COOKS PROFESSIONAL LIMITED,active,2025-01-31,2025-07-24,accounts-with-accounts-type-total-exemption-full,small,,,unknown,xhtml,https://find-and-update.company-information.service.gov.uk/company/13039270/filing-history,0,,ORG:114832
Cookson Precious Metals Ltd,02775187,register,COOKSON PRECIOUS METALS LIMITED,active,2025-12-31,2026-09-28,accounts-with-accounts-type-full,full,,,likely,pdf (not read),https://find-and-update.company-information.service.gov.uk/company/02775187/filing-history,0,,ORG:104103
Cooldelight Desserts Ltd,04370310,register,COOLDELIGHT DESSERTS LIMITED,active,2025-03-31,2026-03-31,accounts-with-accounts-type-medium,medium,21021732,ixbrl,yes,xhtml,https://find-and-update.company-information.service.gov.uk/company/04370310/filing-history,0,,ORG:104459
COOLING'S NURSERIES LIMITED,01534529,register,COOLING'S NURSERIES LIMITED,active,2026-01-31,2026-09-01,accounts-with-accounts-type-full,full,11409181,text,yes,xhtml,https://find-and-update.company-information.service.gov.uk/company/01534529/filing-history,0,,ORG:111385
Coolmar Limited,NI604133,register,COOLMAR LTD,active,2025-08-31,2026-05-28,accounts-with-accounts-type-medium,medium,13772394,ixbrl,yes,xhtml,https://find-and-update.company-information.service.gov.uk/company/NI604133/filing-history,0,,ORG:102159
Coombe Castle International Limited,01530888,register,COOMBE CASTLE INTERNATIONAL LIMITED,active,2025-12-31,2026-09-29,accounts-with-accounts-type-medium,medium,35052377,ixbrl,yes,xhtml,https://find-and-update.company-information.service.gov.uk/company/01530888/filing-history,0,,ORG:104480
Cooneen By Design Limited,NI006648,register,COONEEN BY DESIGN LIMITED,active,2025-11-28,2026-07-07,accounts-with-accounts-type-group,group,,,likely,pdf (not read),https://find-and-update.company-information.service.gov.uk/company/NI006648/filing-history,3,,ORG:105558
Cooper Coated Coil Ltd,08453794,register,COOPER COATED COIL LIMITED,active,2024-12-31,2025-08-12,accounts-with-accounts-type-small,small,,,unknown,xhtml,https://find-and-update.company-information.service.gov.uk/company/08453794/filing-history,0,,ORG:101670
Coopervision (UK) Holdings Limited,09037039,register,COOPERVISION (UK) HOLDINGS LIMITED,active,2025-10-31,2026-07-29,accounts-with-accounts-type-full,full,,,likely,pdf (not read),https://find-and-update.company-information.service.gov.uk/company/09037039/filing-history,2,,ORG:106745
Coopland & Son (Scarborough) Limited,00465947,register,COOPLAND & SON (SCARBOROUGH) LIMITED,active,2024-12-31,2025-10-11,accounts-with-accounts-type-audit-exemption-subsiduary,subsidiary,,,unknown,pdf (not read),https://find-and-update.company-information.service.gov.uk/company/00465947/filing-history,0,,ORG:106786
Coordination Group Publications Ltd,03831170,register,COORDINATION GROUP PUBLICATIONS LTD,active,2025-08-31,2026-06-02,accounts-with-accounts-type-group,group,,,likely,pdf (not read),https://find-and-update.company-information.service.gov.uk/company/03831170/filing-history,2,,ORG:103095
Copeland Ltd,NI030547,register,COPELAND LIMITED,active,2025-09-30,2026-07-03,accounts-with-accounts-type-full,full,,,likely,pdf (not read),https://find-and-update.company-information.service.gov.uk/company/NI030547/filing-history,0,,ORG:104690
Coperion UK Limited,05708493,register,COPERION UK LIMITED,active,2025-09-30,2026-06-30,accounts-with-accounts-type-full,full,40460438,ixbrl,yes,xhtml,https://find-and-update.company-information.service.gov.uk/company/05708493/filing-history,0,,ORG:106096
Coppa Collective PLC,12698869,register,COPPA COLLECTIVE PLC,active,2025-09-28,2026-02-09,accounts-with-accounts-type-group,group,,,likely,pdf (not read),https://find-and-update.company-information.service.gov.uk/company/12698869/filing-history,3,,ORG:107108
Copperweld Bimetallics UK Ltd,03507011,register,COPPERWELD BIMETALLICS UK LIMITED,active,2025-12-31,2026-07-15,accounts-with-accounts-type-small,small,,,unknown,xhtml,https://find-and-update.company-information.service.gov.uk/company/03507011/filing-history,0,,ORG:104973
Coppice Alupack Limited,01075225,register,COPPICE ALUPACK LIMITED,active,2025-12-31,2026-09-30,accounts-with-accounts-type-group,group,65937013,text,yes,xhtml,https://find-and-update.company-information.service.gov.uk/company/01075225/filing-history,0,,ORG:108648
COPTRIN LIMITED,01573719,register,COPTRIN LIMITED,active,2025-03-31,2025-12-12,accounts-with-accounts-type-total-exemption-full,small,,,unknown,xhtml,https://find-and-update.company-information.service.gov.uk/company/01573719/filing-history,0,,ORG:106399
Coral Innovations Limited,12494055,register,CORAL INNOVATIONS LTD,active,2024-12-31,2025-09-18,accounts-with-accounts-type-unaudited-abridged,small,,,unknown,xhtml,https://find-and-update.company-information.service.gov.uk/company/12494055/filing-history,0,,ORG:115911
Coral Products Plc,02429784,register,CORAL PRODUCTS PLC,active,2025-04-30,2025-11-04,accounts-with-made-up-date,unknown,,,unknown,pdf (not read),https://find-and-update.company-information.service.gov.uk/company/02429784/filing-history,5,,ORG:100518
Coram UK Holding Ltd,07214057,register,CORAM UK HOLDING LIMITED,active,2025-12-31,2026-10-07,accounts-with-accounts-type-full,full,,,likely,pdf (not read),https://find-and-update.company-information.service.gov.uk/company/07214057/filing-history,0,,ORG:104071
Corcoran Chemicals Ltd,01246418,register,CORCORAN CHEMICALS LIMITED,active,2025-12-31,2026-09-29,accounts-with-accounts-type-audited-abridged,small,,,unknown,xhtml,https://find-and-update.company-information.service.gov.uk/company/01246418/filing-history,0,,ORG:107837
Cordis Medical UK Limited,13333625,register,CORDIS MEDICAL UK LIMITED,active,2025-06-30,2026-01-22,accounts-with-accounts-type-full,full,,,likely,pdf (not read),https://find-and-update.company-information.service.gov.uk/company/13333625/filing-history,0,,ORG:116106
Cordstrap Ltd,02211068,register,CORDSTRAP LIMITED,active,2025-03-31,2026-04-13,accounts-with-accounts-type-full,full,,,likely,pdf (not read),https://find-and-update.company-information.service.gov.uk/company/02211068/filing-history,0,,ORG:101023
Core Fulfilment Limited,03439236,register,CORE FULFILMENT LIMITED,active,2025-12-31,2026-09-16,accounts-with-accounts-type-total-exemption-full,small,,,unknown,xhtml,https://find-and-update.company-information.service.gov.uk/company/03439236/filing-history,0,,ORG:117943
Corefresh Limited,06976867,register,COREFRESH LIMITED,active,2025-12-31,2026-09-28,accounts-with-accounts-type-full,full,17617412,text,yes,xhtml,https://find-and-update.company-information.service.gov.uk/company/06976867/filing-history,0,,ORG:112792
Corespec Ltd,03574269,register,CORESPEC LTD,active,2026-03-31,2026-07-29,accounts-with-accounts-type-total-exemption-full,small,,,unknown,xhtml,https://find-and-update.company-information.service.gov.uk/company/03574269/filing-history,0,,ORG:117965
Corex (Wigan) Limited,02010900,register,COREX (WIGAN) LIMITED,active,2025-12-31,2026-08-06,accounts-with-accounts-type-full,full,,,likely,pdf (not read),https://find-and-update.company-information.service.gov.uk/company/02010900/filing-history,0,,ORG:102598
Corinthian Brands (CBL) Ltd,07409425,register,CORINTHIAN BRANDS (CBL) LIMITED,active,2025-12-31,2026-04-08,accounts-with-accounts-type-full,full,23166821,ixbrl,yes,xhtml,https://find-and-update.company-information.service.gov.uk/company/07409425/filing-history,0,,ORG:106356
CORNDELL QUALITY FURNITURE LTD,09094307,register,CORNDELL QUALITY FURNITURE LTD,active,2025-12-31,2026-07-17,accounts-with-accounts-type-small,small,,,unknown,pdf (not read),https://find-and-update.company-information.service.gov.uk/company/09094307/filing-history,0,,ORG:114491
Cornelius Group plc,01936460,register,CORNELIUS GROUP PLC,active,2026-01-31,2026-07-26,accounts-with-accounts-type-group,group,,,likely,pdf (not read),https://find-and-update.company-information.service.gov.uk/company/01936460/filing-history,1,,ORG:104803
Corney and Barrow Limited,02296476,register,CORNEY AND BARROW LIMITED,active,2025-04-30,2025-12-01,accounts-with-accounts-type-group,group,,,likely,pdf (not read),https://find-and-update.company-information.service.gov.uk/company/02296476/filing-history,0,,ORG:100569
Corning Limited,00173274,register,CORNING LIMITED,active,2025-12-31,2026-08-06,accounts-with-accounts-type-full,full,,,likely,pdf (not read),https://find-and-update.company-information.service.gov.uk/company/00173274/filing-history,0,,ORG:101211
Cornish Concrete Products Limited,01395283,register,CORNISH CONCRETE PRODUCTS LIMITED,active,2025-09-30,2026-10-07,accounts-with-accounts-type-full,full,15591666,text,yes,xhtml,https://find-and-update.company-information.service.gov.uk/company/01395283/filing-history,0,,ORG:103935
CORNISH SCRUMPY COMPANY LIMITED,01459401,register,CORNISH SCRUMPY COMPANY LIMITED,active,2025-03-30,2025-12-19,accounts-with-accounts-type-medium,medium,13523032,ixbrl,yes,xhtml,https://find-and-update.company-information.service.gov.uk/company/01459401/filing-history,1,,ORG:103355
Corrboard UK Ltd,08745634,register,CORRBOARD UK LIMITED,active,2025-12-31,2026-07-10,accounts-with-accounts-type-full,full,,,likely,pdf (not read),https://find-and-update.company-information.service.gov.uk/company/08745634/filing-history,0,,ORG:100425
Corrugated Box Supplies Ltd,03276924,register,CORRUGATED BOX SUPPLIES LIMITED,active,2025-12-31,2026-09-29,accounts-with-accounts-type-full,full,34396840,ixbrl,yes,xhtml,https://find-and-update.company-information.service.gov.uk/company/03276924/filing-history,0,,ORG:103330
Corsair Toiletries Limited,01254443,register,CORSAIR TOILETRIES LIMITED,active,2024-12-31,2025-12-17,accounts-with-accounts-type-medium,medium,28242130,ixbrl,yes,xhtml,https://find-and-update.company-information.service.gov.uk/company/01254443/filing-history,0,,ORG:106706
CORSTON LTD,08553721,register,CORSTON LTD,active,2025-09-30,2026-07-11,accounts-with-accounts-type-full,full,,,likely,pdf (not read),https://find-and-update.company-information.service.gov.uk/company/08553721/filing-history,0,,ORG:106248
Corteva Agriscience UK Limited,02381612,register,CORTEVA AGRISCIENCE UK LIMITED,active,2025-12-31,2026-07-27,accounts-with-accounts-type-full,full,,,likely,pdf (not read),https://find-and-update.company-information.service.gov.uk/company/02381612/filing-history,0,,ORG:102874
Coryton Advanced Fuels Limited,07232065,register,CORYTON ADVANCED FUELS LIMITED,active,2025-12-31,2026-04-02,accounts-with-accounts-type-full,full,29149463,text,yes,xhtml,https://find-and-update.company-information.service.gov.uk/company/07232065/filing-history,0,,ORG:104461
Cosatto Limited,06529629,register,COSATTO LIMITED,active,2025-08-31,2026-05-28,accounts-with-accounts-type-full,full,12932000,ixbrl,yes,xhtml,https://find-and-update.company-information.service.gov.uk/company/06529629/filing-history,0,,ORG:103096
Cosmetic Warriors Limited,04165681,register,COSMETIC WARRIORS LIMITED,active,2025-06-30,2026-04-10,accounts-with-accounts-type-full,full,,,likely,pdf (not read),https://find-and-update.company-information.service.gov.uk/company/04165681/filing-history,0,,ORG:108546
Costa Limited,01270695,register,COSTA LIMITED,active,2025-12-31,2026-09-30,accounts-with-accounts-type-full,full,,,likely,pdf (not read),https://find-and-update.company-information.service.gov.uk/company/01270695/filing-history,0,,ORG:106765
Costco UK Holdings Ltd,03934833,register,COSTCO UK HOLDINGS LIMITED,active,2025-08-31,2026-05-16,accounts-with-accounts-type-group,group,,,likely,pdf (not read),https://find-and-update.company-information.service.gov.uk/company/03934833/filing-history,2,,ORG:112439
Costcutter Supermarkets Group Ltd,02059678,register,COSTCUTTER SUPERMARKETS GROUP LIMITED,active,2025-06-30,2026-03-28,accounts-with-accounts-type-full,full,,,likely,pdf (not read),https://find-and-update.company-information.service.gov.uk/company/02059678/filing-history,1,,ORG:104264
Coster Aerosols Limited,00897588,register,COSTER AEROSOLS LIMITED,active,2025-12-31,2026-05-14,accounts-with-accounts-type-full,full,32376585,text,yes,xhtml,https://find-and-update.company-information.service.gov.uk/company/00897588/filing-history,0,,ORG:101219
Costwise Limited,07906485,register,COSTWISE LIMITED,active,2025-08-31,2026-05-27,accounts-with-accounts-type-unaudited-abridged,small,,,unknown,xhtml,https://find-and-update.company-information.service.gov.uk/company/07906485/filing-history,0,,ORG:106680
Cotek Papers Limited,00821766,register,COTEK PAPERS LIMITED,active,2025-12-31,2026-05-29,accounts-with-accounts-type-full,full,13136742,ixbrl,yes,xhtml,https://find-and-update.company-information.service.gov.uk/company/00821766/filing-history,0,,ORG:101588
COTSWOLD OUTDOOR GROUP LTD,03382348,register,COTSWOLD OUTDOOR GROUP LTD,active,2024-12-31,2025-04-28,accounts-with-accounts-type-full,full,,,likely,pdf (not read),https://find-and-update.company-information.service.gov.uk/company/03382348/filing-history,0,,ORG:107424
Cottage Delight Limited,01728088,register,COTTAGE DELIGHT LIMITED,active,2024-12-31,2025-09-22,accounts-with-accounts-type-audit-exemption-subsiduary,subsidiary,,,unknown,pdf (not read),https://find-and-update.company-information.service.gov.uk/company/01728088/filing-history,0,,ORG:101573
Cotteswold Dairy Limited,00447327,register,COTTESWOLD DAIRY LIMITED,active,2025-12-27,2026-08-25,accounts-with-accounts-type-full,full,102295677,ixbrl,yes,xhtml,https://find-and-update.company-information.service.gov.uk/company/00447327/filing-history,0,,ORG:100931
COTTON ON UK (PTY) LIMITED,09680832,register,COTTON ON UK (PTY) LIMITED,active,2025-06-29,2026-06-28,accounts-with-accounts-type-full,full,,,likely,pdf (not read),https://find-and-update.company-information.service.gov.uk/company/09680832/filing-history,0,,ORG:105786
Cotton Traders Ltd,02125768,register,COTTON TRADERS LIMITED,active,2025-12-27,2026-08-19,accounts-with-accounts-type-full,full,,,likely,pdf (not read),https://find-and-update.company-information.service.gov.uk/company/02125768/filing-history,0,,ORG:106220
COTY UK&I LTD,00271363,register,COTY UK&I LTD,active,2025-06-30,2025-12-23,accounts-with-accounts-type-full,full,,,likely,pdf (not read),https://find-and-update.company-information.service.gov.uk/company/00271363/filing-history,1,,ORG:108670
Counterplas Limited,02560907,register,COUNTERPLAS LIMITED,active,2025-12-31,2026-08-13,accounts-with-accounts-type-full,full,12792102,text,yes,xhtml,https://find-and-update.company-information.service.gov.uk/company/02560907/filing-history,0,,ORG:105636
Country Style Foods Limited,02554051,register,COUNTRY STYLE FOODS LIMITED,active,2025-04-30,2026-01-30,accounts-with-accounts-type-group,group,,,likely,pdf (not read),https://find-and-update.company-information.service.gov.uk/company/02554051/filing-history,1,,ORG:104131
COUNTRYWIDE HEALTHCARE SUPPLIES LIMITED,03209242,register,COUNTRYWIDE HEALTHCARE SUPPLIES LIMITED,active,2025-06-30,2026-03-19,accounts-with-accounts-type-audit-exemption-subsiduary,subsidiary,,,unknown,pdf (not read),https://find-and-update.company-information.service.gov.uk/company/03209242/filing-history,0,,ORG:106024
COUNTY BUILDING SUPPLIES (HOLDINGS) LIMITED,06633850,register,COUNTY BUILDING SUPPLIES (HOLDINGS) LIMITED,active,2025-06-30,2026-01-29,accounts-with-accounts-type-full,full,35075893,ixbrl,yes,xhtml,https://find-and-update.company-information.service.gov.uk/company/06633850/filing-history,0,,ORG:108438
County Milk Products Limited,02873177,register,COUNTY MILK PRODUCTS LIMITED,active,2024-12-31,2025-07-22,accounts-with-accounts-type-group,group,,,likely,xhtml,https://find-and-update.company-information.service.gov.uk/company/02873177/filing-history,2,,ORG:103116
COUNTY SALES LIMITED,04101455,register,COUNTY SALES LIMITED,active,2025-12-31,2026-06-29,accounts-with-accounts-type-total-exemption-full,small,,,unknown,xhtml,https://find-and-update.company-information.service.gov.uk/company/04101455/filing-history,0,,ORG:101080
Cousins Furniture Stores Limited,01763756,register,COUSINS FURNITURE STORES LIMITED,active,2025-06-30,2026-01-20,accounts-with-accounts-type-full,full,13998923,text,yes,xhtml,https://find-and-update.company-information.service.gov.uk/company/01763756/filing-history,0,,ORG:102386
Coveris Flexibles Holdings Limited,08339980,register,COVERIS FLEXIBLES HOLDINGS UK LIMITED,active,2025-12-31,2026-09-09,accounts-with-accounts-type-full,full,,,likely,pdf (not read),https://find-and-update.company-information.service.gov.uk/company/08339980/filing-history,7,,ORG:106945
Coverworld UK Limited,02493685,register,COVERWORLD UK LIMITED,active,2025-06-30,2026-02-26,accounts-with-accounts-type-medium,medium,23514024,ixbrl,yes,xhtml,https://find-and-update.company-information.service.gov.uk/company/02493685/filing-history,0,,ORG:106615
COVESTRO UK LIMITED,03808559,register,COVESTRO UK LIMITED,active,2025-12-31,2026-09-28,accounts-with-accounts-type-full,full,,,likely,pdf (not read),https://find-and-update.company-information.service.gov.uk/company/03808559/filing-history,0,,ORG:100032
CPG Logistics Limited,02597908,register,CPG LOGISTICS LIMITED,active,2025-09-30,2026-02-18,accounts-with-accounts-type-medium,medium,22557624,ixbrl,yes,xhtml,https://find-and-update.company-information.service.gov.uk/company/02597908/filing-history,0,,ORG:106502
CPI Group (UK) Ltd,05567817,register,CPI GROUP (UK) LTD,active,2025-03-31,2025-11-27,accounts-with-accounts-type-full,full,9375472,text,yes,xhtml,https://find-and-update.company-information.service.gov.uk/company/05567817/filing-history,3,,ORG:103416
CPK REALISATIONS LTD,04658357,register,CPK REALISATIONS LTD,liquidation,2024-12-31,2025-09-29,accounts-with-accounts-type-total-exemption-full,small,,,unknown,xhtml,https://find-and-update.company-information.service.gov.uk/company/04658357/filing-history,0,,ORG:104999
CPL Aromas Ltd,01031292,register,CPL AROMAS LIMITED,active,2025-03-31,2025-10-03,accounts-with-accounts-type-audit-exemption-subsiduary,subsidiary,,,unknown,pdf (not read),https://find-and-update.company-information.service.gov.uk/company/01031292/filing-history,0,,ORG:103818
Craemer UK Limited,02574815,register,CRAEMER UK LIMITED,active,2025-12-31,2026-10-06,accounts-with-accounts-type-full,full,,,likely,pdf (not read),https://find-and-update.company-information.service.gov.uk/company/02574815/filing-history,0,,ORG:102707
CRAFTI'S LTD,06225728,register,CRAFTI'S LTD,active,2026-01-31,2026-08-10,accounts-with-accounts-type-total-exemption-full,small,,,unknown,xhtml,https://find-and-update.company-information.service.gov.uk/company/06225728/filing-history,0,,ORG:108184
CRAGHOPPERS LIMITED,03057810,register,CRAGHOPPERS LIMITED,active,2025-01-31,2025-10-27,accounts-with-accounts-type-group,group,,,likely,pdf (not read),https://find-and-update.company-information.service.gov.uk/company/03057810/filing-history,0,,ORG:106329
Crane Ltd,00098677,register,CRANE LIMITED,active,2025-12-31,2026-10-05,accounts-with-accounts-type-full,full,,,likely,pdf (not read),https://find-and-update.company-information.service.gov.uk/company/00098677/filing-history,0,,ORG:104744
Crane Process Flow Technologies Limited,00447239,register,CRANE PROCESS FLOW TECHNOLOGIES LTD,active,2025-12-31,2026-09-16,accounts-with-accounts-type-full,full,,,likely,pdf (not read),https://find-and-update.company-information.service.gov.uk/company/00447239/filing-history,0,,ORG:102540
Cranstons Quality Butchers Ltd,00228917,register,CRANSTONS QUALITY BUTCHERS LIMITED,active,2025-07-31,2026-02-24,accounts-with-accounts-type-full,full,17570573,ixbrl,yes,xhtml,https://find-and-update.company-information.service.gov.uk/company/00228917/filing-history,0,,ORG:100876
Cranswick Country Foods (Ballymena),NI071259,register,CRANSWICK COUNTRY FOODS (BALLYMENA),active,2025-03-29,2025-08-27,accounts-with-accounts-type-audit-exemption-subsiduary,subsidiary,,,unknown,pdf (not read),https://find-and-update.company-information.service.gov.uk/company/NI071259/filing-history,0,,ORG:100530
Cranswick Pet Products Ltd,00896298,register,CRANSWICK PET PRODUCTS LIMITED,active,2025-03-29,2025-09-10,accounts-with-accounts-type-audit-exemption-subsiduary,subsidiary,,,unknown,pdf (not read),https://find-and-update.company-information.service.gov.uk/company/00896298/filing-history,0,,ORG:101301
Cranswick Plc,01074383,register,CRANSWICK PLC,active,2026-03-28,2026-08-11,accounts-with-accounts-type-group,group,,,likely,pdf (not read),https://find-and-update.company-information.service.gov.uk/company/01074383/filing-history,2,,ORG:100177
CRC INDUSTRIES UK LIMITED,04910479,register,CRC INDUSTRIES UK LIMITED,active,2025-12-31,2026-08-26,accounts-with-accounts-type-full,full,,,likely,pdf (not read),https://find-and-update.company-information.service.gov.uk/company/04910479/filing-history,0,,ORG:104500
Creamline Dairies Limited,00396381,register,CREAMLINE DAIRIES LIMITED,active,2025-09-27,2026-05-27,accounts-with-accounts-type-full,full,42825024,ixbrl,yes,xhtml,https://find-and-update.company-information.service.gov.uk/company/00396381/filing-history,0,,ORG:103211
CREATECITY LIMITED,02728626,register,CREATECITY LIMITED,active,2025-07-31,2026-04-21,accounts-with-accounts-type-full,full,46284049,ixbrl,yes,xhtml,https://find-and-update.company-information.service.gov.uk/company/02728626/filing-history,0,,ORG:105083
Creative Composites Limited,NI038590,register,CREATIVE COMPOSITES LIMITED,active,2025-12-31,2026-09-25,accounts-with-accounts-type-full,full,22572231,ixbrl,yes,xhtml,https://find-and-update.company-information.service.gov.uk/company/NI038590/filing-history,0,,ORG:103746
Creative Foods Europe Ltd,05335933,register,CREATIVE FOODS EUROPE LIMITED,active,2024-12-28,2025-10-14,accounts-with-accounts-type-audit-exemption-subsiduary,subsidiary,,,unknown,pdf (not read),https://find-and-update.company-information.service.gov.uk/company/05335933/filing-history,0,,ORG:114945
Creative Products Limited,07079498,register,CREATIVE PRODUCTS LIMITED,active,2025-12-31,2026-05-22,accounts-with-accounts-type-total-exemption-full,small,,,unknown,xhtml,https://find-and-update.company-information.service.gov.uk/company/07079498/filing-history,0,,ORG:114511
Crediton Dairy Limited,08490730,register,CREDITON DAIRY LIMITED,active,2026-01-03,2026-08-20,accounts-with-accounts-type-full,full,,,likely,pdf (not read),https://find-and-update.company-information.service.gov.uk/company/08490730/filing-history,0,,ORG:107399
Creed Foodservice Limited,01065559,register,CREED FOODSERVICE LIMITED,active,2025-12-31,2026-09-24,accounts-with-accounts-type-full,full,,,likely,pdf (not read),https://find-and-update.company-information.service.gov.uk/company/01065559/filing-history,0,,ORG:101282
CREPE CUISINE CORNWALL LTD,11738387,register,CREPE CUISINE CORNWALL LTD,active,2025-12-31,2026-06-17,accounts-with-accounts-type-total-exemption-full,small,,,unknown,xhtml,https://find-and-update.company-information.service.gov.uk/company/11738387/filing-history,0,,ORG:118298
Crescent Pharma Ltd,04750933,register,CRESCENT PHARMA LIMITED,active,2025-12-31,2026-10-07,accounts-with-accounts-type-full,full,,,likely,pdf (not read),https://find-and-update.company-information.service.gov.uk/company/04750933/filing-history,0,,ORG:116847
Crew Clothing Co. Limited,03265824,register,CREW CLOTHING CO. LIMITED,active,2025-12-28,2026-09-29,accounts-with-accounts-type-full,full,150891000,ixbrl,yes,xhtml,https://find-and-update.company-information.service.gov.uk/company/03265824/filing-history,0,,ORG:101634
CRL Foods Ltd,11017052,register,CRL FOODS LTD,active,2025-12-31,2026-03-31,accounts-with-accounts-type-total-exemption-full,small,,,unknown,xhtml,https://find-and-update.company-information.service.gov.uk/company/11017052/filing-history,0,,ORG:117419
CRM TRADING LIMITED,01645334,register,CRM TRADING LIMITED,active,2025-05-31,2026-06-29,accounts-with-accounts-type-full,full,36708357,text,yes,xhtml,https://find-and-update.company-information.service.gov.uk/company/01645334/filing-history,0,,ORG:107820
Crocus.co.uk Ltd,03863497,register,CROCUS.CO.UK LIMITED,active,2024-10-31,2026-04-04,accounts-with-accounts-type-full,full,,,likely,pdf (not read),https://find-and-update.company-information.service.gov.uk/company/03863497/filing-history,0,,ORG:104490
CRODA INTERNATIONAL PUBLIC LIMITED COMPANY,00206132,register,CRODA INTERNATIONAL PUBLIC LIMITED COMPANY,active,2025-12-31,2026-05-11,accounts-with-accounts-type-group,group,,,likely,pdf (not read),https://find-and-update.company-information.service.gov.uk/company/00206132/filing-history,0,,ORG:101352
Cromar Building Products Limited,03296833,register,CROMAR BUILDING PRODUCTS LIMITED,active,2025-12-31,2026-10-07,accounts-with-accounts-type-full,full,,,likely,pdf (not read),https://find-and-update.company-information.service.gov.uk/company/03296833/filing-history,0,,ORG:103987
Cromwell Group (Holdings) Limited,01756362,register,CROMWELL GROUP (HOLDINGS) LIMITED,active,2025-12-31,2026-08-10,accounts-with-accounts-type-full,full,,,likely,pdf (not read),https://find-and-update.company-information.service.gov.uk/company/01756362/filing-history,0,,ORG:114891
Cromwell Polythene Limited,02230104,register,CROMWELL POLYTHENE LIMITED,active,2026-04-30,2026-09-24,accounts-with-accounts-type-full,full,,,likely,pdf (not read),https://find-and-update.company-information.service.gov.uk/company/02230104/filing-history,0,,ORG:102782
Crop's Foods Ltd.,02368785,register,CROP'S FOODS LTD.,active,2025-06-30,2026-03-10,accounts-with-accounts-type-full,full,110552152,ixbrl,yes,xhtml,https://find-and-update.company-information.service.gov.uk/company/02368785/filing-history,0,,ORG:100749
CROPWELL BISHOP CREAMERY LIMITED,00364890,register,CROPWELL BISHOP CREAMERY LIMITED,active,2025-03-31,2025-12-24,accounts-with-accounts-type-group,group,10907760,text,yes,xhtml,https://find-and-update.company-information.service.gov.uk/company/00364890/filing-history,0,,ORG:104793
CROSSBIRD LIMITED,08498879,register,CROSSBIRD LIMITED,active,2025-05-31,2026-03-13,accounts-with-accounts-type-full,full,,,likely,pdf (not read),https://find-and-update.company-information.service.gov.uk/company/08498879/filing-history,0,,ORG:115348
Crosswater Limited,03619276,register,CROSSWATER LIMITED,active,2025-12-31,2026-09-23,accounts-with-accounts-type-full,full,,,likely,pdf (not read),https://find-and-update.company-information.service.gov.uk/company/03619276/filing-history,0,,ORG:101133
CROSTA & MOLLICA LIMITED,06848372,register,CROSTA & MOLLICA LIMITED,active,2025-06-30,2026-03-27,accounts-with-accounts-type-full,full,67559089,text,yes,xhtml,https://find-and-update.company-information.service.gov.uk/company/06848372/filing-history,0,,ORG:105985
Crown Foods Limited,02644956,register,CROWN FOODS LIMITED,active,2026-03-31,2026-06-26,accounts-with-accounts-type-unaudited-abridged,small,,,unknown,xhtml,https://find-and-update.company-information.service.gov.uk/company/02644956/filing-history,0,,ORG:100493
Crown Paints Limited,06624576,register,CROWN PAINTS LIMITED,active,2024-12-31,2026-01-07,accounts-with-accounts-type-full,full,,,likely,pdf (not read),https://find-and-update.company-information.service.gov.uk/company/06624576/filing-history,0,,ORG:102512
Crown Pet Foods Limited,02744493,register,CROWN PET FOODS LIMITED,active,2025-12-27,2026-09-25,accounts-with-accounts-type-full,full,,,likely,pdf (not read),https://find-and-update.company-information.service.gov.uk/company/02744493/filing-history,0,,ORG:102825
Crown Products (Kent) Ltd,02000579,register,CROWN PRODUCTS (KENT) LIMITED,active,2025-03-31,2026-07-29,accounts-with-accounts-type-group,group,,,likely,pdf (not read),https://find-and-update.company-information.service.gov.uk/company/02000579/filing-history,0,,ORG:114679
Crown UK Holdings Limited,03182537,register,CROWN UK HOLDINGS LIMITED,active,2024-12-31,2025-09-15,accounts-with-accounts-type-full,full,,,likely,pdf (not read),https://find-and-update.company-information.service.gov.uk/company/03182537/filing-history,1,,ORG:101111
CRP Subsea Ltd,01369166,register,AIS SUBSEA LIMITED,active,2025-09-30,2026-07-11,accounts-with-accounts-type-full,full,,,likely,pdf (not read),https://find-and-update.company-information.service.gov.uk/company/01369166/filing-history,0,,ORG:100797
Crush Wines Ltd,05555157,register,CRUSH WINES LTD,active,2025-12-31,2026-05-07,accounts-with-accounts-type-total-exemption-full,small,,,unknown,xhtml,https://find-and-update.company-information.service.gov.uk/company/05555157/filing-history,0,,ORG:116184
CSG Global Education Ltd,01702231,register,CSG GLOBAL EDUCATION LTD,active,2025-03-31,2025-12-17,accounts-with-accounts-type-full,full,,,likely,pdf (not read),https://find-and-update.company-information.service.gov.uk/company/01702231/filing-history,0,,ORG:106960
CSL Behring UK Limited,01622483,register,CSL BEHRING UK LIMITED,active,2025-06-30,2025-12-30,accounts-with-accounts-type-full,full,,,likely,pdf (not read),https://find-and-update.company-information.service.gov.uk/company/01622483/filing-history,0,,ORG:106939
CT Pyro Group Ltd,10856730,register,CT PYRO GROUP LIMITED,active,2026-02-28,2026-08-19,accounts-with-accounts-type-micro-entity,,,,,,https://find-and-update.company-information.service.gov.uk/company/10856730/filing-history,3,"ProxyError: HTTPSConnectionPool(host='s3.eu-west-2.amazonaws.com', port=443): Max retries exceeded with url: /document-api-images-live.ch.gov.uk/docs/lI-Qm5Zu4-OU30oB7_77HtPcRha3niTeP5gln6pJ8qw/application-xhtml%252Bxml?X-Amz-Algorithm=AWS4-HMAC-SHA256&X-Amz-Credential=ASIAWRGBDBV3B377YOG3%2F20261008%2Feu-west-2%2Fs3%2Faws4_request&X-Amz-Date=20261008T110903Z&X-Amz-Expires=60&X-Amz-Security-Token=IQoJb3JpZ2luX2VjEFcaCWV1LXdlc3QtMiJHMEUCIBUkRy7cYyNZ5o3Zxkc3z2qzG5I84YW3OzK%2BiJNJRkiXAiEAltfyd5r6KVCHp2hToWBKgvi3whK4sQjVZmDX18oG%2FFYqgQQIHxAFGgw0NDkyMjkwMzI4MjIiDEcgN80OFzFpdwcSAireAx4mG7PWfui2FB6qgrKRPm2Is3UQYU%2BFI%2B4QjVrlqxg8mknlCqtZ8jecO6eIHN4LsuCK7mAetOEuIBXhMhFILuRPGJdJxh%2Fn1WZLzlNo8PWqixLK1BpX6Yj5E2ygbIh7uvLxCGTJmnqj%2FvXfWiH72AosntHMw3blm4rjTr2eCfHO8LF6KgwuqFaP%2FLxIbwllr%2FD0c6vtjRkF%2FWJUQxE2NKnwsqDWC%2FfIMJUgH9HkfPPxaz320w5OTPU3Fs22v9m81duIV5RPxr%2B1SYTdenMsVDy9yBaAuVAiiZ3tKSR0PxASiXE9GByQGkz%2BS9JVegs3TZDpB1D30zZM1JAGpevsBA5pIvF01Zx7Hlog%2BSuKJhuBpybvrOmOfzkIhuS4IR1GnUvqjEVmL5907nWB9shZ%2Fh599oxgaZMH%2FxmAWRCxzBNDBFyjY8yuQx5UKmeGuGyPieie%2BHLdj5ibBvXH4Vsg6he7%2FfNeB45sEldownRYpSsf54yi3o8pzaOq%2FB%2FmJ2rY8XaQC7rOPqlGz%2BXijA%2B2T%2BgqREmj7NcVsI20pIcwR%2ByOsE5Ur5dH0FNoFqDHoakDZ%2FN0u5UHqYON9bUJqFqz5tEsMkwvABrkZigcYpUPRYHRWIW68%2F8YNJZxcbbojUUwgvCc1gY6pQEy70aGQGnu4O5Jy%2B8o7aRG7Tg69hKBbm%2BOHEMEadi3O0H%2BkV6i1afQ9eOM6Y%2FmwkqWuVy4LeBKeTpqu69WDNGvQfM2Lo%2BT0ZLnzrOeMn8AocoGLykrV5ukCO%2FqA4h6nXK7tDEW23mpI6paaBIhBTX11ga%2B76cJaTKbBC3jCrQLxIPPrwsiRJMUy%2B3hGomXnIKZ6jQTA5GmtIVtxBsA3prZFC69n3A%3D&X-Amz-SignedHeaders=host&response-content-disposition=inline%3Bfilename%3D%2210856730_aa_2026-08-19.xhtml%22&X-Amz-Signature=f098d3d43c1d3c0a427aa75517472795cdb309452c1556e03d4225159635988e (Caused by ProxyError('Unable to connect to proxy', RemoteDisconnected('Remote end closed connection without response')))",ORG:105385
CTDI GLENROTHES LIMITED,01319856,register,CTDI GLENROTHES LIMITED,active,2025-12-31,2026-09-16,accounts-with-accounts-type-full,full,,,likely,pdf (not read),https://find-and-update.company-information.service.gov.uk/company/01319856/filing-history,0,,ORG:102351
CTEC (NI) LIMITED,NI055929,register,CTEC (NI) LIMITED,active,2025-04-30,2026-01-28,accounts-with-accounts-type-full,full,21249193,ixbrl,yes,xhtml,https://find-and-update.company-information.service.gov.uk/company/NI055929/filing-history,0,,ORG:117269
CTS Wholesale Limited,05661036,register,CTS WHOLESALE LIMITED,active,2025-03-31,2025-12-23,accounts-with-accounts-type-total-exemption-full,small,,,unknown,xhtml,https://find-and-update.company-information.service.gov.uk/company/05661036/filing-history,0,,ORG:100854
Cube6 Limited,05423224,register,CUBE6 LIMITED,active,2025-12-31,2026-09-30,accounts-with-accounts-type-audit-exemption-subsiduary,subsidiary,,,unknown,pdf (not read),https://find-and-update.company-information.service.gov.uk/company/05423224/filing-history,0,,ORG:102115
Cubis Systems Ltd,NI692328,register,CUBIS SYSTEMS LIMITED,active,2025-12-31,2026-09-24,accounts-with-accounts-type-full,full,,,likely,pdf (not read),https://find-and-update.company-information.service.gov.uk/company/NI692328/filing-history,1,,ORG:107369
Culina Group Limited,05525931,register,CULINA GROUP LIMITED,active,2025-12-31,2026-10-07,accounts-with-accounts-type-full,full,,,likely,pdf (not read),https://find-and-update.company-information.service.gov.uk/company/05525931/filing-history,6,,ORG:112658
Culligan Shared Services (UK) Ltd,11540567,register,CULLIGAN SHARED SERVICES (UK) LIMITED,active,2024-12-31,2026-01-08,accounts-with-accounts-type-full,full,,,likely,pdf (not read),https://find-and-update.company-information.service.gov.uk/company/11540567/filing-history,4,,ORG:103001
Culpitt Ltd,00261326,register,CULPITT LIMITED,active,2024-12-31,2025-11-28,accounts-with-accounts-type-full,full,,,likely,pdf (not read),https://find-and-update.company-information.service.gov.uk/company/00261326/filing-history,1,,ORG:103228
Culverhill Retail Ltd,06083324,register,CULVERHILL RETAIL LIMITED,active,2025-07-31,2026-02-24,accounts-with-accounts-type-group,group,16043666,text,yes,xhtml,https://find-and-update.company-information.service.gov.uk/company/06083324/filing-history,1,,ORG:100359
Cumberland Meat Packers Limited,01341075,register,CUMBERLAND MEAT PACKERS LIMITED,active,2025-09-30,2025-12-18,accounts-with-accounts-type-medium,medium,50499839,ixbrl,yes,xhtml,https://find-and-update.company-information.service.gov.uk/company/01341075/filing-history,0,,ORG:104696
Cumberland Packaging Ltd,01964182,register,CUMBERLAND PACKAGING LIMITED,active,2024-12-31,2025-09-30,accounts-with-accounts-type-medium,medium,22663980,ixbrl,yes,xhtml,https://find-and-update.company-information.service.gov.uk/company/01964182/filing-history,0,,ORG:105986
Cumbrian Marketing Ltd,02610805,register,CUMBRIAN MARKETING LIMITED,active,2025-12-31,2026-04-27,accounts-with-accounts-type-small,small,,,unknown,xhtml,https://find-and-update.company-information.service.gov.uk/company/02610805/filing-history,0,,ORG:101605
CUMMINS EMEA HOLDINGS LIMITED,07829012,register,CUMMINS EMEA HOLDINGS LIMITED,active,2025-12-31,2026-08-18,accounts-with-accounts-type-full,full,,,likely,pdf (not read),https://find-and-update.company-information.service.gov.uk/company/07829012/filing-history,0,,ORG:117294
CupsDirect Limited,07323455,register,CUPSDIRECT LIMITED,active,2025-12-31,2026-09-28,accounts-with-accounts-type-total-exemption-full,small,,,unknown,xhtml,https://find-and-update.company-information.service.gov.uk/company/07323455/filing-history,0,,ORG:116400
CURATORS OF FLAVOUR LTD,10602741,register,CURATORS OF FLAVOUR LTD,active,2025-12-31,2026-09-30,accounts-with-accounts-type-unaudited-abridged,small,,,unknown,xhtml,https://find-and-update.company-information.service.gov.uk/company/10602741/filing-history,0,,ORG:111837
Curdle Hill Farm Ltd,12478400,register,CURDLE HILL FARM LTD,active,2025-03-31,2025-12-27,accounts-with-accounts-type-total-exemption-full,small,,,unknown,xhtml,https://find-and-update.company-information.service.gov.uk/company/12478400/filing-history,0,,ORG:116852
Cure It Composites Ltd,01797547,register,CURE IT COMPOSITES LIMITED,active,2025-03-31,2025-12-11,accounts-with-accounts-type-medium,medium,24065734,ixbrl,yes,xhtml,https://find-and-update.company-information.service.gov.uk/company/01797547/filing-history,0,,ORG:111366
CURIOUS BREWERY,13138027,register,CURIOUS BREWERY LIMITED,active,2025-12-31,2026-09-25,accounts-with-accounts-type-small,small,,,unknown,pdf (not read),https://find-and-update.company-information.service.gov.uk/company/13138027/filing-history,0,,ORG:115770
Curious Universe UK Limited,11082233,register,CURIOUS UNIVERSE UK LIMITED,active,2025-06-30,2026-03-11,accounts-with-accounts-type-full,full,,,likely,pdf (not read),https://find-and-update.company-information.service.gov.uk/company/11082233/filing-history,0,,ORG:104306
Curran Packaging Company Limited,01490666,register,CURRAN PACKAGING COMPANY LIMITED,active,2025-04-30,2026-01-30,accounts-with-accounts-type-group,group,19328491,text,yes,xhtml,https://find-and-update.company-information.service.gov.uk/company/01490666/filing-history,0,,ORG:102819
Currys Group Ltd,00504877,register,CURRYS GROUP LIMITED,active,2025-05-03,2025-11-12,accounts-with-accounts-type-full,full,,,likely,pdf (not read),https://find-and-update.company-information.service.gov.uk/company/00504877/filing-history,0,,ORG:107038
Currys Retail Ltd,02142673,register,CURRYS RETAIL LIMITED,active,2025-05-03,2025-10-31,accounts-with-accounts-type-audit-exemption-subsiduary,subsidiary,,,unknown,pdf (not read),https://find-and-update.company-information.service.gov.uk/company/02142673/filing-history,0,,ORG:107039
Curveball Leisure Ltd,05287160,register,CURVEBALL LEISURE LTD,active,2025-06-30,2026-03-31,accounts-with-accounts-type-full,full,73481000,ixbrl,yes,xhtml,https://find-and-update.company-information.service.gov.uk/company/05287160/filing-history,0,,ORG:117685
Custom Pharmaceuticals Ltd,01431692,register,CUSTOM PHARMACEUTICALS LIMITED,voluntary-arrangement,2025-06-30,2026-02-03,accounts-with-accounts-type-medium,medium,16681265,ixbrl,yes,xhtml,https://find-and-update.company-information.service.gov.uk/company/01431692/filing-history,0,,ORG:101602
Custom Powders Limited,01465593,register,CUSTOM POWDERS LIMITED,active,2025-12-31,2026-06-29,accounts-with-accounts-type-small,small,,,unknown,pdf (not read),https://find-and-update.company-information.service.gov.uk/company/01465593/filing-history,0,,ORG:104727
Custompac Limited,01274926,register,CUSTOMPAC LIMITED,active,2025-08-31,2026-02-13,accounts-with-accounts-type-total-exemption-full,small,,,unknown,xhtml,https://find-and-update.company-information.service.gov.uk/company/01274926/filing-history,0,,ORG:100172
Cutwel Limited,03202912,register,CUTWEL LIMITED,active,2026-04-30,2026-10-01,accounts-with-accounts-type-full,full,26347446,text,yes,xhtml,https://find-and-update.company-information.service.gov.uk/company/03202912/filing-history,0,,ORG:101261
CVH Spirits Ltd,SC109881,register,CVH SPIRITS LIMITED,active,2025-06-30,2026-03-19,accounts-with-accounts-type-group,group,,,likely,pdf (not read),https://find-and-update.company-information.service.gov.uk/company/SC109881/filing-history,0,,ORG:101824
CVS (UK) Ltd,03777473,register,CVS (UK) LIMITED,active,2025-06-30,2025-11-05,accounts-with-accounts-type-full,full,,,likely,pdf (not read),https://find-and-update.company-information.service.gov.uk/company/03777473/filing-history,2,,ORG:101798
CYBEX GMBH  UK BRANCH,FC031015,name search,"CYBEX GMBH, UK BRANCH",active,,,,,,,,,https://find-and-update.company-information.service.gov.uk/company/FC031015/filing-history,0,no accounts filing with a document,ORG:116271
CYCLESPORT NORTH LIMITED,04149504,register,CYCLESPORT NORTH LIMITED,active,2025-11-02,2026-08-09,accounts-with-accounts-type-full,full,,,likely,pdf (not read),https://find-and-update.company-information.service.gov.uk/company/04149504/filing-history,0,,ORG:116230
Cytec Engineered Materials Ltd,02851421,register,CYTEC ENGINEERED MATERIALS LIMITED,active,2025-12-31,2026-09-25,accounts-with-accounts-type-full,full,,,likely,pdf (not read),https://find-and-update.company-information.service.gov.uk/company/02851421/filing-history,0,,ORG:103351
Cytec industrial Materials (Derby) Limited,02264869,register,CYTEC INDUSTRIAL MATERIALS (DERBY) LIMITED,active,2025-12-31,2026-01-30,accounts-with-accounts-type-dormant,dormant,,,no,pdf (not read),https://find-and-update.company-information.service.gov.uk/company/02264869/filing-history,0,,ORG:102289
Cérélia UK Ltd,07412477,register,CÉRÉLIA UK LTD,active,2025-06-30,2026-03-29,accounts-with-accounts-type-full,full,,,likely,pdf (not read),https://find-and-update.company-information.service.gov.uk/company/07412477/filing-history,0,,ORG:100365
D C I & E FOOD LTD,07185551,register,D C I & E FOOD LTD,active,2025-03-31,2026-01-06,accounts-amended-with-accounts-type-total-exemption-full,small,,,unknown,pdf (not read),https://find-and-update.company-information.service.gov.uk/company/07185551/filing-history,0,,ORG:112659
D&M Audiovisual Ltd,00801901,register,D&M AUDIOVISUAL LTD,active,2024-12-31,2026-04-16,accounts-with-accounts-type-medium,medium,,,likely,pdf (not read),https://find-and-update.company-information.service.gov.uk/company/00801901/filing-history,0,,ORG:102380
D&M Packaging Limited,10985950,register,D & M PACKAGING LIMITED,active,2025-09-30,2026-07-23,accounts-with-accounts-type-medium,medium,13703166,ixbrl,yes,xhtml,https://find-and-update.company-information.service.gov.uk/company/10985950/filing-history,0,,ORG:115134
D. & F. MCCARTHY LIMITED,00352674,register,D. & F. MCCARTHY LIMITED,active,2025-12-31,2026-08-04,accounts-with-accounts-type-medium,medium,,,likely,pdf (not read),https://find-and-update.company-information.service.gov.uk/company/00352674/filing-history,0,,ORG:104474
D. Jacobson & Sons Ltd,01647853,register,D. JACOBSON & SONS LIMITED,active,2024-12-28,2025-09-05,accounts-with-accounts-type-full,full,,,likely,pdf (not read),https://find-and-update.company-information.service.gov.uk/company/01647853/filing-history,0,,ORG:114708
D. McGhee & Sons Ltd,SC028084,register,D. MCGHEE & SONS LIMITED,active,2025-08-02,2026-03-09,accounts-with-accounts-type-group,group,53809511,text,yes,xhtml,https://find-and-update.company-information.service.gov.uk/company/SC028084/filing-history,0,,ORG:107285
D.A. Pak Limited,03546924,register,D.A. PAK LIMITED,active,2026-03-31,2026-10-07,accounts-with-accounts-type-full,full,13903017,ixbrl,yes,xhtml,https://find-and-update.company-information.service.gov.uk/company/03546924/filing-history,0,,ORG:105298
D.B. Ramsden & Company Limited,00694043,register,D.B. RAMSDEN & COMPANY LIMITED,active,2025-01-31,2025-07-21,accounts-with-accounts-type-medium,medium,59430741,ixbrl,yes,xhtml,https://find-and-update.company-information.service.gov.uk/company/00694043/filing-history,0,,ORG:101144
D.C.K. Concessions Ltd,02715822,register,D.C.K. CONCESSIONS LIMITED,active,2026-02-28,2026-09-01,accounts-with-accounts-type-full,full,,,likely,pdf (not read),https://find-and-update.company-information.service.gov.uk/company/02715822/filing-history,0,,ORG:106888
D.J.Squire & Co.  Limited,00316151,register,"D.J.SQUIRE & CO.,LIMITED",active,2025-07-31,2026-04-18,accounts-with-accounts-type-group,group,,,likely,pdf (not read),https://find-and-update.company-information.service.gov.uk/company/00316151/filing-history,1,,ORG:107173
D.K. Tools Limited,02336735,register,D.K. TOOLS LIMITED,active,2025-03-31,2025-12-10,accounts-with-accounts-type-total-exemption-full,small,,,unknown,xhtml,https://find-and-update.company-information.service.gov.uk/company/02336735/filing-history,0,,ORG:105345
D.R.WAKEFIELD & COMPANY LIMITED,00971152,register,D.R.WAKEFIELD & COMPANY LIMITED,active,2025-01-31,2025-10-30,accounts-with-accounts-type-group,group,89403693,text,yes,xhtml,https://find-and-update.company-information.service.gov.uk/company/00971152/filing-history,0,,ORG:104685
D.Stewart & Son  Ltd,00142895,register,"D.STEWART & SON, LIMITED",active,2025-01-31,2025-11-03,accounts-with-accounts-type-full,full,,,likely,pdf (not read),https://find-and-update.company-information.service.gov.uk/company/00142895/filing-history,0,,ORG:107544
D.T.(Automotives)Limited,01049663,register,D.T.(AUTOMOTIVES)LIMITED,active,2025-12-31,2026-09-23,accounts-with-accounts-type-full,full,46919939,text,yes,xhtml,https://find-and-update.company-information.service.gov.uk/company/01049663/filing-history,0,,ORG:100137
D.W. Windsor Limited,01309755,register,D.W. WINDSOR LIMITED,active,2024-12-31,2025-10-08,accounts-with-accounts-type-audit-exemption-subsiduary,subsidiary,,,unknown,pdf (not read),https://find-and-update.company-information.service.gov.uk/company/01309755/filing-history,0,,ORG:106020
Dacrylate Paints Ltd,01744820,register,DACRYLATE PAINTS LIMITED,active,2025-12-31,2026-07-16,accounts-with-accounts-type-small,small,,,unknown,xhtml,https://find-and-update.company-information.service.gov.uk/company/01744820/filing-history,0,,ORG:102188
DAF Trucks NV,,,,,,,,,,,,,,0,no Companies House number in register and no exact name match,ORG:107342
Daiichi Sankyo UK Ltd,01998736,register,DAIICHI SANKYO UK LIMITED,active,2025-03-31,2025-12-05,accounts-with-accounts-type-full,full,,,likely,pdf (not read),https://find-and-update.company-information.service.gov.uk/company/01998736/filing-history,0,,ORG:102450
Daikin Airconditioning UK Limited,04616794,register,DAIKIN AIRCONDITIONING UK LIMITED,active,2026-03-31,2026-07-12,accounts-with-accounts-type-full,full,,,likely,pdf (not read),https://find-and-update.company-information.service.gov.uk/company/04616794/filing-history,0,,ORG:100229
Daily Bake Holdings Ltd,NI631635,register,DAILY BAKE HOLDINGS LIMITED,active,2026-03-31,2026-09-02,accounts-with-accounts-type-total-exemption-full,small,,,unknown,xhtml,https://find-and-update.company-information.service.gov.uk/company/NI631635/filing-history,2,,ORG:105891
DAIMLER TRUCK UK LIMITED,10304244,register,DAIMLER TRUCK UK LIMITED,active,2025-12-31,2026-09-29,accounts-with-accounts-type-full,full,,,likely,pdf (not read),https://find-and-update.company-information.service.gov.uk/company/10304244/filing-history,0,,ORG:107191
Dairi-Pak Limited,05616891,register,DAIRI-PAK LIMITED,active,2025-03-31,2025-11-27,accounts-with-accounts-type-total-exemption-full,small,,,unknown,xhtml,https://find-and-update.company-information.service.gov.uk/company/05616891/filing-history,0,,ORG:102153
DAIRY CONSUMER FOODS (UK) LIMITED,12866409,register,DAIRY CONSUMER FOODS (UK) LIMITED,active,2025-12-31,2026-09-10,accounts-with-accounts-type-full,full,,,likely,pdf (not read),https://find-and-update.company-information.service.gov.uk/company/12866409/filing-history,0,,ORG:103148
Dairy Crest Limited,02085882,register,DAIRY CREST LIMITED,active,2025-03-31,2025-11-19,accounts-with-accounts-type-full,full,,,likely,pdf (not read),https://find-and-update.company-information.service.gov.uk/company/02085882/filing-history,0,,ORG:102428
Dairy Partners Limited,02900999,register,DAIRY PARTNERS LIMITED,active,2025-12-31,2026-09-30,accounts-with-accounts-type-group,group,,,likely,xhtml,https://find-and-update.company-information.service.gov.uk/company/02900999/filing-history,1,,ORG:103780
Dairygold Food Ingredients (UK) Limited,01514948,register,DAIRYGOLD FOOD INGREDIENTS (UK) LIMITED,active,2023-12-31,2025-09-02,accounts-amended-with-accounts-type-full,full,,,likely,pdf (not read),https://find-and-update.company-information.service.gov.uk/company/01514948/filing-history,0,,ORG:107778
Daisy's Nail Company Ltd,08216906,register,DAISY'S NAIL COMPANY LTD,active,2025-03-31,2025-12-23,accounts-with-accounts-type-medium,medium,25848553,ixbrl,yes,xhtml,https://find-and-update.company-information.service.gov.uk/company/08216906/filing-history,0,,ORG:116396
Daiwa Sports Ltd,01295286,register,DAIWA SPORTS LIMITED,active,2025-12-31,2026-09-30,accounts-with-accounts-type-full,full,,,likely,pdf (not read),https://find-and-update.company-information.service.gov.uk/company/01295286/filing-history,0,,ORG:101882
Dale Farm Limited,NI025356,register,DALE FARM LIMITED,active,2025-03-31,2025-11-04,accounts-with-accounts-type-group,group,,,likely,pdf (not read),https://find-and-update.company-information.service.gov.uk/company/NI025356/filing-history,1,,ORG:101466
Daler-Rowney Ltd,00194555,register,DALER-ROWNEY LIMITED,active,2025-12-31,2026-09-25,accounts-with-accounts-type-full,,,,,,https://find-and-update.company-information.service.gov.uk/company/00194555/filing-history,0,"ProxyError: HTTPSConnectionPool(host='s3.eu-west-2.amazonaws.com', port=443): Max retries exceeded with url: /document-api-images-live.ch.gov.uk/docs/jQLqb27fAv76kLslIlL2nysqOzXoVWw3T98TJtz2NT4/application-xhtml%252Bxml?X-Amz-Algorithm=AWS4-HMAC-SHA256&X-Amz-Credential=ASIAWRGBDBV3KHOESNCX%2F20261008%2Feu-west-2%2Fs3%2Faws4_request&X-Amz-Date=20261008T111123Z&X-Amz-Expires=60&X-Amz-Security-Token=IQoJb3JpZ2luX2VjEFoaCWV1LXdlc3QtMiJHMEUCIEWSkqzs42IdOBBSO%2BGfrK46onMncAlQAK1KQt3SBjmFAiEA%2F52obvPwxqiSN187ymdfHumFQ3Us0OKZiPI29ohGbvQqgQQIIhAFGgw0NDkyMjkwMzI4MjIiDOsbrigtviVNWFmjWyreA5WXa7iisGoRhb1HXz7ekmq%2BvAQ8%2Bqy8Mfh6fzbRabZgEoiMQmNlTdfey6xiB07y%2Bj9zn0P6tld%2F7RewqIqDCy5jzdawftAGsvOHgYKPs6GAnHsBgta2N2L%2FkBOZz9cHNdQKYUqDF%2FYSMM5SKoEOT9gOHrXEbQenk%2F7pH4A7Lcv6SusTodaOMP9aQMUmfAeFWz03tsKILutTZD8ypeYs%2BH7wZYF8s39%2B9AISh8U3MmfSTDgZvwSg8r9XEBbUkWw4dwMtythQMpsyYQF2T9qu5scDxQ2X6oOqkjj%2Bcv2keqt84VfvlHUxl0LN%2Bl9%2Ftd%2Fdet%2FOtkCSqEizooObNloJgSmi73LnJZVjWNtStPwWxQDELNSSEILH6R5AiRkI6T1FBiO8h7nwPqjAWX%2FLfZnxqkRkt3l2KWw0p0R0qc1hDXoSAWLDDftz0rxzPdAgWnJ7CKO31Q8zXjtMJeteLsSGPvZCO7GcPvsZzVW%2F2IvoAqEz2%2Bhc%2BU6cwodfvtWeZhUbkP4xHrwIjax257M91O4DDj32cwNNLaC4VHIsxuXudd9uHcD9a2ias2U9KzHeZV3isjjccE8JyPVoFzzROtzQnQMacYuge%2B5Fi1uYojimAaz4LCYssz6WLvQ%2FdGjqKf0wps%2Bd1gY6pQHPrB33lCic95GPE8CGu7nLrKBqB1P4%2FeaFwo0PAMpb446w1KrZD1tt%2F7u4CnUN%2FmWgHhCJcIRSgbxrPCw2bfJWUiCUTTdj5Te3Q9wbjMz6TY%2B3hipR2XkKrDFUmasiPUusVCFs3OewYcSmnWNIgeqHz5VytB3CwNmbQ%2B9u0gEqynR8vEqh2Y0uAK9kuuW9TznS%2FBg6qBv0Z6DwLN8ujsB87RsQkeo%3D&X-Amz-SignedHeaders=host&response-content-disposition=inline%3Bfilename%3D%2200194555_aa_2026-09-25.xhtml%22&X-Amz-Signature=d87eb7c8e800df6b8f31885f76bb719c3f8c499af65ea455d3ef36c4b8537f01 (Caused by ProxyError('Unable to connect to proxy', RemoteDisconnected('Remote end closed connection without response')))",ORG:106237
DALESMAN (NEWCASTLE) LIMITED,02096726,register,DALESMAN (NEWCASTLE) LIMITED,active,2025-05-31,2025-12-10,accounts-with-accounts-type-total-exemption-full,small,,,unknown,xhtml,https://find-and-update.company-information.service.gov.uk/company/02096726/filing-history,0,,ORG:116623
DALOON FOODS (U.K.) LIMITED,01659909,register,DALOON FOODS (U.K.) LIMITED,active,2024-12-31,2025-12-15,accounts-with-accounts-type-small,small,,,unknown,xhtml,https://find-and-update.company-information.service.gov.uk/company/01659909/filing-history,0,,ORG:106806
Dalston's Soda Company Ltd,08020637,register,DALSTON'S SODA COMPANY LTD,active,2025-12-31,2026-10-06,accounts-with-accounts-type-total-exemption-full,small,,,unknown,xhtml,https://find-and-update.company-information.service.gov.uk/company/08020637/filing-history,0,,ORG:114193
Dalter UK Ltd,07571025,register,DALTER UK LIMITED,active,2025-12-31,2026-07-17,accounts-with-accounts-type-medium,medium,63305823,ixbrl,yes,xhtml,https://find-and-update.company-information.service.gov.uk/company/07571025/filing-history,0,,ORG:108406
Damartex UK Limited,00852773,register,DAMARTEX UK LIMITED,active,2025-06-27,2026-03-15,accounts-with-accounts-type-full,full,,,likely,pdf (not read),https://find-and-update.company-information.service.gov.uk/company/00852773/filing-history,0,,ORG:103162
Damm 1876 Ltd,07243661,register,DAMM 1876 LTD,active,2025-12-31,2026-09-09,accounts-with-accounts-type-full,full,53684010,text,yes,xhtml,https://find-and-update.company-information.service.gov.uk/company/07243661/filing-history,0,,ORG:107606
DAMS Furniture Limited,07014675,register,DAMS FURNITURE LIMITED,active,2025-09-30,2026-06-19,accounts-with-accounts-type-full,full,59219548,ixbrl,yes,xhtml,https://find-and-update.company-information.service.gov.uk/company/07014675/filing-history,0,,ORG:100735
Dana UK Axle Limited,06088792,register,DANA UK AXLE LIMITED,active,2024-12-31,2026-02-02,accounts-with-accounts-type-full,full,,,likely,pdf (not read),https://find-and-update.company-information.service.gov.uk/company/06088792/filing-history,0,,ORG:107435
Dandy Lions Ltd,03868466,register,DANDY LIONS LIMITED,active,2025-12-31,2026-09-25,accounts-with-accounts-type-full,full,,,likely,pdf (not read),https://find-and-update.company-information.service.gov.uk/company/03868466/filing-history,0,,ORG:104496
Danesmoor Group Limited,08143416,register,DANESMOOR GROUP LIMITED,active,2025-04-30,2026-02-04,accounts-with-accounts-type-group,group,,,likely,pdf (not read),https://find-and-update.company-information.service.gov.uk/company/08143416/filing-history,2,,ORG:107535
Danfoss Limited,02605811,register,DANFOSS LIMITED,active,2024-12-31,2025-11-25,accounts-with-accounts-type-full,full,150501000,text,yes,xhtml,https://find-and-update.company-information.service.gov.uk/company/02605811/filing-history,0,,ORG:105417
Daniel Thwaites Public Limited Company,00051702,register,DANIEL THWAITES PUBLIC LIMITED COMPANY,active,2026-03-31,2026-08-10,accounts-with-accounts-type-group,group,,,likely,pdf (not read),https://find-and-update.company-information.service.gov.uk/company/00051702/filing-history,0,,ORG:101586
Danish Crown UK Ltd,02021233,register,DANISH CROWN UK LIMITED,active,2025-09-30,2026-06-27,accounts-with-accounts-type-full,full,,,likely,pdf (not read),https://find-and-update.company-information.service.gov.uk/company/02021233/filing-history,0,,ORG:103504
Danone Holdings (UK),02255846,register,DANONE HOLDINGS (UK),active,2025-12-31,2026-08-14,accounts-with-accounts-type-full,full,,,likely,pdf (not read),https://find-and-update.company-information.service.gov.uk/company/02255846/filing-history,3,,ORG:104798
Danzer UK Ltd,01387446,register,DANZER UK LIMITED,active,2025-12-31,2026-09-18,accounts-with-accounts-type-medium,medium,,,likely,pdf (not read),https://find-and-update.company-information.service.gov.uk/company/01387446/filing-history,0,,ORG:100502
DAR Lighting Limited,05270864,register,DAR LIGHTING LIMITED,active,2025-06-30,2026-03-29,accounts-with-accounts-type-full,full,,,likely,pdf (not read),https://find-and-update.company-information.service.gov.uk/company/05270864/filing-history,0,,ORG:102955
Darby Nursery Stock Ltd,00748302,register,DARBY NURSERY STOCK LIMITED,active,2025-12-31,2026-09-21,accounts-with-accounts-type-total-exemption-full,small,,,unknown,pdf (not read),https://find-and-update.company-information.service.gov.uk/company/00748302/filing-history,0,,ORG:100403
Darcy Products Limited,00472058,register,DARCY PRODUCTS LIMITED,active,2025-09-30,2026-05-10,accounts-with-accounts-type-full,full,,,likely,pdf (not read),https://find-and-update.company-information.service.gov.uk/company/00472058/filing-history,0,,ORG:100211
Daregal Gourmet Ltd,06032669,register,DAREGAL GOURMET LIMITED,active,2025-12-31,2026-09-25,accounts-with-accounts-type-medium,medium,21002792,ixbrl,yes,xhtml,https://find-and-update.company-information.service.gov.uk/company/06032669/filing-history,0,,ORG:106895
Darley Limited,00405648,register,DARLEY LIMITED,active,2025-04-30,2026-02-04,accounts-with-accounts-type-full,full,,,likely,pdf (not read),https://find-and-update.company-information.service.gov.uk/company/00405648/filing-history,0,,ORG:104684
Darlington and Daughters,06255483,register,DARLINGTON AND DAUGHTERS,active,,,,,,,,,https://find-and-update.company-information.service.gov.uk/company/06255483/filing-history,0,no accounts filing with a document,ORG:114029
Dart Tool Group Ltd,SC425064,register,DART TOOL GROUP LTD,active,2025-12-31,2026-09-24,accounts-with-accounts-type-total-exemption-full,small,,,unknown,xhtml,https://find-and-update.company-information.service.gov.uk/company/SC425064/filing-history,0,,ORG:108680
Darta UK Ltd,04652372,register,DARTA UK LTD,active,2025-06-30,2026-04-19,accounts-with-accounts-type-full,full,,,likely,pdf (not read),https://find-and-update.company-information.service.gov.uk/company/04652372/filing-history,0,,ORG:100718
Darta Yorkshire Ltd,10595430,register,DARTA YORKSHIRE LTD,active,2025-06-30,2026-04-19,accounts-with-accounts-type-full,full,,,likely,pdf (not read),https://find-and-update.company-information.service.gov.uk/company/10595430/filing-history,0,,ORG:100730
Dartmoor Brewery Limited,02909638,register,DARTMOOR BREWERY LIMITED,active,2025-04-30,2025-08-25,accounts-with-accounts-type-total-exemption-full,small,,,unknown,xhtml,https://find-and-update.company-information.service.gov.uk/company/02909638/filing-history,0,,ORG:111686
Dartmouth Foods Ltd,03935293,register,DARTMOUTH FOODS LTD,active,2025-05-31,2026-02-17,accounts-with-accounts-type-full,full,20227179,ixbrl,yes,xhtml,https://find-and-update.company-information.service.gov.uk/company/03935293/filing-history,0,,ORG:107254
Dash Brands Ltd,10016000,register,DASH BRANDS LTD,active,2025-12-31,2026-08-11,accounts-with-accounts-type-group,group,22481100,text,yes,xhtml,https://find-and-update.company-information.service.gov.uk/company/10016000/filing-history,0,,ORG:107007
Datim Ltd,08813037,register,DATIM LTD,active,2025-12-31,2026-06-30,accounts-with-accounts-type-full,full,19307573,text,yes,xhtml,https://find-and-update.company-information.service.gov.uk/company/08813037/filing-history,0,,ORG:111488
DAU DRAEXLMAIER AUTOMOTIVE UK LIMITED,03485431,register,DAU DRAEXLMAIER AUTOMOTIVE UK LIMITED,active,2024-12-31,2025-09-25,accounts-with-accounts-type-full,full,,,likely,pdf (not read),https://find-and-update.company-information.service.gov.uk/company/03485431/filing-history,0,,ORG:101266
DAVENPORT PAPER CO LIMITED,02012280,register,DAVENPORT PAPER CO LIMITED,active,2025-12-31,2026-09-23,accounts-with-accounts-type-small,small,,,unknown,xhtml,https://find-and-update.company-information.service.gov.uk/company/02012280/filing-history,0,,ORG:107957
DAVID AUSTIN ROSES LIMITED,02701780,register,DAVID AUSTIN ROSES LIMITED,active,2025-07-31,2026-07-27,accounts-with-accounts-type-medium,medium,28493298,ixbrl,yes,xhtml,https://find-and-update.company-information.service.gov.uk/company/02701780/filing-history,0,,ORG:105746
DAVID COVER AND SON LIMITED,00396804,register,DAVID COVER AND SON LIMITED,active,2025-12-31,2026-09-04,accounts-with-accounts-type-full,full,93169301,text,yes,xhtml,https://find-and-update.company-information.service.gov.uk/company/00396804/filing-history,0,,ORG:104923
DAVID LLOYD LEISURE LIMITED,01516226,register,DAVID LLOYD LEISURE LIMITED,active,2025-12-31,2026-09-07,accounts-with-accounts-type-full,full,,,likely,pdf (not read),https://find-and-update.company-information.service.gov.uk/company/01516226/filing-history,0,,ORG:106774
David Wood Baking Ltd,06541251,register,DAVID WOOD BAKING LIMITED,active,2024-11-30,2025-04-03,accounts-with-accounts-type-full,full,,,likely,pdf (not read),https://find-and-update.company-information.service.gov.uk/company/06541251/filing-history,0,,ORG:102322
Davidson Holdings Ltd,04970157,register,DAVIDSON HOLDINGS LIMITED,active,2025-04-30,2025-10-08,accounts-with-accounts-type-group,group,,,likely,pdf (not read),https://find-and-update.company-information.service.gov.uk/company/04970157/filing-history,4,,ORG:107743
Davis & Moore Limited,09995335,register,DAVIS & MOORE LIMITED,active,2026-03-31,2026-08-09,accounts-with-accounts-type-total-exemption-full,small,,,unknown,pdf (not read),https://find-and-update.company-information.service.gov.uk/company/09995335/filing-history,0,,ORG:116469
Davis Schottlander & Davis Limited,00505471,register,DAVIS SCHOTTLANDER & DAVIS LIMITED,active,2025-12-31,2026-09-08,accounts-with-accounts-type-full,full,13137949,text,yes,xhtml,https://find-and-update.company-information.service.gov.uk/company/00505471/filing-history,0,,ORG:101828
Davy & Company Limited,00129564,register,DAVY & COMPANY LIMITED,active,2025-03-30,2025-12-17,accounts-with-accounts-type-full,full,12128004,text,yes,xhtml,https://find-and-update.company-information.service.gov.uk/company/00129564/filing-history,0,,ORG:101806
Davy's of London (Wine Merchants) Limited,00963147,register,DAVY'S OF LONDON (WINE MERCHANTS) LIMITED,active,2025-03-30,2025-12-20,accounts-with-accounts-type-group,group,,,likely,pdf (not read),https://find-and-update.company-information.service.gov.uk/company/00963147/filing-history,0,,ORG:104322
Dawn Foods Ltd,02417948,register,DAWN FOODS LIMITED,active,2025-12-31,2026-09-25,accounts-with-accounts-type-full,full,,,likely,pdf (not read),https://find-and-update.company-information.service.gov.uk/company/02417948/filing-history,0,,ORG:104962
Day Group Ltd,00432417,register,DAY GROUP LIMITED,active,2025-03-31,2025-08-29,accounts-with-accounts-type-full,full,,,likely,pdf (not read),https://find-and-update.company-information.service.gov.uk/company/00432417/filing-history,0,,ORG:100419
Day International (U.K.) Ltd,SC031497,register,DAY INTERNATIONAL (U.K.) LIMITED,active,2024-12-31,2025-11-17,accounts-with-accounts-type-full,full,,,likely,pdf (not read),https://find-and-update.company-information.service.gov.uk/company/SC031497/filing-history,0,,ORG:105174
DAY LEWIS PLC,01202866,register,DAY LEWIS PLC,active,2026-03-31,2026-09-11,accounts-with-accounts-type-group,group,,,likely,pdf (not read),https://find-and-update.company-information.service.gov.uk/company/01202866/filing-history,6,,ORG:102632
Daybreak Foods Limited,06787889,register,DAYBREAK FOODS LIMITED,active,2025-10-31,2026-07-30,accounts-with-accounts-type-full,full,37122982,ixbrl,yes,xhtml,https://find-and-update.company-information.service.gov.uk/company/06787889/filing-history,0,,ORG:105042
Dayes Limited,03765504,register,DAYES LIMITED,active,2025-12-31,2026-09-28,accounts-with-accounts-type-full,full,17896977,text,yes,xhtml,https://find-and-update.company-information.service.gov.uk/company/03765504/filing-history,0,,ORG:102109
Dayla Limited,00384654,register,DAYLA LIMITED,active,2025-01-31,2025-06-27,accounts-with-accounts-type-full,full,,,likely,pdf (not read),https://find-and-update.company-information.service.gov.uk/company/00384654/filing-history,0,,ORG:107462
Daymer Ingredients Ltd,04835154,register,DAYMER INGREDIENTS LIMITED,active,2025-11-30,2026-08-26,accounts-with-accounts-type-total-exemption-full,small,,,unknown,xhtml,https://find-and-update.company-information.service.gov.uk/company/04835154/filing-history,0,,ORG:100655
DCS Group (UK) Limited,02580758,register,DCS GROUP (UK) LIMITED,active,2025-06-30,2026-04-11,accounts-with-accounts-type-full,full,,,likely,pdf (not read),https://find-and-update.company-information.service.gov.uk/company/02580758/filing-history,0,,ORG:104275
DD Products And Services Ltd,01196676,register,DD PRODUCTS AND SERVICES LTD,active,2025-06-30,2026-01-07,accounts-with-accounts-type-full,full,,,likely,pdf (not read),https://find-and-update.company-information.service.gov.uk/company/01196676/filing-history,0,,ORG:107966
DDW Colours UK Ltd.,02345988,register,DDW COLOURS UK LTD.,active,2025-12-31,2026-08-10,accounts-with-accounts-type-full,full,,,likely,pdf (not read),https://find-and-update.company-information.service.gov.uk/company/02345988/filing-history,0,,ORG:102635
DE BURGH FINE WINE LIMITED,SC435185,register,DE BURGH FINE WINE LIMITED,active,2025-12-31,2026-08-26,accounts-with-accounts-type-total-exemption-full,small,,,unknown,xhtml,https://find-and-update.company-information.service.gov.uk/company/SC435185/filing-history,0,,ORG:116323
DE CECCO U.K. LIMITED,04653850,register,DE CECCO U.K. LIMITED,active,2024-12-31,2025-10-07,accounts-with-accounts-type-small,small,,,unknown,pdf (not read),https://find-and-update.company-information.service.gov.uk/company/04653850/filing-history,0,,ORG:104941
De Groot Fresh Produce UK Ltd,06026309,register,DE GROOT FRESH PRODUCE UK LIMITED,active,2024-12-31,2025-09-26,accounts-with-accounts-type-full,full,22351102,ixbrl,yes,xhtml,https://find-and-update.company-information.service.gov.uk/company/06026309/filing-history,0,,ORG:106058
De Ree UK Limited,05357534,register,DE REE UK LIMITED,active,2026-06-30,2026-09-22,accounts-with-accounts-type-small,small,,,unknown,xhtml,https://find-and-update.company-information.service.gov.uk/company/05357534/filing-history,0,,ORG:107984
DE SANGOSSE LTD.,02871017,register,DE SANGOSSE LTD.,active,2025-08-31,2026-05-20,accounts-with-accounts-type-full,full,,,likely,pdf (not read),https://find-and-update.company-information.service.gov.uk/company/02871017/filing-history,0,,ORG:106395
Dean Packaging Limited,04036546,register,DEAN PACKAGING LIMITED,active,2025-06-30,2025-12-30,accounts-with-accounts-type-small,small,,,unknown,pdf (not read),https://find-and-update.company-information.service.gov.uk/company/04036546/filing-history,0,,ORG:117857
Dean's of Huntly Limited,SC116801,register,DEAN'S OF HUNTLY LIMITED,active,2025-06-30,2026-01-08,accounts-with-accounts-type-full,full,,,likely,pdf (not read),https://find-and-update.company-information.service.gov.uk/company/SC116801/filing-history,1,,ORG:102199
Deansbridge Supermarket Limited,NI047946,register,DEANSBRIDGE SUPERMARKET LIMITED,active,2025-05-31,2026-01-22,accounts-with-accounts-type-total-exemption-full,small,,,unknown,xhtml,https://find-and-update.company-information.service.gov.uk/company/NI047946/filing-history,0,,ORG:104145
DEAO Limited,08552357,register,DEAO LIMITED,active,2025-05-31,2026-02-24,accounts-with-accounts-type-total-exemption-full,small,,,unknown,xhtml,https://find-and-update.company-information.service.gov.uk/company/08552357/filing-history,0,,ORG:114670
Debenhams Group Holdings Ltd,11941376,register,DEBENHAMS GROUP HOLDINGS LIMITED,active,2025-02-28,2026-03-04,accounts-with-accounts-type-group,group,,,likely,pdf (not read),https://find-and-update.company-information.service.gov.uk/company/11941376/filing-history,12,,ORG:106033
Debriar Ltd,01585381,register,DEBRIAR LIMITED,active,2026-03-31,2026-08-14,accounts-with-accounts-type-total-exemption-full,small,,,unknown,xhtml,https://find-and-update.company-information.service.gov.uk/company/01585381/filing-history,0,,ORG:100042
Decantae Mineral Water Ltd,01949922,register,DECANTAE MINERAL WATER LIMITED,active,2025-03-31,2025-12-24,accounts-with-accounts-type-total-exemption-full,small,,,unknown,xhtml,https://find-and-update.company-information.service.gov.uk/company/01949922/filing-history,0,,ORG:104351
Decathlon UK Limited,03140144,register,DECATHLON UK LIMITED,active,2025-12-31,2026-06-25,accounts-with-accounts-type-full,full,,,likely,pdf (not read),https://find-and-update.company-information.service.gov.uk/company/03140144/filing-history,0,,ORG:100294
Decent Packaging Ltd,11709102,register,DECENT PACKAGING LTD,active,2024-12-31,2025-09-22,accounts-with-accounts-type-small,small,,,unknown,xhtml,https://find-and-update.company-information.service.gov.uk/company/11709102/filing-history,0,,ORG:107504
DECEUNINCK LIMITED,01565521,register,DECEUNINCK LIMITED,active,2025-12-31,2026-07-08,accounts-with-accounts-type-full,full,,,likely,pdf (not read),https://find-and-update.company-information.service.gov.uk/company/01565521/filing-history,0,,ORG:105973
Dechra Veterinary Products Limited,05385888,register,DECHRA VETERINARY PRODUCTS LIMITED,active,2025-06-30,2026-03-21,accounts-with-accounts-type-audit-exemption-subsiduary,subsidiary,,,unknown,pdf (not read),https://find-and-update.company-information.service.gov.uk/company/05385888/filing-history,0,,ORG:107082
Deciem UK Ltd.,08375251,register,DECIEM UK LTD.,active,2025-06-30,2026-04-12,accounts-with-accounts-type-full,full,,,likely,pdf (not read),https://find-and-update.company-information.service.gov.uk/company/08375251/filing-history,0,,ORG:101459
Deckers Europe Ltd,05663055,register,DECKERS EUROPE LIMITED,active,2025-03-31,2026-01-03,accounts-with-accounts-type-full,full,,,likely,pdf (not read),https://find-and-update.company-information.service.gov.uk/company/05663055/filing-history,0,,ORG:106230
Deckers Trading Ltd,02188064,register,DECKERS TRADING LTD,active,2025-09-30,2026-06-29,accounts-with-accounts-type-full,full,41703412,ixbrl,yes,xhtml,https://find-and-update.company-information.service.gov.uk/company/02188064/filing-history,0,,ORG:100197
Deckers UK Ltd,06618944,register,DECKERS UK LTD,active,2025-03-31,2026-01-03,accounts-with-accounts-type-full,full,,,likely,pdf (not read),https://find-and-update.company-information.service.gov.uk/company/06618944/filing-history,0,,ORG:106244
Decora Blind Systems Limited,NI014427,register,DECORA BLIND SYSTEMS LIMITED,active,2025-12-31,2026-09-22,accounts-with-accounts-type-full,full,,,likely,pdf (not read),https://find-and-update.company-information.service.gov.uk/company/NI014427/filing-history,0,,ORG:104499
Decorative Panels Holdings Limited,00792998,register,DECORATIVE PANELS HOLDINGS LIMITED,active,2025-03-31,2025-12-22,accounts-with-accounts-type-group,,,,,,https://find-and-update.company-information.service.gov.uk/company/00792998/filing-history,3,"ProxyError: HTTPSConnectionPool(host='s3.eu-west-2.amazonaws.com', port=443): Max retries exceeded with url: /document-api-images-live.ch.gov.uk/docs/QvN-yq4irlDgV1g83Aps36B3-7fpzrHpJGC4RTdlq_g/application-xhtml%252Bxml?X-Amz-Algorithm=AWS4-HMAC-SHA256&X-Amz-Credential=ASIAWRGBDBV3B377YOG3%2F20261008%2Feu-west-2%2Fs3%2Faws4_request&X-Amz-Date=20261008T111357Z&X-Amz-Expires=60&X-Amz-Security-Token=IQoJb3JpZ2luX2VjEFcaCWV1LXdlc3QtMiJHMEUCIBUkRy7cYyNZ5o3Zxkc3z2qzG5I84YW3OzK%2BiJNJRkiXAiEAltfyd5r6KVCHp2hToWBKgvi3whK4sQjVZmDX18oG%2FFYqgQQIHxAFGgw0NDkyMjkwMzI4MjIiDEcgN80OFzFpdwcSAireAx4mG7PWfui2FB6qgrKRPm2Is3UQYU%2BFI%2B4QjVrlqxg8mknlCqtZ8jecO6eIHN4LsuCK7mAetOEuIBXhMhFILuRPGJdJxh%2Fn1WZLzlNo8PWqixLK1BpX6Yj5E2ygbIh7uvLxCGTJmnqj%2FvXfWiH72AosntHMw3blm4rjTr2eCfHO8LF6KgwuqFaP%2FLxIbwllr%2FD0c6vtjRkF%2FWJUQxE2NKnwsqDWC%2FfIMJUgH9HkfPPxaz320w5OTPU3Fs22v9m81duIV5RPxr%2B1SYTdenMsVDy9yBaAuVAiiZ3tKSR0PxASiXE9GByQGkz%2BS9JVegs3TZDpB1D30zZM1JAGpevsBA5pIvF01Zx7Hlog%2BSuKJhuBpybvrOmOfzkIhuS4IR1GnUvqjEVmL5907nWB9shZ%2Fh599oxgaZMH%2FxmAWRCxzBNDBFyjY8yuQx5UKmeGuGyPieie%2BHLdj5ibBvXH4Vsg6he7%2FfNeB45sEldownRYpSsf54yi3o8pzaOq%2FB%2FmJ2rY8XaQC7rOPqlGz%2BXijA%2B2T%2BgqREmj7NcVsI20pIcwR%2ByOsE5Ur5dH0FNoFqDHoakDZ%2FN0u5UHqYON9bUJqFqz5tEsMkwvABrkZigcYpUPRYHRWIW68%2F8YNJZxcbbojUUwgvCc1gY6pQEy70aGQGnu4O5Jy%2B8o7aRG7Tg69hKBbm%2BOHEMEadi3O0H%2BkV6i1afQ9eOM6Y%2FmwkqWuVy4LeBKeTpqu69WDNGvQfM2Lo%2BT0ZLnzrOeMn8AocoGLykrV5ukCO%2FqA4h6nXK7tDEW23mpI6paaBIhBTX11ga%2B76cJaTKbBC3jCrQLxIPPrwsiRJMUy%2B3hGomXnIKZ6jQTA5GmtIVtxBsA3prZFC69n3A%3D&X-Amz-SignedHeaders=host&response-content-disposition=inline%3Bfilename%3D%2200792998_aa_2025-12-22.xhtml%22&X-Amz-Signature=7c788b94f38d1b3ce58bc525e8974947fddb4fcab9c9791068777f68bb725a60 (Caused by ProxyError('Unable to connect to proxy', RemoteDisconnected('Remote end closed connection without response')))",ORG:106034
Decospan UK Ltd,02094393,register,DECOSPAN UK LIMITED,active,2025-12-31,2026-09-25,accounts-with-accounts-type-small,small,,,unknown,xhtml,https://find-and-update.company-information.service.gov.uk/company/02094393/filing-history,0,,ORG:105919
Deeside Cereals I Ltd,01246878,register,DEESIDE CEREALS I LTD,active,2025-09-30,2026-07-11,accounts-with-accounts-type-full,full,,,likely,pdf (not read),https://find-and-update.company-information.service.gov.uk/company/01246878/filing-history,0,,ORG:106519
Deichmann-Shoes UK Limited,02893066,register,DEICHMANN-SHOES UK LIMITED,active,2025-12-31,2026-06-23,accounts-with-accounts-type-full,full,,,likely,pdf (not read),https://find-and-update.company-information.service.gov.uk/company/02893066/filing-history,0,,ORG:104718
Dejex Supplies Ltd,01581712,register,DEJEX SUPPLIES LIMITED,active,2025-11-30,2026-06-03,accounts-with-accounts-type-total-exemption-full,small,,,unknown,xhtml,https://find-and-update.company-information.service.gov.uk/company/01581712/filing-history,0,,ORG:100267
Del Monte (UK) Ltd,02416083,register,DEL MONTE (UK) LIMITED,active,2024-12-27,2026-02-02,accounts-with-accounts-type-full,full,,,likely,pdf (not read),https://find-and-update.company-information.service.gov.uk/company/02416083/filing-history,0,,ORG:100822
Delamere Dairy Ltd,03761294,register,DELAMERE DAIRY LIMITED,active,2025-12-31,2026-09-30,accounts-with-accounts-type-full,full,48889108,ixbrl,yes,xhtml,https://find-and-update.company-information.service.gov.uk/company/03761294/filing-history,0,,ORG:100196
Delaware North Companies (UK) Ltd,05166573,register,DELAWARE NORTH COMPANIES (UK) LIMITED,active,2026-01-04,2026-09-29,accounts-with-accounts-type-group,group,,,likely,pdf (not read),https://find-and-update.company-information.service.gov.uk/company/05166573/filing-history,3,,ORG:102123
Delegat Europe Limited,03525765,register,DELEGAT EUROPE LIMITED,active,2025-06-30,2025-12-23,accounts-with-accounts-type-full,full,,,likely,pdf (not read),https://find-and-update.company-information.service.gov.uk/company/03525765/filing-history,0,,ORG:101193
Delice De France Limited,02148529,register,DELICE DE FRANCE LIMITED,active,2025-12-27,2026-08-06,accounts-with-accounts-type-full,full,,,likely,pdf (not read),https://find-and-update.company-information.service.gov.uk/company/02148529/filing-history,0,,ORG:100401
DELIFRANCE (UK) LIMITED,02186392,register,DELIFRANCE (UK) LIMITED,active,2025-06-30,2026-06-05,accounts-with-accounts-type-full,full,,,likely,pdf (not read),https://find-and-update.company-information.service.gov.uk/company/02186392/filing-history,0,,ORG:107923
DELIFRESH LIMITED,04437211,register,DELIFRESH LIMITED,active,2025-05-31,2026-02-27,accounts-with-accounts-type-full,full,70648135,ixbrl,yes,xhtml,https://find-and-update.company-information.service.gov.uk/company/04437211/filing-history,0,,ORG:103632
Delimport Limited,10135636,register,DELIMPORT LIMITED,active,2025-12-31,2026-05-12,accounts-with-accounts-type-total-exemption-full,small,,,unknown,xhtml,https://find-and-update.company-information.service.gov.uk/company/10135636/filing-history,0,,ORG:117296
Dell Corporation Ltd,02081369,register,DELL CORPORATION LIMITED,active,2025-01-31,2025-10-29,accounts-with-accounts-type-full,full,,,likely,pdf (not read),https://find-and-update.company-information.service.gov.uk/company/02081369/filing-history,0,,ORG:102099
Dellner Ferrabyrne Limited,00971894,register,DELLNER FERRABYRNE LIMITED,active,2025-12-31,2026-05-16,accounts-with-accounts-type-full,full,,,likely,pdf (not read),https://find-and-update.company-information.service.gov.uk/company/00971894/filing-history,0,,ORG:115110
Dellner Glass Solutions Ltd,04252701,register,DELLNER GLASS SOLUTIONS LIMITED,active,2025-12-31,2026-06-05,accounts-with-accounts-type-full,full,,,likely,pdf (not read),https://find-and-update.company-information.service.gov.uk/company/04252701/filing-history,0,,ORG:117028
Dellner Polymer Solutions Ltd,03471683,register,DELLNER POLYMER SOLUTIONS LIMITED,active,2025-12-31,2026-05-16,accounts-with-accounts-type-full,full,,,likely,pdf (not read),https://find-and-update.company-information.service.gov.uk/company/03471683/filing-history,0,,ORG:115112
Delphi Food Products Limited,01809102,register,DELPHI FOOD PRODUCTS LIMITED,active,2025-09-30,2026-05-28,accounts-with-accounts-type-total-exemption-full,small,,,unknown,xhtml,https://find-and-update.company-information.service.gov.uk/company/01809102/filing-history,0,,ORG:107092
Delta Display Limited,02627811,register,DELTA DISPLAY LIMITED,active,2025-12-31,2026-09-28,accounts-with-accounts-type-full,full,,,likely,pdf (not read),https://find-and-update.company-information.service.gov.uk/company/02627811/filing-history,2,,ORG:104159
Delta Global Source (UK) Limited,06378991,register,DELTA GLOBAL SOURCE (UK) LIMITED,active,2025-09-30,2026-06-06,accounts-with-accounts-type-full,full,,,likely,pdf (not read),https://find-and-update.company-information.service.gov.uk/company/06378991/filing-history,0,,ORG:100263
Delves & Co Limited,08261006,register,DELVES & CO LIMITED,active,2025-02-28,2026-07-03,accounts-amended-with-accounts-type-medium,medium,,,likely,pdf (not read),https://find-and-update.company-information.service.gov.uk/company/08261006/filing-history,0,,ORG:111393
DELWYN ENTERPRISES LIMITED,NI017284,register,DELWYN ENTERPRISES LIMITED,active,2025-08-31,2026-04-21,accounts-with-accounts-type-medium,medium,4613462,ixbrl,no,xhtml,https://find-and-update.company-information.service.gov.uk/company/NI017284/filing-history,0,,ORG:115721
Demipower (2017) Ltd,10692963,register,DEMIPOWER (2017) LTD,active,2025-10-31,2026-05-28,accounts-with-accounts-type-full,full,,,likely,pdf (not read),https://find-and-update.company-information.service.gov.uk/company/10692963/filing-history,0,,ORG:114087
Demipower (Eastern) Ltd,10898203,register,DEMIPOWER (EASTERN) LIMITED,active,2025-10-31,2026-08-09,accounts-with-accounts-type-full,full,,,likely,pdf (not read),https://find-and-update.company-information.service.gov.uk/company/10898203/filing-history,0,,ORG:114089
Demipower Ltd,02341655,register,DEMIPOWER LIMITED,active,2025-10-31,2026-05-28,accounts-with-accounts-type-full,full,,,likely,pdf (not read),https://find-and-update.company-information.service.gov.uk/company/02341655/filing-history,1,,ORG:111801
Demos Ciclitira Limited,00525529,register,DEMOS CICLITIRA LIMITED,active,2025-06-30,2026-07-28,accounts-with-accounts-type-total-exemption-full,small,,,unknown,xhtml,https://find-and-update.company-information.service.gov.uk/company/00525529/filing-history,1,,ORG:100451
Dempson Limited,00712226,register,DEMPSON LIMITED,active,2025-03-31,2026-06-19,accounts-with-accounts-type-full,full,9652239,ixbrl,yes,xhtml,https://find-and-update.company-information.service.gov.uk/company/00712226/filing-history,0,,ORG:104386
DENBY HOLDINGS LIMITED,06760049,register,DENBY HOLDINGS LIMITED,administration,2024-12-29,2025-09-30,accounts-with-accounts-type-group,group,,,likely,pdf (not read),https://find-and-update.company-information.service.gov.uk/company/06760049/filing-history,4,,ORG:102490
Dendron Brands Ltd,12490687,register,DENDRON BRANDS LIMITED,active,2025-12-31,2026-09-14,accounts-with-accounts-type-full,full,,,likely,pdf (not read),https://find-and-update.company-information.service.gov.uk/company/12490687/filing-history,0,,ORG:106970
Dengie Crops Limited,02328408,register,DENGIE CROPS LIMITED,active,2025-04-30,2026-01-15,accounts-with-accounts-type-full,full,,,likely,pdf (not read),https://find-and-update.company-information.service.gov.uk/company/02328408/filing-history,0,,ORG:102452
Denhay Farms Ltd,00504226,register,DENHAY FARMS LIMITED,active,2025-03-31,2025-09-10,accounts-with-accounts-type-small,small,,,unknown,xhtml,https://find-and-update.company-information.service.gov.uk/company/00504226/filing-history,0,,ORG:102816
DENIS BRINICOMBE GROUP LIMITED,04309124,register,DENIS BRINICOMBE GROUP LIMITED,active,2025-06-30,2026-03-31,accounts-with-accounts-type-unaudited-abridged,small,,,unknown,xhtml,https://find-and-update.company-information.service.gov.uk/company/04309124/filing-history,0,,ORG:114938
Denmaur Independent Papers Limited,01707312,register,DENMAUR INDEPENDENT PAPERS LIMITED,active,2025-04-30,2026-01-23,accounts-with-accounts-type-full,full,,,likely,pdf (not read),https://find-and-update.company-information.service.gov.uk/company/01707312/filing-history,0,,ORG:100612
Dennis & Robinson Limited,00460938,register,DENNIS & ROBINSON LIMITED,active,2025-12-31,2026-09-10,accounts-with-accounts-type-full,full,24938000,text,yes,xhtml,https://find-and-update.company-information.service.gov.uk/company/00460938/filing-history,0,,ORG:101287
Dennis Eagle Limited,03794455,register,DENNIS EAGLE LIMITED,active,2025-12-31,2026-08-26,accounts-with-accounts-type-full,full,,,likely,pdf (not read),https://find-and-update.company-information.service.gov.uk/company/03794455/filing-history,0,,ORG:105544
Denroy Group Limited,NI009327,register,DENROY GROUP LIMITED,active,2025-12-31,2026-09-02,accounts-with-accounts-type-full,full,,,likely,pdf (not read),https://find-and-update.company-information.service.gov.uk/company/NI009327/filing-history,2,,ORG:103779
Denso Automotive UK Ltd.,01781529,register,DENSO AUTOMOTIVE UK LTD.,active,2025-03-31,2025-09-02,accounts-with-accounts-type-full,full,,,likely,pdf (not read),https://find-and-update.company-information.service.gov.uk/company/01781529/filing-history,0,,ORG:101069
Denso Manufacturing UK Ltd.,02502865,register,DENSO MANUFACTURING UK LTD.,active,2025-03-31,2025-11-05,accounts-with-accounts-type-full,full,,,likely,pdf (not read),https://find-and-update.company-information.service.gov.uk/company/02502865/filing-history,0,,ORG:106751
Denso Marston Ltd,00305275,register,DENSO MARSTON LTD,active,2025-03-31,2025-12-05,accounts-with-accounts-type-full,full,,,likely,pdf (not read),https://find-and-update.company-information.service.gov.uk/company/00305275/filing-history,0,,ORG:101035
Dentsply IH Limited,01480123,register,DENTSPLY IH LIMITED,active,2025-12-31,2026-07-09,accounts-with-accounts-type-full,full,,,likely,pdf (not read),https://find-and-update.company-information.service.gov.uk/company/01480123/filing-history,1,,ORG:111449
Derbyshire Aggregates Limited,01833520,register,DERBYSHIRE AGGREGATES LIMITED,active,2025-12-31,2026-07-03,accounts-with-accounts-type-group,group,41894191,text,yes,xhtml,https://find-and-update.company-information.service.gov.uk/company/01833520/filing-history,0,,ORG:101310
DEREK LAMBERT POLYTHENE LIMITED,01915346,register,DEREK LAMBERT POLYTHENE LIMITED,active,2025-09-30,2026-04-13,accounts-with-accounts-type-small,small,,,unknown,xhtml,https://find-and-update.company-information.service.gov.uk/company/01915346/filing-history,0,,ORG:104750
Derryadd Pallets Limited,NI058498,register,DERRYADD PALLETS LTD,active,2025-12-31,2026-09-24,accounts-with-accounts-type-small,small,,,unknown,xhtml,https://find-and-update.company-information.service.gov.uk/company/NI058498/filing-history,0,,ORG:108058
Desch Plantpak Limited,00794214,register,DESCH PLANTPAK LIMITED,active,2025-12-31,2026-09-30,accounts-with-accounts-type-small,small,,,unknown,xhtml,https://find-and-update.company-information.service.gov.uk/company/00794214/filing-history,0,,ORG:106705
Design Go Ltd,01477762,register,DESIGN GO LIMITED,active,2025-03-31,2025-12-10,accounts-with-accounts-type-full,full,19634207,ixbrl,yes,xhtml,https://find-and-update.company-information.service.gov.uk/company/01477762/filing-history,0,,ORG:116472
DESIGN PACKAGING GROUP LIMITED,02285010,register,DESIGN PACKAGING GROUP LIMITED,active,2025-10-31,2026-07-24,accounts-with-accounts-type-total-exemption-full,small,,,unknown,xhtml,https://find-and-update.company-information.service.gov.uk/company/02285010/filing-history,0,,ORG:104724
Designplan Lighting Limited,00784246,register,DESIGNPLAN LIGHTING LIMITED,active,2025-12-31,2026-09-09,accounts-with-accounts-type-medium,medium,,,likely,pdf (not read),https://find-and-update.company-information.service.gov.uk/company/00784246/filing-history,0,,ORG:100358
Devenish Nutrition Limited,NI003138,register,DEVENISH NUTRITION LIMITED,active,2025-05-31,2026-03-04,accounts-with-accounts-type-full,full,,,likely,pdf (not read),https://find-and-update.company-information.service.gov.uk/company/NI003138/filing-history,0,,ORG:102176
Devonshire Pine Limited,02703600,register,DEVONSHIRE PINE LIMITED,active,2025-07-31,2026-04-29,accounts-with-accounts-type-total-exemption-full,small,,,unknown,xhtml,https://find-and-update.company-information.service.gov.uk/company/02703600/filing-history,0,,ORG:105146
Devro (Scotland) Ltd,SC129787,register,DEVRO (SCOTLAND) LIMITED,active,2024-12-31,2025-12-29,accounts-with-accounts-type-full,full,,,likely,pdf (not read),https://find-and-update.company-information.service.gov.uk/company/SC129787/filing-history,0,,ORG:101420
DEWLAY CHEESEMAKERS LIMITED,00681381,register,DEWLAY CHEESEMAKERS LIMITED,active,2025-03-31,2025-12-24,accounts-with-accounts-type-full,full,42702187,ixbrl,yes,xhtml,https://find-and-update.company-information.service.gov.uk/company/00681381/filing-history,0,,ORG:101699
Dexcel-Pharma Ltd,02963398,register,DEXCEL-PHARMA LIMITED,active,2025-12-31,2026-09-30,accounts-with-accounts-type-full,full,39086522,ixbrl,yes,xhtml,https://find-and-update.company-information.service.gov.uk/company/02963398/filing-history,0,,ORG:105767
Dextra Group plc,01380089,register,DEXTRA GROUP PLC,active,2025-12-31,2026-07-06,accounts-with-accounts-type-group,group,,,likely,pdf (not read),https://find-and-update.company-information.service.gov.uk/company/01380089/filing-history,5,,ORG:100241
DFS Furniture Company Limited,00972107,register,DFS FURNITURE COMPANY LIMITED,active,2025-06-29,2025-11-25,accounts-with-accounts-type-full,full,,,likely,pdf (not read),https://find-and-update.company-information.service.gov.uk/company/00972107/filing-history,2,,ORG:108644
DGB Europe Limited,05599638,register,DGB EUROPE LIMITED,active,2025-06-30,2025-10-07,accounts-with-accounts-type-full,full,,,likely,pdf (not read),https://find-and-update.company-information.service.gov.uk/company/05599638/filing-history,0,,ORG:102901
DGL INTERNATIONAL TRADING LIMITED,09968464,register,DGL INTERNATIONAL TRADING LIMITED,active,2025-12-31,2026-10-06,accounts-with-accounts-type-full,full,,,likely,pdf (not read),https://find-and-update.company-information.service.gov.uk/company/09968464/filing-history,0,,ORG:104547
Dhamecha Foods Limited,01163739,register,DHAMECHA FOODS LIMITED,active,2025-03-31,2025-12-19,accounts-with-accounts-type-full,full,,,likely,pdf (not read),https://find-and-update.company-information.service.gov.uk/company/01163739/filing-history,0,,ORG:107262
DHL International (UK) Ltd,01184988,register,DHL INTERNATIONAL (UK) LIMITED,active,2025-12-31,2026-07-17,accounts-with-accounts-type-full,full,,,likely,pdf (not read),https://find-and-update.company-information.service.gov.uk/company/01184988/filing-history,0,,ORG:107129
DHL Supply Chain Ltd,00528867,register,DHL SUPPLY CHAIN LIMITED,active,2025-12-31,2026-06-28,accounts-with-accounts-type-full,full,,,likely,pdf (not read),https://find-and-update.company-information.service.gov.uk/company/00528867/filing-history,1,,ORG:103447
Di Vine Importers Limited,03824754,register,DI VINE IMPORTERS LIMITED,active,2025-08-31,2026-05-12,accounts-with-accounts-type-total-exemption-full,small,,,unknown,xhtml,https://find-and-update.company-information.service.gov.uk/company/03824754/filing-history,0,,ORG:115608
DIAGEO PLC,00023307,register,DIAGEO PLC,active,2025-06-30,2025-11-15,accounts-with-accounts-type-group,group,,,likely,pdf (not read),https://find-and-update.company-information.service.gov.uk/company/00023307/filing-history,6,,ORG:107347
Diamond Box Limited,06423200,register,DIAMOND BOX LIMITED,active,2025-03-31,2026-03-26,accounts-with-accounts-type-full,full,46112635,ixbrl,yes,xhtml,https://find-and-update.company-information.service.gov.uk/company/06423200/filing-history,0,,ORG:102732
Diamond Corrugated Cases Limited,NI009409,register,DIAMOND CORRUGATED CASES LIMITED,active,2025-03-31,2026-03-31,accounts-with-accounts-type-medium,medium,,,likely,pdf (not read),https://find-and-update.company-information.service.gov.uk/company/NI009409/filing-history,0,,ORG:103877
Diamondpak Limited,06224800,register,DIAMONDPAK LIMITED,active,2025-12-31,2026-09-21,accounts-with-accounts-type-medium,medium,,,likely,pdf (not read),https://find-and-update.company-information.service.gov.uk/company/06224800/filing-history,0,,ORG:107386
Diamonds and Pearl Trading LTD,09274200,register,DIAMONDS & PEARL TRADING LIMITED,active,2025-10-31,2026-07-25,accounts-with-accounts-type-micro-entity,micro,,,no,xhtml,https://find-and-update.company-information.service.gov.uk/company/09274200/filing-history,0,,ORG:115591
DIAMORPH UK LIMITED,08071521,register,DIAMORPH UK LIMITED,active,2025-12-31,2026-07-10,accounts-with-accounts-type-full,full,,,likely,pdf (not read),https://find-and-update.company-information.service.gov.uk/company/08071521/filing-history,1,,ORG:106063
Diaper Poultry Limited,06558450,register,DIAPER POULTRY LIMITED,active,2025-03-31,2025-12-20,accounts-with-accounts-type-total-exemption-full,small,,,unknown,xhtml,https://find-and-update.company-information.service.gov.uk/company/06558450/filing-history,0,,ORG:107360
DIDIERS PATISSERIE LIMITED,03067961,register,DIDIERS PATISSERIE LIMITED,active,2025-12-31,2026-07-21,accounts-with-accounts-type-total-exemption-full,small,,,unknown,xhtml,https://find-and-update.company-information.service.gov.uk/company/03067961/filing-history,0,,ORG:114415
Didsbury Engineering Co Ltd,00371191,register,DIDSBURY ENGINEERING CO.LIMITED,active,2025-12-31,2026-09-02,accounts-with-accounts-type-small,small,,,unknown,xhtml,https://find-and-update.company-information.service.gov.uk/company/00371191/filing-history,0,,ORG:116563
Die-Pat Holdings Limited,01965584,register,DIE-PAT HOLDINGS LIMITED,active,2024-12-31,2025-09-29,accounts-with-accounts-type-total-exemption-full,small,,,unknown,xhtml,https://find-and-update.company-information.service.gov.uk/company/01965584/filing-history,2,,ORG:107879
Diesel (London) Limited,03005257,register,DIESEL (LONDON) LIMITED,active,2025-12-31,2026-04-29,accounts-with-accounts-type-full,full,,,likely,pdf (not read),https://find-and-update.company-information.service.gov.uk/company/03005257/filing-history,0,,ORG:106343
Dike & Son Ltd,00272536,register,DIKE & SON LIMITED,active,2025-02-28,2025-11-17,accounts-with-accounts-type-full,full,,,likely,pdf (not read),https://find-and-update.company-information.service.gov.uk/company/00272536/filing-history,0,,ORG:107442
Dillon Bass Limited,NI013022,register,DILLON BASS LIMITED,active,2025-06-30,2026-03-27,accounts-with-accounts-type-full,full,,,likely,pdf (not read),https://find-and-update.company-information.service.gov.uk/company/NI013022/filing-history,0,,ORG:104384
DIMENSION DEVELOPMENT LIMITED,02494198,register,DIMENSION DEVELOPMENT LIMITED,active,2025-06-30,2026-03-20,accounts-with-accounts-type-medium,medium,29378700,ixbrl,yes,xhtml,https://find-and-update.company-information.service.gov.uk/company/02494198/filing-history,0,,ORG:102248
DINA FOODS LIMITED,02651200,register,DINA FOODS LIMITED,active,2025-06-30,2026-02-10,accounts-with-accounts-type-full,full,14458262,ixbrl,yes,xhtml,https://find-and-update.company-information.service.gov.uk/company/02651200/filing-history,0,,ORG:104170
Dingbro Ltd,SC079886,register,DINGBRO LIMITED,active,2025-09-30,2026-06-29,accounts-with-accounts-type-full,full,,,likely,pdf (not read),https://find-and-update.company-information.service.gov.uk/company/SC079886/filing-history,0,,ORG:107413
Diomed Developments Ltd,00745839,register,DIOMED DEVELOPMENTS LIMITED,active,2025-05-31,2026-02-25,accounts-with-accounts-type-full,full,21201847,ixbrl,yes,xhtml,https://find-and-update.company-information.service.gov.uk/company/00745839/filing-history,2,,ORG:107599
Dipwood Holdings Ltd,10599949,register,DIPWOOD HOLDINGS LIMITED,active,2025-12-31,2026-09-21,accounts-with-accounts-type-group,group,,,likely,pdf (not read),https://find-and-update.company-information.service.gov.uk/company/10599949/filing-history,4,,ORG:100561
Direct Food Ingredients Ltd,03005254,register,DIRECT FOOD INGREDIENTS LIMITED,active,2025-12-31,2026-09-18,accounts-with-accounts-type-group,group,20139096,text,yes,xhtml,https://find-and-update.company-information.service.gov.uk/company/03005254/filing-history,0,,ORG:105979
Direct Fruit International Limited,02964645,register,DIRECT FRUIT INTERNATIONAL LIMITED,active,2025-09-30,2026-02-09,accounts-with-accounts-type-small,small,,,unknown,xhtml,https://find-and-update.company-information.service.gov.uk/company/02964645/filing-history,0,,ORG:103744
Direct Global Trading Ltd,06419337,register,DIRECT GLOBAL TRADING LTD,active,2025-12-31,2026-07-31,accounts-with-accounts-type-total-exemption-full,small,,,unknown,xhtml,https://find-and-update.company-information.service.gov.uk/company/06419337/filing-history,0,,ORG:106274
Direct Healthcare Group Ltd,05252571,register,DIRECT HEALTHCARE GROUP LIMITED,active,2024-12-31,2025-10-01,accounts-with-accounts-type-full,full,,,likely,pdf (not read),https://find-and-update.company-information.service.gov.uk/company/05252571/filing-history,0,,ORG:103933
Direct Packaging Limited,02062528,register,DIRECT PACKAGING LIMITED,active,2026-03-31,2026-07-29,accounts-with-accounts-type-total-exemption-full,small,,,unknown,xhtml,https://find-and-update.company-information.service.gov.uk/company/02062528/filing-history,0,,ORG:114216
Direct Packaging Solutions Ltd,04419905,register,DIRECT PACKAGING SOLUTIONS LTD,active,2025-11-30,2026-08-28,accounts-with-accounts-type-total-exemption-full,small,,,unknown,xhtml,https://find-and-update.company-information.service.gov.uk/company/04419905/filing-history,1,,ORG:117545
DIRECT POULTRY SUPPLY (INSKIP) LIMITED,01053707,register,DIRECT POULTRY SUPPLY (INSKIP) LIMITED,active,2026-02-28,2026-05-22,accounts-with-accounts-type-full,full,29754430,text,yes,xhtml,https://find-and-update.company-information.service.gov.uk/company/01053707/filing-history,0,,ORG:104887
Direct Table Foods Limited,01816960,register,DIRECT TABLE FOODS LIMITED,active,2025-12-31,2026-09-08,accounts-with-accounts-type-full,full,141640118,ixbrl,yes,xhtml,https://find-and-update.company-information.service.gov.uk/company/01816960/filing-history,0,,ORG:103281
DIRECT WINES HOLDINGS LIMITED,06574767,register,DIRECT WINES HOLDINGS LIMITED,active,2025-06-27,2026-04-10,accounts-with-accounts-type-group,group,,,likely,pdf (not read),https://find-and-update.company-information.service.gov.uk/company/06574767/filing-history,2,,ORG:102363
DIRECT2MARKET GROUP LIMITED,10774943,register,DIRECT2MARKET GROUP LIMITED,active,2025-10-31,2026-07-30,accounts-with-accounts-type-unaudited-abridged,small,,,unknown,xhtml,https://find-and-update.company-information.service.gov.uk/company/10774943/filing-history,1,,ORG:106423
Disaronno International UK Limited,12633468,register,DISARONNO INTERNATIONAL UK LIMITED,active,2024-12-31,2025-07-08,accounts-with-accounts-type-full,full,,,likely,pdf (not read),https://find-and-update.company-information.service.gov.uk/company/12633468/filing-history,0,,ORG:107084
Discoverie Group Plc,02008246,register,DISCOVERIE GROUP PLC,active,2026-03-31,2026-08-05,accounts-with-accounts-type-group,group,,,likely,pdf (not read),https://find-and-update.company-information.service.gov.uk/company/02008246/filing-history,11,,ORG:100460
Discovery Flexibles Limited,02417982,register,DISCOVERY FLEXIBLES LIMITED,active,2024-12-31,2025-12-12,accounts-with-accounts-type-full,,,,,,https://find-and-update.company-information.service.gov.uk/company/02417982/filing-history,0,"ProxyError: HTTPSConnectionPool(host='s3.eu-west-2.amazonaws.com', port=443): Max retries exceeded with url: /document-api-images-live.ch.gov.uk/docs/LWvRn-2hdsbnZVmt26LZD9035ZvisfqQDdgbf4IYr5I/application-xhtml%252Bxml?X-Amz-Algorithm=AWS4-HMAC-SHA256&X-Amz-Credential=ASIAWRGBDBV3KHOESNCX%2F20261008%2Feu-west-2%2Fs3%2Faws4_request&X-Amz-Date=20261008T111713Z&X-Amz-Expires=60&X-Amz-Security-Token=IQoJb3JpZ2luX2VjEFoaCWV1LXdlc3QtMiJHMEUCIEWSkqzs42IdOBBSO%2BGfrK46onMncAlQAK1KQt3SBjmFAiEA%2F52obvPwxqiSN187ymdfHumFQ3Us0OKZiPI29ohGbvQqgQQIIhAFGgw0NDkyMjkwMzI4MjIiDOsbrigtviVNWFmjWyreA5WXa7iisGoRhb1HXz7ekmq%2BvAQ8%2Bqy8Mfh6fzbRabZgEoiMQmNlTdfey6xiB07y%2Bj9zn0P6tld%2F7RewqIqDCy5jzdawftAGsvOHgYKPs6GAnHsBgta2N2L%2FkBOZz9cHNdQKYUqDF%2FYSMM5SKoEOT9gOHrXEbQenk%2F7pH4A7Lcv6SusTodaOMP9aQMUmfAeFWz03tsKILutTZD8ypeYs%2BH7wZYF8s39%2B9AISh8U3MmfSTDgZvwSg8r9XEBbUkWw4dwMtythQMpsyYQF2T9qu5scDxQ2X6oOqkjj%2Bcv2keqt84VfvlHUxl0LN%2Bl9%2Ftd%2Fdet%2FOtkCSqEizooObNloJgSmi73LnJZVjWNtStPwWxQDELNSSEILH6R5AiRkI6T1FBiO8h7nwPqjAWX%2FLfZnxqkRkt3l2KWw0p0R0qc1hDXoSAWLDDftz0rxzPdAgWnJ7CKO31Q8zXjtMJeteLsSGPvZCO7GcPvsZzVW%2F2IvoAqEz2%2Bhc%2BU6cwodfvtWeZhUbkP4xHrwIjax257M91O4DDj32cwNNLaC4VHIsxuXudd9uHcD9a2ias2U9KzHeZV3isjjccE8JyPVoFzzROtzQnQMacYuge%2B5Fi1uYojimAaz4LCYssz6WLvQ%2FdGjqKf0wps%2Bd1gY6pQHPrB33lCic95GPE8CGu7nLrKBqB1P4%2FeaFwo0PAMpb446w1KrZD1tt%2F7u4CnUN%2FmWgHhCJcIRSgbxrPCw2bfJWUiCUTTdj5Te3Q9wbjMz6TY%2B3hipR2XkKrDFUmasiPUusVCFs3OewYcSmnWNIgeqHz5VytB3CwNmbQ%2B9u0gEqynR8vEqh2Y0uAK9kuuW9TznS%2FBg6qBv0Z6DwLN8ujsB87RsQkeo%3D&X-Amz-SignedHeaders=host&response-content-disposition=inline%3Bfilename%3D%2202417982_aa_2025-12-12.xhtml%22&X-Amz-Signature=544005b1cacc3363cf16b37b6c3cc2613f081523f2c9552cc2bebf12e6c4d0af (Caused by ProxyError('Unable to connect to proxy', RemoteDisconnected('Remote end closed connection without response')))",ORG:114533
Dishoom Limited,06226963,register,DISHOOM LIMITED,active,2025-12-28,2026-09-29,accounts-with-accounts-type-full,full,,,likely,pdf (not read),https://find-and-update.company-information.service.gov.uk/company/06226963/filing-history,0,,ORG:100398
Dispak Limited,02050242,register,DISPAK LIMITED,active,2025-03-31,2025-12-23,accounts-with-accounts-type-medium,medium,13940172,ixbrl,yes,xhtml,https://find-and-update.company-information.service.gov.uk/company/02050242/filing-history,0,,ORG:103179
Distinction Doors Limited,05298340,register,DISTINCTION DOORS LIMITED,active,2025-12-31,2026-07-20,accounts-with-accounts-type-full,full,40556615,text,yes,xhtml,https://find-and-update.company-information.service.gov.uk/company/05298340/filing-history,0,,ORG:101774
DISTRIBUTION SUPPLIES LTD,02911319,register,DISTRIBUTION SUPPLIES LIMITED,active,2025-09-30,2026-06-29,accounts-with-accounts-type-medium,medium,15676798,ixbrl,yes,xhtml,https://find-and-update.company-information.service.gov.uk/company/02911319/filing-history,0,,ORG:106231
Distrupol Ltd,00754472,register,DISTRUPOL LIMITED,active,2025-09-30,2026-09-22,accounts-with-accounts-type-full,full,,,likely,pdf (not read),https://find-and-update.company-information.service.gov.uk/company/00754472/filing-history,0,,ORG:103995
Diva Europe Limited,02499521,register,DIVA EUROPE LIMITED,active,2025-12-31,2026-09-16,accounts-with-accounts-type-audit-exemption-subsiduary,subsidiary,,,unknown,pdf (not read),https://find-and-update.company-information.service.gov.uk/company/02499521/filing-history,1,,ORG:103557
Diverse Dining Ltd,08282915,register,DIVERSE DINING LTD,active,2025-12-31,2026-07-29,accounts-with-accounts-type-full,full,,,likely,pdf (not read),https://find-and-update.company-information.service.gov.uk/company/08282915/filing-history,0,,ORG:105605
Diversey UK Holdings Ltd,04313193,register,DIVERSEY UK HOLDINGS LIMITED,active,2025-09-30,2026-07-30,accounts-with-accounts-type-audit-exemption-subsiduary,subsidiary,,,unknown,pdf (not read),https://find-and-update.company-information.service.gov.uk/company/04313193/filing-history,1,,ORG:111840
DIXON CHEW (BATLEY) LIMITED,01085433,register,DIXON CHEW (BATLEY) LIMITED,active,2026-04-30,2026-09-24,accounts-with-accounts-type-total-exemption-full,small,,,unknown,xhtml,https://find-and-update.company-information.service.gov.uk/company/01085433/filing-history,0,,ORG:105433
DK Group Investments Ltd,01698977,register,DK GROUP INVESTMENTS LTD.,active,2025-07-31,2026-04-18,accounts-with-accounts-type-group,group,,,likely,pdf (not read),https://find-and-update.company-information.service.gov.uk/company/01698977/filing-history,4,,ORG:100156
DK Household Brands Limited,01268346,register,DK HOUSEHOLD BRANDS LIMITED,active,2024-12-31,2025-08-12,accounts-with-accounts-type-group,group,,,likely,pdf (not read),https://find-and-update.company-information.service.gov.uk/company/01268346/filing-history,0,,ORG:102658
DKSH Great Britain Limited,00287620,register,DKSH GREAT BRITAIN LIMITED,active,2025-12-31,2026-09-28,accounts-with-accounts-type-full,full,,,likely,pdf (not read),https://find-and-update.company-information.service.gov.uk/company/00287620/filing-history,0,,ORG:100945
DMD (2000) Limited,SC209826,register,DMD (2000) LIMITED,active,2026-01-31,2026-06-04,accounts-with-accounts-type-total-exemption-full,small,,,unknown,xhtml,https://find-and-update.company-information.service.gov.uk/company/SC209826/filing-history,0,,ORG:105967
DMG Mori UK Limited,01030108,register,DMG MORI UK LIMITED,active,2025-12-31,2026-07-25,accounts-with-accounts-type-full,full,,,likely,pdf (not read),https://find-and-update.company-information.service.gov.uk/company/01030108/filing-history,0,,ORG:108086
DN Automotive VMS Ltd,06703842,register,DN AUTOMOTIVE VMS LTD,active,2025-12-31,2026-04-18,accounts-with-accounts-type-full,full,,,likely,pdf (not read),https://find-and-update.company-information.service.gov.uk/company/06703842/filing-history,0,,ORG:100221
Dnata Catering UK Ltd,08005515,register,DNATA CATERING UK LIMITED,active,2026-03-31,2026-09-22,accounts-with-accounts-type-group,group,,,likely,pdf (not read),https://find-and-update.company-information.service.gov.uk/company/08005515/filing-history,0,,ORG:108373
DNC UK Limited,03707210,register,DNC UK LIMITED,active,2025-09-30,2026-02-03,accounts-with-accounts-type-full,full,15364708,text,yes,xhtml,https://find-and-update.company-information.service.gov.uk/company/03707210/filing-history,0,,ORG:102621
Dobbies Garden Centres Limited,SC010975,register,DOBBIES GARDEN CENTRES LIMITED,active,2026-02-23,2026-09-10,accounts-with-accounts-type-full,full,,,likely,pdf (not read),https://find-and-update.company-information.service.gov.uk/company/SC010975/filing-history,0,,ORG:100926
Doby Cleats Limited,00952089,register,DOBY CLEATS LIMITED,active,2025-12-31,2026-08-13,accounts-with-accounts-type-full,full,,,likely,pdf (not read),https://find-and-update.company-information.service.gov.uk/company/00952089/filing-history,0,,ORG:106575
Dock & Bay Ltd,09444124,register,DOCK & BAY LTD,active,2025-02-28,2025-11-28,accounts-with-accounts-type-total-exemption-full,small,,,unknown,xhtml,https://find-and-update.company-information.service.gov.uk/company/09444124/filing-history,0,,ORG:115028
Doff Portland Limited,00421826,register,DOFF PORTLAND LIMITED,active,2024-12-31,2025-12-18,accounts-with-accounts-type-full,full,27389697,ixbrl,yes,xhtml,https://find-and-update.company-information.service.gov.uk/company/00421826/filing-history,0,,ORG:102985
Dogmates Ltd,09328607,register,DOGMATES LTD.,active,2024-12-29,2025-10-06,accounts-with-accounts-type-full,full,,,likely,pdf (not read),https://find-and-update.company-information.service.gov.uk/company/09328607/filing-history,0,,ORG:101497
Doherty & Gray Limited,NI037742,register,DOHERTY & GRAY LIMITED,active,2025-03-31,2025-12-23,accounts-with-accounts-type-full,full,54039838,ixbrl,yes,xhtml,https://find-and-update.company-information.service.gov.uk/company/NI037742/filing-history,0,,ORG:101207
Dohler (UK) Limited,03114289,register,DOHLER (UK) LIMITED,active,2025-12-31,2026-09-16,accounts-with-accounts-type-full,full,78368736,ixbrl,yes,xhtml,https://find-and-update.company-information.service.gov.uk/company/03114289/filing-history,0,,ORG:102787
Dole Belfast Limited,NI003151,register,DOLE BELFAST LIMITED,active,2025-12-31,2026-09-16,accounts-with-accounts-type-full,full,,,likely,pdf (not read),https://find-and-update.company-information.service.gov.uk/company/NI003151/filing-history,0,,ORG:104309
Dole Packaged Foods Europe,,,,,,,,,,,,,,0,no Companies House number in register and no exact name match,ORG:105153
Dolphin Solutions Ltd,03702978,register,DOLPHIN SOLUTIONS LTD,active,2025-12-31,2026-09-29,accounts-with-accounts-type-medium,medium,24841082,ixbrl,yes,xhtml,https://find-and-update.company-information.service.gov.uk/company/03702978/filing-history,0,,ORG:116495
DOMETIC MOBILE COOKING UK LTD,06833828,register,DOMETIC MOBILE COOKING UK LTD,active,2025-12-31,2026-04-10,accounts-with-accounts-type-small,small,,,unknown,pdf (not read),https://find-and-update.company-information.service.gov.uk/company/06833828/filing-history,0,,ORG:116306
Dometic UK Awnings Ltd,05964899,register,DOMETIC UK AWNINGS LTD,active,2025-12-31,2026-09-21,accounts-with-accounts-type-full,full,,,likely,pdf (not read),https://find-and-update.company-information.service.gov.uk/company/05964899/filing-history,0,,ORG:104134
Domino Printing Sciences Plc,01363137,register,DOMINO PRINTING SCIENCES PUBLIC LIMITED COMPANY,active,2026-03-31,2026-09-25,accounts-with-accounts-type-full,full,,,likely,pdf (not read),https://find-and-update.company-information.service.gov.uk/company/01363137/filing-history,1,,ORG:107321
Domino's Pizza UK & Ireland Ltd,02882515,register,DOMINO'S PIZZA UK & IRELAND LIMITED,active,2025-12-28,2026-07-25,accounts-with-accounts-type-full,full,,,likely,pdf (not read),https://find-and-update.company-information.service.gov.uk/company/02882515/filing-history,0,,ORG:101618
DOMU BRANDS LIMITED,07047520,register,DOMU BRANDS LIMITED,active,2025-09-30,2026-06-19,accounts-with-accounts-type-group,group,59363509,text,yes,xhtml,https://find-and-update.company-information.service.gov.uk/company/07047520/filing-history,0,,ORG:107757
Don & Low Ltd,SC005657,register,DON & LOW LIMITED,active,2025-12-31,2026-09-17,accounts-with-accounts-type-group,group,,,likely,pdf (not read),https://find-and-update.company-information.service.gov.uk/company/SC005657/filing-history,0,,ORG:101991
Donald Cooke Holdings Limited,13181939,register,DONALD COOKE HOLDINGS LIMITED,active,2025-10-31,2026-04-21,accounts-with-accounts-type-total-exemption-full,small,,,unknown,xhtml,https://find-and-update.company-information.service.gov.uk/company/13181939/filing-history,2,,ORG:115956
Donaldson Filter Components Ltd,01222246,register,DONALDSON FILTER COMPONENTS LIMITED,active,2025-07-31,2026-01-03,accounts-with-accounts-type-full,full,,,likely,pdf (not read),https://find-and-update.company-information.service.gov.uk/company/01222246/filing-history,0,,ORG:102606
Donaldson Filtration (GB) Limited,03914641,register,DONALDSON FILTRATION (GB) LIMITED,active,2025-07-31,2026-01-03,accounts-with-accounts-type-full,full,,,likely,pdf (not read),https://find-and-update.company-information.service.gov.uk/company/03914641/filing-history,0,,ORG:105379
Donaldson Timber Systems Ltd,10375531,register,DONALDSON TIMBER SYSTEMS LIMITED,active,2025-09-30,2026-06-27,accounts-with-accounts-type-full,full,,,likely,pdf (not read),https://find-and-update.company-information.service.gov.uk/company/10375531/filing-history,0,,ORG:101992
Doncasters Limited,00321992,register,DONCASTERS LIMITED,active,2025-12-31,2026-10-01,accounts-with-accounts-type-full,full,,,likely,pdf (not read),https://find-and-update.company-information.service.gov.uk/company/00321992/filing-history,3,,ORG:103302
DORCO U.K. LIMITED,07286576,register,DORCO U.K. LIMITED,active,2025-12-31,2026-05-10,accounts-with-accounts-type-small,small,,,unknown,pdf (not read),https://find-and-update.company-information.service.gov.uk/company/07286576/filing-history,0,,ORG:117707
DOREL (UK) LIMITED,02186663,register,DOREL (UK) LIMITED,active,2025-12-31,2026-09-30,accounts-with-accounts-type-medium,medium,37346359,ixbrl,yes,xhtml,https://find-and-update.company-information.service.gov.uk/company/02186663/filing-history,0,,ORG:105858
DOREL HOME FURNISHINGS EUROPE LIMITED,07888601,register,DOREL HOME FURNISHINGS EUROPE LIMITED,active,2025-12-31,2026-08-14,accounts-with-accounts-type-small,small,,,unknown,xhtml,https://find-and-update.company-information.service.gov.uk/company/07888601/filing-history,0,,ORG:116044
Doric Crimped Limited,07404814,register,DORIC CRIMPED LIMITED,active,2024-12-31,2025-12-02,accounts-with-accounts-type-small,small,,,unknown,pdf (not read),https://find-and-update.company-information.service.gov.uk/company/07404814/filing-history,0,,ORG:106199
Doric FPD Limited,06956605,register,DORIC FPD LIMITED,active,2024-12-31,2025-12-01,accounts-with-accounts-type-full,full,,,likely,pdf (not read),https://find-and-update.company-information.service.gov.uk/company/06956605/filing-history,0,,ORG:105367
Dormakaba UK Ltd,01361508,register,DORMAKABA UK LIMITED,active,2025-06-30,2026-01-09,accounts-with-accounts-type-full,full,,,likely,pdf (not read),https://find-and-update.company-information.service.gov.uk/company/01361508/filing-history,0,,ORG:102644
Dormole Limited,01156193,register,DORMOLE LIMITED,active,2025-12-31,2026-09-21,accounts-with-accounts-type-group,group,,,likely,pdf (not read),https://find-and-update.company-information.service.gov.uk/company/01156193/filing-history,5,,ORG:103476
DOUBLE DUTCH LTD.,09224365,register,DOUBLE DUTCH LTD.,active,2025-12-31,2026-09-30,accounts-with-accounts-type-small,small,,,unknown,xhtml,https://find-and-update.company-information.service.gov.uk/company/09224365/filing-history,0,,ORG:114112
Double H (Nurseries) Limited,01114118,register,DOUBLE H (NURSERIES) LIMITED,active,2025-06-30,2026-03-31,accounts-with-accounts-type-full,full,30376995,text,yes,xhtml,https://find-and-update.company-information.service.gov.uk/company/01114118/filing-history,0,,ORG:100998
Doughlicious Limited,09325278,register,DOUGHLICIOUS LIMITED,active,2024-11-30,2025-08-31,accounts-with-accounts-type-total-exemption-full,small,,,unknown,xhtml,https://find-and-update.company-information.service.gov.uk/company/09325278/filing-history,0,,ORG:104052
Dovecote Park Limited,03167280,register,DOVECOTE PARK LIMITED,active,2025-09-26,2026-06-25,accounts-with-accounts-type-full,full,,,likely,pdf (not read),https://find-and-update.company-information.service.gov.uk/company/03167280/filing-history,0,,ORG:106726
Dover Fueling Solutions UK Limited,SC058090,register,DOVER FUELING SOLUTIONS UK LIMITED,active,2025-12-31,2026-09-24,accounts-with-accounts-type-full,full,,,likely,pdf (not read),https://find-and-update.company-information.service.gov.uk/company/SC058090/filing-history,0,,ORG:106899
Doves Farm Foods Ltd,02301391,register,DOVES FARM FOODS LIMITED,active,2025-06-30,2026-06-30,accounts-with-accounts-type-group,group,34497000,text,yes,xhtml,https://find-and-update.company-information.service.gov.uk/company/02301391/filing-history,0,,ORG:102079
DOW CHEMICAL COMPANY LIMITED,00537161,register,DOW CHEMICAL COMPANY LIMITED,active,2024-12-31,2025-12-02,accounts-with-accounts-type-full,full,,,likely,pdf (not read),https://find-and-update.company-information.service.gov.uk/company/00537161/filing-history,0,,ORG:101730
DOW SILICONES UK LIMITED,00486170,register,DOW SILICONES UK LIMITED,active,2024-12-31,2025-10-04,accounts-with-accounts-type-full,full,,,likely,pdf (not read),https://find-and-update.company-information.service.gov.uk/company/00486170/filing-history,0,,ORG:106444
Downland Bedding Company Ltd(The),00419883,register,DOWNLAND BEDDING COMPANY LIMITED(THE),active,2025-04-30,2026-04-30,accounts-with-accounts-type-medium,,,,,,https://find-and-update.company-information.service.gov.uk/company/00419883/filing-history,0,"ProxyError: HTTPSConnectionPool(host='s3.eu-west-2.amazonaws.com', port=443): Max retries exceeded with url: /document-api-images-live.ch.gov.uk/docs/yKzLm4EBEgX0pM92PBzMCZsn4WyYlqxX_0zycClfrnM/application-xhtml%252Bxml?X-Amz-Algorithm=AWS4-HMAC-SHA256&X-Amz-Credential=ASIAWRGBDBV3B377YOG3%2F20261008%2Feu-west-2%2Fs3%2Faws4_request&X-Amz-Date=20261008T111905Z&X-Amz-Expires=60&X-Amz-Security-Token=IQoJb3JpZ2luX2VjEFcaCWV1LXdlc3QtMiJHMEUCIBUkRy7cYyNZ5o3Zxkc3z2qzG5I84YW3OzK%2BiJNJRkiXAiEAltfyd5r6KVCHp2hToWBKgvi3whK4sQjVZmDX18oG%2FFYqgQQIHxAFGgw0NDkyMjkwMzI4MjIiDEcgN80OFzFpdwcSAireAx4mG7PWfui2FB6qgrKRPm2Is3UQYU%2BFI%2B4QjVrlqxg8mknlCqtZ8jecO6eIHN4LsuCK7mAetOEuIBXhMhFILuRPGJdJxh%2Fn1WZLzlNo8PWqixLK1BpX6Yj5E2ygbIh7uvLxCGTJmnqj%2FvXfWiH72AosntHMw3blm4rjTr2eCfHO8LF6KgwuqFaP%2FLxIbwllr%2FD0c6vtjRkF%2FWJUQxE2NKnwsqDWC%2FfIMJUgH9HkfPPxaz320w5OTPU3Fs22v9m81duIV5RPxr%2B1SYTdenMsVDy9yBaAuVAiiZ3tKSR0PxASiXE9GByQGkz%2BS9JVegs3TZDpB1D30zZM1JAGpevsBA5pIvF01Zx7Hlog%2BSuKJhuBpybvrOmOfzkIhuS4IR1GnUvqjEVmL5907nWB9shZ%2Fh599oxgaZMH%2FxmAWRCxzBNDBFyjY8yuQx5UKmeGuGyPieie%2BHLdj5ibBvXH4Vsg6he7%2FfNeB45sEldownRYpSsf54yi3o8pzaOq%2FB%2FmJ2rY8XaQC7rOPqlGz%2BXijA%2B2T%2BgqREmj7NcVsI20pIcwR%2ByOsE5Ur5dH0FNoFqDHoakDZ%2FN0u5UHqYON9bUJqFqz5tEsMkwvABrkZigcYpUPRYHRWIW68%2F8YNJZxcbbojUUwgvCc1gY6pQEy70aGQGnu4O5Jy%2B8o7aRG7Tg69hKBbm%2BOHEMEadi3O0H%2BkV6i1afQ9eOM6Y%2FmwkqWuVy4LeBKeTpqu69WDNGvQfM2Lo%2BT0ZLnzrOeMn8AocoGLykrV5ukCO%2FqA4h6nXK7tDEW23mpI6paaBIhBTX11ga%2B76cJaTKbBC3jCrQLxIPPrwsiRJMUy%2B3hGomXnIKZ6jQTA5GmtIVtxBsA3prZFC69n3A%3D&X-Amz-SignedHeaders=host&response-content-disposition=inline%3Bfilename%3D%2200419883_aa_2026-04-30.xhtml%22&X-Amz-Signature=a888c5d504bfa99c5b787ae3b278d624f32f09754169af0d1c58271c89880c25 (Caused by ProxyError('Unable to connect to proxy', RemoteDisconnected('Remote end closed connection without response')))",ORG:105732
DOYLE HOTELS HOLDINGS (UK) LIMITED,07676461,register,DOYLE HOTELS HOLDINGS (UK) LIMITED,active,2025-12-30,2026-09-08,accounts-with-accounts-type-full,full,,,likely,pdf (not read),https://find-and-update.company-information.service.gov.uk/company/07676461/filing-history,3,,ORG:117328
DPDGroup UK Ltd,00732993,register,DPDGROUP UK LTD,active,2026-01-04,2026-10-05,accounts-with-accounts-type-full,full,,,likely,pdf (not read),https://find-and-update.company-information.service.gov.uk/company/00732993/filing-history,0,,ORG:107711
DPKBV Ltd,04830696,register,DPKBV LIMITED,active,2025-03-31,2025-12-12,accounts-with-accounts-type-total-exemption-full,small,,,unknown,xhtml,https://find-and-update.company-information.service.gov.uk/company/04830696/filing-history,0,,ORG:108485
DPS TABLEWARE LIMITED,04169373,register,DPS TABLEWARE LIMITED,active,2025-09-30,2026-04-28,accounts-with-accounts-type-medium,medium,15728902,ixbrl,yes,xhtml,https://find-and-update.company-information.service.gov.uk/company/04169373/filing-history,0,,ORG:103613
DR Inverurie Limited,01820834,register,DR INVERURIE LIMITED,active,2025-12-27,2026-07-31,accounts-with-accounts-type-audit-exemption-subsiduary,subsidiary,,,unknown,pdf (not read),https://find-and-update.company-information.service.gov.uk/company/01820834/filing-history,0,,ORG:102046
Dr Schar UK Ltd,03526628,register,DR SCHAR UK LIMITED,active,2025-12-31,2026-05-12,accounts-with-accounts-type-full,full,48653000,text,yes,xhtml,https://find-and-update.company-information.service.gov.uk/company/03526628/filing-history,0,,ORG:105934
Dr. Oetker (UK) Limited,04293376,register,DR. OETKER (UK) LIMITED,active,2025-12-31,2026-09-22,accounts-with-accounts-type-full,full,,,likely,pdf (not read),https://find-and-update.company-information.service.gov.uk/company/04293376/filing-history,0,,ORG:106305
Dr. Organic Limited,06295606,register,DR. ORGANIC LIMITED,active,2025-12-31,2026-07-17,accounts-with-accounts-type-full,full,,,likely,pdf (not read),https://find-and-update.company-information.service.gov.uk/company/06295606/filing-history,0,,ORG:100115
DR. REDDY'S LABORATORIES (EU) LIMITED,02177715,register,DR. REDDY'S LABORATORIES (EU) LIMITED,active,2026-03-31,2026-05-12,accounts-with-accounts-type-group,group,,,likely,xhtml,https://find-and-update.company-information.service.gov.uk/company/02177715/filing-history,1,,ORG:102101
Draeger Medical UK Ltd,04310199,register,DRAEGER MEDICAL UK LIMITED,active,2025-12-31,2026-09-08,accounts-with-accounts-type-full,full,,,likely,pdf (not read),https://find-and-update.company-information.service.gov.uk/company/04310199/filing-history,0,,ORG:103252
Draeger Safety UK Ltd,00777464,register,DRAEGER SAFETY UK LTD,active,2025-12-31,2026-09-08,accounts-with-accounts-type-full,full,,,likely,pdf (not read),https://find-and-update.company-information.service.gov.uk/company/00777464/filing-history,0,,ORG:103196
Dragon Alfa Cement Ltd,03473666,register,DRAGON ALFA CEMENT LIMITED,active,2025-12-31,2026-09-30,accounts-with-accounts-type-full,,,,,,https://find-and-update.company-information.service.gov.uk/company/03473666/filing-history,0,"ProxyError: HTTPSConnectionPool(host='s3.eu-west-2.amazonaws.com', port=443): Max retries exceeded with url: /document-api-images-live.ch.gov.uk/docs/Mf0J2nDJlNAEHJcu0gBhmGh_5qnaEfhTj-C1r1EHKtk/application-xhtml%252Bxml?X-Amz-Algorithm=AWS4-HMAC-SHA256&X-Amz-Credential=ASIAWRGBDBV3KHOESNCX%2F20261008%2Feu-west-2%2Fs3%2Faws4_request&X-Amz-Date=20261008T111932Z&X-Amz-Expires=60&X-Amz-Security-Token=IQoJb3JpZ2luX2VjEFoaCWV1LXdlc3QtMiJHMEUCIEWSkqzs42IdOBBSO%2BGfrK46onMncAlQAK1KQt3SBjmFAiEA%2F52obvPwxqiSN187ymdfHumFQ3Us0OKZiPI29ohGbvQqgQQIIhAFGgw0NDkyMjkwMzI4MjIiDOsbrigtviVNWFmjWyreA5WXa7iisGoRhb1HXz7ekmq%2BvAQ8%2Bqy8Mfh6fzbRabZgEoiMQmNlTdfey6xiB07y%2Bj9zn0P6tld%2F7RewqIqDCy5jzdawftAGsvOHgYKPs6GAnHsBgta2N2L%2FkBOZz9cHNdQKYUqDF%2FYSMM5SKoEOT9gOHrXEbQenk%2F7pH4A7Lcv6SusTodaOMP9aQMUmfAeFWz03tsKILutTZD8ypeYs%2BH7wZYF8s39%2B9AISh8U3MmfSTDgZvwSg8r9XEBbUkWw4dwMtythQMpsyYQF2T9qu5scDxQ2X6oOqkjj%2Bcv2keqt84VfvlHUxl0LN%2Bl9%2Ftd%2Fdet%2FOtkCSqEizooObNloJgSmi73LnJZVjWNtStPwWxQDELNSSEILH6R5AiRkI6T1FBiO8h7nwPqjAWX%2FLfZnxqkRkt3l2KWw0p0R0qc1hDXoSAWLDDftz0rxzPdAgWnJ7CKO31Q8zXjtMJeteLsSGPvZCO7GcPvsZzVW%2F2IvoAqEz2%2Bhc%2BU6cwodfvtWeZhUbkP4xHrwIjax257M91O4DDj32cwNNLaC4VHIsxuXudd9uHcD9a2ias2U9KzHeZV3isjjccE8JyPVoFzzROtzQnQMacYuge%2B5Fi1uYojimAaz4LCYssz6WLvQ%2FdGjqKf0wps%2Bd1gY6pQHPrB33lCic95GPE8CGu7nLrKBqB1P4%2FeaFwo0PAMpb446w1KrZD1tt%2F7u4CnUN%2FmWgHhCJcIRSgbxrPCw2bfJWUiCUTTdj5Te3Q9wbjMz6TY%2B3hipR2XkKrDFUmasiPUusVCFs3OewYcSmnWNIgeqHz5VytB3CwNmbQ%2B9u0gEqynR8vEqh2Y0uAK9kuuW9TznS%2FBg6qBv0Z6DwLN8ujsB87RsQkeo%3D&X-Amz-SignedHeaders=host&response-content-disposition=inline%3Bfilename%3D%2203473666_aa_2026-09-30.xhtml%22&X-Amz-Signature=f7ee346a658004911881a2c6034e67a7a6cdbb0d7fab9493d1f052fead510169 (Caused by ProxyError('Unable to connect to proxy', RemoteDisconnected('Remote end closed connection without response')))",ORG:102175
Dragon Packaging Ltd,04755583,register,DRAGON PACKAGING LIMITED,active,2026-03-31,2026-09-29,accounts-with-accounts-type-full,full,14853306,text,yes,xhtml,https://find-and-update.company-information.service.gov.uk/company/04755583/filing-history,0,,ORG:102293
Drakes Display Ltd,07145595,register,DRAKES DISPLAY LTD,active,2025-02-28,2025-10-13,accounts-with-accounts-type-total-exemption-full,small,,,unknown,xhtml,https://find-and-update.company-information.service.gov.uk/company/07145595/filing-history,0,,ORG:100814
DRAMMOCK INTERNATIONAL LIMITED,02865882,register,DRAMMOCK INTERNATIONAL LIMITED,active,2025-03-31,2025-12-19,accounts-with-accounts-type-total-exemption-full,small,,,unknown,xhtml,https://find-and-update.company-information.service.gov.uk/company/02865882/filing-history,0,,ORG:111171
Draper Tools Ltd,00570630,register,DRAPER TOOLS LIMITED,active,2024-12-31,2025-10-20,accounts-with-accounts-type-full,full,,,likely,pdf (not read),https://find-and-update.company-information.service.gov.uk/company/00570630/filing-history,0,,ORG:106846
Drayne's Dairy Limited,NI725682,name search,DRAYNE'S DAIRY LIMITED,active,2025-03-31,2026-09-16,accounts-with-accounts-type-dormant,dormant,,,no,xhtml,https://find-and-update.company-information.service.gov.uk/company/NI725682/filing-history,0,,ORG:106036
Dreams Limited,08428347,register,DREAMS LIMITED,active,2025-12-24,2026-09-29,accounts-with-accounts-type-full,full,,,likely,pdf (not read),https://find-and-update.company-information.service.gov.uk/company/08428347/filing-history,0,,ORG:105352
Dreamtex Limited,08139916,register,DREAMTEX LIMITED,active,2024-12-31,2025-09-30,accounts-with-accounts-type-total-exemption-full,small,,,unknown,xhtml,https://find-and-update.company-information.service.gov.uk/company/08139916/filing-history,0,,ORG:116682
Dreibach Ltd,11302910,register,DREIBACH LTD,active,2025-03-31,2025-12-30,accounts-with-accounts-type-full,full,16512005,ixbrl,yes,xhtml,https://find-and-update.company-information.service.gov.uk/company/11302910/filing-history,0,,ORG:108368
Drinks Wholesale Group Ltd,01839722,register,DRINKS WHOLESALE GROUP LTD,active,2025-06-30,2026-07-16,accounts-with-accounts-type-full,full,71565584,ixbrl,yes,xhtml,https://find-and-update.company-information.service.gov.uk/company/01839722/filing-history,0,,ORG:111284
DrinkWell Beverages Ltd,08267996,register,DRINKWELL BEVERAGES LIMITED,active,2025-09-30,2026-02-16,accounts-with-accounts-type-total-exemption-full,small,,,unknown,xhtml,https://find-and-update.company-information.service.gov.uk/company/08267996/filing-history,0,,ORG:116997
Drive Medical Ltd,04301005,register,DRIVE MEDICAL LIMITED,active,2025-12-31,2026-07-14,accounts-with-accounts-type-group,group,,,likely,pdf (not read),https://find-and-update.company-information.service.gov.uk/company/04301005/filing-history,2,,ORG:100372
DRV UK Ltd,13007127,register,DRV UK LTD,active,2025-03-31,2026-04-12,accounts-with-accounts-type-small,small,,,unknown,pdf (not read),https://find-and-update.company-information.service.gov.uk/company/13007127/filing-history,0,,ORG:116510
DRYROBE LIMITED,08782079,register,DRYROBE LIMITED,active,2024-12-31,2025-09-29,accounts-with-accounts-type-group,group,21681194,text,yes,xhtml,https://find-and-update.company-information.service.gov.uk/company/08782079/filing-history,0,,ORG:115829
Drywite Ltd,00278011,register,DRYWITE LIMITED,active,2025-03-31,2025-12-15,accounts-with-accounts-type-total-exemption-full,small,,,unknown,xhtml,https://find-and-update.company-information.service.gov.uk/company/00278011/filing-history,0,,ORG:101160
DS Smith Corrugated Packaging Limited,00053913,register,DS SMITH CORRUGATED PACKAGING LIMITED,active,2025-04-30,2026-02-07,accounts-with-accounts-type-full,full,,,likely,pdf (not read),https://find-and-update.company-information.service.gov.uk/company/00053913/filing-history,0,,ORG:106775
DS Smith Packaging Limited,00630681,register,DS SMITH PACKAGING LIMITED,active,2025-04-30,2026-02-07,accounts-with-accounts-type-full,full,,,likely,pdf (not read),https://find-and-update.company-information.service.gov.uk/company/00630681/filing-history,0,,ORG:106614
DSF Refractories & Minerals Ltd,SC144005,register,DSF REFRACTORIES & MINERALS LIMITED,active,2025-05-31,2025-11-03,accounts-with-accounts-type-full,full,26847930,text,yes,xhtml,https://find-and-update.company-information.service.gov.uk/company/SC144005/filing-history,0,,ORG:104364
DSM Nutritional Products (UK) Ltd,04031360,register,DSM NUTRITIONAL PRODUCTS (UK) LIMITED,active,2025-12-31,2026-09-22,accounts-with-accounts-type-full,full,,,likely,pdf (not read),https://find-and-update.company-information.service.gov.uk/company/04031360/filing-history,0,,ORG:115525
DSV Contract Logistics Limited,03294472,register,DSV CONTRACT LOGISTICS LIMITED,active,2025-12-31,2026-06-18,accounts-with-accounts-type-full,full,,,likely,pdf (not read),https://find-and-update.company-information.service.gov.uk/company/03294472/filing-history,0,,ORG:102098
Du Pont (U.K.) Limited,04556216,register,DU PONT (U.K.) LIMITED,active,2025-12-31,2026-07-24,accounts-with-accounts-type-full,full,,,likely,pdf (not read),https://find-and-update.company-information.service.gov.uk/company/04556216/filing-history,0,,ORG:102977
Dualit Limited,00452403,register,DUALIT LIMITED,active,2025-06-30,2026-03-30,accounts-with-accounts-type-full,full,6182222,text,yes,xhtml,https://find-and-update.company-information.service.gov.uk/company/00452403/filing-history,0,,ORG:100578
Dufaylite Developments Ltd,00556002,register,DUFAYLITE DEVELOPMENTS LIMITED,active,2025-12-31,2026-09-14,accounts-with-accounts-type-total-exemption-full,small,,,unknown,xhtml,https://find-and-update.company-information.service.gov.uk/company/00556002/filing-history,0,,ORG:106267
Duferco UK Limited,03538773,register,DUFERCO UK LIMITED,active,2025-09-30,2026-04-29,accounts-with-accounts-type-full,full,,,likely,pdf (not read),https://find-and-update.company-information.service.gov.uk/company/03538773/filing-history,0,,ORG:104954
Duffields Mills Limited,00732968,register,DUFFIELDS MILLS LIMITED,active,2025-09-27,2026-06-19,accounts-with-accounts-type-group,group,,,likely,pdf (not read),https://find-and-update.company-information.service.gov.uk/company/00732968/filing-history,2,,ORG:107226
DUGDALE NUTRITION LIMITED,00294023,register,DUGDALE NUTRITION LIMITED,active,2025-04-30,2025-09-09,accounts-with-accounts-type-full,full,77923970,ixbrl,yes,xhtml,https://find-and-update.company-information.service.gov.uk/company/00294023/filing-history,0,,ORG:105033
Dunbia (UK),03382084,register,DUNBIA (UK),active,2025-12-28,2026-10-06,accounts-with-accounts-type-full,full,,,likely,pdf (not read),https://find-and-update.company-information.service.gov.uk/company/03382084/filing-history,0,,ORG:106392
Duncairn Wines Limited,NI006351,register,DUNCAIRN WINES LIMITED,active,2025-04-30,2026-01-29,accounts-with-accounts-type-total-exemption-full,small,,,unknown,xhtml,https://find-and-update.company-information.service.gov.uk/company/NI006351/filing-history,0,,ORG:115894
Duncan Print Group Ltd,03275801,register,DUNCAN PRINT GROUP LIMITED,active,2025-12-31,2026-09-14,accounts-with-accounts-type-small,small,,,unknown,pdf (not read),https://find-and-update.company-information.service.gov.uk/company/03275801/filing-history,0,,ORG:103730
Dune Topco Ltd,13980172,register,DUNE TOPCO LIMITED,active,2025-02-01,2025-12-19,accounts-with-accounts-type-group,group,137610256,text,yes,xhtml,https://find-and-update.company-information.service.gov.uk/company/13980172/filing-history,0,,ORG:100601
DUNELM (SOFT FURNISHINGS) LTD,02129238,register,DUNELM (SOFT FURNISHINGS) LTD,active,2025-06-28,2025-11-24,accounts-with-accounts-type-full,full,,,likely,pdf (not read),https://find-and-update.company-information.service.gov.uk/company/02129238/filing-history,0,,ORG:102747
Dunhills (Pontefract) PLC,00160251,register,DUNHILLS (PONTEFRACT) P L C,active,2025-12-31,2026-06-24,accounts-with-accounts-type-full,full,,,likely,pdf (not read),https://find-and-update.company-information.service.gov.uk/company/00160251/filing-history,0,,ORG:104903
DUNI LIMITED,00897172,register,DUNI LIMITED,active,2024-12-31,2025-10-02,accounts-with-accounts-type-full,full,,,likely,pdf (not read),https://find-and-update.company-information.service.gov.uk/company/00897172/filing-history,0,,ORG:100072
Duni Poppies Limited,07191249,register,DUNI POPPIES LIMITED,active,2024-12-31,2025-12-02,accounts-with-accounts-type-medium,medium,44118757,ixbrl,yes,xhtml,https://find-and-update.company-information.service.gov.uk/company/07191249/filing-history,0,,ORG:100605
Dunkelman & Son Ltd,00466486,register,DUNKELMAN & SON LIMITED,active,2025-03-31,2026-01-07,accounts-with-accounts-type-small,small,,,unknown,pdf (not read),https://find-and-update.company-information.service.gov.uk/company/00466486/filing-history,0,,ORG:101738
Dunlop Golf Europe Ltd,04244454,register,DUNLOP GOLF EUROPE LTD,active,2025-12-31,2026-07-05,accounts-with-accounts-type-full,full,,,likely,pdf (not read),https://find-and-update.company-information.service.gov.uk/company/04244454/filing-history,0,,ORG:105744
Dunlop Oil & Marine Limited,03471656,register,DUNLOP OIL & MARINE LIMITED,active,2025-12-31,2026-06-04,accounts-with-accounts-type-full,full,,,likely,pdf (not read),https://find-and-update.company-information.service.gov.uk/company/03471656/filing-history,0,,ORG:108666
Dunster House Limited,02913901,register,DUNSTER HOUSE LIMITED,active,2025-12-31,2026-09-25,accounts-with-accounts-type-full,full,,,likely,pdf (not read),https://find-and-update.company-information.service.gov.uk/company/02913901/filing-history,0,,ORG:106931
DUO PLASTICS LIMITED,02260922,register,DUO PLASTICS LIMITED,active,2025-06-30,2026-03-31,accounts-with-accounts-type-full,full,27015419,text,yes,xhtml,https://find-and-update.company-information.service.gov.uk/company/02260922/filing-history,0,,ORG:104388
Durable (UK) Limited,01717136,register,DURABLE (UK) LIMITED,active,2025-12-31,2026-08-03,accounts-with-accounts-type-small,small,,,unknown,xhtml,https://find-and-update.company-information.service.gov.uk/company/01717136/filing-history,0,,ORG:101071
Duracell UK Ltd,09490724,register,DURACELL UK LIMITED,active,2025-12-31,2026-06-28,accounts-with-accounts-type-full,full,,,likely,pdf (not read),https://find-and-update.company-information.service.gov.uk/company/09490724/filing-history,0,,ORG:100770
Duravit UK Limited,04298108,register,DURAVIT UK LIMITED,active,2025-12-31,2026-09-15,accounts-with-accounts-type-medium,medium,20569397,ixbrl,yes,xhtml,https://find-and-update.company-information.service.gov.uk/company/04298108/filing-history,0,,ORG:102305
DURAWELD LIMITED,07027865,register,DURAWELD LIMITED,active,2025-12-31,2026-04-16,accounts-with-accounts-type-total-exemption-full,small,,,unknown,xhtml,https://find-and-update.company-information.service.gov.uk/company/07027865/filing-history,0,,ORG:108329
Durham Box Company Ltd,02374363,register,DURHAM BOX COMPANY LIMITED,active,2025-12-31,2026-09-15,accounts-with-accounts-type-medium,medium,21000135,ixbrl,yes,xhtml,https://find-and-update.company-information.service.gov.uk/company/02374363/filing-history,0,,ORG:105038
Durston Garden Products Ltd,04999384,register,DURSTON GARDEN PRODUCTS LIMITED,active,2025-12-31,2026-09-28,accounts-with-accounts-type-total-exemption-full,small,,,unknown,xhtml,https://find-and-update.company-information.service.gov.uk/company/04999384/filing-history,0,,ORG:116344
Duvel Moortgat UK Limited,05825040,register,DUVEL MOORTGAT UK LIMITED,active,2025-12-31,2026-03-13,accounts-with-accounts-type-small,small,,,unknown,pdf (not read),https://find-and-update.company-information.service.gov.uk/company/05825040/filing-history,0,,ORG:106616
DWH FOOD HALLS LTD,NI042108,register,DWH FOOD HALLS LTD,active,2025-06-30,2026-03-31,accounts-with-accounts-type-total-exemption-full,small,,,unknown,xhtml,https://find-and-update.company-information.service.gov.uk/company/NI042108/filing-history,0,,ORG:107055
DWK Life Sciences Limited,07723574,register,DWK LIFE SCIENCES LIMITED,active,2025-12-31,2026-05-10,accounts-with-accounts-type-full,full,,,likely,pdf (not read),https://find-and-update.company-information.service.gov.uk/company/07723574/filing-history,0,,ORG:105045
Dyaco UK Limited,11232048,register,DYACO UK LIMITED,active,2024-12-31,2026-01-23,accounts-with-accounts-type-group,group,18447055,text,yes,xhtml,https://find-and-update.company-information.service.gov.uk/company/11232048/filing-history,1,,ORG:105048
DYDO DRINCO UK LTD,12224029,register,DYDO DRINCO UK LTD,active,2025-12-31,2026-06-01,accounts-with-accounts-type-small,small,,,unknown,xhtml,https://find-and-update.company-information.service.gov.uk/company/12224029/filing-history,0,,ORG:102762
Dyson UK Holdings Ltd,03772814,register,DYSON UK HOLDINGS LIMITED,active,2025-12-31,2026-10-05,accounts-with-accounts-type-full,full,,,likely,pdf (not read),https://find-and-update.company-information.service.gov.uk/company/03772814/filing-history,3,,ORG:105196
E H SMITH HOLDINGS LTD,00979888,register,E H SMITH HOLDINGS LTD,active,2025-06-30,2026-02-19,accounts-amended-with-accounts-type-group,group,,,likely,pdf (not read),https://find-and-update.company-information.service.gov.uk/company/00979888/filing-history,3,,ORG:114174
E I Wines Limited,06891852,register,E I WINES LIMITED,active,2025-12-31,2026-06-05,accounts-with-accounts-type-full,full,22697513,text,yes,xhtml,https://find-and-update.company-information.service.gov.uk/company/06891852/filing-history,0,,ORG:101578
E.A. Ellison & Co Ltd,00596289,register,E.A.ELLISON & CO LIMITED,active,2025-12-31,2026-10-06,accounts-with-accounts-type-full,full,,,likely,pdf (not read),https://find-and-update.company-information.service.gov.uk/company/00596289/filing-history,0,,ORG:102095
E.G.L. Homecare Ltd,01416097,register,E.G.L. HOMECARE LIMITED,active,2025-03-31,2025-12-24,accounts-with-accounts-type-medium,medium,,,likely,pdf (not read),https://find-and-update.company-information.service.gov.uk/company/01416097/filing-history,0,,ORG:102208
E.H.Booth & Co. Limited,00049933,register,"E.H.BOOTH & CO.,LIMITED",active,2026-03-28,2026-10-06,accounts-with-accounts-type-group,group,,,likely,pdf (not read),https://find-and-update.company-information.service.gov.uk/company/00049933/filing-history,0,,ORG:101854
E.J. Godwin (Peat Industries) Limited,00317585,register,E.J. GODWIN (PEAT INDUSTRIES) LIMITED,active,2025-07-31,2026-04-29,accounts-with-accounts-type-total-exemption-full,small,,,unknown,xhtml,https://find-and-update.company-information.service.gov.uk/company/00317585/filing-history,0,,ORG:116016
E.L.F. Beauty UK Ltd,13023979,register,E.L.F. BEAUTY UK LIMITED,active,2026-03-31,2026-09-01,accounts-with-accounts-type-full,full,,,likely,pdf (not read),https://find-and-update.company-information.service.gov.uk/company/13023979/filing-history,0,,ORG:116931
E.P. Barrus Limited,00148476,register,E.P.BARRUS LIMITED,active,2025-09-30,2026-06-25,accounts-with-accounts-type-full,full,87706000,text,yes,xhtml,https://find-and-update.company-information.service.gov.uk/company/00148476/filing-history,0,,ORG:100487
E.Park & Sons Ltd,01043787,register,E.PARK & SONS LIMITED,active,2025-06-30,2026-03-27,accounts-with-accounts-type-full,full,63922634,text,yes,xhtml,https://find-and-update.company-information.service.gov.uk/company/01043787/filing-history,0,,ORG:103448
E.S.K. Wholesale Limited,01502278,register,E.S.K. WHOLESALE LIMITED,active,2026-02-28,2026-07-21,accounts-with-accounts-type-total-exemption-full,small,,,unknown,xhtml,https://find-and-update.company-information.service.gov.uk/company/01502278/filing-history,0,,ORG:103733
E.W.G.A. LIMITED,04704072,register,E.W.G.A. LIMITED,active,2025-09-28,2026-03-27,accounts-with-accounts-type-total-exemption-full,small,,,unknown,xhtml,https://find-and-update.company-information.service.gov.uk/company/04704072/filing-history,0,,ORG:114830
Eakin Healthcare Group Ltd,NI060981,register,EAKIN HEALTHCARE GROUP LTD,active,2025-03-31,2025-12-15,accounts-with-accounts-type-group,group,144320430,text,yes,xhtml,https://find-and-update.company-information.service.gov.uk/company/NI060981/filing-history,3,,ORG:105383
Earth's Bounty Ltd,08059811,register,EARTH'S BOUNTY LIMITED,active,2025-11-30,2026-08-12,accounts-with-accounts-type-total-exemption-full,small,,,unknown,xhtml,https://find-and-update.company-information.service.gov.uk/company/08059811/filing-history,0,,ORG:101194
Easi-bind International Limited,01325556,register,EASI-BIND INTERNATIONAL LIMITED,active,2025-12-31,2026-09-24,accounts-with-accounts-type-medium,medium,7972228,ixbrl,yes,xhtml,https://find-and-update.company-information.service.gov.uk/company/01325556/filing-history,0,,ORG:107520
Easiyo Products (UK) Limited,03590257,register,EASIYO PRODUCTS (UK) LIMITED,active,2025-12-31,2026-09-03,accounts-with-accounts-type-small,small,,,unknown,xhtml,https://find-and-update.company-information.service.gov.uk/company/03590257/filing-history,0,,ORG:112344
East Midlands Pharma Ltd,05365532,register,EAST MIDLANDS PHARMA LIMITED,active,2025-03-31,2025-10-13,accounts-with-accounts-type-audit-exemption-subsiduary,subsidiary,,,unknown,pdf (not read),https://find-and-update.company-information.service.gov.uk/company/05365532/filing-history,0,,ORG:111985
EAST OF ENGLAND CO-OPERATIVE SOCIETY LIMITED,IP01099R,name search,EAST OF ENGLAND CO-OPERATIVE SOCIETY LIMITED,active,,,,,,,,,https://find-and-update.company-information.service.gov.uk/company/IP01099R/filing-history,0,no accounts filing with a document,ORG:106912
East Riding Horticulture Ltd,02332205,register,EAST RIDING HORTICULTURE LIMITED,active,2025-12-31,2026-07-24,accounts-with-accounts-type-total-exemption-full,small,,,unknown,xhtml,https://find-and-update.company-information.service.gov.uk/company/02332205/filing-history,0,,ORG:106414
East Riding Sacks Limited,02102303,register,EAST RIDING SACKS LIMITED,active,2025-12-31,2026-09-25,accounts-with-accounts-type-medium,medium,29518971,ixbrl,yes,xhtml,https://find-and-update.company-information.service.gov.uk/company/02102303/filing-history,0,,ORG:103500
East Sussex Press Limited,02872719,register,EAST SUSSEX PRESS LIMITED,active,2025-12-31,2026-09-25,accounts-with-accounts-type-group,group,82098000,text,yes,xhtml,https://find-and-update.company-information.service.gov.uk/company/02872719/filing-history,3,,ORG:102868
Eastbrook Limited,15832396,name search,EASTBROOK LIMITED,active,2025-07-31,2026-04-07,accounts-with-accounts-type-dormant,dormant,,,no,xhtml,https://find-and-update.company-information.service.gov.uk/company/15832396/filing-history,0,,ORG:105513
Eastern Shires Purchasing Organisation,,,,,,,,,,,,,,0,no Companies House number in register and no exact name match,ORG:108677
Eastman Company UK Ltd,03176591,register,EASTMAN COMPANY UK LIMITED,active,2025-12-31,2026-07-03,accounts-with-accounts-type-full,full,,,likely,pdf (not read),https://find-and-update.company-information.service.gov.uk/company/03176591/filing-history,0,,ORG:112651
Easy Cleaning Solutions Ltd,00487516,register,EASY CLEANING SOLUTIONS LIMITED,active,2025-03-31,2025-12-22,accounts-with-accounts-type-full,full,59631600,text,yes,xhtml,https://find-and-update.company-information.service.gov.uk/company/00487516/filing-history,0,,ORG:100306
Eaton Electrical Products Limited,01342230,register,EATON ELECTRICAL PRODUCTS LIMITED,active,2025-12-31,2026-10-02,accounts-with-accounts-type-full,full,,,likely,pdf (not read),https://find-and-update.company-information.service.gov.uk/company/01342230/filing-history,0,,ORG:101369
Eaton Holding Limited,03316660,register,EATON HOLDING LIMITED,active,2025-12-31,2026-07-27,accounts-with-accounts-type-full,full,,,likely,pdf (not read),https://find-and-update.company-information.service.gov.uk/company/03316660/filing-history,2,,ORG:101232
Eaton Industries (U.K.) Limited,06023445,register,EATON INDUSTRIES (U.K.) LIMITED,active,2025-12-31,2026-07-25,accounts-with-accounts-type-full,full,,,likely,pdf (not read),https://find-and-update.company-information.service.gov.uk/company/06023445/filing-history,2,,ORG:102701
EBAC LIMITED,01089991,register,EBAC LIMITED,active,2024-12-31,2025-12-23,accounts-with-accounts-type-full,full,15925203,text,yes,xhtml,https://find-and-update.company-information.service.gov.uk/company/01089991/filing-history,0,,ORG:104844
eBay (UK) Limited,03726028,register,EBAY (UK) LIMITED,active,2025-12-31,2026-10-06,accounts-with-accounts-type-full,full,,,likely,pdf (not read),https://find-and-update.company-information.service.gov.uk/company/03726028/filing-history,0,,ORG:102938
ebm-papst UK Limited,01212237,register,EBM - PAPST UK LIMITED,active,2025-03-31,2025-12-30,accounts-with-accounts-type-full,full,,,likely,pdf (not read),https://find-and-update.company-information.service.gov.uk/company/01212237/filing-history,0,,ORG:100540
Ecco Safety Group (UK) Limited,00406476,register,ECCO SAFETY GROUP (UK) LIMITED,active,2025-12-31,2026-09-28,accounts-with-accounts-type-full,full,39720230,text,yes,xhtml,https://find-and-update.company-information.service.gov.uk/company/00406476/filing-history,0,,ORG:105442
ECCO SALES LIMITED,07317197,register,ECCO SALES LIMITED,active,2025-12-31,2026-10-06,accounts-with-accounts-type-full,full,,,likely,pdf (not read),https://find-and-update.company-information.service.gov.uk/company/07317197/filing-history,0,,ORG:115056
Echlinville Distillery Limited,NI053151,register,ECHLINVILLE DISTILLERY LIMITED,active,2025-12-31,2026-09-30,accounts-with-accounts-type-total-exemption-full,small,,,unknown,xhtml,https://find-and-update.company-information.service.gov.uk/company/NI053151/filing-history,0,,ORG:107527
Echo Packaging Ltd,02717201,register,ECHO PACKAGING LIMITED,active,2025-06-30,2026-04-12,accounts-with-accounts-type-full,full,,,likely,pdf (not read),https://find-and-update.company-information.service.gov.uk/company/02717201/filing-history,0,,ORG:101697
Ecolab Ltd,00649192,register,ECOLAB LIMITED,active,2025-11-30,2026-07-24,accounts-with-accounts-type-full,full,,,likely,pdf (not read),https://find-and-update.company-information.service.gov.uk/company/00649192/filing-history,0,,ORG:108065
Ecopak International Limited,07523732,register,ECOPAK INTERNATIONAL LIMITED,active,2026-03-31,2026-09-08,accounts-with-accounts-type-unaudited-abridged,small,,,unknown,xhtml,https://find-and-update.company-information.service.gov.uk/company/07523732/filing-history,0,,ORG:116766
ECORRUGATED LIMITED,07564536,register,ECORRUGATED LIMITED,active,2025-12-31,2026-09-15,accounts-with-accounts-type-medium,medium,,,likely,pdf (not read),https://find-and-update.company-information.service.gov.uk/company/07564536/filing-history,0,,ORG:106446
Ecover (UK) Ltd,02754638,register,ECOVER (UK) LIMITED,active,2025-06-27,2026-04-25,accounts-with-accounts-type-audit-exemption-subsiduary,subsidiary,,,unknown,pdf (not read),https://find-and-update.company-information.service.gov.uk/company/02754638/filing-history,0,,ORG:105089
ECUBE SOLUTIONS LIMITED,07832893,register,ECUBE SOLUTIONS LIMITED,active,2024-12-31,2025-10-06,accounts-with-accounts-type-full,full,,,likely,pdf (not read),https://find-and-update.company-information.service.gov.uk/company/07832893/filing-history,0,,ORG:117009
Ed's Trading Limited,05495111,register,ED'S TRADING LIMITED,active,2025-12-28,2026-07-15,accounts-with-accounts-type-total-exemption-full,small,,,unknown,xhtml,https://find-and-update.company-information.service.gov.uk/company/05495111/filing-history,0,,ORG:107263
EDBRO HYDRAULICS LIMITED,00283933,register,EDBRO HYDRAULICS LIMITED,active,2025-12-31,2026-09-30,accounts-with-accounts-type-medium,medium,20655950,ixbrl,yes,xhtml,https://find-and-update.company-information.service.gov.uk/company/00283933/filing-history,0,,ORG:107064
Edding (UK) Ltd,01249697,register,EDDING (U.K.) LIMITED,active,2025-12-31,2026-03-06,accounts-with-accounts-type-small,small,,,unknown,pdf (not read),https://find-and-update.company-information.service.gov.uk/company/01249697/filing-history,0,,ORG:100409
Ede & Ravenscroft Limited,00424854,register,EDE & RAVENSCROFT LIMITED,active,2025-09-30,2026-06-30,accounts-with-accounts-type-full,full,41220000,text,yes,xhtml,https://find-and-update.company-information.service.gov.uk/company/00424854/filing-history,3,,ORG:100258
Eden Springs UK Limited,04063744,register,EDEN SPRINGS UK LIMITED,active,2024-12-31,2025-09-22,accounts-with-accounts-type-full,full,,,likely,pdf (not read),https://find-and-update.company-information.service.gov.uk/company/04063744/filing-history,0,,ORG:106995
EDF Energy Holdings Ltd,06930266,register,EDF ENERGY HOLDINGS LIMITED,active,2025-12-31,2026-07-21,accounts-with-accounts-type-group,group,,,likely,pdf (not read),https://find-and-update.company-information.service.gov.uk/company/06930266/filing-history,4,,ORG:101472
Edgetech (UK) Limited,08610330,register,EDGETECH (UK) LIMITED,active,2025-10-31,2026-07-24,accounts-with-accounts-type-full,full,,,likely,pdf (not read),https://find-and-update.company-information.service.gov.uk/company/08610330/filing-history,0,,ORG:102628
Edible Oils Ltd,05309847,register,EDIBLE OILS LTD,active,2024-12-31,2025-12-29,accounts-with-accounts-type-group,group,,,likely,pdf (not read),https://find-and-update.company-information.service.gov.uk/company/05309847/filing-history,0,,ORG:114737
EDMI Europe Ltd,07810330,register,EDMI EUROPE LIMITED,active,2025-12-31,2026-04-03,accounts-with-accounts-type-full,full,,,likely,pdf (not read),https://find-and-update.company-information.service.gov.uk/company/07810330/filing-history,0,,ORG:107486
Edmundson Electrical Limited,02667012,register,EDMUNDSON ELECTRICAL LIMITED,active,2025-12-31,2026-09-30,accounts-with-accounts-type-full,full,,,likely,pdf (not read),https://find-and-update.company-information.service.gov.uk/company/02667012/filing-history,0,,ORG:106481
EDWARD BILLINGTON AND SON LIMITED,00059883,register,EDWARD BILLINGTON AND SON LIMITED,active,2025-08-31,2026-06-04,accounts-with-accounts-type-group,group,,,likely,pdf (not read),https://find-and-update.company-information.service.gov.uk/company/00059883/filing-history,3,,ORG:107268
EDWARD VINSON LIMITED,01741468,register,EDWARD VINSON LIMITED,active,2025-12-31,2026-10-06,accounts-with-accounts-type-group,group,,,likely,pdf (not read),https://find-and-update.company-information.service.gov.uk/company/01741468/filing-history,1,,ORG:103594
EDWARDS BEERS AND WINE SUPPLIES LTD,07090162,register,EDWARDS BEERS AND WINE SUPPLIES LTD,active,2025-06-30,2026-02-26,accounts-with-accounts-type-full,full,17310066,text,yes,xhtml,https://find-and-update.company-information.service.gov.uk/company/07090162/filing-history,0,,ORG:114884
EDWARDS LIFESCIENCES LIMITED,03879325,register,EDWARDS LIFESCIENCES LIMITED,active,2025-12-31,2026-09-15,accounts-with-accounts-type-full,full,,,likely,xhtml,https://find-and-update.company-information.service.gov.uk/company/03879325/filing-history,0,,ORG:101521
Edwards Ltd,06124750,register,EDWARDS LIMITED,active,2025-12-31,2026-06-01,accounts-with-accounts-type-full,full,,,likely,pdf (not read),https://find-and-update.company-information.service.gov.uk/company/06124750/filing-history,0,,ORG:103868
Edwin Holden's Bottling Company Limited,00379383,register,EDWIN HOLDEN'S BOTTLING COMPANY LIMITED,active,2026-03-31,2026-04-23,accounts-with-accounts-type-total-exemption-full,small,,,unknown,xhtml,https://find-and-update.company-information.service.gov.uk/company/00379383/filing-history,0,,ORG:114654
EFKA FRAME SOLUTIONS LIMITED,10875188,register,EFKA FRAME SOLUTIONS LIMITED,active,2025-12-31,2026-03-27,accounts-with-accounts-type-small,small,,,unknown,xhtml,https://find-and-update.company-information.service.gov.uk/company/10875188/filing-history,0,,ORG:116223
Eftec Ltd,01406940,register,EFTEC LIMITED,active,2025-12-31,2026-07-25,accounts-with-accounts-type-medium,medium,,,likely,pdf (not read),https://find-and-update.company-information.service.gov.uk/company/01406940/filing-history,0,,ORG:106408
EG Retail Services Ltd,13920167,register,EG RETAIL SERVICES LIMITED,active,2025-12-31,2026-09-09,accounts-with-accounts-type-group,group,,,likely,pdf (not read),https://find-and-update.company-information.service.gov.uk/company/13920167/filing-history,2,,ORG:114854
Egger (UK) Limited,02813369,register,EGGER (UK) LIMITED,active,2025-04-30,2026-01-16,accounts-with-accounts-type-full,full,,,likely,pdf (not read),https://find-and-update.company-information.service.gov.uk/company/02813369/filing-history,1,,ORG:103398
EGGFREE CAKE BOX LIMITED,06861652,register,EGGFREE CAKE BOX LIMITED,active,2025-03-30,2026-01-07,accounts-with-accounts-type-full,full,,,likely,pdf (not read),https://find-and-update.company-information.service.gov.uk/company/06861652/filing-history,0,,ORG:102677
EGLINTON (TIMBER PRODUCTS) LTD,NI019444,register,EGLINTON (TIMBER PRODUCTS) LIMITED,active,2025-03-31,2025-12-22,accounts-with-accounts-type-full,full,14663000,text,yes,xhtml,https://find-and-update.company-information.service.gov.uk/company/NI019444/filing-history,0,,ORG:108290
Eglo UK Ltd,04314239,register,EGLO UK LIMITED,active,2025-12-31,2026-02-03,accounts-with-accounts-type-small,small,,,unknown,xhtml,https://find-and-update.company-information.service.gov.uk/company/04314239/filing-history,0,,ORG:100534
EGO PHARMACEUTICALS (UK) LIMITED,04352008,register,EGO PHARMACEUTICALS (UK) LIMITED,active,2025-06-30,2025-12-01,accounts-with-accounts-type-full,full,,,likely,pdf (not read),https://find-and-update.company-information.service.gov.uk/company/04352008/filing-history,0,,ORG:108050
EGR EUROPE LIMITED,02491025,register,EGR EUROPE LIMITED,active,2025-06-30,2026-02-26,accounts-with-accounts-type-full,full,,,likely,pdf (not read),https://find-and-update.company-information.service.gov.uk/company/02491025/filing-history,0,,ORG:101637
Egreen International Ltd,01858859,register,EGREEN INTERNATIONAL LIMITED,active,2025-09-30,2026-06-25,accounts-with-accounts-type-full,full,10466586,text,yes,xhtml,https://find-and-update.company-information.service.gov.uk/company/01858859/filing-history,0,,ORG:104301
Ehrmann Cornish Dairy Ltd,06155887,register,EHRMANN CORNISH DAIRY LIMITED,active,2025-12-31,2026-07-02,accounts-with-accounts-type-full,full,,,likely,pdf (not read),https://find-and-update.company-information.service.gov.uk/company/06155887/filing-history,0,,ORG:108340
Ehrmann UK Ltd,12843911,register,EHRMANN UK LTD,active,2025-12-31,2026-07-02,accounts-with-accounts-type-group,group,,,likely,pdf (not read),https://find-and-update.company-information.service.gov.uk/company/12843911/filing-history,0,,ORG:114611
EHV UK Limited,11284867,register,EHV UK LIMITED,active,2025-12-31,2026-08-14,accounts-with-accounts-type-full,full,,,likely,pdf (not read),https://find-and-update.company-information.service.gov.uk/company/11284867/filing-history,0,,ORG:103932
Einhell UK Ltd,03901625,register,EINHELL UK LTD,active,2025-12-31,2026-05-11,accounts-with-accounts-type-full,full,35429000,ixbrl,yes,xhtml,https://find-and-update.company-information.service.gov.uk/company/03901625/filing-history,0,,ORG:100523
EJ UK FABRICATION & ACCESS SOLUTIONS LIMITED,01271357,register,EJ UK FABRICATION & ACCESS SOLUTIONS LIMITED,active,2025-12-31,2026-08-21,accounts-with-accounts-type-full,full,,,likely,pdf (not read),https://find-and-update.company-information.service.gov.uk/company/01271357/filing-history,0,,ORG:102904
EJOT U.K. LIMITED,SC094473,register,EJOT U.K. LIMITED,active,2025-12-31,2026-03-25,accounts-with-accounts-type-full,full,30936675,text,yes,xhtml,https://find-and-update.company-information.service.gov.uk/company/SC094473/filing-history,0,,ORG:117750
Ekaterra Holdco UK Limited,13138772,register,EKATERRA HOLDCO UK LIMITED,active,2024-12-31,2025-12-28,accounts-with-accounts-type-full,full,,,likely,pdf (not read),https://find-and-update.company-information.service.gov.uk/company/13138772/filing-history,1,,ORG:108163
ekeg Limited,05826492,register,EKEG LIMITED,active,2025-07-31,2026-04-26,accounts-with-accounts-type-full,full,,,likely,pdf (not read),https://find-and-update.company-information.service.gov.uk/company/05826492/filing-history,0,,ORG:114942
Ekornes Limited,01109326,register,EKORNES LIMITED,active,2025-12-31,2026-09-25,accounts-with-accounts-type-full,full,22054900,text,yes,xhtml,https://find-and-update.company-information.service.gov.uk/company/01109326/filing-history,0,,ORG:102994
Elanco UK AH Ltd,11378434,register,ELANCO UK AH LIMITED,active,2025-12-31,2026-09-15,accounts-with-accounts-type-full,full,,,likely,pdf (not read),https://find-and-update.company-information.service.gov.uk/company/11378434/filing-history,0,,ORG:105179
Eland Cables Ltd,01229226,register,ELAND CABLES LIMITED,active,2025-12-31,2026-07-02,accounts-with-accounts-type-full,full,317766079,text,yes,xhtml,https://find-and-update.company-information.service.gov.uk/company/01229226/filing-history,0,,ORG:106119
Elanders Ltd,03788582,register,ELANDERS LTD,active,2025-12-31,2026-09-30,accounts-with-accounts-type-group,group,,,likely,xhtml,https://find-and-update.company-information.service.gov.uk/company/03788582/filing-history,0,,ORG:105230
Electric Mobility Euro Ltd,02419231,register,ELECTRIC MOBILITY EURO LIMITED,active,2024-12-31,2025-09-26,accounts-with-accounts-type-group,group,15466874,text,yes,xhtml,https://find-and-update.company-information.service.gov.uk/company/02419231/filing-history,0,,ORG:104375
Electrolux Plc,02331516,register,ELECTROLUX PLC,active,2025-12-31,2026-07-01,accounts-with-accounts-type-full,full,,,likely,pdf (not read),https://find-and-update.company-information.service.gov.uk/company/02331516/filing-history,0,,ORG:100411
Electrolux Professional Ltd,00637383,register,ELECTROLUX PROFESSIONAL LIMITED,active,2025-12-31,2026-09-21,accounts-with-accounts-type-full,full,28994000,ixbrl,yes,xhtml,https://find-and-update.company-information.service.gov.uk/company/00637383/filing-history,0,,ORG:101543
Electrosteel Castings (UK) Ltd,04057880,register,ELECTROSTEEL CASTINGS (UK) LIMITED,active,2026-03-31,2026-05-28,accounts-with-accounts-type-full,full,27649000,ixbrl,yes,xhtml,https://find-and-update.company-information.service.gov.uk/company/04057880/filing-history,0,,ORG:111407
Elekta Ltd,03244454,register,ELEKTA LIMITED,active,2025-04-30,2026-02-03,accounts-with-accounts-type-full,full,,,likely,pdf (not read),https://find-and-update.company-information.service.gov.uk/company/03244454/filing-history,0,,ORG:108158
Elementis plc,03299608,register,ELEMENTIS PLC,active,2025-12-31,2026-05-11,accounts-with-accounts-type-group,group,,,likely,pdf (not read),https://find-and-update.company-information.service.gov.uk/company/03299608/filing-history,1,,ORG:111423
Elemis Ltd,02279688,register,ELEMIS LIMITED,active,2025-03-31,2026-04-03,accounts-with-accounts-type-full,full,,,likely,pdf (not read),https://find-and-update.company-information.service.gov.uk/company/02279688/filing-history,0,,ORG:104987
Eley Hawk Ltd,02004633,register,ELEY HAWK LIMITED,active,2025-12-31,2026-09-03,accounts-with-accounts-type-full,full,17205067,ixbrl,yes,xhtml,https://find-and-update.company-information.service.gov.uk/company/02004633/filing-history,0,,ORG:107189
ELGATE PRODUCTS LIMITED,01013962,register,ELGATE PRODUCTS LIMITED,active,2025-12-31,2026-06-10,accounts-with-accounts-type-full,full,11858879,text,yes,xhtml,https://find-and-update.company-information.service.gov.uk/company/01013962/filing-history,0,,ORG:107421
Eli Lilly and Company Ltd,00284385,register,ELI LILLY AND COMPANY LIMITED,active,2025-12-31,2026-09-14,accounts-with-accounts-type-full,full,,,likely,pdf (not read),https://find-and-update.company-information.service.gov.uk/company/00284385/filing-history,0,,ORG:107008
ELIOR UK HOLDINGS LIMITED,02352329,register,ELIOR UK HOLDINGS LIMITED,active,2025-09-30,2026-07-09,accounts-with-accounts-type-full,full,,,likely,pdf (not read),https://find-and-update.company-information.service.gov.uk/company/02352329/filing-history,5,,ORG:105671
ELIS UK LIMITED,00228604,register,ELIS UK LIMITED,active,2025-12-31,2026-09-15,accounts-with-accounts-type-full,full,,,likely,pdf (not read),https://find-and-update.company-information.service.gov.uk/company/00228604/filing-history,0,,ORG:102336
Elite Mobile Limited,02987598,register,ELITE MOBILE LIMITED,active,2025-12-31,2026-10-02,accounts-with-accounts-type-full,full,,,likely,pdf (not read),https://find-and-update.company-information.service.gov.uk/company/02987598/filing-history,1,,ORG:114171
Elite Office Furniture (UK) Ltd,03365655,register,ELITE OFFICE FURNITURE (UK) LTD.,active,2026-01-31,2026-07-03,accounts-with-accounts-type-full,full,20382396,text,yes,xhtml,https://find-and-update.company-information.service.gov.uk/company/03365655/filing-history,0,,ORG:101429
Elite Plastics Limited,02465066,register,ELITE PLASTICS LIMITED,active,2025-03-31,2026-01-07,accounts-with-accounts-type-medium,medium,,,likely,pdf (not read),https://find-and-update.company-information.service.gov.uk/company/02465066/filing-history,0,,ORG:103811
Elizabeth Arden (UK) Ltd,04126357,register,ELIZABETH ARDEN (UK) LTD,active,2024-12-31,2026-04-19,accounts-with-accounts-type-full,full,,,likely,pdf (not read),https://find-and-update.company-information.service.gov.uk/company/04126357/filing-history,0,,ORG:107034
Elizabeth Scarlett Limited,08632591,register,ELIZABETH SCARLETT LIMITED,active,2025-07-31,2026-03-10,accounts-with-accounts-type-unaudited-abridged,small,,,unknown,xhtml,https://find-and-update.company-information.service.gov.uk/company/08632591/filing-history,0,,ORG:118050
Elkem Silicones (UK) Ltd,05958909,register,BLUESTAR SILICONES (UK) LTD.,active,2025-12-31,2026-10-07,accounts-with-accounts-type-full,full,,,likely,pdf (not read),https://find-and-update.company-information.service.gov.uk/company/05958909/filing-history,0,,ORG:105643
ELLA'S KITCHEN (BRANDS) LIMITED,05183743,register,ELLA'S KITCHEN (BRANDS) LIMITED,active,2025-06-30,2026-04-03,accounts-with-accounts-type-full,full,,,likely,pdf (not read),https://find-and-update.company-information.service.gov.uk/company/05183743/filing-history,0,,ORG:103825
ELLIOTT ABSORBENT PRODUCTS LIMITED,03786926,register,ELLIOTT ABSORBENT PRODUCTS LIMITED,active,2025-12-31,2026-04-29,accounts-with-accounts-type-total-exemption-full,small,,,unknown,xhtml,https://find-and-update.company-information.service.gov.uk/company/03786926/filing-history,0,,ORG:108451
Elliott Baxter & Company Limited,00463083,register,ELLIOTT BAXTER & COMPANY LIMITED,active,2025-12-31,2026-10-07,accounts-with-accounts-type-full,full,,,likely,pdf (not read),https://find-and-update.company-information.service.gov.uk/company/00463083/filing-history,0,,ORG:103568
Elliott Brothers (Builders Merchants) Limited,00070611,register,ELLIOTT BROTHERS (BUILDERS MERCHANTS) LIMITED,active,2025-12-31,2026-09-28,accounts-with-accounts-type-group,group,,,likely,xhtml,https://find-and-update.company-information.service.gov.uk/company/00070611/filing-history,2,,ORG:107085
Elliotts Tradition Ltd,NI055163,register,ELLIOTT'S TRADITION LIMITED,active,2025-01-30,2026-01-28,accounts-with-accounts-type-total-exemption-full,small,,,unknown,pdf (not read),https://find-and-update.company-information.service.gov.uk/company/NI055163/filing-history,0,,ORG:114478
Ellis Of Richmond Limited,00384864,register,ELLIS OF RICHMOND LIMITED,active,2025-03-31,2025-12-22,accounts-with-accounts-type-full,full,42158062,ixbrl,yes,xhtml,https://find-and-update.company-information.service.gov.uk/company/00384864/filing-history,0,,ORG:101003
ELLPRO TIMBER LIMITED,07045259,register,ELLPRO TIMBER LIMITED,active,2025-11-30,2026-08-19,accounts-with-accounts-type-full,full,20092095,text,yes,xhtml,https://find-and-update.company-information.service.gov.uk/company/07045259/filing-history,0,,ORG:101437
ELLSI LIMITED,12013674,register,ELLSI LIMITED,active,2024-12-31,2025-09-30,accounts-with-accounts-type-total-exemption-full,small,,,unknown,xhtml,https://find-and-update.company-information.service.gov.uk/company/12013674/filing-history,0,,ORG:117017
Ellsworth Adhesives Ltd,SC122624,register,ELLSWORTH ADHESIVES LIMITED,active,2025-09-30,2025-12-22,accounts-with-accounts-type-group,group,,,likely,pdf (not read),https://find-and-update.company-information.service.gov.uk/company/SC122624/filing-history,1,,ORG:103615
Elmdene International Ltd,00752060,register,ELMDENE INTERNATIONAL LIMITED,active,2025-12-31,2026-06-03,accounts-with-accounts-type-full,full,,,likely,pdf (not read),https://find-and-update.company-information.service.gov.uk/company/00752060/filing-history,0,,ORG:104764
ELNUR UK LIMITED,03910988,register,ELNUR UK LIMITED,active,2025-12-31,2026-04-29,accounts-with-accounts-type-full,full,3179000,text,no,xhtml,https://find-and-update.company-information.service.gov.uk/company/03910988/filing-history,0,,ORG:105649
Elopak UK Limited,00687462,register,ELOPAK UK LIMITED,active,2024-12-31,2025-08-05,accounts-with-accounts-type-full,full,,,likely,pdf (not read),https://find-and-update.company-information.service.gov.uk/company/00687462/filing-history,0,,ORG:101678
ELOVATE GROUP LIMITED,12048420,register,ELOVATE GROUP LIMITED,active,2025-07-31,2026-05-05,accounts-with-accounts-type-group,group,,,likely,pdf (not read),https://find-and-update.company-information.service.gov.uk/company/12048420/filing-history,2,,ORG:106243
Elring Klinger (Great Britain) Limited,02181033,register,ELRING KLINGER (GREAT BRITAIN) LIMITED,active,2025-12-31,2026-09-23,accounts-with-accounts-type-full,full,19832000,ixbrl,yes,xhtml,https://find-and-update.company-information.service.gov.uk/company/02181033/filing-history,0,,ORG:103464
Elster Metering Ltd,00873781,register,ELSTER METERING LIMITED,active,2024-12-31,2026-04-03,accounts-with-accounts-type-full,full,,,likely,pdf (not read),https://find-and-update.company-information.service.gov.uk/company/00873781/filing-history,0,,ORG:105077
Elster Water Metering Ltd,08624958,register,ELSTER WATER METERING LIMITED,active,2024-12-31,2026-01-06,accounts-with-accounts-type-full,full,,,likely,pdf (not read),https://find-and-update.company-information.service.gov.uk/company/08624958/filing-history,0,,ORG:104751
Eltherington Group Limited,00648546,register,ELTHERINGTON GROUP LIMITED,active,2025-12-31,2026-08-04,accounts-with-accounts-type-group,group,,,likely,pdf (not read),https://find-and-update.company-information.service.gov.uk/company/00648546/filing-history,2,,ORG:106882
EMBALLATOR (UK) LIMITED,03648265,register,EMBALLATOR (UK) LIMITED,active,2024-12-31,2025-09-22,accounts-with-accounts-type-full,full,,,likely,pdf (not read),https://find-and-update.company-information.service.gov.uk/company/03648265/filing-history,0,,ORG:101428
Embecta U.K. Limited,12567262,register,EMBECTA U.K. LIMITED,active,2024-09-30,2025-11-20,accounts-with-accounts-type-small,small,,,unknown,pdf (not read),https://find-and-update.company-information.service.gov.uk/company/12567262/filing-history,0,,ORG:116196
Embleton Hall Dairies Limited,01820846,register,EMBLETON HALL DAIRIES LIMITED,active,2025-03-31,2025-12-19,accounts-with-accounts-type-full,full,,,likely,pdf (not read),https://find-and-update.company-information.service.gov.uk/company/01820846/filing-history,0,,ORG:101279
Emerson Holding Company Ltd,01790726,register,EMERSON HOLDING COMPANY LIMITED,active,2025-09-30,2026-05-26,accounts-with-accounts-type-full,full,,,likely,pdf (not read),https://find-and-update.company-information.service.gov.uk/company/01790726/filing-history,7,,ORG:103833
Emma Bridgewater Limited,01943787,register,EMMA BRIDGEWATER LIMITED,active,2025-04-26,2026-01-27,accounts-with-accounts-type-full,full,27436407,ixbrl,yes,xhtml,https://find-and-update.company-information.service.gov.uk/company/01943787/filing-history,0,,ORG:107183
Emma Matratzen GmbH,,,,,,,,,,,,,,0,no Companies House number in register and no exact name match,ORG:114288
Emmi UK Limited,04874211,register,EMMI UK LIMITED,active,2025-12-31,2026-03-25,accounts-with-accounts-type-full,full,72575503,ixbrl,yes,xhtml,https://find-and-update.company-information.service.gov.uk/company/04874211/filing-history,0,,ORG:100452
EMPIRE BESPOKE FOODS LIMITED,03417562,register,EMPIRE BESPOKE FOODS LIMITED,active,2025-09-30,2026-06-29,accounts-with-accounts-type-group,group,36383109,text,yes,xhtml,https://find-and-update.company-information.service.gov.uk/company/03417562/filing-history,0,,ORG:102470
EMPIRE TAPES LTD,02797901,register,EMPIRE TAPES LTD,active,2025-12-31,2026-09-30,accounts-with-accounts-type-full,full,16971079,text,yes,xhtml,https://find-and-update.company-information.service.gov.uk/company/02797901/filing-history,0,,ORG:102234
Emplas Window Systems Limited,01882731,register,EMPLAS WINDOW SYSTEMS LIMITED,active,2025-04-30,2026-02-13,accounts-with-accounts-type-full,full,61470085,ixbrl,yes,xhtml,https://find-and-update.company-information.service.gov.uk/company/01882731/filing-history,0,,ORG:102613
EMPORIA BRANDS LIMITED,00631970,register,EMPORIA BRANDS LIMITED,active,2026-01-31,2026-08-26,accounts-with-accounts-type-total-exemption-full,small,,,unknown,xhtml,https://find-and-update.company-information.service.gov.uk/company/00631970/filing-history,0,,ORG:103270
EMR Polymers Limited,06455767,register,EMR POLYMERS LIMITED,active,2025-12-31,2026-09-28,accounts-with-accounts-type-total-exemption-full,small,,,unknown,pdf (not read),https://find-and-update.company-information.service.gov.uk/company/06455767/filing-history,0,,ORG:111184
EMS-Chemie (UK) Ltd,00568534,register,EMS-CHEMIE (UK) LTD,active,2025-12-31,2026-05-09,accounts-with-accounts-type-medium,medium,,,likely,pdf (not read),https://find-and-update.company-information.service.gov.uk/company/00568534/filing-history,0,,ORG:104618
EMTELLE UK LIMITED,SC079486,register,EMTELLE UK LIMITED,active,2025-12-31,2026-10-02,accounts-with-accounts-type-full,full,,,likely,pdf (not read),https://find-and-update.company-information.service.gov.uk/company/SC079486/filing-history,1,,ORG:107011
En Route International Limited,04524355,register,EN ROUTE INTERNATIONAL LIMITED,active,2025-03-31,2025-10-16,accounts-with-accounts-type-full,full,,,likely,pdf (not read),https://find-and-update.company-information.service.gov.uk/company/04524355/filing-history,0,,ORG:115241
Encirc Limited,NI030990,register,ENCIRC LIMITED,active,2025-12-31,2026-09-30,accounts-with-accounts-type-full,full,,,likely,pdf (not read),https://find-and-update.company-information.service.gov.uk/company/NI030990/filing-history,0,,ORG:106556
ENCON INSULATION LIMITED,01377342,register,ENCON INSULATION LIMITED,active,2025-07-31,2026-01-16,accounts-with-accounts-type-full,full,,,likely,pdf (not read),https://find-and-update.company-information.service.gov.uk/company/01377342/filing-history,0,,ORG:104190
Energizer Auto UK Ltd,02362589,register,ENERGIZER AUTO UK LIMITED,active,2025-09-30,2026-06-25,accounts-with-accounts-type-medium,medium,17920000,ixbrl,yes,xhtml,https://find-and-update.company-information.service.gov.uk/company/02362589/filing-history,0,,ORG:116500
Energizer Group Ltd,03937798,register,ENERGIZER GROUP LIMITED,active,2025-09-30,2026-06-25,accounts-with-accounts-type-full,full,74279000,ixbrl,yes,xhtml,https://find-and-update.company-information.service.gov.uk/company/03937798/filing-history,0,,ORG:107244
Energizer Trading Ltd,02078560,register,ENERGIZER TRADING LIMITED,active,2025-09-30,2026-06-25,accounts-with-accounts-type-full,full,339190000,ixbrl,yes,xhtml,https://find-and-update.company-information.service.gov.uk/company/02078560/filing-history,0,,ORG:105908
Enersys Ltd,00731261,register,ENERSYS LTD.,active,2025-03-31,2026-01-06,accounts-with-accounts-type-full,full,,,likely,pdf (not read),https://find-and-update.company-information.service.gov.uk/company/00731261/filing-history,0,,ORG:104664
Enesco Limited,02137296,register,ENESCO LIMITED,active,2025-12-31,2026-05-15,accounts-with-accounts-type-full,full,,,likely,pdf (not read),https://find-and-update.company-information.service.gov.uk/company/02137296/filing-history,0,,ORG:101445
Engineered Foam Products Limited,11414695,register,ENGINEERED FOAM PRODUCTS LIMITED,active,2024-12-31,2025-10-04,accounts-with-accounts-type-full,full,,,likely,pdf (not read),https://find-and-update.company-information.service.gov.uk/company/11414695/filing-history,0,,ORG:106692
Engineering  Logistics and Trading International Limited,10214958,register,"ENGINEERING, LOGISTICS AND TRADING INTERNATIONAL UK LIMITED",active,2024-12-31,2025-09-24,accounts-with-accounts-type-medium,medium,15116515,ixbrl,yes,xhtml,https://find-and-update.company-information.service.gov.uk/company/10214958/filing-history,0,,ORG:105938
English Wines plc,03978908,register,ENGLISH WINES PLC,active,2025-12-31,2026-07-01,accounts-with-accounts-type-full,full,,,likely,pdf (not read),https://find-and-update.company-information.service.gov.uk/company/03978908/filing-history,0,,ORG:101221
EnjoyDrinks Limited,07079940,register,ENJOYDRINKS LIMITED,active,2025-12-31,2026-04-21,accounts-with-accounts-type-total-exemption-full,small,,,unknown,xhtml,https://find-and-update.company-information.service.gov.uk/company/07079940/filing-history,0,,ORG:114563
ENOTRIA WINECELLARS LIMITED,01071904,register,ENOTRIA WINECELLARS LIMITED,active,2025-03-31,2026-06-04,accounts-with-accounts-type-full,full,,,likely,pdf (not read),https://find-and-update.company-information.service.gov.uk/company/01071904/filing-history,0,,ORG:101713
Entek International Limited,02272415,register,ENTEK INTERNATIONAL LIMITED,active,2025-12-31,2026-05-10,accounts-with-accounts-type-full,full,,,likely,pdf (not read),https://find-and-update.company-information.service.gov.uk/company/02272415/filing-history,0,,ORG:104783
Enterfoods (FR) Ltd,SC867155,register,ENTERFOODS (FR) LTD,active,2026-03-31,2026-05-12,accounts-with-accounts-type-total-exemption-full,small,,,unknown,xhtml,https://find-and-update.company-information.service.gov.uk/company/SC867155/filing-history,0,,ORG:105868
Entertainment Magpie Limited,06277562,register,ENTERTAINMENT MAGPIE LIMITED,active,2026-03-31,2026-08-18,accounts-with-accounts-type-full,full,,,likely,pdf (not read),https://find-and-update.company-information.service.gov.uk/company/06277562/filing-history,0,,ORG:101595
Enva Battery Recycling Limited,06431208,register,ENVA BATTERY RECYCLING LIMITED,active,2025-03-31,2026-01-06,accounts-with-accounts-type-full,full,,,likely,pdf (not read),https://find-and-update.company-information.service.gov.uk/company/06431208/filing-history,0,,ORG:108254
Enva E-Waste England Limited,04980148,register,ENVA E-WASTE ENGLAND LIMITED,active,2025-03-31,2026-04-12,accounts-with-accounts-type-full,full,,,likely,pdf (not read),https://find-and-update.company-information.service.gov.uk/company/04980148/filing-history,0,,ORG:114233
Enva England Limited,03450311,register,ENVA ENGLAND LIMITED,active,2025-03-31,2026-01-06,accounts-with-accounts-type-full,full,,,likely,pdf (not read),https://find-and-update.company-information.service.gov.uk/company/03450311/filing-history,0,,ORG:108381
Enva England Specialist Waste Limited,03328035,register,ENVA ENGLAND SPECIALIST WASTE LIMITED,active,2025-03-31,2026-01-06,accounts-with-accounts-type-full,full,,,likely,pdf (not read),https://find-and-update.company-information.service.gov.uk/company/03328035/filing-history,0,,ORG:108400
Enva Plastics Limited,04975936,register,ENVA PLASTICS LIMITED,active,2025-03-31,2026-01-06,accounts-with-accounts-type-full,full,,,likely,pdf (not read),https://find-and-update.company-information.service.gov.uk/company/04975936/filing-history,0,,ORG:108403
Enva Scotland Limited,SC057052,register,ENVA SCOTLAND LIMITED,active,2025-03-31,2026-01-08,accounts-with-accounts-type-full,full,,,likely,pdf (not read),https://find-and-update.company-information.service.gov.uk/company/SC057052/filing-history,0,,ORG:108661
Envases Liverpool Ltd,09323061,register,ENVASES LIVERPOOL LTD,active,2025-12-31,2026-10-07,accounts-with-accounts-type-group,group,14161634,text,yes,xhtml,https://find-and-update.company-information.service.gov.uk/company/09323061/filing-history,0,,ORG:105058
Envelopes Limited,03551387,register,ENVELOPES LIMITED,active,2025-12-31,2026-09-07,accounts-with-accounts-type-total-exemption-full,small,,,unknown,xhtml,https://find-and-update.company-information.service.gov.uk/company/03551387/filing-history,0,,ORG:105372
Envigo RMS (UK) Ltd,01279542,register,ENVIGO RMS (UK) LIMITED,active,2025-09-30,2026-09-27,accounts-with-accounts-type-total-exemption-full,small,11365000,ixbrl,yes,xhtml,https://find-and-update.company-information.service.gov.uk/company/01279542/filing-history,0,,ORG:107379
ENVIRO-CAP LIMITED,08538184,register,ENVIRO-CAP LIMITED,active,2025-12-31,2026-09-04,accounts-with-accounts-type-small,small,,,unknown,xhtml,https://find-and-update.company-information.service.gov.uk/company/08538184/filing-history,0,,ORG:101566
Envirolead Distribution Limited,09175438,register,ENVIROLEAD DISTRIBUTION LIMITED,active,2025-12-31,2026-09-30,accounts-with-accounts-type-full,full,,,likely,xhtml,https://find-and-update.company-information.service.gov.uk/company/09175438/filing-history,3,,ORG:106173
Enviropax Limited,07229903,register,ENVIROPAX LIMITED,active,2024-12-31,2025-12-23,accounts-with-accounts-type-total-exemption-full,small,,,unknown,xhtml,https://find-and-update.company-information.service.gov.uk/company/07229903/filing-history,0,,ORG:102242
Envirostik Holdings (UK) Limited,09296353,register,ENVIROSTIK HOLDINGS (UK) LIMITED,active,2025-12-31,2026-09-04,accounts-with-accounts-type-total-exemption-full,small,,,unknown,xhtml,https://find-and-update.company-information.service.gov.uk/company/09296353/filing-history,0,,ORG:100320
Epicurium Ltd,05587007,register,EPICURIUM LTD,active,2025-09-30,2026-06-22,accounts-with-accounts-type-total-exemption-full,small,,,unknown,xhtml,https://find-and-update.company-information.service.gov.uk/company/05587007/filing-history,0,,ORG:115120
Epoch-Making Toys Ltd,08628316,register,EPOCH-MAKING TOYS LIMITED,active,2025-12-31,2026-09-15,accounts-with-accounts-type-group,group,15217000,text,yes,xhtml,https://find-and-update.company-information.service.gov.uk/company/08628316/filing-history,1,,ORG:108162
Epson (UK) Ltd,01461516,register,EPSON (U.K.) LIMITED,active,2025-03-31,2025-09-22,accounts-with-accounts-type-full,full,,,likely,pdf (not read),https://find-and-update.company-information.service.gov.uk/company/01461516/filing-history,0,,ORG:102253
Epson Telford Limited,02090005,register,EPSON TELFORD LIMITED,active,2025-03-31,2026-03-18,accounts-with-accounts-type-full,full,,,likely,pdf (not read),https://find-and-update.company-information.service.gov.uk/company/02090005/filing-history,0,,ORG:107086
EPSOTECH UK LTD,SC097825,register,EPSOTECH UK LTD.,active,2025-12-31,2026-05-08,accounts-with-accounts-type-full,full,,,likely,pdf (not read),https://find-and-update.company-information.service.gov.uk/company/SC097825/filing-history,0,,ORG:103797
Epta UK Ltd,00726533,register,EPTA UK LIMITED,active,2024-12-31,2025-09-30,accounts-with-accounts-type-full,full,,,likely,pdf (not read),https://find-and-update.company-information.service.gov.uk/company/00726533/filing-history,0,,ORG:100095
EPWIN GROUP LIMITED,07742256,register,EPWIN GROUP LIMITED,active,2024-12-31,2025-06-02,accounts-with-accounts-type-group,group,,,likely,pdf (not read),https://find-and-update.company-information.service.gov.uk/company/07742256/filing-history,5,,ORG:105467
Equilibrium Chemical Services Ltd,04795027,register,EQUILIBRIUM CHEMICAL SERVICES LTD,active,2025-07-31,2026-03-24,accounts-with-accounts-type-total-exemption-full,small,,,unknown,xhtml,https://find-and-update.company-information.service.gov.uk/company/04795027/filing-history,0,,ORG:103638
EQUIP OUTDOOR TECHNOLOGIES UK LIMITED,01168470,register,EQUIP OUTDOOR TECHNOLOGIES UK LIMITED,active,2025-01-31,2025-11-03,accounts-with-accounts-type-full,full,,,likely,pdf (not read),https://find-and-update.company-information.service.gov.uk/company/01168470/filing-history,0,,ORG:101387
EQUIP4WORK LTD,05209361,register,EQUIP4WORK LTD,active,2025-12-31,2026-09-17,accounts-with-accounts-type-full,full,22161462,text,yes,xhtml,https://find-and-update.company-information.service.gov.uk/company/05209361/filing-history,0,,ORG:107956
Ercol Furniture Limited,00163292,register,ERCOL FURNITURE LIMITED,active,2025-12-31,2026-06-28,accounts-with-accounts-type-full,full,,,likely,pdf (not read),https://find-and-update.company-information.service.gov.uk/company/00163292/filing-history,0,,ORG:101811
Ergotron UK Ltd,03986983,register,ERGOTRON (UK) LIMITED,active,2025-12-31,2026-08-10,accounts-with-accounts-type-total-exemption-full,small,,,unknown,pdf (not read),https://find-and-update.company-information.service.gov.uk/company/03986983/filing-history,0,,ORG:116378
Ericsson Ltd,00942215,register,ERICSSON LIMITED,active,2025-12-31,2026-06-21,accounts-with-accounts-type-full,full,,,likely,pdf (not read),https://find-and-update.company-information.service.gov.uk/company/00942215/filing-history,0,,ORG:104203
ERIKS INDUSTRIAL SERVICES LIMITED,03142338,register,RUBIX INDUSTRIAL SERVICES LIMITED,active,2025-12-31,2026-10-02,accounts-with-accounts-type-full,full,,,likely,pdf (not read),https://find-and-update.company-information.service.gov.uk/company/03142338/filing-history,0,,ORG:100775
Ernest Doe & Sons Ltd,00431173,register,ERNEST DOE & SONS LIMITED,active,2025-12-31,2026-08-07,accounts-with-accounts-type-full,full,,,likely,pdf (not read),https://find-and-update.company-information.service.gov.uk/company/00431173/filing-history,0,,ORG:107324
Ernest Jackson & Co. Ltd,00144133,register,ERNEST JACKSON & CO. LIMITED,active,2025-12-31,2026-07-20,accounts-with-accounts-type-full,full,,,likely,pdf (not read),https://find-and-update.company-information.service.gov.uk/company/00144133/filing-history,0,,ORG:104671
ESAB Group (UK) Ltd,00275947,register,ESAB GROUP (UK) LIMITED,active,2025-12-31,2026-08-26,accounts-with-accounts-type-full,full,,,likely,pdf (not read),https://find-and-update.company-information.service.gov.uk/company/00275947/filing-history,0,,ORG:103063
ESKIMO ICE LIMITED,02496217,register,ESKIMO ICE LIMITED,active,2025-03-31,2025-12-23,accounts-with-accounts-type-small,small,,,unknown,xhtml,https://find-and-update.company-information.service.gov.uk/company/02496217/filing-history,0,,ORG:100897
ESP Colour Limited,03513763,register,ESP COLOUR LIMITED,active,2025-12-31,2026-09-28,accounts-with-accounts-type-full,full,19794000,text,yes,xhtml,https://find-and-update.company-information.service.gov.uk/company/03513763/filing-history,0,,ORG:104067
ESSECO UK LIMITED,01903619,register,ESSECO UK LIMITED,active,2025-12-31,2026-05-09,accounts-with-accounts-type-full,full,,,likely,pdf (not read),https://find-and-update.company-information.service.gov.uk/company/01903619/filing-history,0,,ORG:100858
Esselle Retail Limited,12671338,register,ESSELLE RETAIL LIMITED,active,2025-03-31,2025-10-14,accounts-with-accounts-type-total-exemption-full,small,,,unknown,xhtml,https://find-and-update.company-information.service.gov.uk/company/12671338/filing-history,0,,ORG:116221
ESSENTIA PROTEIN SOLUTIONS LIMITED,00946600,register,ESSENTIA PROTEIN SOLUTIONS LIMITED,active,2025-12-31,2026-09-30,accounts-with-accounts-type-full,full,18625663,text,yes,xhtml,https://find-and-update.company-information.service.gov.uk/company/00946600/filing-history,0,,ORG:118034
Essential Cuisine Ltd,03169326,register,ESSENTIAL CUISINE LIMITED,active,2025-12-31,2026-09-11,accounts-with-accounts-type-full,full,,,likely,pdf (not read),https://find-and-update.company-information.service.gov.uk/company/03169326/filing-history,0,,ORG:101074
ESSENTIAL FRUIT LIMITED,08136610,register,ESSENTIAL FRUIT LIMITED,active,2025-09-30,2026-06-30,accounts-with-accounts-type-medium,medium,20276145,ixbrl,yes,xhtml,https://find-and-update.company-information.service.gov.uk/company/08136610/filing-history,0,,ORG:100629
Essential Trading Co-operative Limited,IP23234R,name search,ESSENTIAL TRADING CO-OPERATIVE LIMITED,active,,,,,,,,,https://find-and-update.company-information.service.gov.uk/company/IP23234R/filing-history,0,no accounts filing with a document,ORG:105685
Essilor Ltd,00852410,register,ESSILOR LIMITED,active,2024-12-31,2025-05-08,accounts-with-accounts-type-full,full,,,likely,pdf (not read),https://find-and-update.company-information.service.gov.uk/company/00852410/filing-history,0,,ORG:102382
Essity Holding UK Ltd,03665635,register,ESSITY HOLDING UK LIMITED,active,2025-12-31,2026-09-11,accounts-with-accounts-type-full,full,,,likely,pdf (not read),https://find-and-update.company-information.service.gov.uk/company/03665635/filing-history,1,,ORG:102233
Essity PLD UK Ltd,14370823,register,ESSITY PLD UK LIMITED,active,2025-12-31,2026-09-18,accounts-with-accounts-type-full,full,,,likely,pdf (not read),https://find-and-update.company-information.service.gov.uk/company/14370823/filing-history,0,,ORG:108405
Estee Lauder Cosmetics Ltd,00659213,register,ESTEE LAUDER COSMETICS LIMITED,active,2025-06-30,2026-04-03,accounts-with-accounts-type-full,full,,,likely,pdf (not read),https://find-and-update.company-information.service.gov.uk/company/00659213/filing-history,1,,ORG:107110
ESTERCHEM LIMITED,03546522,register,ESTERCHEM LIMITED,active,2025-06-30,2026-03-05,accounts-with-accounts-type-full,full,26958507,ixbrl,yes,xhtml,https://find-and-update.company-information.service.gov.uk/company/03546522/filing-history,0,,ORG:116226
ESTERFORM PACKAGING LIMITED,03627281,register,ESTERFORM PACKAGING LIMITED,active,2025-09-30,2026-09-28,accounts-with-accounts-type-group,group,94579000,text,yes,xhtml,https://find-and-update.company-information.service.gov.uk/company/03627281/filing-history,0,,ORG:111404
ET Browne (UK) Limited,02759485,register,ET BROWNE (UK) LIMITED,active,2025-02-28,2025-11-28,accounts-with-accounts-type-full,full,27899940,ixbrl,yes,xhtml,https://find-and-update.company-information.service.gov.uk/company/02759485/filing-history,0,,ORG:102405
ETERNIS FINE CHEMICALS UK LIMITED,00646784,register,ETERNIS FINE CHEMICALS UK LIMITED,active,2026-03-31,2026-08-19,accounts-with-accounts-type-full,full,,,likely,pdf (not read),https://find-and-update.company-information.service.gov.uk/company/00646784/filing-history,0,,ORG:102526
Etex (Exteriors) UK Limited,00486100,register,ETEX (EXTERIORS) UK LIMITED,active,2025-12-31,2026-09-29,accounts-with-accounts-type-full,full,,,likely,pdf (not read),https://find-and-update.company-information.service.gov.uk/company/00486100/filing-history,0,,ORG:102753
Etex Building Performance Ltd,02163844,register,ETEX BUILDING PERFORMANCE LIMITED,active,2025-12-31,2026-09-29,accounts-with-accounts-type-full,full,,,likely,pdf (not read),https://find-and-update.company-information.service.gov.uk/company/02163844/filing-history,0,,ORG:104822
Etex UK Insulation Limited,02160591,register,ETEX UK INSULATION LIMITED,active,2024-12-31,2025-10-03,accounts-with-accounts-type-full,full,,,likely,pdf (not read),https://find-and-update.company-information.service.gov.uk/company/02160591/filing-history,0,,ORG:104398
Ethiprint Limited,02955208,register,ETHIPRINT LIMITED,active,2025-12-31,2026-08-12,accounts-with-accounts-type-unaudited-abridged,small,,,unknown,xhtml,https://find-and-update.company-information.service.gov.uk/company/02955208/filing-history,0,,ORG:103472
Eurilait Limited,02667268,register,EURILAIT LIMITED,active,2025-12-27,2026-07-21,accounts-with-accounts-type-full,full,,,likely,pdf (not read),https://find-and-update.company-information.service.gov.uk/company/02667268/filing-history,0,,ORG:100883
Euro Food Brands Ltd,02573100,register,EURO FOOD BRANDS LIMITED,active,2025-09-30,2026-03-04,accounts-with-accounts-type-full,full,,,likely,pdf (not read),https://find-and-update.company-information.service.gov.uk/company/02573100/filing-history,0,,ORG:107043
Euro Packaging UK Limited,07012425,register,EURO PACKAGING UK LIMITED,active,2024-12-31,2025-09-30,accounts-with-accounts-type-group,group,165442346,text,yes,xhtml,https://find-and-update.company-information.service.gov.uk/company/07012425/filing-history,0,,ORG:107570
Euro Star Industries Limited,03014033,register,EURO STAR INDUSTRIES LIMITED,active,2025-03-31,2026-01-08,accounts-with-accounts-type-small,small,,,unknown,pdf (not read),https://find-and-update.company-information.service.gov.uk/company/03014033/filing-history,0,,ORG:114495
EURO WRAP LIMITED,02871882,register,EURO WRAP LIMITED,active,2025-12-31,2026-09-01,accounts-with-accounts-type-medium,medium,19897000,ixbrl,yes,xhtml,https://find-and-update.company-information.service.gov.uk/company/02871882/filing-history,0,,ORG:100522
Eurocaps Limited,02878879,register,EUROCAPS LIMITED,active,2025-12-31,2026-10-07,accounts-with-accounts-type-full,full,,,likely,pdf (not read),https://find-and-update.company-information.service.gov.uk/company/02878879/filing-history,0,,ORG:107937
Eurocell Plc,08654028,register,EUROCELL PLC,active,2025-12-31,2026-06-28,accounts-with-accounts-type-group,group,,,likely,pdf (not read),https://find-and-update.company-information.service.gov.uk/company/08654028/filing-history,8,,ORG:108607
Euroclad Group Limited,01502586,register,EUROCLAD GROUP LIMITED,active,2025-12-31,2026-09-21,accounts-with-accounts-type-full,full,,,likely,pdf (not read),https://find-and-update.company-information.service.gov.uk/company/01502586/filing-history,0,,ORG:104284
Eurocraft Technologies Limited,08249178,register,EUROCRAFT TECHNOLOGIES LIMITED,active,2025-12-31,2026-09-24,accounts-with-accounts-type-medium,medium,21387870,ixbrl,yes,xhtml,https://find-and-update.company-information.service.gov.uk/company/08249178/filing-history,0,,ORG:101204
Eurofood Partners Ltd,05154063,register,EUROFOOD PARTNERS LTD,active,2025-12-31,2026-09-01,accounts-with-accounts-type-total-exemption-full,small,,,unknown,pdf (not read),https://find-and-update.company-information.service.gov.uk/company/05154063/filing-history,0,,ORG:100804
EuroItalia UK,BR023109,register,EUROITALIA UK,open,,,,,,,,,https://find-and-update.company-information.service.gov.uk/company/BR023109/filing-history,0,no accounts filing with a document,ORG:105339
Europa Components & Equipment plc,02646133,register,EUROPA COMPONENTS & EQUIPMENT PLC,active,2025-10-31,2026-04-23,accounts-with-accounts-type-full,full,16822456,text,yes,xhtml,https://find-and-update.company-information.service.gov.uk/company/02646133/filing-history,0,,ORG:104450
Europa Foods Distribution Limited,NI042886,register,EUROPA FOODS DISTRIBUTION LIMITED,active,2026-03-31,2026-07-03,accounts-with-accounts-type-unaudited-abridged,small,,,unknown,xhtml,https://find-and-update.company-information.service.gov.uk/company/NI042886/filing-history,0,,ORG:103224
European Braking Systems Ltd,03030042,register,EUROPEAN BRAKING SYSTEMS LTD,active,2025-12-31,2026-09-30,accounts-with-accounts-type-full,full,20864277,text,yes,xhtml,https://find-and-update.company-information.service.gov.uk/company/03030042/filing-history,0,,ORG:114186
European Flavours & Fragrances Plc,01551982,register,EUROPEAN FLAVOURS & FRAGRANCES PLC,active,2025-03-31,2025-12-31,accounts-with-accounts-type-group,group,38305006,text,yes,xhtml,https://find-and-update.company-information.service.gov.uk/company/01551982/filing-history,0,,ORG:116952
EUROPEAN POLYTHENE INDUSTRIES LIMITED,04244932,register,EUROPEAN POLYTHENE INDUSTRIES LIMITED,active,2026-03-31,2026-08-17,accounts-with-accounts-type-medium,medium,22133077,ixbrl,yes,xhtml,https://find-and-update.company-information.service.gov.uk/company/04244932/filing-history,0,,ORG:101876
Europlast (Blackburn) Limited,02798524,register,EUROPLAST (BLACKBURN) LIMITED,active,2025-03-30,2025-11-13,accounts-with-accounts-type-full,full,10792043,text,yes,xhtml,https://find-and-update.company-information.service.gov.uk/company/02798524/filing-history,0,,ORG:106574
EURORAD LIMITED,12091868,register,EURORAD LIMITED,active,2025-12-31,2026-09-30,accounts-with-accounts-type-full,full,90033910,text,yes,xhtml,https://find-and-update.company-information.service.gov.uk/company/12091868/filing-history,0,,ORG:104008
Eurosonic Group Limited,01394171,register,EUROSONIC GROUP LIMITED,active,2025-03-31,2025-10-08,accounts-with-accounts-type-group,group,43954299,text,yes,xhtml,https://find-and-update.company-information.service.gov.uk/company/01394171/filing-history,0,,ORG:116752
Eurostampa UK Ltd,SC024552,register,EUROSTAMPA UK LTD,active,2025-12-31,2026-09-11,accounts-with-accounts-type-full,full,30000632,text,yes,xhtml,https://find-and-update.company-information.service.gov.uk/company/SC024552/filing-history,0,,ORG:103774
Eurostar Commodities Limited,03214275,register,EUROSTAR COMMODITIES LIMITED,active,2025-04-30,2025-11-28,accounts-with-accounts-type-total-exemption-full,small,,,unknown,xhtml,https://find-and-update.company-information.service.gov.uk/company/03214275/filing-history,0,,ORG:101731
EUROWINES LIMITED,00883381,register,EUROWINES LIMITED,active,2025-05-31,2026-02-27,accounts-with-accounts-type-small,small,,,unknown,xhtml,https://find-and-update.company-information.service.gov.uk/company/00883381/filing-history,0,,ORG:108274
EV Cargo Global Forwarding Ltd,00772941,register,EV CARGO GLOBAL FORWARDING LIMITED,active,2025-12-31,2026-09-30,accounts-with-accounts-type-full,full,,,likely,pdf (not read),https://find-and-update.company-information.service.gov.uk/company/00772941/filing-history,0,,ORG:107908
Evans Vanodine International Plc,00518504,register,EVANS VANODINE INTERNATIONAL PLC,active,2025-03-31,2025-12-12,accounts-with-accounts-type-full,full,35062697,text,yes,xhtml,https://find-and-update.company-information.service.gov.uk/company/00518504/filing-history,0,,ORG:103146
EVENT WINE SOLUTIONS LIMITED,08466687,register,EVENT WINE SOLUTIONS LIMITED,active,2025-12-31,2026-05-06,accounts-with-accounts-type-total-exemption-full,small,,,unknown,xhtml,https://find-and-update.company-information.service.gov.uk/company/08466687/filing-history,0,,ORG:111353
Everards Brewery Limited,00319261,register,EVERARDS BREWERY LIMITED,active,2025-09-27,2026-04-11,accounts-with-accounts-type-group,group,,,likely,pdf (not read),https://find-and-update.company-information.service.gov.uk/company/00319261/filing-history,0,,ORG:105788
Evergreen Garden Care UK Ltd,10735156,register,EVERGREEN GARDEN CARE UK LTD,active,2025-09-30,2026-01-30,accounts-with-accounts-type-full,full,,,likely,pdf (not read),https://find-and-update.company-information.service.gov.uk/company/10735156/filing-history,0,,ORG:105279
Everyman Media Ltd,03883018,register,EVERYMAN MEDIA LIMITED,active,2026-01-01,2026-08-06,accounts-with-accounts-type-full,full,,,likely,pdf (not read),https://find-and-update.company-information.service.gov.uk/company/03883018/filing-history,0,,ORG:114103
Evo Business Supplies Ltd,09060494,register,EVO BUSINESS SUPPLIES LIMITED,active,2025-12-31,2026-09-22,accounts-with-accounts-type-group,group,,,likely,pdf (not read),https://find-and-update.company-information.service.gov.uk/company/09060494/filing-history,4,,ORG:106693
Evolution Power Tools Ltd,03442268,register,EVOLUTION POWER TOOLS LTD,active,2025-12-31,2026-08-28,accounts-with-accounts-type-group,group,66428639,text,yes,xhtml,https://find-and-update.company-information.service.gov.uk/company/03442268/filing-history,0,,ORG:106258
Evonik Chemicals Ltd,00092092,register,EVONIK CHEMICALS LIMITED,active,2024-12-31,2025-09-26,accounts-with-accounts-type-full,full,,,likely,pdf (not read),https://find-and-update.company-information.service.gov.uk/company/00092092/filing-history,0,,ORG:106037
Evtec Automotive Limited,12650654,register,EVTEC AUTOMOTIVE LIMITED,active,2025-03-31,2025-12-31,accounts-with-accounts-type-full,full,,,likely,pdf (not read),https://find-and-update.company-information.service.gov.uk/company/12650654/filing-history,0,,ORG:105805
Ewos Ltd,01635854,register,EWOS LIMITED,active,2025-05-31,2026-02-18,accounts-with-accounts-type-full,full,,,likely,pdf (not read),https://find-and-update.company-information.service.gov.uk/company/01635854/filing-history,0,,ORG:101939
Exaclair Ltd,00118112,register,EXACLAIR LIMITED,active,2025-12-31,2026-04-21,accounts-with-accounts-type-full,full,,,likely,pdf (not read),https://find-and-update.company-information.service.gov.uk/company/00118112/filing-history,0,,ORG:104379
Excel Packaging Limited,02709136,register,EXCEL PACKAGING LIMITED,active,2025-07-31,2026-04-27,accounts-with-accounts-type-total-exemption-full,small,,,unknown,xhtml,https://find-and-update.company-information.service.gov.uk/company/02709136/filing-history,0,,ORG:102927
Exchange Supplies Ltd,04549601,register,EXCHANGE SUPPLIES LIMITED,active,2025-12-31,2026-04-30,accounts-with-accounts-type-total-exemption-full,small,,,unknown,xhtml,https://find-and-update.company-information.service.gov.uk/company/04549601/filing-history,0,,ORG:106754
Exide Technologies (Transportation) Ltd,02316604,register,EXIDE TECHNOLOGIES (TRANSPORTATION) LIMITED,active,2025-03-31,2025-12-20,accounts-with-accounts-type-full,full,,,likely,pdf (not read),https://find-and-update.company-information.service.gov.uk/company/02316604/filing-history,0,,ORG:114069
EXIMEX (UK) LIMITED,07173232,register,EXIMEX (UK) LIMITED,active,2025-06-30,2026-07-05,accounts-with-accounts-type-total-exemption-full,small,,,unknown,pdf (not read),https://find-and-update.company-information.service.gov.uk/company/07173232/filing-history,0,,ORG:108679
Exol Lubricants Ltd,02587124,register,EXOL LUBRICANTS LIMITED,active,2025-12-31,2026-07-16,accounts-with-accounts-type-full,full,89417913,text,yes,xhtml,https://find-and-update.company-information.service.gov.uk/company/02587124/filing-history,0,,ORG:104150
Expac (Preston) Limited,01527395,register,EXPAC (PRESTON) LIMITED,active,2025-12-31,2026-06-04,accounts-with-accounts-type-full,full,28633940,text,yes,xhtml,https://find-and-update.company-information.service.gov.uk/company/01527395/filing-history,0,,ORG:100756
Expo Foods Ltd,06277262,register,EXPO FOODS LTD,active,2025-12-31,2026-09-17,accounts-with-accounts-type-full,full,,,likely,pdf (not read),https://find-and-update.company-information.service.gov.uk/company/06277262/filing-history,0,,ORG:118051
Exporta Global Ltd,SC687543,register,EXPORTA GLOBAL LIMITED,active,2025-12-31,2026-09-22,accounts-with-accounts-type-small,small,,,unknown,xhtml,https://find-and-update.company-information.service.gov.uk/company/SC687543/filing-history,0,,ORG:107144
Express Engineering (Gateshead) Limited,01405214,register,EXPRESS ENGINEERING (GATESHEAD) LIMITED,active,2025-09-30,2026-07-09,accounts-with-accounts-type-full,full,,,likely,pdf (not read),https://find-and-update.company-information.service.gov.uk/company/01405214/filing-history,0,,ORG:106742
Extons Foods Ltd,04723144,register,EXTONS FOODS LTD,active,2025-05-31,2026-01-08,accounts-with-accounts-type-full,full,111183383,text,yes,xhtml,https://find-and-update.company-information.service.gov.uk/company/04723144/filing-history,0,,ORG:101813
Extra (UK) Ltd,03001918,register,EXTRA (UK) LIMITED,active,2024-12-31,2025-09-30,accounts-with-accounts-type-full,full,20121605,ixbrl,yes,xhtml,https://find-and-update.company-information.service.gov.uk/company/03001918/filing-history,0,,ORG:100706
Extra Cash & Carry Limited,10647237,register,EXTRA CASH & CARRY LIMITED,active,2025-03-31,2025-12-13,accounts-with-accounts-type-full,full,,,likely,pdf (not read),https://find-and-update.company-information.service.gov.uk/company/10647237/filing-history,0,,ORG:115618
F B PARRISH AND SON LIMITED,09446482,register,F B PARRISH AND SON LIMITED,active,2025-03-31,2025-12-01,accounts-with-accounts-type-total-exemption-full,small,,,unknown,xhtml,https://find-and-update.company-information.service.gov.uk/company/09446482/filing-history,0,,ORG:114172
F Bender Ltd,01816910,register,F BENDER LIMITED,active,2025-12-31,2026-05-14,accounts-with-accounts-type-full,full,,,likely,pdf (not read),https://find-and-update.company-information.service.gov.uk/company/01816910/filing-history,0,,ORG:100737
F W Thorpe plc,00317886,register,F.W. THORPE PUBLIC LIMITED COMPANY,active,2025-06-30,2025-11-12,accounts-with-accounts-type-group,group,,,likely,pdf (not read),https://find-and-update.company-information.service.gov.uk/company/00317886/filing-history,5,,ORG:102508
F-M Motorparts Ltd,01073619,register,F-M MOTORPARTS LIMITED,active,2024-12-31,2025-12-19,accounts-with-accounts-type-full,full,,,likely,pdf (not read),https://find-and-update.company-information.service.gov.uk/company/01073619/filing-history,2,,ORG:100585
F. Duerr & Sons Limited,00198509,register,F. DUERR & SONS LIMITED,active,2025-03-31,2025-12-27,accounts-with-accounts-type-full,full,,,likely,pdf (not read),https://find-and-update.company-information.service.gov.uk/company/00198509/filing-history,0,,ORG:100943
F. Smales & Son (Fish Merchants) Ltd,01129885,register,F. SMALES & SON (FISH MERCHANTS) LIMITED,active,2025-08-31,2026-06-07,accounts-with-accounts-type-full,full,,,likely,pdf (not read),https://find-and-update.company-information.service.gov.uk/company/01129885/filing-history,0,,ORG:101767
F.Ball and Co. Ltd,00282893,register,F.BALL AND CO. LIMITED,active,2025-12-31,2026-09-21,accounts-with-accounts-type-group,group,62910373,text,yes,xhtml,https://find-and-update.company-information.service.gov.uk/company/00282893/filing-history,0,,ORG:100083
F.C. BROWN (STEEL EQUIPMENT) LIMITED,00693397,register,F.C. BROWN (STEEL EQUIPMENT) LIMITED,active,2025-07-31,2026-04-27,accounts-with-accounts-type-full,full,36835000,text,yes,xhtml,https://find-and-update.company-information.service.gov.uk/company/00693397/filing-history,0,,ORG:105592
F.D.Copeland & Sons Ltd,00460389,register,F.D.COPELAND & SONS LIMITED,active,2025-12-31,2026-09-30,accounts-with-accounts-type-group,group,31546509,text,yes,xhtml,https://find-and-update.company-information.service.gov.uk/company/00460389/filing-history,0,,ORG:103022
F.D.D. INTERNATIONAL LIMITED,02689858,register,F.D.D. INTERNATIONAL LIMITED,active,2025-03-31,2025-12-24,accounts-with-accounts-type-medium,medium,26264033,ixbrl,yes,xhtml,https://find-and-update.company-information.service.gov.uk/company/02689858/filing-history,0,,ORG:106808
F.D.L. Packaging Limited,01724650,register,F.D.L. PACKAGING LIMITED,active,2025-03-31,2025-11-18,accounts-with-accounts-type-medium,medium,16743457,ixbrl,yes,xhtml,https://find-and-update.company-information.service.gov.uk/company/01724650/filing-history,0,,ORG:102777
F.G. Curtis Limited,00367479,register,F.G. CURTIS LIMITED,active,2025-05-31,2025-12-15,accounts-with-accounts-type-full,full,22725913,text,yes,xhtml,https://find-and-update.company-information.service.gov.uk/company/00367479/filing-history,0,,ORG:102340
F.H. Nash Ltd,00787674,register,F.H. NASH LIMITED,active,2025-09-30,2026-06-29,accounts-with-accounts-type-group,group,41853465,text,yes,xhtml,https://find-and-update.company-information.service.gov.uk/company/00787674/filing-history,1,,ORG:101032
F.W.P. Matthews Ltd,00119616,register,F.W.P. MATTHEWS LIMITED,active,2025-07-31,2026-04-30,accounts-with-accounts-type-full,full,14098323,text,yes,xhtml,https://find-and-update.company-information.service.gov.uk/company/00119616/filing-history,0,,ORG:106521
Fabory UK Ltd,02225266,register,FABORY UK LIMITED,active,2025-12-31,2026-09-29,accounts-with-accounts-type-small,small,,,unknown,pdf (not read),https://find-and-update.company-information.service.gov.uk/company/02225266/filing-history,0,,ORG:102387
Fabrikat (Nottingham) Ltd,01910661,register,FABRIKAT (NOTTINGHAM) LIMITED,active,2025-12-31,2026-05-13,accounts-with-accounts-type-medium,medium,18644363,ixbrl,yes,xhtml,https://find-and-update.company-information.service.gov.uk/company/01910661/filing-history,0,,ORG:100859
FACI eChem Ltd,03847035,register,FACI ECHEM LTD,active,2025-12-31,2026-07-17,accounts-with-accounts-type-full,full,9752980,ixbrl,yes,xhtml,https://find-and-update.company-information.service.gov.uk/company/03847035/filing-history,0,,ORG:102552
Faci UK Chemicals Ltd,08987602,register,FACI UK CHEMICALS LIMITED,active,2025-12-31,2026-08-26,accounts-amended-with-accounts-type-full,full,,,likely,pdf (not read),https://find-and-update.company-information.service.gov.uk/company/08987602/filing-history,0,,ORG:100830
Faerch Durham Limited,07770672,register,FAERCH DURHAM LIMITED,active,2025-12-31,2026-09-25,accounts-with-accounts-type-group,group,,,likely,pdf (not read),https://find-and-update.company-information.service.gov.uk/company/07770672/filing-history,2,,ORG:103582
FAERCH LONDON LIMITED,02291152,register,FAERCH LONDON LIMITED,active,2025-12-31,2026-09-25,accounts-with-accounts-type-full,full,,,likely,pdf (not read),https://find-and-update.company-information.service.gov.uk/company/02291152/filing-history,0,,ORG:104389
Fage UK Limited,01341153,register,FAGE UK LIMITED,active,2025-12-31,2026-04-21,accounts-with-accounts-type-full,full,,,likely,pdf (not read),https://find-and-update.company-information.service.gov.uk/company/01341153/filing-history,0,,ORG:102022
FAIRFIELDS FARM PRODUCE LIMITED,08860351,register,FAIRFIELDS FARM PRODUCE LIMITED,active,2025-07-31,2026-03-05,accounts-with-accounts-type-total-exemption-full,small,,,unknown,xhtml,https://find-and-update.company-information.service.gov.uk/company/08860351/filing-history,0,,ORG:100480
Fairview Europe Ltd,10928873,register,FAIRVIEW EUROPE LTD,active,2025-12-31,2026-09-24,accounts-with-accounts-type-total-exemption-full,small,,,unknown,xhtml,https://find-and-update.company-information.service.gov.uk/company/10928873/filing-history,0,,ORG:112666
Faith in Nature Limited,SC068493,register,FAITH IN NATURE LIMITED,active,2024-06-30,2025-07-31,accounts-with-accounts-type-full,full,17561632,text,yes,xhtml,https://find-and-update.company-information.service.gov.uk/company/SC068493/filing-history,0,,ORG:106454
Falcombe Holdings Limited,06429116,register,FALCOMBE HOLDINGS LIMITED,active,2026-04-26,2026-09-18,accounts-with-accounts-type-small,small,,,unknown,pdf (not read),https://find-and-update.company-information.service.gov.uk/company/06429116/filing-history,2,,ORG:105559
Falconer Print & Packaging Ltd,04317696,register,FALCONER PRINT AND PACKAGING LIMITED,active,2026-03-31,2026-08-21,accounts-with-accounts-type-full,full,8686948,text,yes,xhtml,https://find-and-update.company-information.service.gov.uk/company/04317696/filing-history,0,,ORG:100641
Faltec Europe Limited,02385379,register,FALTEC EUROPE LIMITED,active,2024-12-31,2025-10-04,accounts-with-accounts-type-full,full,,,likely,pdf (not read),https://find-and-update.company-information.service.gov.uk/company/02385379/filing-history,0,,ORG:101435
Fannin (UK) Ltd,02663514,register,FANNIN (UK) LIMITED,active,2025-03-31,2025-08-04,accounts-with-accounts-type-full,full,,,likely,pdf (not read),https://find-and-update.company-information.service.gov.uk/company/02663514/filing-history,0,,ORG:105647
FAR EAST DIRECT  UK LTD,05650777,register,FAR EAST DIRECT  UK LTD,active,2025-12-31,2026-09-25,accounts-with-accounts-type-total-exemption-full,small,,,unknown,xhtml,https://find-and-update.company-information.service.gov.uk/company/05650777/filing-history,0,,ORG:116283
Farecla Products Ltd,01032360,register,FARECLA PRODUCTS LIMITED,active,2024-12-31,2025-10-04,accounts-with-accounts-type-full,full,,,likely,pdf (not read),https://find-and-update.company-information.service.gov.uk/company/01032360/filing-history,0,,ORG:102084
Fargroup Ltd,13118500,register,FARGROUP LIMITED,active,2025-03-31,2025-11-27,accounts-with-accounts-type-group,group,42026000,text,yes,xhtml,https://find-and-update.company-information.service.gov.uk/company/13118500/filing-history,2,,ORG:102500
Farm and Pet Place Ltd,03716795,register,FARM AND PET PLACE LIMITED,active,2025-06-30,2026-06-26,accounts-with-accounts-type-full,full,13832253,ixbrl,yes,xhtml,https://find-and-update.company-information.service.gov.uk/company/03716795/filing-history,0,,ORG:100091
Farmer J Ltd,09266719,register,FARMER J LIMITED,active,2025-12-28,2026-10-01,accounts-with-accounts-type-group,group,41142120,text,yes,xhtml,https://find-and-update.company-information.service.gov.uk/company/09266719/filing-history,0,,ORG:103776
Farmfoods Limited,SC030186,register,FARMFOODS LIMITED,active,2026-01-03,2026-09-11,accounts-with-accounts-type-group,group,,,likely,pdf (not read),https://find-and-update.company-information.service.gov.uk/company/SC030186/filing-history,0,,ORG:102135
Farmfresh Fillings Limited,04239336,register,FARMFRESH FILLINGS LIMITED,active,2025-10-31,2026-07-13,accounts-with-accounts-type-full,full,,,likely,pdf (not read),https://find-and-update.company-information.service.gov.uk/company/04239336/filing-history,0,,ORG:108585
Farmhouse Biscuits Ltd,01145352,register,FARMHOUSE BISCUITS LIMITED,active,2025-12-30,2026-06-09,accounts-with-accounts-type-full,full,24589217,text,yes,xhtml,https://find-and-update.company-information.service.gov.uk/company/01145352/filing-history,0,,ORG:103240
Farmhouse Potato Bakers Ltd,01894079,register,FARMHOUSE POTATO BAKERS LIMITED,active,2025-09-30,2026-06-24,accounts-with-accounts-type-medium,medium,26417658,ixbrl,yes,xhtml,https://find-and-update.company-information.service.gov.uk/company/01894079/filing-history,0,,ORG:101094
Farmview Dairies Limited,NI026689,register,FARMVIEW DAIRIES LIMITED,active,2025-08-31,2026-09-14,accounts-with-accounts-type-total-exemption-full,small,,,unknown,xhtml,https://find-and-update.company-information.service.gov.uk/company/NI026689/filing-history,0,,ORG:100808
Farne Salmon & Trout Limited,SC076613,register,FARNE SALMON & TROUT LIMITED,active,2025-06-30,2026-03-24,accounts-with-accounts-type-full,full,,,likely,pdf (not read),https://find-and-update.company-information.service.gov.uk/company/SC076613/filing-history,0,,ORG:104990
Farplants Sales Limited,02661123,register,FARPLANTS SALES LIMITED,active,2025-10-31,2026-07-22,accounts-with-accounts-type-audit-exemption-subsiduary,subsidiary,,,unknown,pdf (not read),https://find-and-update.company-information.service.gov.uk/company/02661123/filing-history,0,,ORG:102559
Farr Vintners Limited,01393302,register,FARR VINTNERS LIMITED,active,2025-12-31,2026-03-31,accounts-with-accounts-type-full,full,,,likely,pdf (not read),https://find-and-update.company-information.service.gov.uk/company/01393302/filing-history,0,,ORG:114169
Farrington Oils Ltd,05372301,register,FARRINGTON OILS LIMITED,active,2026-02-28,2026-06-17,accounts-with-accounts-type-total-exemption-full,small,,,unknown,xhtml,https://find-and-update.company-information.service.gov.uk/company/05372301/filing-history,0,,ORG:111813
Farrow & Ball Ltd,00999927,register,FARROW & BALL LIMITED,active,2025-12-31,2026-08-26,accounts-with-accounts-type-full,full,,,likely,pdf (not read),https://find-and-update.company-information.service.gov.uk/company/00999927/filing-history,0,,ORG:101390
Fassa UK Ltd,08870971,register,FASSA UK LIMITED,active,2025-12-31,2026-06-19,accounts-with-accounts-type-full,full,6312441,ixbrl,yes,xhtml,https://find-and-update.company-information.service.gov.uk/company/08870971/filing-history,0,,ORG:103225
Fast-Pak Packaging Limited,03106800,register,FAST-PAK PACKAGING LIMITED,active,2025-12-31,2026-09-23,accounts-with-accounts-type-total-exemption-full,small,,,unknown,xhtml,https://find-and-update.company-information.service.gov.uk/company/03106800/filing-history,0,,ORG:106309
Fastbox Limited,05155083,register,FASTBOX LIMITED,active,2026-05-31,2026-08-20,accounts-with-accounts-type-total-exemption-full,small,,,unknown,xhtml,https://find-and-update.company-information.service.gov.uk/company/05155083/filing-history,0,,ORG:103683
FAT FACE LIMITED,02954734,register,FAT FACE LIMITED,active,2026-01-31,2026-07-28,accounts-with-accounts-type-audit-exemption-subsiduary,subsidiary,,,unknown,pdf (not read),https://find-and-update.company-information.service.gov.uk/company/02954734/filing-history,0,,ORG:108663
Faurecia Automotive Seating UK Limited,02556213,register,FAURECIA AUTOMOTIVE SEATING UK LIMITED,active,2025-12-31,2026-07-10,accounts-with-accounts-type-full,full,,,likely,pdf (not read),https://find-and-update.company-information.service.gov.uk/company/02556213/filing-history,0,,ORG:107459
Faurecia Emissions Control Technologies UK Limited,06163599,register,FAURECIA EMISSIONS CONTROL TECHNOLOGIES UK LIMITED,active,2025-12-31,2026-05-27,accounts-with-accounts-type-full,full,,,likely,pdf (not read),https://find-and-update.company-information.service.gov.uk/company/06163599/filing-history,0,,ORG:108044
FAVORITE FRIED CHICKEN LIMITED,02044486,register,FAVORITE FRIED CHICKEN LIMITED,active,2026-01-31,2026-09-01,accounts-with-accounts-type-total-exemption-full,small,,,unknown,xhtml,https://find-and-update.company-information.service.gov.uk/company/02044486/filing-history,0,,ORG:105274
Fayrefield Foods Limited,01639747,register,FAYREFIELD FOODS LIMITED,active,2024-12-31,2025-10-15,accounts-with-accounts-type-full,full,,,likely,pdf (not read),https://find-and-update.company-information.service.gov.uk/company/01639747/filing-history,2,,ORG:100441
FB Beauty Ltd,06981955,register,FB BEAUTY LTD,active,2025-12-31,2026-09-29,accounts-with-accounts-type-group,group,14063722,text,yes,xhtml,https://find-and-update.company-information.service.gov.uk/company/06981955/filing-history,1,,ORG:104262
FDS CORPORATION LTD,08890000,register,FDS CORPORATION LIMITED,active,2025-12-31,2026-09-24,accounts-with-accounts-type-full,full,92771600,ixbrl,yes,xhtml,https://find-and-update.company-information.service.gov.uk/company/08890000/filing-history,0,,ORG:117526
Febvre & Company Limited,FC034452,register,FEBVRE & COMPANY LIMITED,active,,,,,,,,,https://find-and-update.company-information.service.gov.uk/company/FC034452/filing-history,0,no accounts filing with a document,ORG:117276
Federici Brands Ltd,06059366,register,FEDERICI BRANDS LTD,active,2025-12-31,2026-08-03,accounts-with-accounts-type-full,full,77754760,ixbrl,yes,xhtml,https://find-and-update.company-information.service.gov.uk/company/06059366/filing-history,0,,ORG:108171
Feelunique International Limited,07883226,register,FEELUNIQUE INTERNATIONAL LIMITED,active,2024-12-31,2025-12-12,accounts-with-accounts-type-full,full,,,likely,pdf (not read),https://find-and-update.company-information.service.gov.uk/company/07883226/filing-history,0,,ORG:107849
FEI Foods Ltd,07215803,register,FEI FOODS LIMITED,active,2025-12-31,2026-09-25,accounts-with-accounts-type-full,full,,,likely,pdf (not read),https://find-and-update.company-information.service.gov.uk/company/07215803/filing-history,0,,ORG:108246
Feilo Sylvania UK Limited,00487252,register,FEILO SYLVANIA UK LIMITED,active,2025-12-31,2026-09-24,accounts-with-accounts-type-full,full,,,likely,pdf (not read),https://find-and-update.company-information.service.gov.uk/company/00487252/filing-history,0,,ORG:101871
Fellowes Ltd,00865306,register,FELLOWES LTD,active,2025-12-31,2026-09-08,accounts-with-accounts-type-group,group,,,likely,pdf (not read),https://find-and-update.company-information.service.gov.uk/company/00865306/filing-history,0,,ORG:106300
FEME Limited,03108133,register,FEME LIMITED,active,2025-03-31,2025-09-16,accounts-with-accounts-type-full,full,17781416,ixbrl,yes,xhtml,https://find-and-update.company-information.service.gov.uk/company/03108133/filing-history,0,,ORG:117828
FENDER MUSICAL INSTRUMENTS EUROPE LIMITED,03127180,register,FENDER MUSICAL INSTRUMENTS EUROPE LIMITED,active,2025-12-28,2026-07-25,accounts-with-accounts-type-full,full,,,likely,pdf (not read),https://find-and-update.company-information.service.gov.uk/company/03127180/filing-history,0,,ORG:104673
FENDI U.K. LIMITED,03898318,register,FENDI U.K. LIMITED,active,2025-12-31,2026-09-22,accounts-with-accounts-type-full,full,,,likely,pdf (not read),https://find-and-update.company-information.service.gov.uk/company/03898318/filing-history,0,,ORG:108198
Fenmarc Produce Limited,02508638,register,FENMARC PRODUCE LIMITED,active,2025-06-28,2026-03-31,accounts-with-accounts-type-full,,,,,,https://find-and-update.company-information.service.gov.uk/company/02508638/filing-history,0,"ProxyError: HTTPSConnectionPool(host='s3.eu-west-2.amazonaws.com', port=443): Max retries exceeded with url: /document-api-images-live.ch.gov.uk/docs/QZ3tJIUzLCdb3cZq5CKa1aqntWbXOhBhHg2aPzAHJyM/application-xhtml%252Bxml?X-Amz-Algorithm=AWS4-HMAC-SHA256&X-Amz-Credential=ASIAWRGBDBV3KHOESNCX%2F20261008%2Feu-west-2%2Fs3%2Faws4_request&X-Amz-Date=20261008T113218Z&X-Amz-Expires=60&X-Amz-Security-Token=IQoJb3JpZ2luX2VjEFoaCWV1LXdlc3QtMiJHMEUCIEWSkqzs42IdOBBSO%2BGfrK46onMncAlQAK1KQt3SBjmFAiEA%2F52obvPwxqiSN187ymdfHumFQ3Us0OKZiPI29ohGbvQqgQQIIhAFGgw0NDkyMjkwMzI4MjIiDOsbrigtviVNWFmjWyreA5WXa7iisGoRhb1HXz7ekmq%2BvAQ8%2Bqy8Mfh6fzbRabZgEoiMQmNlTdfey6xiB07y%2Bj9zn0P6tld%2F7RewqIqDCy5jzdawftAGsvOHgYKPs6GAnHsBgta2N2L%2FkBOZz9cHNdQKYUqDF%2FYSMM5SKoEOT9gOHrXEbQenk%2F7pH4A7Lcv6SusTodaOMP9aQMUmfAeFWz03tsKILutTZD8ypeYs%2BH7wZYF8s39%2B9AISh8U3MmfSTDgZvwSg8r9XEBbUkWw4dwMtythQMpsyYQF2T9qu5scDxQ2X6oOqkjj%2Bcv2keqt84VfvlHUxl0LN%2Bl9%2Ftd%2Fdet%2FOtkCSqEizooObNloJgSmi73LnJZVjWNtStPwWxQDELNSSEILH6R5AiRkI6T1FBiO8h7nwPqjAWX%2FLfZnxqkRkt3l2KWw0p0R0qc1hDXoSAWLDDftz0rxzPdAgWnJ7CKO31Q8zXjtMJeteLsSGPvZCO7GcPvsZzVW%2F2IvoAqEz2%2Bhc%2BU6cwodfvtWeZhUbkP4xHrwIjax257M91O4DDj32cwNNLaC4VHIsxuXudd9uHcD9a2ias2U9KzHeZV3isjjccE8JyPVoFzzROtzQnQMacYuge%2B5Fi1uYojimAaz4LCYssz6WLvQ%2FdGjqKf0wps%2Bd1gY6pQHPrB33lCic95GPE8CGu7nLrKBqB1P4%2FeaFwo0PAMpb446w1KrZD1tt%2F7u4CnUN%2FmWgHhCJcIRSgbxrPCw2bfJWUiCUTTdj5Te3Q9wbjMz6TY%2B3hipR2XkKrDFUmasiPUusVCFs3OewYcSmnWNIgeqHz5VytB3CwNmbQ%2B9u0gEqynR8vEqh2Y0uAK9kuuW9TznS%2FBg6qBv0Z6DwLN8ujsB87RsQkeo%3D&X-Amz-SignedHeaders=host&response-content-disposition=inline%3Bfilename%3D%2202508638_aa_2026-03-31.xhtml%22&X-Amz-Signature=6c2822ec52922a96259cb84bb2c216d726e98601510c3e2f426af876ec475a96 (Caused by ProxyError('Unable to connect to proxy', RemoteDisconnected('Remote end closed connection without response')))",ORG:101933
Fentimans Ltd,02967193,register,FENTIMANS LTD.,active,2024-12-31,2025-03-27,accounts-with-accounts-type-group,group,35671717,text,yes,xhtml,https://find-and-update.company-information.service.gov.uk/company/02967193/filing-history,0,,ORG:102049
Fenton Packaging Limited,01701605,register,FENTON PACKAGING LIMITED,active,2025-09-30,2026-06-30,accounts-with-accounts-type-medium,medium,18876641,ixbrl,yes,xhtml,https://find-and-update.company-information.service.gov.uk/company/01701605/filing-history,0,,ORG:101077
Fenwick  Limited,00052411,register,"FENWICK,LIMITED",active,2026-01-30,2026-08-12,accounts-with-accounts-type-full,full,179184000,text,yes,xhtml,https://find-and-update.company-information.service.gov.uk/company/00052411/filing-history,0,,ORG:101796
Feralco (UK) Ltd,04052278,register,FERALCO (UK) LIMITED,active,2025-12-31,2026-05-29,accounts-with-accounts-type-full,full,,,likely,pdf (not read),https://find-and-update.company-information.service.gov.uk/company/04052278/filing-history,0,,ORG:105095
Ferdinand Bilstein UK Limited,02231185,register,FERDINAND BILSTEIN UK LIMITED,active,2025-12-31,2026-09-17,accounts-with-accounts-type-full,full,109583000,ixbrl,yes,xhtml,https://find-and-update.company-information.service.gov.uk/company/02231185/filing-history,0,,ORG:104310
FERGUSON & MENZIES LTD,SC034282,register,FERGUSON & MENZIES LIMITED,active,2026-03-31,2026-07-31,accounts-with-accounts-type-total-exemption-full,small,,,unknown,xhtml,https://find-and-update.company-information.service.gov.uk/company/SC034282/filing-history,0,,ORG:105120
Fernco Ltd,02450903,register,FERNCO LIMITED,active,2025-12-31,2026-09-30,accounts-with-accounts-type-group,group,28217000,text,yes,xhtml,https://find-and-update.company-information.service.gov.uk/company/02450903/filing-history,0,,ORG:100683
Fernox Limited,00208173,register,FERNOX LIMITED,active,2025-12-31,2026-08-24,accounts-with-accounts-type-full,full,,,likely,pdf (not read),https://find-and-update.company-information.service.gov.uk/company/00208173/filing-history,0,,ORG:105680
Ferovinum Limited,11276611,register,FEROVINUM LTD,active,2025-03-31,2025-08-28,accounts-with-accounts-type-small,small,,,unknown,xhtml,https://find-and-update.company-information.service.gov.uk/company/11276611/filing-history,0,,ORG:115750
Ferplast (UK) Ltd,02176594,register,FERPLAST (UK) LIMITED,active,2024-12-31,2025-09-29,accounts-with-accounts-type-small,small,5262904,ixbrl,yes,xhtml,https://find-and-update.company-information.service.gov.uk/company/02176594/filing-history,0,,ORG:100665
Ferraris Piston Service Limited,04148298,register,ALLIANCE AUTOMOTIVE LOGISTICS LIMITED,active,2025-12-31,2026-10-06,accounts-with-accounts-type-full,full,,,likely,pdf (not read),https://find-and-update.company-information.service.gov.uk/company/04148298/filing-history,0,,ORG:108169
Ferrero UK Ltd,00876127,register,FERRERO UK LIMITED,active,2025-08-31,2026-02-25,accounts-with-accounts-type-full,full,,,likely,pdf (not read),https://find-and-update.company-information.service.gov.uk/company/00876127/filing-history,1,,ORG:106962
Ferryfast Produce Ltd,01486489,register,FERRYFAST PRODUCE LIMITED,active,2025-01-31,2025-10-14,accounts-with-accounts-type-medium,medium,33191496,ixbrl,yes,xhtml,https://find-and-update.company-information.service.gov.uk/company/01486489/filing-history,0,,ORG:107713
FESTIVE LIGHTS LIMITED,05404923,register,FESTIVE LIGHTS LIMITED,active,2025-01-31,2025-09-09,accounts-with-accounts-type-full,full,11062230,text,yes,xhtml,https://find-and-update.company-information.service.gov.uk/company/05404923/filing-history,0,,ORG:114243
Festive Productions Limited,01755658,register,FESTIVE PRODUCTIONS LIMITED,active,2025-12-31,2026-06-19,accounts-with-accounts-type-full,full,19840000,text,yes,xhtml,https://find-and-update.company-information.service.gov.uk/company/01755658/filing-history,0,,ORG:103990
Fevara Plc,00098221,register,FEVARA PLC,active,2025-08-31,2026-02-05,accounts-with-accounts-type-group,group,,,likely,pdf (not read),https://find-and-update.company-information.service.gov.uk/company/00098221/filing-history,1,,ORG:101906
FEVERTREE LIMITED,05291668,register,FEVERTREE LIMITED,active,2025-12-31,2026-08-07,accounts-with-accounts-type-full,full,,,likely,pdf (not read),https://find-and-update.company-information.service.gov.uk/company/05291668/filing-history,0,,ORG:104179
FHC (HOLDINGS) LIMITED,00886829,register,FHC (HOLDINGS) LIMITED,active,2024-12-31,2025-07-09,accounts-with-accounts-type-full,full,,,likely,pdf (not read),https://find-and-update.company-information.service.gov.uk/company/00886829/filing-history,2,,ORG:108444
Fiberweb Geosynthetics Limited,01589762,register,FIBERWEB GEOSYNTHETICS LIMITED,active,2025-09-30,2026-10-06,accounts-with-accounts-type-full,full,,,likely,pdf (not read),https://find-and-update.company-information.service.gov.uk/company/01589762/filing-history,0,,ORG:100450
Fibre Drums Limited,02519255,register,FIBRE DRUMS LIMITED,active,2025-03-31,2025-11-28,accounts-with-accounts-type-medium,medium,8770330,text,yes,xhtml,https://find-and-update.company-information.service.gov.uk/company/02519255/filing-history,1,,ORG:102776
Fibregrid Limited,04154095,register,FG STRUCTURES LIMITED,active,2025-05-31,2025-12-11,accounts-with-accounts-type-small,small,,,unknown,pdf (not read),https://find-and-update.company-information.service.gov.uk/company/04154095/filing-history,0,,ORG:103925
FIBRESTAR DRUMS LIMITED,03928251,register,FIBRESTAR DRUMS LIMITED,active,2025-06-30,2026-03-31,accounts-with-accounts-type-small,small,,,unknown,xhtml,https://find-and-update.company-information.service.gov.uk/company/03928251/filing-history,0,,ORG:106858
Fibrisol Service Limited,00816031,register,FIBRISOL SERVICE LIMITED,active,2025-12-31,2026-09-01,accounts-with-accounts-type-full,full,,,likely,pdf (not read),https://find-and-update.company-information.service.gov.uk/company/00816031/filing-history,0,,ORG:105136
Fiddes & Son Limited,01864772,register,FIDDES & SON LIMITED,active,2025-12-31,2026-09-30,accounts-with-accounts-type-small,small,,,unknown,xhtml,https://find-and-update.company-information.service.gov.uk/company/01864772/filing-history,0,,ORG:100946
Fiddes Payne Limited,02678291,register,FIDDES PAYNE LIMITED,active,2025-12-31,2026-08-13,accounts-with-accounts-type-total-exemption-full,small,,,unknown,pdf (not read),https://find-and-update.company-information.service.gov.uk/company/02678291/filing-history,0,,ORG:105610
Field & Flower Limited,07183445,register,FIELD & FLOWER LIMITED,active,2025-03-31,2025-12-16,accounts-with-accounts-type-total-exemption-full,small,,,unknown,xhtml,https://find-and-update.company-information.service.gov.uk/company/07183445/filing-history,0,,ORG:114213
Fieldrose Ltd,02729271,register,FIELDROSE LIMITED,active,2025-12-28,2026-09-30,accounts-with-accounts-type-full,full,3139865,ixbrl,no,xhtml,https://find-and-update.company-information.service.gov.uk/company/02729271/filing-history,3,,ORG:111798
Fierce Beer Ltd,SC501206,register,FIERCE BEER LIMITED,active,2025-06-30,2026-06-17,accounts-with-accounts-type-total-exemption-full,small,,,unknown,xhtml,https://find-and-update.company-information.service.gov.uk/company/SC501206/filing-history,0,,ORG:111448
FIFE CREAMERY LTD,SC069753,register,FIFE CREAMERY LIMITED,active,2025-09-30,2026-01-16,accounts-with-accounts-type-group,group,,,likely,xhtml,https://find-and-update.company-information.service.gov.uk/company/SC069753/filing-history,0,,ORG:114630
Filco Supermarkets Ltd,03031072,register,FILCO SUPERMARKETS LIMITED,active,2025-03-31,2025-12-24,accounts-with-accounts-type-medium,medium,23449707,ixbrl,yes,xhtml,https://find-and-update.company-information.service.gov.uk/company/03031072/filing-history,0,,ORG:101373
Fileder Filter Systems Ltd,01595206,register,FILEDER FILTER SYSTEMS LIMITED,active,2025-12-31,2026-09-14,accounts-with-accounts-type-full,full,16927849,text,yes,xhtml,https://find-and-update.company-information.service.gov.uk/company/01595206/filing-history,0,,ORG:101538
Filippo Berio UK Limited,04108585,register,FILIPPO BERIO UK LIMITED,active,2025-12-31,2026-09-11,accounts-with-accounts-type-full,full,96881659,ixbrl,yes,xhtml,https://find-and-update.company-information.service.gov.uk/company/04108585/filing-history,0,,ORG:102468
Fillcare Limited,01601166,register,FILLCARE LIMITED,active,2025-12-31,2026-10-05,accounts-with-accounts-type-full,full,,,likely,pdf (not read),https://find-and-update.company-information.service.gov.uk/company/01601166/filing-history,0,,ORG:100155
FILOFORM UK LTD,03442664,register,FILOFORM UK LTD,active,2024-12-31,2025-12-22,accounts-with-accounts-type-small,small,,,unknown,xhtml,https://find-and-update.company-information.service.gov.uk/company/03442664/filing-history,0,,ORG:117706
FILON PRODUCTS LIMITED,04507961,register,FILON PRODUCTS LIMITED,active,2025-12-31,2026-09-29,accounts-with-accounts-type-medium,medium,17671000,ixbrl,yes,xhtml,https://find-and-update.company-information.service.gov.uk/company/04507961/filing-history,0,,ORG:101117
Filtration Control Ltd,02524269,register,FILTRATION CONTROL LTD.,active,2025-03-31,2025-11-14,accounts-with-accounts-type-full,full,,,likely,pdf (not read),https://find-and-update.company-information.service.gov.uk/company/02524269/filing-history,0,,ORG:105862
FILTROX Carlson Limited,02269239,register,FILTROX CARLSON LIMITED,active,2025-12-31,2026-09-09,accounts-with-accounts-type-full,full,19395315,ixbrl,yes,xhtml,https://find-and-update.company-information.service.gov.uk/company/02269239/filing-history,0,,ORG:107361
Findel Education Ltd,01135827,register,FINDEL EDUCATION LIMITED,active,2025-09-26,2026-06-26,accounts-with-accounts-type-full,full,,,likely,pdf (not read),https://find-and-update.company-information.service.gov.uk/company/01135827/filing-history,0,,ORG:104044
Fine & Rare Wines Ltd,02966320,register,FINE & RARE WINES LIMITED,active,2024-12-31,2026-05-31,accounts-with-accounts-type-group,group,,,likely,pdf (not read),https://find-and-update.company-information.service.gov.uk/company/02966320/filing-history,0,,ORG:111435
FINE DECOR WALLCOVERINGS LIMITED,04110906,register,FINE DECOR WALLCOVERINGS LIMITED,active,2025-12-31,2026-09-21,accounts-with-accounts-type-full,full,,,likely,pdf (not read),https://find-and-update.company-information.service.gov.uk/company/04110906/filing-history,0,,ORG:104614
Fine Organics Ltd,01532065,register,FINE ORGANICS LIMITED,active,2025-12-31,2026-08-04,accounts-with-accounts-type-full,full,89180000,ixbrl,yes,xhtml,https://find-and-update.company-information.service.gov.uk/company/01532065/filing-history,0,,ORG:103536
FineCal Group Ltd,01236608,register,FINECAL GROUP LIMITED,active,2025-12-31,2026-08-04,accounts-with-accounts-type-total-exemption-full,small,,,unknown,xhtml,https://find-and-update.company-information.service.gov.uk/company/01236608/filing-history,1,,ORG:102800
Finelite Ltd,06034102,register,FINELITE LIMITED,active,2025-12-31,2026-09-29,accounts-with-accounts-type-total-exemption-full,small,,,unknown,xhtml,https://find-and-update.company-information.service.gov.uk/company/06034102/filing-history,0,,ORG:107304
Finfenaro Innovations Limited,12804683,register,FINFENARO INNOVATIONS LIMITED,active,2025-09-30,2026-06-19,accounts-with-accounts-type-group,group,,,likely,xhtml,https://find-and-update.company-information.service.gov.uk/company/12804683/filing-history,2,,ORG:114473
Fini Sweets UK Ltd,07789739,register,FINI SWEETS UK LIMITED,active,2025-12-31,2026-04-21,accounts-with-accounts-type-small,small,,,unknown,xhtml,https://find-and-update.company-information.service.gov.uk/company/07789739/filing-history,0,,ORG:116938
Finishing Line Limited(THE),02120683,register,FINISHING LINE LIMITED(THE),active,2026-03-31,2026-09-08,accounts-with-accounts-type-total-exemption-full,small,,,unknown,xhtml,https://find-and-update.company-information.service.gov.uk/company/02120683/filing-history,0,,ORG:106823
Finlay Beverages Ltd,00047601,register,FINLAY BEVERAGES LIMITED,active,2025-12-31,2026-07-12,accounts-with-accounts-type-full,full,,,likely,pdf (not read),https://find-and-update.company-information.service.gov.uk/company/00047601/filing-history,0,,ORG:107176
Finning (UK) Ltd.,00367090,register,FINNING (UK) LTD.,active,2025-12-31,2026-06-29,accounts-with-accounts-type-group,group,,,likely,pdf (not read),https://find-and-update.company-information.service.gov.uk/company/00367090/filing-history,1,,ORG:104427
Finsa UK Limited,02518590,register,FINSA UK LIMITED,active,2025-12-31,2026-06-07,accounts-with-accounts-type-full,full,,,likely,pdf (not read),https://find-and-update.company-information.service.gov.uk/company/02518590/filing-history,0,,ORG:101328
Fiona Cairns Limited,00967833,register,FIONA CAIRNS LIMITED,active,2025-06-30,2026-01-23,accounts-with-accounts-type-full,full,13662842,text,yes,xhtml,https://find-and-update.company-information.service.gov.uk/company/00967833/filing-history,0,,ORG:105706
FireAngel Safety Technology Limited,03641019,register,FIREANGEL SAFETY TECHNOLOGY LIMITED,active,2025-12-31,2026-07-11,accounts-with-accounts-type-audit-exemption-subsiduary,subsidiary,,,unknown,pdf (not read),https://find-and-update.company-information.service.gov.uk/company/03641019/filing-history,0,,ORG:100488
FIRED UP CORPORATION LIMITED,03205943,register,FIRED UP CORPORATION LIMITED,active,2025-12-31,2026-09-24,accounts-with-accounts-type-group,group,17294243,text,yes,xhtml,https://find-and-update.company-information.service.gov.uk/company/03205943/filing-history,0,,ORG:102910
Firmenich UK Limited,02503296,register,FIRMENICH UK LIMITED,active,2025-12-31,2026-09-30,accounts-with-accounts-type-full,full,129123000,text,yes,xhtml,https://find-and-update.company-information.service.gov.uk/company/02503296/filing-history,0,,ORG:101471
First Choice Wholesale Foods Limited,01611985,register,FIRST CHOICE WHOLESALE FOODS LIMITED,active,2025-06-30,2025-10-22,accounts-with-accounts-type-full,full,,,likely,pdf (not read),https://find-and-update.company-information.service.gov.uk/company/01611985/filing-history,0,,ORG:100978
FIRST CIRCLE PACKAGING LIMITED,00400002,register,FIRST CIRCLE PACKAGING LIMITED,active,2025-09-30,2026-10-07,accounts-with-accounts-type-full,full,,,likely,pdf (not read),https://find-and-update.company-information.service.gov.uk/company/00400002/filing-history,0,,ORG:105700
First Grade International Limited,04603605,register,FIRST GRADE INTERNATIONAL LIMITED,active,2025-12-31,2026-09-16,accounts-with-accounts-type-full,full,88418366,text,yes,xhtml,https://find-and-update.company-information.service.gov.uk/company/04603605/filing-history,0,,ORG:101333
First Greater Western Ltd,05113733,register,FIRST GREATER WESTERN LIMITED,active,2025-03-31,2025-11-21,accounts-with-accounts-type-full,full,,,likely,pdf (not read),https://find-and-update.company-information.service.gov.uk/company/05113733/filing-history,0,,ORG:105006
First Line Limited,03972437,register,FIRST LINE LIMITED,active,2025-12-31,2026-09-29,accounts-with-accounts-type-group,group,32278308,text,yes,xhtml,https://find-and-update.company-information.service.gov.uk/company/03972437/filing-history,0,,ORG:107346
First Milk Limited,IP29199R,name search,FIRST MILK LIMITED,active,,,,,,,,,https://find-and-update.company-information.service.gov.uk/company/IP29199R/filing-history,3,no accounts filing with a document,ORG:111280
First Natural Brands Limited,01814713,register,FIRST NATURAL BRANDS LTD,active,2024-04-30,2025-06-10,accounts-with-accounts-type-full,full,7607201,text,yes,xhtml,https://find-and-update.company-information.service.gov.uk/company/01814713/filing-history,0,,ORG:102835
First Trenitalia West Coast Rail Ltd,10349442,register,FIRST TRENITALIA WEST COAST RAIL LIMITED,active,2025-03-31,2025-11-24,accounts-with-accounts-type-full,full,,,likely,pdf (not read),https://find-and-update.company-information.service.gov.uk/company/10349442/filing-history,0,,ORG:103125
Firth Steels Ltd,01715793,register,FIRTH STEELS LIMITED,active,2025-07-31,2026-08-13,accounts-with-accounts-type-group,group,,,likely,pdf (not read),https://find-and-update.company-information.service.gov.uk/company/01715793/filing-history,0,,ORG:103264
FIRWOOD TIMBER & PLYWOOD CO. LIMITED,01213142,register,FIRWOOD TIMBER & PLYWOOD CO. LIMITED,active,2025-03-31,2025-10-20,accounts-with-accounts-type-medium,medium,8788726,ixbrl,yes,xhtml,https://find-and-update.company-information.service.gov.uk/company/01213142/filing-history,0,,ORG:105859
FISCHBACH (UK) LIMITED,00974737,register,FISCHBACH (UK) LIMITED,active,2025-12-31,2026-09-23,accounts-with-accounts-type-full,full,17061513,ixbrl,yes,xhtml,https://find-and-update.company-information.service.gov.uk/company/00974737/filing-history,0,,ORG:100840
Fischer Fixings UK Ltd,00959713,register,FISCHER FIXINGS UK LIMITED,active,2025-12-31,2026-09-10,accounts-with-accounts-type-full,full,,,likely,pdf (not read),https://find-and-update.company-information.service.gov.uk/company/00959713/filing-history,0,,ORG:100557
Fischer Future Heat UK Limited,06021954,register,FISCHER FUTURE HEAT UK LIMITED,active,2025-06-30,2025-12-18,accounts-with-accounts-type-medium,medium,21973971,ixbrl,yes,xhtml,https://find-and-update.company-information.service.gov.uk/company/06021954/filing-history,0,,ORG:104442
Fish4pets Limited,05295698,register,FISH4PETS LIMITED,active,2025-12-31,2026-05-22,accounts-with-accounts-type-group,group,,,likely,xhtml,https://find-and-update.company-information.service.gov.uk/company/05295698/filing-history,0,,ORG:105594
Fisher & Paykel Appliances Limited,03957638,register,FISHER & PAYKEL APPLIANCES LIMITED,active,2025-12-31,2026-08-09,accounts-with-accounts-type-full,full,,,likely,pdf (not read),https://find-and-update.company-information.service.gov.uk/company/03957638/filing-history,0,,ORG:115048
Fish�n Chick�n Ltd,01018600,register,FISH 'N' CHICK'N LIMITED,active,2024-12-31,2025-12-19,accounts-with-accounts-type-full,full,26190527,ixbrl,yes,xhtml,https://find-and-update.company-information.service.gov.uk/company/01018600/filing-history,0,,ORG:106029
Fiskars UK (Vita) Limited,06805116,register,FISKARS UK (VITA) LIMITED,active,2024-12-31,2025-10-04,accounts-with-accounts-type-full,full,,,likely,pdf (not read),https://find-and-update.company-information.service.gov.uk/company/06805116/filing-history,0,,ORG:108421
Fit Out (U.K.) Ltd,03938313,register,FIT OUT (U.K.) LTD.,active,2025-03-31,2025-09-10,accounts-with-accounts-type-full,full,,,likely,pdf (not read),https://find-and-update.company-information.service.gov.uk/company/03938313/filing-history,0,,ORG:101928
Fitflop Ltd,06436347,register,FITFLOP LIMITED,active,2025-03-31,2026-01-09,accounts-amended-with-accounts-type-full,full,,,likely,pdf (not read),https://find-and-update.company-information.service.gov.uk/company/06436347/filing-history,0,,ORG:102498
Fitshop UK Ltd,SC071827,register,FITSHOP UK LTD,active,2025-12-31,2026-09-30,accounts-with-accounts-type-full,full,19423898,text,yes,xhtml,https://find-and-update.company-information.service.gov.uk/company/SC071827/filing-history,0,,ORG:108125
Fittleworth Medical Ltd,01836221,register,FITTLEWORTH MEDICAL LIMITED,active,2025-12-31,2026-10-06,accounts-with-accounts-type-full,full,,,likely,pdf (not read),https://find-and-update.company-information.service.gov.uk/company/01836221/filing-history,0,,ORG:106750
Five Guys JV Ltd,08185191,register,FIVE GUYS JV LIMITED,active,2024-12-31,2025-10-16,accounts-with-accounts-type-full,full,,,likely,pdf (not read),https://find-and-update.company-information.service.gov.uk/company/08185191/filing-history,0,,ORG:102122
Fiveways Shop & Service Station Ltd,NI032698,register,FIVEWAYS SHOP & SERVICE STATION LTD,active,2025-04-30,2026-04-20,accounts-with-accounts-type-full,full,,,likely,pdf (not read),https://find-and-update.company-information.service.gov.uk/company/NI032698/filing-history,0,,ORG:100722
Fixfast Ltd,09481218,register,FIXFAST LTD,active,2025-12-31,2026-09-29,accounts-with-accounts-type-full,full,33690922,ixbrl,yes,xhtml,https://find-and-update.company-information.service.gov.uk/company/09481218/filing-history,0,,ORG:103489
Fizz Creations Limited,07387175,register,FIZZ CREATIONS LIMITED,active,2025-12-31,2026-09-10,accounts-with-accounts-type-group,group,,,likely,pdf (not read),https://find-and-update.company-information.service.gov.uk/company/07387175/filing-history,0,,ORG:107779
FKA Brands Limited,04353765,register,FKA BRANDS LIMITED,active,2024-12-31,2025-10-06,accounts-with-accounts-type-full,full,,,likely,pdf (not read),https://find-and-update.company-information.service.gov.uk/company/04353765/filing-history,0,,ORG:101153
FLAIR FLOORING SUPPLIES LIMITED,01663400,register,FLAIR FLOORING SUPPLIES LIMITED,active,2025-06-30,2026-06-04,accounts-with-accounts-type-full,full,48368318,ixbrl,yes,xhtml,https://find-and-update.company-information.service.gov.uk/company/01663400/filing-history,0,,ORG:101705
Flair Leisure Products Plc,03699727,register,FLAIR LEISURE PRODUCTS PLC,active,2025-12-31,2026-08-13,accounts-with-accounts-type-full,full,,,likely,pdf (not read),https://find-and-update.company-information.service.gov.uk/company/03699727/filing-history,0,,ORG:100652
Flakt Woods Limited,00233771,register,FLAKT WOODS LIMITED,active,2025-12-31,2026-10-05,accounts-with-accounts-type-full,full,,,likely,pdf (not read),https://find-and-update.company-information.service.gov.uk/company/00233771/filing-history,0,,ORG:105125
Flambeau Europlast Ltd,01216092,register,FLAMBEAU EUROPLAST LTD,active,2025-06-28,2025-10-09,accounts-with-accounts-type-full,full,9135887,ixbrl,yes,xhtml,https://find-and-update.company-information.service.gov.uk/company/01216092/filing-history,0,,ORG:103959
Flame Homeware Ltd,03203149,register,FLAME HOMEWARE LIMITED,active,2026-03-31,2026-08-03,accounts-with-accounts-type-medium,medium,12471717,ixbrl,yes,xhtml,https://find-and-update.company-information.service.gov.uk/company/03203149/filing-history,0,,ORG:105642
Flamingo Horticulture Investments Ltd,08275291,register,FLAMINGO HORTICULTURE INVESTMENTS LIMITED,active,2026-01-03,2026-09-17,accounts-with-accounts-type-audit-exemption-subsiduary,subsidiary,,,unknown,pdf (not read),https://find-and-update.company-information.service.gov.uk/company/08275291/filing-history,2,,ORG:108561
FLATCABLE LIMITED,05182584,register,FLATCABLE LIMITED,active,2025-10-31,2026-08-09,accounts-with-accounts-type-full,full,,,likely,pdf (not read),https://find-and-update.company-information.service.gov.uk/company/05182584/filing-history,2,,ORG:107828
Flatfish Limited,01409431,register,FLATFISH LIMITED,active,2025-12-31,2026-09-25,accounts-with-accounts-type-full,full,,,likely,pdf (not read),https://find-and-update.company-information.service.gov.uk/company/01409431/filing-history,0,,ORG:103949
Flavour Warehouse Limited,08791964,register,FLAVOUR WAREHOUSE LIMITED,active,2025-12-31,2026-09-14,accounts-with-accounts-type-full,full,,,likely,pdf (not read),https://find-and-update.company-information.service.gov.uk/company/08791964/filing-history,0,,ORG:101740
FLAVOURFRESH SALADS LIMITED,03389630,register,FLAVOURFRESH SALADS LIMITED,active,2025-11-29,2026-08-24,accounts-with-accounts-type-group,group,20100086,text,yes,xhtml,https://find-and-update.company-information.service.gov.uk/company/03389630/filing-history,0,,ORG:102314
Flavours and Essences UK Limited,03615408,register,FLAVOURS AND ESSENCES UK LIMITED,active,2025-12-31,2026-07-20,accounts-with-accounts-type-full,full,5696000,text,yes,xhtml,https://find-and-update.company-information.service.gov.uk/company/03615408/filing-history,0,,ORG:105245
FLB Group Ltd,SC007315,register,FLB GROUP LIMITED,active,2025-04-30,2025-12-19,accounts-with-accounts-type-full,full,,,likely,pdf (not read),https://find-and-update.company-information.service.gov.uk/company/SC007315/filing-history,0,,ORG:102681
FLEXCON EUROPE LIMITED,SC170245,register,FLEXCON EUROPE LIMITED,active,2025-09-30,2026-02-11,accounts-with-accounts-type-full,full,123000000,text,yes,xhtml,https://find-and-update.company-information.service.gov.uk/company/SC170245/filing-history,0,,ORG:104976
Flexicare (Group) Limited,09109193,register,FLEXICARE (GROUP) LIMITED,active,2025-11-30,2026-08-25,accounts-with-accounts-type-group,group,,,likely,pdf (not read),https://find-and-update.company-information.service.gov.uk/company/09109193/filing-history,1,,ORG:104081
FLEXOPACK LIMITED,02117982,register,FLEXOPACK LIMITED,active,2025-05-31,2026-05-07,accounts-with-accounts-type-total-exemption-full,small,,,unknown,xhtml,https://find-and-update.company-information.service.gov.uk/company/02117982/filing-history,0,,ORG:116883
Flexopack Trade and Services UK Limited,09320142,register,FLEXOPACK TRADE AND SERVICES UK LIMITED,active,2025-12-31,2026-03-27,accounts-with-accounts-type-full,full,20355712,ixbrl,yes,xhtml,https://find-and-update.company-information.service.gov.uk/company/09320142/filing-history,0,,ORG:111330
Flexpak (UK) Ltd,06845495,register,FLEXPAK (UK) LTD,active,2025-03-31,2025-12-15,accounts-with-accounts-type-total-exemption-full,small,,,unknown,xhtml,https://find-and-update.company-information.service.gov.uk/company/06845495/filing-history,0,,ORG:100468
FLEXTEX LIMITED,01886312,register,FLEXTEX LIMITED,active,2025-04-30,2026-01-07,accounts-with-accounts-type-total-exemption-full,small,,,unknown,xhtml,https://find-and-update.company-information.service.gov.uk/company/01886312/filing-history,0,,ORG:106013
Flextronics Global Services (Manchester) Ltd,02026808,register,FLEXTRONICS GLOBAL SERVICES (MANCHESTER) LIMITED,active,2025-03-31,2025-12-23,accounts-with-accounts-type-full,full,,,likely,pdf (not read),https://find-and-update.company-information.service.gov.uk/company/02026808/filing-history,0,,ORG:105634
Flight Club Darts Ltd,08824987,register,FLIGHT CLUB DARTS LIMITED,active,2025-12-28,2026-08-05,accounts-with-accounts-type-group,group,,,likely,pdf (not read),https://find-and-update.company-information.service.gov.uk/company/08824987/filing-history,1,,ORG:116878
Flint Ink (U.K.) Ltd,00326153,register,FLINT INK (U.K.) LIMITED,active,2024-12-31,2025-11-17,accounts-with-accounts-type-full,full,,,likely,pdf (not read),https://find-and-update.company-information.service.gov.uk/company/00326153/filing-history,1,,ORG:102365
Flint Wines Limited,05735365,register,FLINT WINES LIMITED,active,2025-09-30,2026-03-19,accounts-with-accounts-type-full,full,20238992,ixbrl,yes,xhtml,https://find-and-update.company-information.service.gov.uk/company/05735365/filing-history,0,,ORG:101548
FloGas Britain Ltd,00993638,register,FLOGAS BRITAIN LIMITED,active,2026-03-31,2026-07-24,accounts-with-accounts-type-full,full,,,likely,pdf (not read),https://find-and-update.company-information.service.gov.uk/company/00993638/filing-history,1,,ORG:108556
Flokk Ltd,03335942,register,FLOKK LIMITED,active,2025-12-31,2026-09-23,accounts-with-accounts-type-medium,medium,19737849,ixbrl,yes,xhtml,https://find-and-update.company-information.service.gov.uk/company/03335942/filing-history,0,,ORG:116455
FloPlast Limited,02616448,register,FLOPLAST LIMITED,active,2024-12-31,2025-10-01,accounts-with-accounts-type-full,full,,,likely,pdf (not read),https://find-and-update.company-information.service.gov.uk/company/02616448/filing-history,0,,ORG:106871
Flora Food Sales UK Ltd,09521994,register,FLORA FOOD SALES UK LIMITED,active,2025-12-31,2026-06-04,accounts-with-accounts-type-full,full,,,likely,pdf (not read),https://find-and-update.company-information.service.gov.uk/company/09521994/filing-history,0,,ORG:101132
Floramedia (U.K.) Ltd,01567452,register,FLORAMEDIA (U.K.) LIMITED,active,2025-12-31,2026-07-07,accounts-with-accounts-type-full,full,8750920,text,yes,xhtml,https://find-and-update.company-information.service.gov.uk/company/01567452/filing-history,0,,ORG:103853
Flower of Life Ltd,08050763,register,FLOWER OF LIFE LTD,active,2025-12-31,2026-09-25,accounts-with-accounts-type-total-exemption-full,small,,,unknown,xhtml,https://find-and-update.company-information.service.gov.uk/company/08050763/filing-history,0,,ORG:114206
Flowerline Limited,08563107,register,FLOWERLINE LIMITED,active,2025-07-31,2026-01-20,accounts-with-accounts-type-full,full,18263283,text,yes,xhtml,https://find-and-update.company-information.service.gov.uk/company/08563107/filing-history,0,,ORG:116301
Flowflex Components Limited,00530070,register,FLOWFLEX COMPONENTS LIMITED,active,2025-03-31,2025-11-11,accounts-with-accounts-type-full,full,24981601,ixbrl,yes,xhtml,https://find-and-update.company-information.service.gov.uk/company/00530070/filing-history,0,,ORG:106386
Flowmax Limited,03455056,register,FLOWMAX LIMITED,active,2025-12-31,2026-09-17,accounts-with-accounts-type-group,group,,,likely,pdf (not read),https://find-and-update.company-information.service.gov.uk/company/03455056/filing-history,13,,ORG:116210
Flowserve GB Limited,02741659,register,FLOWSERVE GB LIMITED,active,2025-12-31,2026-10-01,accounts-with-accounts-type-full,full,,,likely,pdf (not read),https://find-and-update.company-information.service.gov.uk/company/02741659/filing-history,0,,ORG:103970
Fluidmaster GB Ltd,04652734,register,FLUIDMASTER GB LTD,active,2025-12-31,2026-10-02,accounts-with-accounts-type-full,full,17358667,text,yes,xhtml,https://find-and-update.company-information.service.gov.uk/company/04652734/filing-history,0,,ORG:107426
Fluidpower Group UK Ltd,01672034,register,FLUIDPOWER GROUP UK LIMITED,active,2025-12-31,2026-07-31,accounts-with-accounts-type-audit-exemption-subsiduary,subsidiary,,,unknown,pdf (not read),https://find-and-update.company-information.service.gov.uk/company/01672034/filing-history,0,,ORG:115831
Flying Trade Ltd,02285142,register,FLYING TRADE LIMITED,active,2025-12-31,2026-07-11,accounts-with-accounts-type-full,full,,,likely,pdf (not read),https://find-and-update.company-information.service.gov.uk/company/02285142/filing-history,0,,ORG:107033
FMC Agro Ltd,01973941,register,FMC AGRO LIMITED,active,2025-12-31,2026-09-22,accounts-with-accounts-type-full,full,,,likely,pdf (not read),https://find-and-update.company-information.service.gov.uk/company/01973941/filing-history,0,,ORG:107081
FMS Foils Group Limited,03563351,register,FMS FOILS GROUP LIMITED,active,2025-12-31,2026-08-14,accounts-with-accounts-type-group,group,,,likely,pdf (not read),https://find-and-update.company-information.service.gov.uk/company/03563351/filing-history,0,,ORG:104780
Focal Point Fires Limited,01726619,register,FOCAL POINT FIRES LIMITED,active,2025-12-31,2026-07-28,accounts-with-accounts-type-full,full,,,likely,pdf (not read),https://find-and-update.company-information.service.gov.uk/company/01726619/filing-history,0,,ORG:106769
Fold Hill Foods Limited,01426126,register,FOLD HILL FOODS LIMITED,active,2025-12-31,2026-09-29,accounts-with-accounts-type-medium,medium,31285592,ixbrl,yes,xhtml,https://find-and-update.company-information.service.gov.uk/company/01426126/filing-history,1,,ORG:103457
Foleshill Plating Co. Limited,01656795,register,FOLESHILL PLATING CO. LIMITED,active,2025-08-31,2026-05-29,accounts-with-accounts-type-medium,medium,9720153,ixbrl,yes,xhtml,https://find-and-update.company-information.service.gov.uk/company/01656795/filing-history,0,,ORG:104416
Fonthill Waters Ltd,04107923,register,FONTHILL WATERS LIMITED,active,2025-03-31,2025-12-24,accounts-with-accounts-type-total-exemption-full,small,,,unknown,xhtml,https://find-and-update.company-information.service.gov.uk/company/04107923/filing-history,0,,ORG:108524
Food-Bridge GB Limited,10260062,register,FOOD-BRIDGE GB LIMITED,active,2025-06-30,2026-02-26,accounts-with-accounts-type-full,full,,,likely,pdf (not read),https://find-and-update.company-information.service.gov.uk/company/10260062/filing-history,1,,ORG:101512
Foodnet Ltd,02509681,register,FOODNET LIMITED,active,2025-04-30,2025-11-18,accounts-with-accounts-type-full,full,57179729,text,yes,xhtml,https://find-and-update.company-information.service.gov.uk/company/02509681/filing-history,0,,ORG:101252
Foodspeed Limited,03963404,register,FOODSPEED LIMITED,active,2025-07-31,2026-04-23,accounts-with-accounts-type-medium,medium,27413047,ixbrl,yes,xhtml,https://find-and-update.company-information.service.gov.uk/company/03963404/filing-history,0,,ORG:104056
Foot Shop Limited,01686089,register,FOOT SHOP LIMITED,active,2026-02-28,2026-08-13,accounts-with-accounts-type-full,full,10676152,ixbrl,yes,xhtml,https://find-and-update.company-information.service.gov.uk/company/01686089/filing-history,0,,ORG:100233
Footasylum Limited,05535565,register,FOOTASYLUM LIMITED,active,2025-01-25,2025-07-10,accounts-with-accounts-type-group,group,,,likely,pdf (not read),https://find-and-update.company-information.service.gov.uk/company/05535565/filing-history,0,,ORG:105189
Footsure Western Limited,01505399,register,FOOTSURE WESTERN LIMITED,active,2025-12-31,2026-09-30,accounts-with-accounts-type-full,full,50092786,ixbrl,yes,xhtml,https://find-and-update.company-information.service.gov.uk/company/01505399/filing-history,0,,ORG:107565
Forbo Flooring UK Limited,09200318,register,FORBO FLOORING UK LIMITED,active,2025-12-31,2026-09-22,accounts-with-accounts-type-full,full,,,likely,pdf (not read),https://find-and-update.company-information.service.gov.uk/company/09200318/filing-history,0,,ORG:105840
Ford Motor Company Limited,00235446,register,FORD MOTOR COMPANY LIMITED,active,2025-12-31,2026-09-30,accounts-with-accounts-type-full,full,,,likely,pdf (not read),https://find-and-update.company-information.service.gov.uk/company/00235446/filing-history,0,,ORG:104898
Foremost Pro Ltd,08711807,register,FOREMOST PRO LTD,active,2025-12-31,2026-09-25,accounts-with-accounts-type-total-exemption-full,small,,,unknown,xhtml,https://find-and-update.company-information.service.gov.uk/company/08711807/filing-history,0,,ORG:106368
FOREST GARDEN GROUP LIMITED,05805820,register,FOREST GARDEN GROUP LIMITED,active,2024-12-31,2025-10-07,accounts-with-accounts-type-group,group,,,likely,pdf (not read),https://find-and-update.company-information.service.gov.uk/company/05805820/filing-history,3,,ORG:108251
Forest Master Ltd,07402638,register,FOREST MASTER LTD,active,2025-09-30,2026-06-25,accounts-with-accounts-type-unaudited-abridged,small,,,unknown,xhtml,https://find-and-update.company-information.service.gov.uk/company/07402638/filing-history,0,,ORG:108267
Forever Living Products (U.K.) Limited,02269910,register,FOREVER LIVING PRODUCTS (U.K.) LIMITED,active,2025-12-31,2026-09-15,accounts-with-accounts-type-medium,medium,14027345,ixbrl,yes,xhtml,https://find-and-update.company-information.service.gov.uk/company/02269910/filing-history,0,,ORG:108321
Forfarmers UK Limited,00062904,register,FORFARMERS UK LIMITED,active,2025-12-31,2026-07-24,accounts-with-accounts-type-full,full,,,likely,pdf (not read),https://find-and-update.company-information.service.gov.uk/company/00062904/filing-history,0,,ORG:103604
FORGEWAY LTD,07230689,register,FORGEWAY LTD,active,2025-12-31,2026-07-25,accounts-with-accounts-type-full,full,,,likely,pdf (not read),https://find-and-update.company-information.service.gov.uk/company/07230689/filing-history,0,,ORG:111368
Form (Midlands) Ltd,13459922,register,FORM (MIDLANDS) LIMITED,active,2025-09-30,2026-06-29,accounts-with-accounts-type-small,small,,,unknown,xhtml,https://find-and-update.company-information.service.gov.uk/company/13459922/filing-history,0,,ORG:105487
Formatt Ltd,03569752,register,FORMATT LIMITED,active,2025-12-31,2026-06-24,accounts-with-accounts-type-total-exemption-full,small,,,unknown,xhtml,https://find-and-update.company-information.service.gov.uk/company/03569752/filing-history,0,,ORG:102194
Formica Ltd,00139731,register,FORMICA LIMITED,active,2025-12-31,2026-07-31,accounts-with-accounts-type-full,full,,,likely,pdf (not read),https://find-and-update.company-information.service.gov.uk/company/00139731/filing-history,0,,ORG:107353
FORRESTER (SALES) LIMITED,01085750,register,FORRESTER (SALES) LIMITED,active,2025-03-31,2025-12-23,accounts-with-accounts-type-full,full,94010059,text,yes,xhtml,https://find-and-update.company-information.service.gov.uk/company/01085750/filing-history,0,,ORG:105027
FORT VALE ENGINEERING LIMITED,00902920,register,FORT VALE ENGINEERING LIMITED,active,2025-02-28,2025-12-18,accounts-with-accounts-type-full,full,,,likely,pdf (not read),https://find-and-update.company-information.service.gov.uk/company/00902920/filing-history,0,,ORG:100185
Forteq (UK) Limited,00304968,register,FORTEQ (UK) LIMITED,active,2025-12-31,2026-07-26,accounts-with-accounts-type-medium,medium,,,likely,pdf (not read),https://find-and-update.company-information.service.gov.uk/company/00304968/filing-history,0,,ORG:103134
FORTERRA PLC,09963666,register,FORTERRA PLC,active,2025-12-31,2026-05-31,accounts-with-accounts-type-group,group,,,likely,pdf (not read),https://find-and-update.company-information.service.gov.uk/company/09963666/filing-history,0,,ORG:104813
FORTHGLADE FOODS LIMITED,07781711,register,FORTHGLADE FOODS LIMITED,active,2025-09-30,2026-05-16,accounts-with-accounts-type-full,full,,,likely,pdf (not read),https://find-and-update.company-information.service.gov.uk/company/07781711/filing-history,0,,ORG:103768
Fortnum & Mason Public Limited Company,00084909,register,FORTNUM & MASON PUBLIC LIMITED COMPANY,active,2025-07-13,2026-01-16,accounts-with-accounts-type-full,full,,,likely,pdf (not read),https://find-and-update.company-information.service.gov.uk/company/00084909/filing-history,0,,ORG:107553
FORTUNE PACKAGING LTD,11756725,register,FORTUNE PACKAGING LTD,active,2025-06-30,2026-04-30,accounts-with-accounts-type-total-exemption-full,small,,,unknown,xhtml,https://find-and-update.company-information.service.gov.uk/company/11756725/filing-history,0,,ORG:108045
Forum Packaging Ltd,07536149,register,FORUM PACKAGING LIMITED,active,2025-04-30,2025-12-18,accounts-with-accounts-type-medium,medium,15804377,ixbrl,yes,xhtml,https://find-and-update.company-information.service.gov.uk/company/07536149/filing-history,0,,ORG:101500
Forza Doors Ltd,07112891,register,FORZA DOORS LTD,active,2025-06-30,2025-12-17,accounts-with-accounts-type-full,full,,,likely,pdf (not read),https://find-and-update.company-information.service.gov.uk/company/07112891/filing-history,0,,ORG:103687
Fosroc International Limited,00959643,register,FOSROC INTERNATIONAL LIMITED,active,2024-12-31,2026-01-04,accounts-with-accounts-type-full,full,,,likely,pdf (not read),https://find-and-update.company-information.service.gov.uk/company/00959643/filing-history,0,,ORG:104287
Fossil (UK) Ltd,03062442,register,FOSSIL (UK) LIMITED,active,2024-12-28,2026-06-04,accounts-with-accounts-type-full,full,,,likely,pdf (not read),https://find-and-update.company-information.service.gov.uk/company/03062442/filing-history,0,,ORG:102567
Fosters Bakery (Staincross) Ltd,00637941,register,FOSTERS BAKERY (STAINCROSS) LIMITED,active,2025-10-25,2026-07-24,accounts-with-accounts-type-medium,medium,10263679,ixbrl,yes,xhtml,https://find-and-update.company-information.service.gov.uk/company/00637941/filing-history,0,,ORG:101167
Fountain Foods Ltd,03224610,register,FOUNTAIN FOODS LIMITED,active,2025-11-30,2026-08-27,accounts-with-accounts-type-medium,medium,18326388,ixbrl,yes,xhtml,https://find-and-update.company-information.service.gov.uk/company/03224610/filing-history,0,,ORG:104511
Fountain Frozen Ltd,06430068,register,FOUNTAIN FROZEN LIMITED,active,2024-11-30,2025-11-11,accounts-with-accounts-type-medium,medium,18852874,ixbrl,yes,xhtml,https://find-and-update.company-information.service.gov.uk/company/06430068/filing-history,0,,ORG:104532
FOUR CROSSES NURSERY LTD,04734858,register,FOUR CROSSES NURSERY LTD,active,2025-08-31,2026-03-26,accounts-with-accounts-type-total-exemption-full,small,,,unknown,xhtml,https://find-and-update.company-information.service.gov.uk/company/04734858/filing-history,0,,ORG:115087
Fourayes Farm Ltd,00600317,register,FOURAYES FARM LIMITED,active,2025-12-31,2026-09-23,accounts-with-accounts-type-full,full,22329583,ixbrl,yes,xhtml,https://find-and-update.company-information.service.gov.uk/company/00600317/filing-history,0,,ORG:102066
Fourstones Paper Mill Company Limited,00509221,register,FOURSTONES PAPER MILL COMPANY LIMITED,active,2025-03-31,2025-12-19,accounts-with-accounts-type-full,full,38682542,text,yes,xhtml,https://find-and-update.company-information.service.gov.uk/company/00509221/filing-history,0,,ORG:101337
Fowlers of Bristol Limited,00711079,register,FOWLERS OF BRISTOL LIMITED,active,2024-12-31,2025-12-22,accounts-with-accounts-type-full,full,32464023,ixbrl,yes,xhtml,https://find-and-update.company-information.service.gov.uk/company/00711079/filing-history,0,,ORG:100136
Fox International Group Ltd,01144907,register,FOX INTERNATIONAL GROUP LIMITED,active,2025-12-31,2026-07-14,accounts-with-accounts-type-full,full,,,likely,pdf (not read),https://find-and-update.company-information.service.gov.uk/company/01144907/filing-history,0,,ORG:103423
Fox's Burton's Companies (FBC) UK Ltd,02086754,register,FOX'S BURTON'S COMPANIES (FBC) UK LIMITED,active,2025-08-31,2026-05-19,accounts-with-accounts-type-audit-exemption-subsiduary,subsidiary,,,unknown,pdf (not read),https://find-and-update.company-information.service.gov.uk/company/02086754/filing-history,0,,ORG:104282
Foyle Food Group Limited,NI034218,register,FOYLE FOOD GROUP LIMITED,active,2025-12-31,2026-07-07,accounts-with-accounts-type-full,full,,,likely,pdf (not read),https://find-and-update.company-information.service.gov.uk/company/NI034218/filing-history,0,,ORG:102426
FPS Flexibles UK Ltd,03862410,register,FPS FLEXIBLES UK LTD,active,2025-12-31,2026-03-03,accounts-with-accounts-type-full,full,26781584,text,yes,xhtml,https://find-and-update.company-information.service.gov.uk/company/03862410/filing-history,0,,ORG:102941
FQF Holdings Limited,05806947,register,FQF HOLDINGS LIMITED,active,2025-12-31,2026-08-24,accounts-with-accounts-type-total-exemption-full,small,,,unknown,xhtml,https://find-and-update.company-information.service.gov.uk/company/05806947/filing-history,2,,ORG:114030
Fragrance Direct (UK) Ltd,04098132,register,FRAGRANCE DIRECT (UK) LIMITED,active,2024-12-31,2025-12-03,accounts-with-accounts-type-small,small,,,unknown,pdf (not read),https://find-and-update.company-information.service.gov.uk/company/04098132/filing-history,0,,ORG:108478
Fragrance Oils (International) Ltd,01180568,register,FRAGRANCE OILS (INTERNATIONAL) LIMITED,active,2025-12-31,2026-09-11,accounts-with-accounts-type-full,full,,,likely,pdf (not read),https://find-and-update.company-information.service.gov.uk/company/01180568/filing-history,0,,ORG:100503
Framptons Limited,00927723,register,FRAMPTONS LIMITED,active,2026-04-30,2026-06-23,accounts-with-accounts-type-full,full,36270838,ixbrl,yes,xhtml,https://find-and-update.company-information.service.gov.uk/company/00927723/filing-history,0,,ORG:103277
FRANCIS MAY LIMITED,10413094,register,FRANCIS MAY LIMITED,active,2025-09-30,2026-06-17,accounts-with-accounts-type-micro-entity,micro,,,no,xhtml,https://find-and-update.company-information.service.gov.uk/company/10413094/filing-history,2,,ORG:100574
Frank Bird (Poultry) Limited,03310507,register,FRANK BIRD (POULTRY) LIMITED,active,2026-01-31,2026-10-06,accounts-with-accounts-type-full,full,91722876,text,yes,xhtml,https://find-and-update.company-information.service.gov.uk/company/03310507/filing-history,0,,ORG:100456
FRANK KEY GROUP LIMITED,06371399,register,FRANK KEY GROUP LIMITED,active,2025-12-31,2026-09-30,accounts-with-accounts-type-full,full,,,likely,xhtml,https://find-and-update.company-information.service.gov.uk/company/06371399/filing-history,1,,ORG:112453
Frank Mercer & Sons Ltd,01370465,register,FRANK MERCER & SONS LIMITED,active,2025-03-31,2025-12-31,accounts-with-accounts-type-full,full,,,likely,pdf (not read),https://find-and-update.company-information.service.gov.uk/company/01370465/filing-history,0,,ORG:108270
Frank Wright Limited,00111524,register,FRANK WRIGHT LIMITED,active,2025-12-31,2026-09-24,accounts-with-accounts-type-full,full,,,likely,pdf (not read),https://find-and-update.company-information.service.gov.uk/company/00111524/filing-history,0,,ORG:111394
Franke U.K. Ltd,SC126669,register,FRANKE U.K. LIMITED,active,2025-12-31,2026-09-29,accounts-with-accounts-type-full,full,32674000,text,yes,xhtml,https://find-and-update.company-information.service.gov.uk/company/SC126669/filing-history,0,,ORG:103927
Frasers Group PLC,06035106,register,FRASERS GROUP PLC,active,2026-04-26,2026-09-30,accounts-with-accounts-type-group,group,,,likely,pdf (not read),https://find-and-update.company-information.service.gov.uk/company/06035106/filing-history,30,,ORG:103013
Fred C Robinson Limited,NI000908,register,FRED C.ROBINSON LIMITED,active,2025-10-31,2026-07-28,accounts-with-accounts-type-unaudited-abridged,small,,,unknown,xhtml,https://find-and-update.company-information.service.gov.uk/company/NI000908/filing-history,0,,ORG:108154
Fred Perry Limited,03114528,register,FRED PERRY LIMITED,active,2025-12-31,2026-07-31,accounts-with-accounts-type-full,full,,,likely,pdf (not read),https://find-and-update.company-information.service.gov.uk/company/03114528/filing-history,0,,ORG:104907
Freddie's Flowers Ltd,09192551,register,FREDDIE'S FLOWERS LTD,active,2025-08-31,2026-05-29,accounts-with-accounts-type-group,group,37605094,text,yes,xhtml,https://find-and-update.company-information.service.gov.uk/company/09192551/filing-history,0,,ORG:104082
FREDDY HIRSCH GROUP UK LIMITED,12844416,register,FREDDY HIRSCH GROUP UK LIMITED,active,2025-06-30,2026-03-27,accounts-with-accounts-type-total-exemption-full,small,,,unknown,xhtml,https://find-and-update.company-information.service.gov.uk/company/12844416/filing-history,0,,ORG:117219
Frederic Robinson Limited,00170679,register,FREDERIC ROBINSON LIMITED,active,2025-12-31,2026-07-24,accounts-with-accounts-type-full,full,,,likely,pdf (not read),https://find-and-update.company-information.service.gov.uk/company/00170679/filing-history,0,,ORG:104256
Frederick Jones (Belfast)  Ltd,NI001753,register,"FREDERICK JONES (BELFAST),LIMITED",active,2025-07-31,2026-01-27,accounts-with-accounts-type-medium,medium,,,likely,pdf (not read),https://find-and-update.company-information.service.gov.uk/company/NI001753/filing-history,0,,ORG:107953
Freed (Veneers) Limited,03917796,register,FREED (VENEERS) LIMITED,active,2025-03-31,2025-12-22,accounts-with-accounts-type-small,small,,,unknown,xhtml,https://find-and-update.company-information.service.gov.uk/company/03917796/filing-history,0,,ORG:116458
Freedom Brewery Ltd,05289932,register,FREEDOM BREWERY LTD,active,2025-12-31,2026-06-01,accounts-with-accounts-type-small,small,,,unknown,xhtml,https://find-and-update.company-information.service.gov.uk/company/05289932/filing-history,0,,ORG:115286
Freedom Sportsline Ltd,01779106,register,FREEDOM SPORTSLINE LIMITED,active,2024-12-31,2025-12-01,accounts-with-accounts-type-full,full,,,likely,pdf (not read),https://find-and-update.company-information.service.gov.uk/company/01779106/filing-history,0,,ORG:108231
Freefoam Building Products (UK) Ltd,03758946,register,FREEFOAM BUILDING PRODUCTS (UK) LIMITED,active,2025-12-31,2026-09-01,accounts-with-accounts-type-full,full,,,likely,pdf (not read),https://find-and-update.company-information.service.gov.uk/company/03758946/filing-history,0,,ORG:104781
Freemans Event Partners Holdings Ltd,09996601,register,FREEMANS EVENT PARTNERS HOLDINGS LTD,active,2025-01-31,2025-11-03,accounts-with-accounts-type-group,group,,,likely,pdf (not read),https://find-and-update.company-information.service.gov.uk/company/09996601/filing-history,3,,ORG:114977
Freemans Grattan Holdings Ltd,03781251,register,FREEMANS GRATTAN HOLDINGS LIMITED,active,2025-03-01,2026-05-12,accounts-with-accounts-type-full,full,,,likely,pdf (not read),https://find-and-update.company-information.service.gov.uk/company/03781251/filing-history,2,,ORG:107965
Freemans Holdings Ltd,13962924,name search,FREEMANS HOLDINGS LTD,active,2025-03-31,2025-12-22,accounts-with-accounts-type-dormant,dormant,,,no,xhtml,https://find-and-update.company-information.service.gov.uk/company/13962924/filing-history,2,,ORG:116318
Freeworld Foods Limited,06427416,register,FREEWORLD FOODS LIMITED,active,2025-12-31,2026-09-17,accounts-with-accounts-type-full,full,42771110,text,yes,xhtml,https://find-and-update.company-information.service.gov.uk/company/06427416/filing-history,0,,ORG:101525
Freiberger (UK) Ltd,02400918,register,FREIBERGER (UK) LIMITED,active,2025-02-28,2025-11-05,accounts-with-accounts-type-full,full,161859647,ixbrl,yes,xhtml,https://find-and-update.company-information.service.gov.uk/company/02400918/filing-history,0,,ORG:104405
FreiLacke UK Ltd,05873731,register,FREILACKE UK LIMITED,active,2025-12-31,2026-08-04,accounts-with-accounts-type-full,full,4864603,text,no,xhtml,https://find-and-update.company-information.service.gov.uk/company/05873731/filing-history,0,,ORG:114429
Freixenet Copestick Limited,05465686,register,FREIXENET COPESTICK LIMITED,active,2025-12-31,2026-05-14,accounts-with-accounts-type-group,group,,,likely,pdf (not read),https://find-and-update.company-information.service.gov.uk/company/05465686/filing-history,1,,ORG:106245
French Connection Group Ltd,01410568,register,FRENCH CONNECTION GROUP LIMITED,active,2025-06-30,2026-04-11,accounts-with-accounts-type-audit-exemption-subsiduary,subsidiary,,,unknown,pdf (not read),https://find-and-update.company-information.service.gov.uk/company/01410568/filing-history,2,,ORG:108520
Fresca Group Limited,05307204,register,FRESCA GROUP LIMITED,active,2025-04-25,2025-11-14,accounts-with-accounts-type-group,group,,,likely,pdf (not read),https://find-and-update.company-information.service.gov.uk/company/05307204/filing-history,3,,ORG:102986
Fresenius Medical Care UK Limited,03203279,register,FRESENIUS MEDICAL CARE (UK) LIMITED,active,2025-12-31,2026-07-14,accounts-with-accounts-type-full,full,,,likely,pdf (not read),https://find-and-update.company-information.service.gov.uk/company/03203279/filing-history,0,,ORG:111318
FRESH & WILD LIMITED,03576009,register,FRESH & WILD LIMITED,active,2025-12-31,2026-06-04,accounts-with-accounts-type-full,full,,,likely,pdf (not read),https://find-and-update.company-information.service.gov.uk/company/03576009/filing-history,0,,ORG:104820
FRESH HUB GROUP LIMITED,12576618,register,FRESH HUB GROUP LIMITED,active,2025-11-30,2026-06-03,accounts-with-accounts-type-group,group,,,likely,xhtml,https://find-and-update.company-information.service.gov.uk/company/12576618/filing-history,3,,ORG:108432
Fresh-Pak Chilled Foods Limited,01616444,register,FRESH-PAK CHILLED FOODS LIMITED,active,2024-12-28,2026-01-05,accounts-with-accounts-type-full,full,,,likely,pdf (not read),https://find-and-update.company-information.service.gov.uk/company/01616444/filing-history,0,,ORG:102678
Freshpet Europe Ltd,10545785,register,FRESHPET EUROPE LTD,active,2025-12-31,2026-09-11,accounts-with-accounts-type-total-exemption-full,small,,,unknown,xhtml,https://find-and-update.company-information.service.gov.uk/company/10545785/filing-history,0,,ORG:105044
FREUDENBERG HOME AND CLEANING SOLUTIONS LIMITED,00940747,register,FREUDENBERG HOME AND CLEANING SOLUTIONS LIMITED,active,2025-12-31,2026-07-25,accounts-with-accounts-type-full,full,,,likely,pdf (not read),https://find-and-update.company-information.service.gov.uk/company/00940747/filing-history,0,,ORG:116373
Freudenberg Performance Materials Lp,LP003346,register,FREUDENBERG PERFORMANCE MATERIALS LP,active,,,,,,,,,https://find-and-update.company-information.service.gov.uk/company/LP003346/filing-history,0,no accounts filing with a document,ORG:108389
Freudenberg Sealing Technologies Ltd,10346611,register,FREUDENBERG SEALING TECHNOLOGIES LIMITED,active,2025-12-31,2026-04-18,accounts-with-accounts-type-full,full,,,likely,pdf (not read),https://find-and-update.company-information.service.gov.uk/company/10346611/filing-history,0,,ORG:101135
Friar's Pride Limited,01213037,register,FRIAR'S PRIDE LIMITED,active,2025-02-28,2025-11-25,accounts-with-accounts-type-full,full,78284986,text,yes,xhtml,https://find-and-update.company-information.service.gov.uk/company/01213037/filing-history,0,,ORG:100334
Friarwood Fine Wines Limited,09348046,register,FRIARWOOD FINE WINES LIMITED,administration,2025-03-31,2026-03-27,accounts-with-accounts-type-total-exemption-full,small,,,unknown,xhtml,https://find-and-update.company-information.service.gov.uk/company/09348046/filing-history,0,,ORG:115844
Fridays Limited,01005611,register,FRIDAYS LIMITED,active,2025-12-31,2026-10-05,accounts-with-accounts-type-group,group,,,likely,pdf (not read),https://find-and-update.company-information.service.gov.uk/company/01005611/filing-history,0,,ORG:107626
Fridge Spares Wholesale Ltd,01801677,register,FRIDGE SPARES WHOLESALE LTD,active,2025-12-31,2026-09-29,accounts-with-accounts-type-group,group,,,likely,pdf (not read),https://find-and-update.company-information.service.gov.uk/company/01801677/filing-history,2,,ORG:114394
FRIENDSHIP ESTATES LIMITED,00305369,register,FRIENDSHIP ESTATES LIMITED,active,2025-06-30,2026-03-30,accounts-with-accounts-type-total-exemption-full,,,,,,https://find-and-update.company-information.service.gov.uk/company/00305369/filing-history,0,"ProxyError: HTTPSConnectionPool(host='s3.eu-west-2.amazonaws.com', port=443): Max retries exceeded with url: /document-api-images-live.ch.gov.uk/docs/48mBGLiwRNQGwb-7_amptWHFJx-Mxty-GR3nLfq1CE4/application-xhtml%252Bxml?X-Amz-Algorithm=AWS4-HMAC-SHA256&X-Amz-Credential=ASIAWRGBDBV3KHOESNCX%2F20261008%2Feu-west-2%2Fs3%2Faws4_request&X-Amz-Date=20261008T113948Z&X-Amz-Expires=60&X-Amz-Security-Token=IQoJb3JpZ2luX2VjEFoaCWV1LXdlc3QtMiJHMEUCIEWSkqzs42IdOBBSO%2BGfrK46onMncAlQAK1KQt3SBjmFAiEA%2F52obvPwxqiSN187ymdfHumFQ3Us0OKZiPI29ohGbvQqgQQIIhAFGgw0NDkyMjkwMzI4MjIiDOsbrigtviVNWFmjWyreA5WXa7iisGoRhb1HXz7ekmq%2BvAQ8%2Bqy8Mfh6fzbRabZgEoiMQmNlTdfey6xiB07y%2Bj9zn0P6tld%2F7RewqIqDCy5jzdawftAGsvOHgYKPs6GAnHsBgta2N2L%2FkBOZz9cHNdQKYUqDF%2FYSMM5SKoEOT9gOHrXEbQenk%2F7pH4A7Lcv6SusTodaOMP9aQMUmfAeFWz03tsKILutTZD8ypeYs%2BH7wZYF8s39%2B9AISh8U3MmfSTDgZvwSg8r9XEBbUkWw4dwMtythQMpsyYQF2T9qu5scDxQ2X6oOqkjj%2Bcv2keqt84VfvlHUxl0LN%2Bl9%2Ftd%2Fdet%2FOtkCSqEizooObNloJgSmi73LnJZVjWNtStPwWxQDELNSSEILH6R5AiRkI6T1FBiO8h7nwPqjAWX%2FLfZnxqkRkt3l2KWw0p0R0qc1hDXoSAWLDDftz0rxzPdAgWnJ7CKO31Q8zXjtMJeteLsSGPvZCO7GcPvsZzVW%2F2IvoAqEz2%2Bhc%2BU6cwodfvtWeZhUbkP4xHrwIjax257M91O4DDj32cwNNLaC4VHIsxuXudd9uHcD9a2ias2U9KzHeZV3isjjccE8JyPVoFzzROtzQnQMacYuge%2B5Fi1uYojimAaz4LCYssz6WLvQ%2FdGjqKf0wps%2Bd1gY6pQHPrB33lCic95GPE8CGu7nLrKBqB1P4%2FeaFwo0PAMpb446w1KrZD1tt%2F7u4CnUN%2FmWgHhCJcIRSgbxrPCw2bfJWUiCUTTdj5Te3Q9wbjMz6TY%2B3hipR2XkKrDFUmasiPUusVCFs3OewYcSmnWNIgeqHz5VytB3CwNmbQ%2B9u0gEqynR8vEqh2Y0uAK9kuuW9TznS%2FBg6qBv0Z6DwLN8ujsB87RsQkeo%3D&X-Amz-SignedHeaders=host&response-content-disposition=inline%3Bfilename%3D%2200305369_aa_2026-03-30.xhtml%22&X-Amz-Signature=e5731579e6aea1f7d5612f11107429e6bc51123f2f6442c3aac35bce3af3d724 (Caused by ProxyError('Unable to connect to proxy', RemoteDisconnected('Remote end closed connection without response')))",ORG:106925
Frieslandcampina UK Limited,04684097,register,FRIESLANDCAMPINA UK LIMITED,active,2025-12-31,2026-06-10,accounts-with-accounts-type-full,full,,,likely,pdf (not read),https://find-and-update.company-information.service.gov.uk/company/04684097/filing-history,0,,ORG:102830
Frimpeks Ltd,09390816,register,FRIMPEKS LIMITED,active,2024-12-31,2025-09-30,accounts-with-accounts-type-full,full,20949715,ixbrl,yes,xhtml,https://find-and-update.company-information.service.gov.uk/company/09390816/filing-history,0,,ORG:107035
Frobishers Juices Limited,03738540,register,FROBISHERS JUICES LIMITED,active,2025-03-31,2025-11-28,accounts-with-accounts-type-small,small,,,unknown,xhtml,https://find-and-update.company-information.service.gov.uk/company/03738540/filing-history,0,,ORG:101297
FROMM PACKAGING LIMITED,04709272,register,FROMM PACKAGING LIMITED,active,2025-12-31,2026-08-28,accounts-with-accounts-type-small,small,,,unknown,xhtml,https://find-and-update.company-information.service.gov.uk/company/04709272/filing-history,0,,ORG:111213
Froneri Ice Cream UK Ltd,00901522,register,FRONERI ICE CREAM UK LIMITED,active,2025-12-31,2026-06-07,accounts-with-accounts-type-full,full,,,likely,pdf (not read),https://find-and-update.company-information.service.gov.uk/company/00901522/filing-history,0,,ORG:104397
FRONTIER AGRICULTURE LIMITED,05288567,register,FRONTIER AGRICULTURE LIMITED,active,2025-06-26,2026-01-21,accounts-with-accounts-type-group,group,,,likely,pdf (not read),https://find-and-update.company-information.service.gov.uk/company/05288567/filing-history,1,,ORG:107598
Frontier NX Limited,10403680,register,FRONTIER NX LIMITED,active,2025-03-31,2025-11-11,accounts-with-accounts-type-audit-exemption-subsiduary,subsidiary,,,unknown,pdf (not read),https://find-and-update.company-information.service.gov.uk/company/10403680/filing-history,0,,ORG:103831
Frontier Therapeutics Limited,02552048,register,FRONTIER THERAPEUTICS LIMITED,active,2025-03-31,2025-12-23,accounts-with-accounts-type-full,full,,,likely,pdf (not read),https://find-and-update.company-information.service.gov.uk/company/02552048/filing-history,0,,ORG:100438
Frozen Brothers Ltd,00396263,register,FROZEN BROTHERS LIMITED,active,2024-12-31,2025-09-30,accounts-with-accounts-type-full,full,29412193,text,yes,xhtml,https://find-and-update.company-information.service.gov.uk/company/00396263/filing-history,0,,ORG:101480
Fruit of the Vine (Belfast) Limited,NI038593,register,FRUIT OF THE VINE (BELFAST) LIMITED,active,2025-03-31,2025-12-10,accounts-with-accounts-type-total-exemption-full,small,,,unknown,xhtml,https://find-and-update.company-information.service.gov.uk/company/NI038593/filing-history,0,,ORG:106852
Fruitful Office Ltd,05655624,register,FRUITFUL OFFICE LIMITED,active,2025-12-31,2026-09-29,accounts-with-accounts-type-full,full,18565947,ixbrl,yes,xhtml,https://find-and-update.company-information.service.gov.uk/company/05655624/filing-history,0,,ORG:106383
FSI Limited,04077036,register,FSI LIMITED,active,2025-12-31,2026-09-11,accounts-with-accounts-type-full,full,,,likely,pdf (not read),https://find-and-update.company-information.service.gov.uk/company/04077036/filing-history,0,,ORG:103529
FT Foods Ltd,09556834,register,FT FOODS LIMITED,active,2025-03-31,2025-12-31,accounts-with-accounts-type-group,group,38547931,text,yes,xhtml,https://find-and-update.company-information.service.gov.uk/company/09556834/filing-history,5,,ORG:115273
Fuchs Lubricants (UK) plc,02412689,register,FUCHS LUBRICANTS (UK) PLC,active,2025-12-31,2026-07-05,accounts-with-accounts-type-full,full,,,likely,pdf (not read),https://find-and-update.company-information.service.gov.uk/company/02412689/filing-history,0,,ORG:107569
Fuel Express Limited,03439446,register,FUEL EXPRESS LIMITED,active,2025-04-30,2026-04-29,accounts-with-accounts-type-full,full,37639675,text,yes,xhtml,https://find-and-update.company-information.service.gov.uk/company/03439446/filing-history,0,,ORG:117005
Fuerst Day Lawson Ltd,00607374,register,FUERST DAY LAWSON LIMITED,active,2025-12-31,2026-08-07,accounts-with-accounts-type-full,full,,,likely,pdf (not read),https://find-and-update.company-information.service.gov.uk/company/00607374/filing-history,0,,ORG:103470
Fuji Seal Europe Ltd,02011406,register,FUJI SEAL EUROPE LIMITED,active,2025-12-31,2026-09-25,accounts-with-accounts-type-full,full,,,likely,pdf (not read),https://find-and-update.company-information.service.gov.uk/company/02011406/filing-history,0,,ORG:104774
Fujichem Sonneborn Limited,00437672,register,FUJICHEM SONNEBORN LIMITED,active,2025-12-31,2026-04-16,accounts-with-accounts-type-medium,medium,,,likely,pdf (not read),https://find-and-update.company-information.service.gov.uk/company/00437672/filing-history,0,,ORG:100514
Fujifilm Electronic Materials UK Ltd,01050948,register,FUJIFILM ELECTRONIC MATERIALS UK LIMITED,active,2025-03-31,2026-09-09,accounts-with-accounts-type-full,full,,,likely,pdf (not read),https://find-and-update.company-information.service.gov.uk/company/01050948/filing-history,0,,ORG:108032
Fujifilm Europe B.V.,,,,,,,,,,,,,,0,no Companies House number in register and no exact name match,ORG:111345
Fujifilm Speciality Ink Systems Ltd,04545813,register,FUJIFILM SPECIALITY INK SYSTEMS LIMITED,active,2025-03-31,2025-12-17,accounts-with-accounts-type-full,full,,,likely,pdf (not read),https://find-and-update.company-information.service.gov.uk/company/04545813/filing-history,0,,ORG:102958
Fujifilm UK Limited,01264514,register,FUJIFILM UK LIMITED,active,2026-03-31,2026-10-05,accounts-with-accounts-type-full,full,,,likely,pdf (not read),https://find-and-update.company-information.service.gov.uk/company/01264514/filing-history,0,,ORG:104738
FUJITSU SERVICES LIMITED,00096056,register,FUJITSU SERVICES LIMITED,active,2025-03-31,2025-10-28,accounts-with-accounts-type-full,full,,,likely,pdf (not read),https://find-and-update.company-information.service.gov.uk/company/00096056/filing-history,0,,ORG:101503
Fulfil Limited,07868067,register,FULFIL LIMITED,active,2025-12-31,2026-09-30,accounts-with-accounts-type-total-exemption-full,small,,,unknown,xhtml,https://find-and-update.company-information.service.gov.uk/company/07868067/filing-history,0,,ORG:106818
Fulfilmentcrowd Ltd,02772373,register,FULFILMENTCROWD LTD,active,2026-03-31,2026-09-25,accounts-with-accounts-type-full,full,14530757,text,yes,xhtml,https://find-and-update.company-information.service.gov.uk/company/02772373/filing-history,0,,ORG:102146
Fuller Smith & Turner plc,00241882,register,FULLER SMITH & TURNER PLC,active,2026-03-28,2026-08-07,accounts-with-accounts-type-group,group,,,likely,pdf (not read),https://find-and-update.company-information.service.gov.uk/company/00241882/filing-history,0,,ORG:116818
Fullers Foods International Limited,00967673,register,FULLERS FOODS INTERNATIONAL LIMITED,active,2025-12-31,2026-09-21,accounts-with-accounts-type-full,full,,,likely,pdf (not read),https://find-and-update.company-information.service.gov.uk/company/00967673/filing-history,0,,ORG:102585
Fullgreen UK Ltd,10012921,register,FULLGREEN UK LTD,active,2025-12-31,2026-08-21,accounts-with-accounts-type-total-exemption-full,small,,,unknown,xhtml,https://find-and-update.company-information.service.gov.uk/company/10012921/filing-history,0,,ORG:107703
Funko UK  Ltd,10506769,register,"FUNKO UK, LTD",active,2024-12-31,2025-10-03,accounts-with-accounts-type-full,full,,,likely,pdf (not read),https://find-and-update.company-information.service.gov.uk/company/10506769/filing-history,0,,ORG:100328
Funkypigeon.com Limited,06208854,register,FUNKYPIGEON.COM LIMITED,active,2026-01-31,2026-09-15,accounts-with-accounts-type-full,full,,,likely,pdf (not read),https://find-and-update.company-information.service.gov.uk/company/06208854/filing-history,0,,ORG:108827
Furndeco Limited,11023736,register,FURNDECO LIMITED,active,2025-12-31,2026-04-21,accounts-with-accounts-type-full,full,17161047,ixbrl,yes,xhtml,https://find-and-update.company-information.service.gov.uk/company/11023736/filing-history,0,,ORG:111829
Furniss of Cornwall Limited,05898794,register,FURNISS OF CORNWALL LIMITED,active,2025-08-31,2026-08-19,accounts-with-accounts-type-small,small,,,unknown,pdf (not read),https://find-and-update.company-information.service.gov.uk/company/05898794/filing-history,0,,ORG:101707
FURNITURE CHOICE LIMITED,05349107,register,FURNITURE CHOICE LIMITED,active,2025-03-31,2025-12-22,accounts-with-accounts-type-full,full,14490600,text,yes,xhtml,https://find-and-update.company-information.service.gov.uk/company/05349107/filing-history,0,,ORG:102539
Furniture Link (U.K.) Ltd,03588012,register,FURNITURE LINK (U.K.) LIMITED,active,2025-06-30,2026-03-31,accounts-with-accounts-type-total-exemption-full,small,,,unknown,xhtml,https://find-and-update.company-information.service.gov.uk/company/03588012/filing-history,0,,ORG:102740
Furniture Village Limited,02307708,register,FURNITURE VILLAGE LIMITED,active,2025-06-30,2026-02-16,accounts-with-accounts-type-audit-exemption-subsiduary,subsidiary,,,unknown,pdf (not read),https://find-and-update.company-information.service.gov.uk/company/02307708/filing-history,0,,ORG:106504
Fusion Group Ltd,03563691,register,FUSION GROUP LIMITED,active,2025-09-30,2026-07-10,accounts-with-accounts-type-full,full,,,likely,pdf (not read),https://find-and-update.company-information.service.gov.uk/company/03563691/filing-history,0,,ORG:102529
Futamura Chemical UK Limited,10042418,register,FUTAMURA CHEMICAL UK LIMITED,active,2025-12-31,2026-04-23,accounts-with-accounts-type-full,full,55727000,ixbrl,yes,xhtml,https://find-and-update.company-information.service.gov.uk/company/10042418/filing-history,0,,ORG:100371
Futura Direct Ltd,06002494,register,FUTURA DIRECT LTD,active,2025-05-31,2026-02-26,accounts-with-accounts-type-total-exemption-full,small,,,unknown,xhtml,https://find-and-update.company-information.service.gov.uk/company/06002494/filing-history,0,,ORG:115942
FUTURA FOODS UK LIMITED,02819125,register,FUTURA FOODS UK LIMITED,active,2025-12-31,2026-04-17,accounts-with-accounts-type-full,full,143009312,ixbrl,yes,xhtml,https://find-and-update.company-information.service.gov.uk/company/02819125/filing-history,0,,ORG:102163
Future Electronics Limited,02087867,register,FUTURE ELECTRONICS LIMITED,active,2024-12-31,2025-10-04,accounts-with-accounts-type-full,full,,,likely,pdf (not read),https://find-and-update.company-information.service.gov.uk/company/02087867/filing-history,0,,ORG:107798
Future Garments Ltd,02690536,register,FUTURE GARMENTS LIMITED,active,2025-05-29,2026-02-27,accounts-with-accounts-type-medium,medium,9715050,ixbrl,yes,xhtml,https://find-and-update.company-information.service.gov.uk/company/02690536/filing-history,0,,ORG:102586
Future Heights Limited,03385999,register,FUTURE HEIGHTS LIMITED,active,2024-12-31,2025-06-19,accounts-with-accounts-type-full,full,,,likely,pdf (not read),https://find-and-update.company-information.service.gov.uk/company/03385999/filing-history,1,,ORG:112441
FUTURE PUBLISHING LIMITED,02008885,register,FUTURE PUBLISHING LIMITED,active,2025-09-30,2026-07-05,accounts-with-accounts-type-audit-exemption-subsiduary,subsidiary,,,unknown,pdf (not read),https://find-and-update.company-information.service.gov.uk/company/02008885/filing-history,0,,ORG:104162
Fyfes Vehicle and Engineering Supplies Ltd,NI039006,register,FYFES VEHICLE AND ENGINEERING SUPPLIES LTD,active,2025-12-31,2026-09-11,accounts-with-accounts-type-group,group,,,likely,pdf (not read),https://find-and-update.company-information.service.gov.uk/company/NI039006/filing-history,0,,ORG:106787
FYTERTECH NONWOVENS LIMITED,02985506,register,FYTERTECH NONWOVENS LIMITED,active,2025-12-31,2026-05-11,accounts-with-accounts-type-small,small,,,unknown,xhtml,https://find-and-update.company-information.service.gov.uk/company/02985506/filing-history,0,,ORG:101527
G - Tuft Limited,07917706,register,G - TUFT LIMITED,active,2025-03-29,2025-12-16,accounts-with-accounts-type-audit-exemption-subsiduary,subsidiary,,,unknown,pdf (not read),https://find-and-update.company-information.service.gov.uk/company/07917706/filing-history,0,,ORG:116309
G M Packaging (UK) Limited,04257001,register,G M PACKAGING (UK) LIMITED,active,2025-12-31,2026-09-10,accounts-with-accounts-type-small,small,,,unknown,xhtml,https://find-and-update.company-information.service.gov.uk/company/04257001/filing-history,0,,ORG:105676
G R Food Ltd,08075751,register,G R FOOD LIMITED,active,2025-03-31,2025-12-30,accounts-with-accounts-type-total-exemption-full,small,,,unknown,xhtml,https://find-and-update.company-information.service.gov.uk/company/08075751/filing-history,0,,ORG:115274
G W Proudfoot Limited,00503044,register,G.W.PROUDFOOT LIMITED,active,2025-03-22,2026-05-07,accounts-with-accounts-type-medium,medium,19606444,ixbrl,yes,xhtml,https://find-and-update.company-information.service.gov.uk/company/00503044/filing-history,0,,ORG:107349
G&C PACKAGING LIMITED,08515838,register,G&C PACKAGING LIMITED,active,2025-12-31,2026-07-10,accounts-with-accounts-type-micro-entity,micro,,,no,xhtml,https://find-and-update.company-information.service.gov.uk/company/08515838/filing-history,0,,ORG:114182
G&J Distillers Ltd.,07604280,register,G&J DISTILLERS LTD.,active,2024-12-31,2026-02-24,accounts-with-accounts-type-full,full,,,likely,pdf (not read),https://find-and-update.company-information.service.gov.uk/company/07604280/filing-history,0,,ORG:105118
G'S FRESH LIMITED,05440764,register,G'S FRESH LIMITED,active,2025-05-03,2026-02-23,accounts-with-accounts-type-full,full,,,likely,pdf (not read),https://find-and-update.company-information.service.gov.uk/company/05440764/filing-history,0,,ORG:102821
G.C. Birchall Limited,00531040,register,G.C. BIRCHALL LIMITED,active,2025-03-31,2025-12-23,accounts-with-accounts-type-full,full,46137858,text,yes,xhtml,https://find-and-update.company-information.service.gov.uk/company/00531040/filing-history,0,,ORG:100114
G.F.Smith & Son(London) Limited,00490873,register,"G.F.SMITH & SON(LONDON),LIMITED",active,2025-10-31,2026-07-13,accounts-with-accounts-type-medium,medium,,,likely,pdf (not read),https://find-and-update.company-information.service.gov.uk/company/00490873/filing-history,0,,ORG:100076
G.H. Sheldon Wholesale Bakers Limited,01436865,register,G.H. SHELDON WHOLESALE BAKERS LIMITED,active,2025-02-28,2025-11-12,accounts-with-accounts-type-full,full,37031841,ixbrl,yes,xhtml,https://find-and-update.company-information.service.gov.uk/company/01436865/filing-history,0,,ORG:102857
G.I. Hadfield & Son Limited,01526281,register,SERAS ENERGY COLORADO LIMITED,active,2025-03-31,2026-01-06,accounts-with-accounts-type-full,full,,,likely,pdf (not read),https://find-and-update.company-information.service.gov.uk/company/01526281/filing-history,1,,ORG:107041
G.I.S. Industrial Supply Co. Limited,01418337,register,G.I.S. INDUSTRIAL SUPPLY CO. LIMITED,active,2025-08-31,2026-05-31,accounts-with-accounts-type-total-exemption-full,small,,,unknown,pdf (not read),https://find-and-update.company-information.service.gov.uk/company/01418337/filing-history,0,,ORG:116335
G.J.Handy (Trading) Ltd,00551762,register,G. J. HANDY (TRADING) LTD,active,2025-11-30,2026-07-31,accounts-with-accounts-type-medium,,,,,,https://find-and-update.company-information.service.gov.uk/company/00551762/filing-history,0,"ProxyError: HTTPSConnectionPool(host='s3.eu-west-2.amazonaws.com', port=443): Max retries exceeded with url: /document-api-images-live.ch.gov.uk/docs/7M0BTjhIuZzGx0a1VYiP4Kr1jiTS32Fjy0atvXKqKfg/application-xhtml%252Bxml?X-Amz-Algorithm=AWS4-HMAC-SHA256&X-Amz-Credential=ASIAWRGBDBV3KHOESNCX%2F20261008%2Feu-west-2%2Fs3%2Faws4_request&X-Amz-Date=20261008T114151Z&X-Amz-Expires=60&X-Amz-Security-Token=IQoJb3JpZ2luX2VjEFoaCWV1LXdlc3QtMiJHMEUCIEWSkqzs42IdOBBSO%2BGfrK46onMncAlQAK1KQt3SBjmFAiEA%2F52obvPwxqiSN187ymdfHumFQ3Us0OKZiPI29ohGbvQqgQQIIhAFGgw0NDkyMjkwMzI4MjIiDOsbrigtviVNWFmjWyreA5WXa7iisGoRhb1HXz7ekmq%2BvAQ8%2Bqy8Mfh6fzbRabZgEoiMQmNlTdfey6xiB07y%2Bj9zn0P6tld%2F7RewqIqDCy5jzdawftAGsvOHgYKPs6GAnHsBgta2N2L%2FkBOZz9cHNdQKYUqDF%2FYSMM5SKoEOT9gOHrXEbQenk%2F7pH4A7Lcv6SusTodaOMP9aQMUmfAeFWz03tsKILutTZD8ypeYs%2BH7wZYF8s39%2B9AISh8U3MmfSTDgZvwSg8r9XEBbUkWw4dwMtythQMpsyYQF2T9qu5scDxQ2X6oOqkjj%2Bcv2keqt84VfvlHUxl0LN%2Bl9%2Ftd%2Fdet%2FOtkCSqEizooObNloJgSmi73LnJZVjWNtStPwWxQDELNSSEILH6R5AiRkI6T1FBiO8h7nwPqjAWX%2FLfZnxqkRkt3l2KWw0p0R0qc1hDXoSAWLDDftz0rxzPdAgWnJ7CKO31Q8zXjtMJeteLsSGPvZCO7GcPvsZzVW%2F2IvoAqEz2%2Bhc%2BU6cwodfvtWeZhUbkP4xHrwIjax257M91O4DDj32cwNNLaC4VHIsxuXudd9uHcD9a2ias2U9KzHeZV3isjjccE8JyPVoFzzROtzQnQMacYuge%2B5Fi1uYojimAaz4LCYssz6WLvQ%2FdGjqKf0wps%2Bd1gY6pQHPrB33lCic95GPE8CGu7nLrKBqB1P4%2FeaFwo0PAMpb446w1KrZD1tt%2F7u4CnUN%2FmWgHhCJcIRSgbxrPCw2bfJWUiCUTTdj5Te3Q9wbjMz6TY%2B3hipR2XkKrDFUmasiPUusVCFs3OewYcSmnWNIgeqHz5VytB3CwNmbQ%2B9u0gEqynR8vEqh2Y0uAK9kuuW9TznS%2FBg6qBv0Z6DwLN8ujsB87RsQkeo%3D&X-Amz-SignedHeaders=host&response-content-disposition=inline%3Bfilename%3D%2200551762_aa_2026-07-31.xhtml%22&X-Amz-Signature=b1b3e3264bfb8db769a781332f2dc022cb4c224fa30a6448f17f1dfe67c81db4 (Caused by ProxyError('Unable to connect to proxy', RemoteDisconnected('Remote end closed connection without response')))",ORG:103469
G.L.Pharma UK Limited,11829209,register,G.L. PHARMA UK LIMITED,active,2025-12-31,2026-02-25,accounts-with-accounts-type-small,small,,,unknown,xhtml,https://find-and-update.company-information.service.gov.uk/company/11829209/filing-history,0,,ORG:111215
G.R. Lane Health Products Ltd,00843899,register,G.R. LANE HEALTH PRODUCTS LIMITED,active,2025-07-31,2026-04-17,accounts-with-accounts-type-full,full,26757294,ixbrl,yes,xhtml,https://find-and-update.company-information.service.gov.uk/company/00843899/filing-history,1,,ORG:104413
G.R.Wright & Sons Ltd,00129755,register,G.R.WRIGHT & SONS LIMITED,active,2025-12-31,2026-08-17,accounts-with-accounts-type-group,group,,,likely,pdf (not read),https://find-and-update.company-information.service.gov.uk/company/00129755/filing-history,1,,ORG:103382
GA PET FOOD PARTNERS GROUP LIMITED,04085927,register,GA PET FOOD PARTNERS GROUP LIMITED,active,2025-01-31,2025-10-13,accounts-with-accounts-type-group,group,,,likely,pdf (not read),https://find-and-update.company-information.service.gov.uk/company/04085927/filing-history,2,,ORG:106014
GABF HOLDINGS LIMITED,04613313,register,GABF HOLDINGS LIMITED,active,2024-12-31,2026-06-05,accounts-with-accounts-type-full,full,,,likely,pdf (not read),https://find-and-update.company-information.service.gov.uk/company/04613313/filing-history,3,,ORG:117930
Gafoor Pure Halal Ltd,07876663,register,GAFOOR PURE HALAL LTD,active,2024-11-30,2025-11-28,accounts-with-accounts-type-full,full,178281403,ixbrl,yes,xhtml,https://find-and-update.company-information.service.gov.uk/company/07876663/filing-history,0,,ORG:108018
Galen Ltd,NI056542,register,GALEN LIMITED,active,2025-09-30,2026-05-29,accounts-with-accounts-type-full,full,,,likely,pdf (not read),https://find-and-update.company-information.service.gov.uk/company/NI056542/filing-history,0,,ORG:101349
Galgorm Catering,,,,,,,,,,,,,,0,no Companies House number in register and no exact name match,ORG:115529
Gallaher Ltd,01501573,register,GALLAHER LIMITED,active,2025-12-31,2026-09-11,accounts-with-accounts-type-full,full,,,likely,pdf (not read),https://find-and-update.company-information.service.gov.uk/company/01501573/filing-history,0,,ORG:102018
GALLERY DIRECT HOLDINGS LIMITED,05790471,register,GALLERY DIRECT HOLDINGS LIMITED,active,2025-12-31,2026-09-30,accounts-with-accounts-type-full,full,,,likely,xhtml,https://find-and-update.company-information.service.gov.uk/company/05790471/filing-history,2,,ORG:111254
Gallo Vineyards Inc,FC013068,name search,GALLO VINEYARDS INC,active,2025-12-31,2026-07-13,accounts-with-accounts-type-full,full,,,likely,pdf (not read),https://find-and-update.company-information.service.gov.uk/company/FC013068/filing-history,0,,ORG:105268
Gama Healthcare Ltd,05316871,register,GAMA HEALTHCARE LTD,active,2025-03-31,2025-09-18,accounts-with-accounts-type-full,full,70332700,ixbrl,yes,xhtml,https://find-and-update.company-information.service.gov.uk/company/05316871/filing-history,0,,ORG:101814
Gamebore Cartridge Co. Limited,01181347,register,GAMEBORE CARTRIDGE CO. LIMITED,active,2025-12-31,2026-09-29,accounts-with-accounts-type-medium,medium,23274688,ixbrl,yes,xhtml,https://find-and-update.company-information.service.gov.uk/company/01181347/filing-history,0,,ORG:102961
Games Workshop Ltd,01467092,register,GAMES WORKSHOP LIMITED,active,2025-06-01,2025-12-17,accounts-with-accounts-type-audit-exemption-subsiduary,subsidiary,,,unknown,pdf (not read),https://find-and-update.company-information.service.gov.uk/company/01467092/filing-history,0,,ORG:102413
Gant UK Ltd,02474645,register,GANT UK LIMITED,active,2025-12-31,2026-07-25,accounts-with-accounts-type-full,full,,,likely,pdf (not read),https://find-and-update.company-information.service.gov.uk/company/02474645/filing-history,0,,ORG:101344
Garador Ltd,02225871,register,GARADOR LIMITED,active,2025-12-31,2026-09-18,accounts-with-accounts-type-full,full,26065179,text,yes,xhtml,https://find-and-update.company-information.service.gov.uk/company/02225871/filing-history,0,,ORG:101550
GARDEN OF ELVEDEN LIMITED,06998532,register,GARDEN OF ELVEDEN LIMITED,active,2025-12-27,2026-07-01,accounts-with-accounts-type-small,small,,,unknown,xhtml,https://find-and-update.company-information.service.gov.uk/company/06998532/filing-history,0,,ORG:100835
Garden Selection Limited,04345265,register,GARDEN SELECTIONS LIMITED,active,2025-06-30,2026-03-30,accounts-with-accounts-type-total-exemption-full,small,,,unknown,xhtml,https://find-and-update.company-information.service.gov.uk/company/04345265/filing-history,0,,ORG:106699
Gardiner Bros. and Company (Leathers) Limited,00534801,register,GARDINER BROS. AND COMPANY (LEATHERS) LIMITED,active,2025-12-31,2026-09-30,accounts-with-accounts-type-full,full,43469419,ixbrl,yes,xhtml,https://find-and-update.company-information.service.gov.uk/company/00534801/filing-history,0,,ORG:107573
Gardner Aerospace Operations UK Limited,04672639,register,GARDNER AEROSPACE OPERATIONS UK LIMITED,active,2024-12-31,2026-03-03,accounts-with-accounts-type-audit-exemption-subsiduary,subsidiary,,,unknown,pdf (not read),https://find-and-update.company-information.service.gov.uk/company/04672639/filing-history,0,,ORG:117143
Gardner Denver Ltd,03047245,register,GARDNER DENVER LTD,active,2025-12-31,2026-08-10,accounts-with-accounts-type-full,full,,,likely,pdf (not read),https://find-and-update.company-information.service.gov.uk/company/03047245/filing-history,0,,ORG:104864
GARDX International Limited,05465377,register,GARDX INTERNATIONAL LIMITED,active,2024-12-31,2026-01-28,accounts-with-accounts-type-full,,,,,,https://find-and-update.company-information.service.gov.uk/company/05465377/filing-history,0,"ProxyError: HTTPSConnectionPool(host='s3.eu-west-2.amazonaws.com', port=443): Max retries exceeded with url: /document-api-images-live.ch.gov.uk/docs/EjGeOjGykJaBqJ5OYjWK2muc8WJgS-HHD-YPAtvglxo/application-xhtml%252Bxml?X-Amz-Algorithm=AWS4-HMAC-SHA256&X-Amz-Credential=ASIAWRGBDBV3KHOESNCX%2F20261008%2Feu-west-2%2Fs3%2Faws4_request&X-Amz-Date=20261008T114238Z&X-Amz-Expires=60&X-Amz-Security-Token=IQoJb3JpZ2luX2VjEFoaCWV1LXdlc3QtMiJHMEUCIEWSkqzs42IdOBBSO%2BGfrK46onMncAlQAK1KQt3SBjmFAiEA%2F52obvPwxqiSN187ymdfHumFQ3Us0OKZiPI29ohGbvQqgQQIIhAFGgw0NDkyMjkwMzI4MjIiDOsbrigtviVNWFmjWyreA5WXa7iisGoRhb1HXz7ekmq%2BvAQ8%2Bqy8Mfh6fzbRabZgEoiMQmNlTdfey6xiB07y%2Bj9zn0P6tld%2F7RewqIqDCy5jzdawftAGsvOHgYKPs6GAnHsBgta2N2L%2FkBOZz9cHNdQKYUqDF%2FYSMM5SKoEOT9gOHrXEbQenk%2F7pH4A7Lcv6SusTodaOMP9aQMUmfAeFWz03tsKILutTZD8ypeYs%2BH7wZYF8s39%2B9AISh8U3MmfSTDgZvwSg8r9XEBbUkWw4dwMtythQMpsyYQF2T9qu5scDxQ2X6oOqkjj%2Bcv2keqt84VfvlHUxl0LN%2Bl9%2Ftd%2Fdet%2FOtkCSqEizooObNloJgSmi73LnJZVjWNtStPwWxQDELNSSEILH6R5AiRkI6T1FBiO8h7nwPqjAWX%2FLfZnxqkRkt3l2KWw0p0R0qc1hDXoSAWLDDftz0rxzPdAgWnJ7CKO31Q8zXjtMJeteLsSGPvZCO7GcPvsZzVW%2F2IvoAqEz2%2Bhc%2BU6cwodfvtWeZhUbkP4xHrwIjax257M91O4DDj32cwNNLaC4VHIsxuXudd9uHcD9a2ias2U9KzHeZV3isjjccE8JyPVoFzzROtzQnQMacYuge%2B5Fi1uYojimAaz4LCYssz6WLvQ%2FdGjqKf0wps%2Bd1gY6pQHPrB33lCic95GPE8CGu7nLrKBqB1P4%2FeaFwo0PAMpb446w1KrZD1tt%2F7u4CnUN%2FmWgHhCJcIRSgbxrPCw2bfJWUiCUTTdj5Te3Q9wbjMz6TY%2B3hipR2XkKrDFUmasiPUusVCFs3OewYcSmnWNIgeqHz5VytB3CwNmbQ%2B9u0gEqynR8vEqh2Y0uAK9kuuW9TznS%2FBg6qBv0Z6DwLN8ujsB87RsQkeo%3D&X-Amz-SignedHeaders=host&response-content-disposition=inline%3Bfilename%3D%2205465377_aa_2026-01-28.xhtml%22&X-Amz-Signature=ce4c6977ccadea74a474b31a9dae81e45c6f693f30a9aa6640cdbf07d81c2aaa (Caused by ProxyError('Unable to connect to proxy', RemoteDisconnected('Remote end closed connection without response')))",ORG:111321
Garland Products Limited,01522740,register,GARLAND PRODUCTS LIMITED,active,2025-12-31,2026-10-07,accounts-with-accounts-type-group,group,,,likely,pdf (not read),https://find-and-update.company-information.service.gov.uk/company/01522740/filing-history,0,,ORG:103739
Garmin (Europe) Ltd,02724437,register,GARMIN (EUROPE) LIMITED,active,2025-12-27,2026-10-05,accounts-with-accounts-type-full,full,,,likely,pdf (not read),https://find-and-update.company-information.service.gov.uk/company/02724437/filing-history,0,,ORG:101085
Garthwest Limited,00827523,register,GARTHWEST LIMITED,active,2025-03-31,2025-12-19,accounts-with-accounts-type-small,small,8512311,ixbrl,yes,xhtml,https://find-and-update.company-information.service.gov.uk/company/00827523/filing-history,0,,ORG:104060
Gates Worldwide Ltd,00203531,register,GATES WORLDWIDE LIMITED,active,2025-12-31,2026-09-17,accounts-with-accounts-type-full,full,,,likely,pdf (not read),https://find-and-update.company-information.service.gov.uk/company/00203531/filing-history,2,,ORG:107428
GAZEBO FINE FOODS LIMITED,03769616,register,GAZEBO FINE FOODS LIMITED,active,2025-12-31,2026-09-30,accounts-with-accounts-type-medium,medium,14252421,ixbrl,yes,xhtml,https://find-and-update.company-information.service.gov.uk/company/03769616/filing-history,0,,ORG:112383
Gazechim Composites UK Ltd,01180999,register,GAZECHIM COMPOSITES UK LIMITED,active,2025-12-31,2026-07-05,accounts-with-accounts-type-full,full,,,likely,pdf (not read),https://find-and-update.company-information.service.gov.uk/company/01180999/filing-history,0,,ORG:104010
GBM Digital Technologies Group Limited,12470566,register,GBM DIGITAL TECHNOLOGIES GROUP LIMITED,active,2025-12-31,2026-10-03,accounts-with-accounts-type-audit-exemption-subsiduary,subsidiary,,,unknown,pdf (not read),https://find-and-update.company-information.service.gov.uk/company/12470566/filing-history,2,,ORG:107234
GBUK Group Limited,09458917,register,GBUK GROUP LIMITED,active,2025-06-30,2026-07-11,accounts-with-accounts-type-full,full,,,likely,pdf (not read),https://find-and-update.company-information.service.gov.uk/company/09458917/filing-history,2,,ORG:101410
GCB Cocoa UK Limited,12730539,register,GCB COCOA UK LIMITED,active,2025-12-31,2026-05-28,accounts-with-accounts-type-full,full,36077363,text,yes,xhtml,https://find-and-update.company-information.service.gov.uk/company/12730539/filing-history,0,,ORG:118234
GCH Corporation Ltd,07200539,register,GCH CORPORATION LIMITED,active,2024-12-31,2025-12-29,accounts-with-accounts-type-group,group,137916734,text,yes,xhtml,https://find-and-update.company-information.service.gov.uk/company/07200539/filing-history,7,,ORG:106785
GE Aviation Systems Ltd,00745917,register,GE AVIATION SYSTEMS LIMITED,active,2025-12-31,2026-08-13,accounts-with-accounts-type-full,full,,,likely,pdf (not read),https://find-and-update.company-information.service.gov.uk/company/00745917/filing-history,0,,ORG:108401
GE ENERGY POWER CONVERSION UK LIMITED,05571739,register,GE ENERGY POWER CONVERSION UK LIMITED,active,2025-12-31,2026-09-04,accounts-with-accounts-type-full,full,,,likely,pdf (not read),https://find-and-update.company-information.service.gov.uk/company/05571739/filing-history,0,,ORG:107313
GE Healthcare Ltd,01002610,register,GE HEALTHCARE LIMITED,active,2025-12-31,2026-08-06,accounts-with-accounts-type-full,full,,,likely,pdf (not read),https://find-and-update.company-information.service.gov.uk/company/01002610/filing-history,0,,ORG:104436
GE Medical Systems Limited,00252567,register,GE MEDICAL SYSTEMS LIMITED,active,2025-12-31,2026-07-12,accounts-with-accounts-type-full,full,,,likely,pdf (not read),https://find-and-update.company-information.service.gov.uk/company/00252567/filing-history,0,,ORG:111346
GEA Farm Technologies (UK) Ltd,00999260,register,GEA FARM TECHNOLOGIES (UK) LTD,active,2024-12-31,2026-04-26,accounts-with-accounts-type-full,full,,,likely,pdf (not read),https://find-and-update.company-information.service.gov.uk/company/00999260/filing-history,0,,ORG:101229
Gear4music Limited,03113256,register,GEAR4MUSIC LIMITED,active,2026-03-31,2026-07-23,accounts-with-accounts-type-full,full,,,likely,pdf (not read),https://find-and-update.company-information.service.gov.uk/company/03113256/filing-history,0,,ORG:104959
Geary's Bakeries Limited,01877775,register,GEARY'S BAKERIES LIMITED,active,2026-01-02,2026-09-28,accounts-with-accounts-type-full,full,128617317,text,yes,xhtml,https://find-and-update.company-information.service.gov.uk/company/01877775/filing-history,0,,ORG:101206
Geberit Sales Ltd,06142557,register,GEBERIT SALES LIMITED,active,2025-12-31,2026-09-25,accounts-with-accounts-type-full,full,,,likely,pdf (not read),https://find-and-update.company-information.service.gov.uk/company/06142557/filing-history,0,,ORG:104551
Gedney Bulb Company LTD,04924121,register,GEDNEY BULB COMPANY LTD,active,2025-12-31,2026-07-06,accounts-with-accounts-type-total-exemption-full,small,,,unknown,xhtml,https://find-and-update.company-information.service.gov.uk/company/04924121/filing-history,0,,ORG:107334
Geeta’s Foods Limited,02287634,register,GEETA'S FOODS LIMITED,active,2025-03-28,2025-10-28,accounts-with-accounts-type-total-exemption-full,small,,,unknown,pdf (not read),https://find-and-update.company-information.service.gov.uk/company/02287634/filing-history,0,,ORG:115761
GEM Imports Limited,07329987,register,GEM IMPORTS LIMITED,active,2025-01-31,2025-10-29,accounts-with-accounts-type-full,full,60214902,text,yes,xhtml,https://find-and-update.company-information.service.gov.uk/company/07329987/filing-history,0,,ORG:116969
Gemcom Limited,05263274,register,GEMCOM LIMITED,active,2025-07-31,2025-11-12,accounts-with-accounts-type-group,group,,,likely,pdf (not read),https://find-and-update.company-information.service.gov.uk/company/05263274/filing-history,0,,ORG:101208
Gemporia Partnership Limited,05914500,register,GEMPORIA PARTNERSHIP LIMITED,active,2025-03-31,2025-12-23,accounts-with-accounts-type-group,group,78690049,text,yes,xhtml,https://find-and-update.company-information.service.gov.uk/company/05914500/filing-history,2,,ORG:108507
GENERAL ALL PURPOSE PLASTICS LIMITED,02767596,register,GENERAL ALL PURPOSE PLASTICS LIMITED,active,2025-05-29,2026-02-26,accounts-with-accounts-type-full,full,157649044,ixbrl,yes,xhtml,https://find-and-update.company-information.service.gov.uk/company/02767596/filing-history,0,,ORG:100922
General Hvac Solutions UK Limited,06277345,register,GENERAL HVAC SOLUTIONS UK LIMITED,active,2025-03-31,2026-08-20,accounts-with-accounts-type-full,full,,,likely,pdf (not read),https://find-and-update.company-information.service.gov.uk/company/06277345/filing-history,0,,ORG:100209
General Mills UK Limited,04633664,register,GENERAL MILLS UK LIMITED,active,2025-05-25,2026-06-09,accounts-with-accounts-type-full,full,,,likely,pdf (not read),https://find-and-update.company-information.service.gov.uk/company/04633664/filing-history,0,,ORG:108668
Generation Phoenix Ltd,03016796,register,GENERATION PHOENIX LIMITED,active,2025-04-30,2026-01-22,accounts-with-accounts-type-group,group,,,likely,pdf (not read),https://find-and-update.company-information.service.gov.uk/company/03016796/filing-history,0,,ORG:107591
Genesis Pharmaceuticals Limited,03850289,register,GENESIS PHARMACEUTICALS LIMITED,active,2025-12-31,2026-09-29,accounts-with-accounts-type-medium,medium,42572183,ixbrl,yes,xhtml,https://find-and-update.company-information.service.gov.uk/company/03850289/filing-history,0,,ORG:111196
Genius Foods Limited,SC344777,register,GENIUS FOODS LIMITED,active,2024-12-31,2025-08-11,accounts-with-accounts-type-group,group,,,likely,pdf (not read),https://find-and-update.company-information.service.gov.uk/company/SC344777/filing-history,0,,ORG:106056
Genta Environmental Limited,02682990,register,GENTA ENVIRONMENTAL LIMITED,active,2025-10-31,2026-03-12,accounts-with-accounts-type-total-exemption-full,small,,,unknown,xhtml,https://find-and-update.company-information.service.gov.uk/company/02682990/filing-history,0,,ORG:100243
Genting Casinos UK Limited,01519689,register,GENTING CASINOS UK LIMITED,active,2025-12-31,2026-06-08,accounts-with-accounts-type-full,full,,,likely,pdf (not read),https://find-and-update.company-information.service.gov.uk/company/01519689/filing-history,0,,ORG:116447
Geo Specialty Chemicals UK Ltd,07650493,register,GEO SPECIALTY CHEMICALS UK LIMITED,active,2025-12-31,2026-09-29,accounts-with-accounts-type-full,full,69575730,ixbrl,yes,xhtml,https://find-and-update.company-information.service.gov.uk/company/07650493/filing-history,0,,ORG:104583
Geo. Kingsbury Holdings Limited,00572121,register,GEO. KINGSBURY HOLDINGS LIMITED,active,2025-12-31,2026-09-14,accounts-with-accounts-type-group,group,,,likely,pdf (not read),https://find-and-update.company-information.service.gov.uk/company/00572121/filing-history,3,,ORG:104487
Geofabrics Ltd,02486205,register,GEOFABRICS LIMITED,active,2025-12-31,2026-08-19,accounts-with-accounts-type-small,small,,,unknown,xhtml,https://find-and-update.company-information.service.gov.uk/company/02486205/filing-history,0,,ORG:103702
George Abrahams Limited,02500029,register,GEORGE ABRAHAMS LIMITED,active,2025-12-31,2026-07-07,accounts-with-accounts-type-group,group,,,likely,xhtml,https://find-and-update.company-information.service.gov.uk/company/02500029/filing-history,0,,ORG:104001
GEORGE BATEMAN & SON LIMITED,00232213,register,GEORGE BATEMAN & SON LIMITED,active,2026-01-31,2026-08-24,accounts-with-accounts-type-full,full,,,likely,pdf (not read),https://find-and-update.company-information.service.gov.uk/company/00232213/filing-history,0,,ORG:102419
George Cox Footwear Limited,12727611,register,GEORGE COX FOOTWEAR LIMITED,active,2024-12-31,2026-03-31,accounts-with-accounts-type-small,small,,,unknown,xhtml,https://find-and-update.company-information.service.gov.uk/company/12727611/filing-history,0,,ORG:114586
George Fischer Sales Limited,00273569,register,GEORGE FISCHER SALES LIMITED,active,2025-12-31,2026-09-10,accounts-with-accounts-type-full,full,,,likely,pdf (not read),https://find-and-update.company-information.service.gov.uk/company/00273569/filing-history,0,,ORG:104846
George Morris and Sons,,,,,,,,,,,,,,0,no Companies House number in register and no exact name match,ORG:108636
George Twist (Wholesale) Ltd,01165479,register,GEORGE TWIST (WHOLESALE) LIMITED,active,2025-03-31,2025-12-12,accounts-with-accounts-type-total-exemption-full,small,,,unknown,xhtml,https://find-and-update.company-information.service.gov.uk/company/01165479/filing-history,1,,ORG:101988
George Walker Transport Limited,01398136,register,GEORGE WALKER TRANSPORT LIMITED,active,2025-12-28,2026-08-07,accounts-with-accounts-type-full,full,30235434,ixbrl,yes,xhtml,https://find-and-update.company-information.service.gov.uk/company/01398136/filing-history,0,,ORG:118041
Geox UK Limited,04303095,register,GEOX UK LIMITED,active,2025-12-31,2026-03-12,accounts-with-accounts-type-full,full,21404621,text,yes,xhtml,https://find-and-update.company-information.service.gov.uk/company/04303095/filing-history,0,,ORG:102444
Gerald McDonald & Company Ltd,00258990,register,GERALD MCDONALD & COMPANY LIMITED,active,2025-06-30,2026-03-30,accounts-with-accounts-type-full,full,36766641,ixbrl,yes,xhtml,https://find-and-update.company-information.service.gov.uk/company/00258990/filing-history,1,,ORG:106617
Gerflor Flooring UK Limited,12579618,register,GERFLOR FLOORING UK LIMITED,active,2024-12-31,2025-10-04,accounts-with-accounts-type-full,full,,,likely,pdf (not read),https://find-and-update.company-information.service.gov.uk/company/12579618/filing-history,0,,ORG:106287
Get Fresh Cosmetics Ltd,03573868,register,GET FRESH COSMETICS LTD,active,2025-02-28,2026-01-21,accounts-with-accounts-type-total-exemption-full,small,,,unknown,xhtml,https://find-and-update.company-information.service.gov.uk/company/03573868/filing-history,0,,ORG:100492
Getinge Limited,02195291,register,GETINGE LIMITED,active,2025-12-31,2026-07-26,accounts-with-accounts-type-full,full,,,likely,pdf (not read),https://find-and-update.company-information.service.gov.uk/company/02195291/filing-history,1,,ORG:102185
Geze UK Limited,02303626,register,GEZE UK LIMITED,active,2025-06-30,2026-03-14,accounts-with-accounts-type-full,full,,,likely,pdf (not read),https://find-and-update.company-information.service.gov.uk/company/02303626/filing-history,0,,ORG:106301
GFW Ltd,06895104,register,GFW LIMITED,active,2025-11-30,2026-02-17,accounts-with-accounts-type-full,full,26561982,ixbrl,yes,xhtml,https://find-and-update.company-information.service.gov.uk/company/06895104/filing-history,0,,ORG:111276
GIANT U.K. LIMITED,02167762,register,GIANT U.K. LIMITED,active,2025-12-31,2026-09-30,accounts-with-accounts-type-full,full,61811758,ixbrl,yes,xhtml,https://find-and-update.company-information.service.gov.uk/company/02167762/filing-history,0,,ORG:106407
Gift Republic Ltd,05727004,register,GIFT REPUBLIC LIMITED,active,2025-12-31,2026-06-04,accounts-with-accounts-type-total-exemption-full,small,,,unknown,xhtml,https://find-and-update.company-information.service.gov.uk/company/05727004/filing-history,0,,ORG:106941
Gift Universe Group Limited,06862887,register,GIFT UNIVERSE GROUP LIMITED,active,2025-03-31,2026-01-07,accounts-with-accounts-type-group,group,,,likely,pdf (not read),https://find-and-update.company-information.service.gov.uk/company/06862887/filing-history,1,,ORG:101358
GIFTWORKS LIMITED,04227137,register,GIFTWORKS LIMITED,active,2025-12-31,2026-09-29,accounts-with-accounts-type-total-exemption-full,small,,,unknown,xhtml,https://find-and-update.company-information.service.gov.uk/company/04227137/filing-history,0,,ORG:104835
Giggling Restaurants Ltd,07094305,register,GIGGLING RESTAURANTS LTD,active,2025-03-30,2026-04-04,accounts-with-accounts-type-group,group,,,likely,pdf (not read),https://find-and-update.company-information.service.gov.uk/company/07094305/filing-history,1,,ORG:102239
Gilbert Thompson (Leeds) Ltd,00416586,register,GILBERT THOMPSON (LEEDS) LIMITED,active,2025-10-31,2026-07-17,accounts-with-accounts-type-group,group,22717869,text,yes,xhtml,https://find-and-update.company-information.service.gov.uk/company/00416586/filing-history,2,,ORG:107484
Gilberts (Blackpool) Limited,00673483,register,GILBERTS (BLACKPOOL) LIMITED,active,2025-12-31,2026-05-21,accounts-with-accounts-type-medium,medium,25810002,ixbrl,yes,xhtml,https://find-and-update.company-information.service.gov.uk/company/00673483/filing-history,0,,ORG:106668
Gilbertson & Page Ltd,00055762,register,GILBERTSON & PAGE LIMITED,active,2025-12-31,2026-09-07,accounts-with-accounts-type-group,group,28616014,text,yes,xhtml,https://find-and-update.company-information.service.gov.uk/company/00055762/filing-history,1,,ORG:100525
Gilfresh Produce Ltd,NI065949,register,GILFRESH PRODUCE LIMITED,active,2025-03-31,2025-12-03,accounts-with-accounts-type-full,full,35378652,ixbrl,yes,xhtml,https://find-and-update.company-information.service.gov.uk/company/NI065949/filing-history,0,,ORG:115408
Gill Aggregates Ltd,06181683,register,GILL AGGREGATES LIMITED,active,2025-09-30,2026-06-30,accounts-with-accounts-type-full,full,32496624,ixbrl,yes,xhtml,https://find-and-update.company-information.service.gov.uk/company/06181683/filing-history,0,,ORG:114962
GILLIES OF BROUGHTY FERRY LIMITED,SC026803,register,GILLIES OF BROUGHTY FERRY LIMITED,active,2025-08-31,2026-05-07,accounts-with-accounts-type-full,full,24577494,text,yes,xhtml,https://find-and-update.company-information.service.gov.uk/company/SC026803/filing-history,0,,ORG:117099
Gima (UK) Limited,03638885,register,GIMA (UK) LIMITED,active,2025-12-31,2026-10-06,accounts-with-accounts-type-full,full,,,likely,pdf (not read),https://find-and-update.company-information.service.gov.uk/company/03638885/filing-history,0,,ORG:114181
GIORGIO'S CONTINENTAL LTD.,02135991,register,GIORGIO'S CONTINENTAL LTD.,active,2025-07-31,2025-12-31,accounts-with-accounts-type-full,full,,,likely,pdf (not read),https://find-and-update.company-information.service.gov.uk/company/02135991/filing-history,0,,ORG:108109
Giovanni Rana (UK) Limited,07071515,register,GIOVANNI RANA (UK) LTD,active,2025-12-31,2026-06-24,accounts-with-accounts-type-medium,medium,,,likely,pdf (not read),https://find-and-update.company-information.service.gov.uk/company/07071515/filing-history,0,,ORG:106848
Giro Food Limited,00947901,register,GIRO FOOD LIMITED,active,2025-05-31,2026-05-21,accounts-with-accounts-type-group,group,41051329,text,yes,xhtml,https://find-and-update.company-information.service.gov.uk/company/00947901/filing-history,0,,ORG:106186
Givaudan UK Ltd,00691403,register,GIVAUDAN UK LIMITED,active,2025-12-31,2026-06-10,accounts-with-accounts-type-full,full,,,likely,pdf (not read),https://find-and-update.company-information.service.gov.uk/company/00691403/filing-history,0,,ORG:101248
Give Back Beauty UK Limited,13640255,register,GIVE BACK BEAUTY UK LIMITED,active,2025-12-31,2026-09-30,accounts-with-accounts-type-medium,medium,30272555,ixbrl,yes,xhtml,https://find-and-update.company-information.service.gov.uk/company/13640255/filing-history,0,,ORG:107990
GL Dameck Limited,SC314389,register,GL DAMECK LIMITED,active,2026-01-31,2026-09-17,accounts-with-accounts-type-full,full,24907753,ixbrl,yes,xhtml,https://find-and-update.company-information.service.gov.uk/company/SC314389/filing-history,0,,ORG:106938
Glanbia Performance Nutrition (UK Sales Division) Limited,11010859,register,GLANBIA PERFORMANCE NUTRITION (UK SALES DIVISION) LIMITED,active,2025-01-04,2025-10-07,accounts-with-accounts-type-full,full,,,likely,pdf (not read),https://find-and-update.company-information.service.gov.uk/company/11010859/filing-history,0,,ORG:107893
Glanbia Performance Nutrition (UK) Limited,02828321,register,GLANBIA PERFORMANCE NUTRITION (UK) LIMITED,active,2025-01-04,2025-10-07,accounts-with-accounts-type-full,full,,,likely,pdf (not read),https://find-and-update.company-information.service.gov.uk/company/02828321/filing-history,0,,ORG:102636
Glasdon Group Ltd,02161331,register,GLASDON GROUP LIMITED,active,2025-10-31,2026-07-02,accounts-with-accounts-type-group,group,38344691,text,yes,xhtml,https://find-and-update.company-information.service.gov.uk/company/02161331/filing-history,1,,ORG:101084
Glasswells Limited,00602166,register,GLASSWELLS LIMITED,active,2026-02-28,2026-07-26,accounts-with-accounts-type-full,full,,,likely,pdf (not read),https://find-and-update.company-information.service.gov.uk/company/00602166/filing-history,0,,ORG:105062
Glatfelter Lydney  Ltd,05734921,register,"GLATFELTER LYDNEY, LTD.",active,2024-12-31,2025-09-05,accounts-with-accounts-type-full,full,,,likely,pdf (not read),https://find-and-update.company-information.service.gov.uk/company/05734921/filing-history,0,,ORG:103835
Glaxosmithkline Services Unlimited,01047315,register,GLAXOSMITHKLINE SERVICES UNLIMITED,active,2025-12-31,2026-08-10,accounts-with-accounts-type-full,full,,,likely,pdf (not read),https://find-and-update.company-information.service.gov.uk/company/01047315/filing-history,1,,ORG:104091
Glazpart Limited,01875968,register,GLAZPART LIMITED,active,2025-05-31,2026-02-27,accounts-with-accounts-type-medium,medium,18181375,ixbrl,yes,xhtml,https://find-and-update.company-information.service.gov.uk/company/01875968/filing-history,0,,ORG:101805
Glebe Farm Foods Limited,06478787,register,GLEBE FARM FOODS LIMITED,active,2025-03-31,2025-12-19,accounts-with-accounts-type-group,group,17179661,text,yes,xhtml,https://find-and-update.company-information.service.gov.uk/company/06478787/filing-history,0,,ORG:116467
Gledhill Building Products Limited,04784515,register,GLEDHILL BUILDING PRODUCTS LIMITED,active,2024-12-31,2025-10-04,accounts-with-accounts-type-full,full,,,likely,pdf (not read),https://find-and-update.company-information.service.gov.uk/company/04784515/filing-history,0,,ORG:107458
Glen Dimplex Home Appliances Limited,02692306,register,GLEN DIMPLEX HOME APPLIANCES LIMITED,active,2025-09-30,2026-07-01,accounts-with-accounts-type-full,full,,,likely,pdf (not read),https://find-and-update.company-information.service.gov.uk/company/02692306/filing-history,0,,ORG:102196
GLEN DIMPLEX UK LIMITED,01313016,register,GLEN DIMPLEX UK LIMITED,active,2025-09-30,2026-07-01,accounts-with-accounts-type-full,full,,,likely,pdf (not read),https://find-and-update.company-information.service.gov.uk/company/01313016/filing-history,0,,ORG:103135
GLEN GRANT LIMITED,SC292101,register,GLEN GRANT LIMITED,active,2025-12-31,2026-02-20,accounts-with-accounts-type-full,full,,,likely,pdf (not read),https://find-and-update.company-information.service.gov.uk/company/SC292101/filing-history,0,,ORG:104794
Glen Turner Company Ltd,01595703,register,GLEN TURNER COMPANY LIMITED,active,2025-12-31,2026-09-10,accounts-with-accounts-type-group,group,,,likely,xhtml,https://find-and-update.company-information.service.gov.uk/company/01595703/filing-history,1,,ORG:107392
Glennon Brothers (UK) Limited,SC011487,register,GLENNON BROTHERS (UK) LIMITED,active,2025-12-30,2026-10-01,accounts-with-accounts-type-full,full,,,likely,pdf (not read),https://find-and-update.company-information.service.gov.uk/company/SC011487/filing-history,0,,ORG:103039
GLENRATH FARMS LTD.,SC042166,register,GLENRATH FARMS LTD.,active,2025-05-31,2026-03-02,accounts-with-accounts-type-group,group,,,likely,pdf (not read),https://find-and-update.company-information.service.gov.uk/company/SC042166/filing-history,1,,ORG:104331
Glens of Antrim Potatoes Ltd,NI030390,register,GLENS OF ANTRIM POTATOES LIMITED,administration,2025-07-31,2025-12-16,accounts-with-accounts-type-full,full,13832334,ixbrl,yes,xhtml,https://find-and-update.company-information.service.gov.uk/company/NI030390/filing-history,0,,ORG:106487
Glenshane Fresh Farm Eggs Limited,NI017971,register,GLENSHANE FRESH FARM EGGS LIMITED,active,2025-03-31,2026-03-26,accounts-with-accounts-type-unaudited-abridged,small,,,unknown,xhtml,https://find-and-update.company-information.service.gov.uk/company/NI017971/filing-history,0,,ORG:116464
Glinwell Marketing Limited,02974750,register,GLINWELL MARKETING LIMITED,active,2025-11-30,2026-09-08,accounts-with-accounts-type-full,full,,,likely,pdf (not read),https://find-and-update.company-information.service.gov.uk/company/02974750/filing-history,0,,ORG:106747
Global Brands Limited,03366749,register,GLOBAL BRANDS LIMITED,active,2025-09-30,2026-07-09,accounts-with-accounts-type-group,group,,,likely,pdf (not read),https://find-and-update.company-information.service.gov.uk/company/03366749/filing-history,0,,ORG:102587
GLOBAL CHAIR COMPONENTS LTD,03162189,register,GLOBAL CHAIR COMPONENTS LTD,active,2025-03-31,2025-12-28,accounts-with-accounts-type-full,full,,,likely,pdf (not read),https://find-and-update.company-information.service.gov.uk/company/03162189/filing-history,0,,ORG:108351
Global Ethics Limited,05130101,register,GLOBAL ETHICS LIMITED,active,2025-12-31,2026-09-09,accounts-amended-with-accounts-type-total-exemption-full,small,,,unknown,xhtml,https://find-and-update.company-information.service.gov.uk/company/05130101/filing-history,0,,ORG:107584
Global Foods Ltd,01580862,register,GLOBAL FOODS LIMITED,active,2025-04-30,2026-01-26,accounts-with-accounts-type-full,full,114938000,text,yes,xhtml,https://find-and-update.company-information.service.gov.uk/company/01580862/filing-history,0,,ORG:107558
Global Invacom Manufacturing (UK) Limited,02113041,register,GLOBAL INVACOM MANUFACTURING (UK) LIMITED,active,2025-12-31,2026-05-29,accounts-with-accounts-type-small,small,,,unknown,pdf (not read),https://find-and-update.company-information.service.gov.uk/company/02113041/filing-history,0,,ORG:106366
Global Pacific Processors UK Limited,07958754,register,GLOBAL PACIFIC PROCESSORS UK LIMITED,active,2025-12-31,2026-07-14,accounts-with-accounts-type-full,full,164866609,ixbrl,yes,xhtml,https://find-and-update.company-information.service.gov.uk/company/07958754/filing-history,0,,ORG:101658
Global Stone (Colchester) Ltd,04624375,register,GLOBAL STONE (COLCHESTER) LTD,active,2025-03-31,2026-01-26,accounts-with-accounts-type-full,full,,,likely,pdf (not read),https://find-and-update.company-information.service.gov.uk/company/04624375/filing-history,0,,ORG:104065
Global Trading U K Limited,01450699,register,GLOBAL TRADING U K LIMITED,active,2024-12-31,2025-09-30,accounts-with-accounts-type-total-exemption-full,small,,,unknown,xhtml,https://find-and-update.company-information.service.gov.uk/company/01450699/filing-history,0,,ORG:107420
Global Vac Forming Limited,07922841,register,GLOBAL VAC FORMING LIMITED,active,2025-04-30,2026-03-31,accounts-with-accounts-type-total-exemption-full,small,,,unknown,xhtml,https://find-and-update.company-information.service.gov.uk/company/07922841/filing-history,0,,ORG:106121
Globus (Shetland) Limited,SC149147,register,GLOBUS (SHETLAND) LIMITED,active,2025-05-31,2026-02-02,accounts-with-accounts-type-group,group,,,likely,pdf (not read),https://find-and-update.company-information.service.gov.uk/company/SC149147/filing-history,2,,ORG:104295
Glossop Carton and Print Limited,01682230,register,GLOSSOP CARTON AND PRINT LIMITED,active,2024-12-31,2025-09-26,accounts-with-accounts-type-medium,medium,15008032,ixbrl,yes,xhtml,https://find-and-update.company-information.service.gov.uk/company/01682230/filing-history,0,,ORG:100117
Glowcroft Limited,02494007,register,GLOWCROFT LIMITED,active,2026-03-31,2026-06-22,accounts-with-accounts-type-total-exemption-full,small,,,unknown,xhtml,https://find-and-update.company-information.service.gov.uk/company/02494007/filing-history,0,,ORG:117065
Gluecom UK Ltd,13890315,register,GLUECOM UK LIMITED,active,2025-12-31,2026-09-23,accounts-with-accounts-type-full,full,,,likely,xhtml,https://find-and-update.company-information.service.gov.uk/company/13890315/filing-history,5,,ORG:116327
GMA Garnet (Europe) GmbH,,,,,,,,,,,,,,0,no Companies House number in register and no exact name match,ORG:102646
GNB Industrial Power (UK) Ltd,02375355,register,GNB INDUSTRIAL POWER (UK) LIMITED,active,2025-03-31,2025-12-20,accounts-with-accounts-type-full,full,,,likely,pdf (not read),https://find-and-update.company-information.service.gov.uk/company/02375355/filing-history,0,,ORG:104093
Go Inspire Group Limited,09903285,register,GO INSPIRE GROUP LIMITED,active,2024-12-31,2025-09-30,accounts-with-accounts-type-audit-exemption-subsiduary,subsidiary,,,unknown,pdf (not read),https://find-and-update.company-information.service.gov.uk/company/09903285/filing-history,2,,ORG:100805
Go Superfoods Ltd,08319689,register,GO SUPERFOODS LTD,active,2025-12-31,2026-03-30,accounts-with-accounts-type-full,full,,,likely,pdf (not read),https://find-and-update.company-information.service.gov.uk/company/08319689/filing-history,0,,ORG:111355
Go-Pak UK Ltd,06786317,register,GO-PAK UK LIMITED,active,2025-12-31,2026-07-10,accounts-with-accounts-type-group,group,,,likely,pdf (not read),https://find-and-update.company-information.service.gov.uk/company/06786317/filing-history,0,,ORG:106169
Go10 Limited,06015132,register,GO10 LIMITED,active,2024-12-31,2025-09-30,accounts-with-accounts-type-total-exemption-full,small,,,unknown,xhtml,https://find-and-update.company-information.service.gov.uk/company/06015132/filing-history,0,,ORG:115206
Goedhuis Waddesdon Ltd,15218543,register,GOEDHUIS WADDESDON LIMITED,active,2025-03-31,2025-11-17,accounts-with-accounts-type-group,group,37137883,text,yes,xhtml,https://find-and-update.company-information.service.gov.uk/company/15218543/filing-history,0,,ORG:111491
Golden Acre Foods Limited,SC252388,register,GOLDEN ACRE FOODS LIMITED,active,2025-12-31,2026-09-29,accounts-with-accounts-type-full,full,,,likely,pdf (not read),https://find-and-update.company-information.service.gov.uk/company/SC252388/filing-history,0,,ORG:101109
Golden Bear Products Ltd,01414582,register,GOLDEN BEAR PRODUCTS LIMITED,active,2025-03-31,2026-05-01,accounts-with-accounts-type-full,full,18840000,text,yes,xhtml,https://find-and-update.company-information.service.gov.uk/company/01414582/filing-history,0,,ORG:100575
Golden Casket (Greenock) Ltd,00102916,register,GOLDEN CASKET (GREENOCK) LIMITED,active,2025-12-31,2026-09-18,accounts-with-accounts-type-group,group,,,likely,xhtml,https://find-and-update.company-information.service.gov.uk/company/00102916/filing-history,0,,ORG:103292
Golden Fry Foods Ltd,00693036,register,GOLDEN FRY FOODS LIMITED,active,2024-12-31,2026-01-13,accounts-with-accounts-type-full,full,58005833,ixbrl,yes,xhtml,https://find-and-update.company-information.service.gov.uk/company/00693036/filing-history,0,,ORG:103151
Golden Glen Ltd,NI026862,register,GOLDEN GLEN LIMITED,active,2025-05-31,2026-01-14,accounts-with-accounts-type-small,small,,,unknown,xhtml,https://find-and-update.company-information.service.gov.uk/company/NI026862/filing-history,0,,ORG:107401
Goldland Merchants Limited,NI041301,register,GOLDLAND MERCHANTS LIMITED,active,2025-04-30,2025-10-31,accounts-with-accounts-type-unaudited-abridged,small,,,unknown,xhtml,https://find-and-update.company-information.service.gov.uk/company/NI041301/filing-history,0,,ORG:104595
Goldtique Ltd,03583402,register,GOLDTIQUE LIMITED,active,2026-03-31,2026-08-26,accounts-with-accounts-type-group,group,13660962,text,yes,xhtml,https://find-and-update.company-information.service.gov.uk/company/03583402/filing-history,3,,ORG:107366
Golf Holdings Limited,NI042002,register,GOLF HOLDINGS LIMITED,active,2025-12-31,2026-09-29,accounts-with-accounts-type-full,full,,,likely,xhtml,https://find-and-update.company-information.service.gov.uk/company/NI042002/filing-history,6,,ORG:104986
Golfclubs4cash Ltd,SC490678,register,GOLFCLUBS4CASH LTD,active,2025-11-30,2026-08-18,accounts-with-accounts-type-full,full,47244084,ixbrl,yes,xhtml,https://find-and-update.company-information.service.gov.uk/company/SC490678/filing-history,0,,ORG:108599
Gompels HealthCare Limited,04416138,register,GOMPELS HEALTHCARE LIMITED,active,2025-10-31,2026-01-12,accounts-with-accounts-type-small,small,,,unknown,xhtml,https://find-and-update.company-information.service.gov.uk/company/04416138/filing-history,0,,ORG:106677
Gonzalez Byass UK Limited,05036529,register,GONZALEZ BYASS UK LIMITED,active,2025-08-31,2025-12-18,accounts-with-accounts-type-full,full,17455233,text,yes,xhtml,https://find-and-update.company-information.service.gov.uk/company/05036529/filing-history,0,,ORG:106092
Good Food Wines Ltd,01790019,register,GOOD FOOD WINES LIMITED,active,2025-09-30,2026-04-18,accounts-with-accounts-type-full,full,,,likely,pdf (not read),https://find-and-update.company-information.service.gov.uk/company/01790019/filing-history,0,,ORG:104214
Good Natured (Happy Monkey) Ltd,06205216,register,GOOD NATURED (HAPPY MONKEY) LTD,active,2025-12-31,2026-06-22,accounts-with-accounts-type-total-exemption-full,small,,,unknown,xhtml,https://find-and-update.company-information.service.gov.uk/company/06205216/filing-history,0,,ORG:107972
GOOD PAIR DAYS LTD,13585473,register,GOOD PAIR DAYS LTD,active,2024-06-30,2026-05-02,accounts-amended-with-accounts-type-total-exemption-full,small,,,unknown,xhtml,https://find-and-update.company-information.service.gov.uk/company/13585473/filing-history,0,,ORG:115321
GOODRAYS LTD,12567100,register,GOODRAYS LTD,active,2025-04-30,2026-01-22,accounts-with-accounts-type-total-exemption-full,small,,,unknown,xhtml,https://find-and-update.company-information.service.gov.uk/company/12567100/filing-history,0,,ORG:116749
Goodwin plc,00305907,register,GOODWIN PLC,active,2025-04-30,2025-10-08,accounts-with-accounts-type-group,group,,,likely,pdf (not read),https://find-and-update.company-information.service.gov.uk/company/00305907/filing-history,7,,ORG:106688
Google Commerce Ltd UK Establishment,BR017040,register,GOOGLE COMMERCE LIMITED UK ESTABLISHMENT,open,,,,,,,,,https://find-and-update.company-information.service.gov.uk/company/BR017040/filing-history,0,no accounts filing with a document,ORG:103535
Goonvean Holdings Limited,06940012,register,GOONVEAN HOLDINGS LIMITED,active,2024-09-30,2025-11-12,accounts-with-accounts-type-group,group,,,likely,pdf (not read),https://find-and-update.company-information.service.gov.uk/company/06940012/filing-history,6,,ORG:100580
Gordian Strapping Limited,00331258,register,GORDIAN STRAPPING LIMITED,active,2025-12-31,2026-06-10,accounts-with-accounts-type-full,full,14550710,ixbrl,yes,xhtml,https://find-and-update.company-information.service.gov.uk/company/00331258/filing-history,0,,ORG:106126
GORDON RHODES & SON LIMITED,08965543,register,GORDON RHODES & SON LIMITED,active,2025-05-31,2026-05-29,accounts-with-accounts-type-total-exemption-full,small,,,unknown,xhtml,https://find-and-update.company-information.service.gov.uk/company/08965543/filing-history,0,,ORG:105975
Gore Hall Produce Limited,01642080,register,GORE HALL PRODUCE LIMITED,active,2025-03-31,2025-08-20,accounts-with-accounts-type-unaudited-abridged,small,,,unknown,xhtml,https://find-and-update.company-information.service.gov.uk/company/01642080/filing-history,0,,ORG:104883
Gorgemead Limited,01425062,register,GORGEMEAD LIMITED,active,2025-08-31,2026-05-11,accounts-with-accounts-type-full,full,,,likely,pdf (not read),https://find-and-update.company-information.service.gov.uk/company/01425062/filing-history,0,,ORG:103210
Gorilla Glue Europe Ltd,09219236,register,GORILLA GLUE EUROPE LIMITED,active,2025-12-31,2026-04-22,accounts-with-accounts-type-full,full,40802000,text,yes,xhtml,https://find-and-update.company-information.service.gov.uk/company/09219236/filing-history,0,,ORG:101210
Gortmerron Supermarket Ltd,NI604595,register,GORTMERRON SUPERMARKET LIMITED,active,2026-04-30,2026-07-06,accounts-with-accounts-type-total-exemption-full,small,,,unknown,xhtml,https://find-and-update.company-information.service.gov.uk/company/NI604595/filing-history,0,,ORG:115000
Gosh! Food Ltd,04431334,register,GOSH! FOOD LIMITED,active,2025-12-31,2026-09-30,accounts-amended-with-accounts-type-full,full,,,likely,pdf (not read),https://find-and-update.company-information.service.gov.uk/company/04431334/filing-history,0,,ORG:107793
Gould International UK Limited,00291620,register,GOULD INTERNATIONAL UK LIMITED,active,2024-12-31,2025-10-02,accounts-with-accounts-type-group,group,,,likely,pdf (not read),https://find-and-update.company-information.service.gov.uk/company/00291620/filing-history,0,,ORG:100844
Gourmet Classic Limited,03530530,register,GOURMET CLASSIC LIMITED,active,2025-12-31,2026-05-06,accounts-with-accounts-type-total-exemption-full,small,,,unknown,xhtml,https://find-and-update.company-information.service.gov.uk/company/03530530/filing-history,0,,ORG:106985
Gowine Ltd,03316848,register,GOWINE LIMITED,active,2025-02-28,2025-11-26,accounts-with-accounts-type-total-exemption-full,small,,,unknown,xhtml,https://find-and-update.company-information.service.gov.uk/company/03316848/filing-history,0,,ORG:115697
Gozney Group Ltd,07200046,register,GOZNEY GROUP LIMITED,active,2025-12-31,2026-09-30,accounts-with-accounts-type-group,group,75959053,text,yes,xhtml,https://find-and-update.company-information.service.gov.uk/company/07200046/filing-history,0,,ORG:106214
GPA Global UK Ltd,03175885,register,GPA GLOBAL UK LIMITED,active,2025-12-31,2026-09-28,accounts-with-accounts-type-full,full,,,likely,pdf (not read),https://find-and-update.company-information.service.gov.uk/company/03175885/filing-history,0,,ORG:101592
GPI Cambridge Limited,01256083,register,GPI CAMBRIDGE LIMITED,active,2025-12-31,2026-10-02,accounts-with-accounts-type-full,full,,,likely,pdf (not read),https://find-and-update.company-information.service.gov.uk/company/01256083/filing-history,0,,ORG:108272
GPI Highbridge Limited,06371607,register,GPI HIGHBRIDGE LIMITED,active,2025-12-31,2026-10-06,accounts-with-accounts-type-full,full,,,likely,pdf (not read),https://find-and-update.company-information.service.gov.uk/company/06371607/filing-history,0,,ORG:103260
GPI Rotherham Limited,05862237,register,GPI ROTHERHAM LIMITED,active,2025-12-31,2026-10-06,accounts-with-accounts-type-full,full,,,likely,pdf (not read),https://find-and-update.company-information.service.gov.uk/company/05862237/filing-history,0,,ORG:102804
GPR TOPCO LTD,16559900,register,GPR TOPCO LTD,active,,,,,,,,,https://find-and-update.company-information.service.gov.uk/company/16559900/filing-history,1,no accounts filing with a document,ORG:117903
GPS Food Group (UK) Limited,06610850,register,GPS FOOD GROUP (UK) LIMITED,active,2025-06-30,2026-04-09,accounts-with-accounts-type-full,full,,,likely,pdf (not read),https://find-and-update.company-information.service.gov.uk/company/06610850/filing-history,3,,ORG:106298
Grace Foods UK Limited,00094632,register,GRACE FOODS UK LIMITED,active,2025-12-31,2026-06-24,accounts-with-accounts-type-full,full,,,likely,pdf (not read),https://find-and-update.company-information.service.gov.uk/company/00094632/filing-history,0,,ORG:103817
Gradus Limited,02152465,register,GRADUS LIMITED,active,2024-12-31,2025-10-04,accounts-with-accounts-type-full,full,,,likely,pdf (not read),https://find-and-update.company-information.service.gov.uk/company/02152465/filing-history,0,,ORG:106285
Graeme Ellisdon Limited,03056677,register,GRAEME ELLISDON LIMITED,active,2024-12-31,2025-12-17,accounts-with-accounts-type-full,full,17067579,text,yes,xhtml,https://find-and-update.company-information.service.gov.uk/company/03056677/filing-history,0,,ORG:106384
Graft Wine Company Limited,08111454,register,GRAFT WINE COMPANY LIMITED,active,2025-03-31,2025-08-28,accounts-with-accounts-type-total-exemption-full,small,,,unknown,xhtml,https://find-and-update.company-information.service.gov.uk/company/08111454/filing-history,0,,ORG:115506
GRAFTON GROUP (UK) PUBLIC LIMITED COMPANY,02886378,register,GRAFTON GROUP (UK) PUBLIC LIMITED COMPANY,active,2025-12-31,2026-06-24,accounts-with-accounts-type-full,full,,,likely,pdf (not read),https://find-and-update.company-information.service.gov.uk/company/02886378/filing-history,6,,ORG:105463
GRAFTON INTERNATIONAL LIMITED,03279497,register,GRAFTON INTERNATIONAL LIMITED,active,2025-08-31,2026-02-07,accounts-with-accounts-type-group,group,,,likely,pdf (not read),https://find-and-update.company-information.service.gov.uk/company/03279497/filing-history,1,,ORG:100639
Graham and Green Limited,01262819,register,GRAHAM AND GREEN LIMITED,active,2025-07-31,2026-04-22,accounts-with-accounts-type-medium,medium,12680785,ixbrl,yes,xhtml,https://find-and-update.company-information.service.gov.uk/company/01262819/filing-history,0,,ORG:101103
Graham's the Family Dairy Group Limited,SC317473,register,GRAHAMS THE FAMILY DAIRY GROUP LIMITED,active,2025-03-31,2025-12-19,accounts-with-accounts-type-group,group,,,likely,pdf (not read),https://find-and-update.company-information.service.gov.uk/company/SC317473/filing-history,2,,ORG:116174
Grange Fencing Limited,01273959,register,GRANGE FENCING LIMITED,active,2025-09-30,2026-07-16,accounts-with-accounts-type-full,full,,,likely,pdf (not read),https://find-and-update.company-information.service.gov.uk/company/01273959/filing-history,0,,ORG:107382
Grangers International Ltd,00327936,register,GRANGERS INTERNATIONAL LIMITED,active,2025-09-30,2026-06-24,accounts-with-accounts-type-full,full,16644288,text,yes,xhtml,https://find-and-update.company-information.service.gov.uk/company/00327936/filing-history,0,,ORG:101331
GRANIT PARTS Ltd Partnership,LP010571,register,GRANIT PARTS LIMITED PARTNERSHIP,active,,,,,,,,,https://find-and-update.company-information.service.gov.uk/company/LP010571/filing-history,0,no accounts filing with a document,ORG:107005
GRANT & BOWMAN LIMITED,00918578,register,GRANT & BOWMAN LIMITED,active,2025-03-31,2025-12-20,accounts-with-accounts-type-full,full,20675418,ixbrl,yes,xhtml,https://find-and-update.company-information.service.gov.uk/company/00918578/filing-history,0,,ORG:103786
Grant Engineering (UK) Limited,03196757,register,GRANT ENGINEERING (UK) LIMITED,active,2026-04-30,2026-08-05,accounts-with-accounts-type-full,full,,,likely,pdf (not read),https://find-and-update.company-information.service.gov.uk/company/03196757/filing-history,0,,ORG:107162
GRANTS OAK SMOKED LTD,07207187,register,GRANTS OAK SMOKED LTD,active,2024-12-31,2026-02-11,accounts-with-accounts-type-audit-exemption-subsiduary,subsidiary,,,unknown,pdf (not read),https://find-and-update.company-information.service.gov.uk/company/07207187/filing-history,0,,ORG:104191
Granville Oil & Chemicals Ltd,01054646,register,GRANVILLE OIL & CHEMICALS LIMITED,active,2025-03-31,2025-05-30,accounts-with-accounts-type-full,full,29790631,ixbrl,yes,xhtml,https://find-and-update.company-information.service.gov.uk/company/01054646/filing-history,0,,ORG:101118
Grapes Direct Limited,03853590,register,GRAPES DIRECT LIMITED,active,2025-06-30,2026-04-04,accounts-with-accounts-type-medium,medium,,,likely,pdf (not read),https://find-and-update.company-information.service.gov.uk/company/03853590/filing-history,0,,ORG:102138
Graphic & Paper Merchants Northern Ireland Limited,NI631045,register,GRAPHIC & PAPER MERCHANTS NORTHERN IRELAND LIMITED,active,2024-12-31,2025-10-23,accounts-with-accounts-type-audit-exemption-subsiduary,subsidiary,,,unknown,pdf (not read),https://find-and-update.company-information.service.gov.uk/company/NI631045/filing-history,0,,ORG:114777
Graphic Image Films LTD,02511083,register,GRAPHIC IMAGE FILMS LIMITED,active,2025-06-30,2025-11-28,accounts-with-accounts-type-total-exemption-full,small,,,unknown,xhtml,https://find-and-update.company-information.service.gov.uk/company/02511083/filing-history,0,,ORG:105328
Graphic Packaging International Europe UK Ltd,00709093,register,GRAPHIC PACKAGING INTERNATIONAL EUROPE UK LIMITED,active,2025-12-31,2026-08-13,accounts-with-accounts-type-full,full,,,likely,pdf (not read),https://find-and-update.company-information.service.gov.uk/company/00709093/filing-history,3,,ORG:104853
Graphic Packaging International Foodservice Europe Ltd,00497043,register,GRAPHIC PACKAGING INTERNATIONAL FOODSERVICE EUROPE LTD,active,2024-12-31,2025-11-28,accounts-with-accounts-type-full,full,,,likely,pdf (not read),https://find-and-update.company-information.service.gov.uk/company/00497043/filing-history,0,,ORG:102796
Gratnells Ltd,00359473,register,GRATNELLS LIMITED,active,2025-03-31,2026-09-16,accounts-with-accounts-type-group,group,14287052,text,yes,xhtml,https://find-and-update.company-information.service.gov.uk/company/00359473/filing-history,0,,ORG:108155
Gravity Drinks Ltd,10352017,register,GRAVITY DRINKS LTD,active,2025-12-31,2026-05-30,accounts-with-accounts-type-total-exemption-full,small,,,unknown,pdf (not read),https://find-and-update.company-information.service.gov.uk/company/10352017/filing-history,0,,ORG:115200
Green & Brown Ltd,07318566,register,GREEN & BROWN LTD,active,2025-05-31,2026-02-26,accounts-with-accounts-type-full,full,23803093,text,yes,xhtml,https://find-and-update.company-information.service.gov.uk/company/07318566/filing-history,0,,ORG:106715
Green Energy Options Ltd,05783558,register,GREEN ENERGY OPTIONS LTD,active,2025-03-31,2025-12-12,accounts-with-accounts-type-group,group,,,likely,pdf (not read),https://find-and-update.company-information.service.gov.uk/company/05783558/filing-history,0,,ORG:103734
Green Fun Alliance Ltd,11779282,register,GREEN FUN ALLIANCE LTD,active,2025-01-31,2025-12-31,accounts-with-accounts-type-full,full,,,likely,pdf (not read),https://find-and-update.company-information.service.gov.uk/company/11779282/filing-history,0,,ORG:107132
Green Gourmet Limited,02597350,register,GREEN GOURMET LIMITED,active,2025-06-30,2026-03-19,accounts-with-accounts-type-full,full,18056661,ixbrl,yes,xhtml,https://find-and-update.company-information.service.gov.uk/company/02597350/filing-history,0,,ORG:105017
Green Label Foods Ltd.,03749653,register,GREEN LABEL FOODS LTD.,active,2025-12-31,2026-07-11,accounts-with-accounts-type-full,full,,,likely,pdf (not read),https://find-and-update.company-information.service.gov.uk/company/03749653/filing-history,0,,ORG:101911
Green Rock Group,13604182,register,GREEN ROCK MANUFACTURING GROUP LTD,active,2025-12-31,2026-08-18,accounts-with-accounts-type-total-exemption-full,small,,,unknown,xhtml,https://find-and-update.company-information.service.gov.uk/company/13604182/filing-history,0,,ORG:111817
Green Sheep Group Ltd,05940523,register,GREEN SHEEP GROUP LTD,active,2025-09-30,2026-05-04,accounts-with-accounts-type-full,full,,,likely,pdf (not read),https://find-and-update.company-information.service.gov.uk/company/05940523/filing-history,0,,ORG:105287
Green Team Christmas Trees Limited,SC316888,register,GREEN TEAM CHRISTMAS TREES LIMITED,active,2025-06-29,2025-12-18,accounts-with-accounts-type-full,full,,,likely,xhtml,https://find-and-update.company-information.service.gov.uk/company/SC316888/filing-history,0,,ORG:102956
Greenbrook Industries Ltd,02210812,register,GREENBROOK INDUSTRIES LIMITED,active,2024-12-31,2025-09-26,accounts-with-accounts-type-medium,medium,13657558,ixbrl,yes,xhtml,https://find-and-update.company-information.service.gov.uk/company/02210812/filing-history,0,,ORG:105036
GREENCORE FOODS LIMITED,07441672,register,GREENCORE FOODS LIMITED,active,2025-09-26,2026-06-27,accounts-with-accounts-type-full,full,,,likely,pdf (not read),https://find-and-update.company-information.service.gov.uk/company/07441672/filing-history,3,,ORG:107571
Greencroft Bottling Company Limited,04768870,register,GREENCROFT BOTTLING COMPANY LIMITED,active,2025-06-30,2026-04-11,accounts-with-accounts-type-full,full,,,likely,pdf (not read),https://find-and-update.company-information.service.gov.uk/company/04768870/filing-history,0,,ORG:105842
GREENE KING LIMITED,00024511,register,GREENE KING LIMITED,active,2026-01-04,2026-06-06,accounts-with-accounts-type-group,group,,,likely,pdf (not read),https://find-and-update.company-information.service.gov.uk/company/00024511/filing-history,1,,ORG:115061
Greenfields Ireland Limited,NI026972,register,GREENFIELDS IRELAND LIMITED,active,2025-12-31,2026-08-13,accounts-with-accounts-type-full,full,,,likely,pdf (not read),https://find-and-update.company-information.service.gov.uk/company/NI026972/filing-history,0,,ORG:102849
Greenhalgh's Craft Bakery Limited,00580014,register,GREENHALGH'S CRAFT BAKERY LIMITED,active,2025-01-30,2026-03-13,accounts-with-accounts-type-full,full,26163427,text,yes,xhtml,https://find-and-update.company-information.service.gov.uk/company/00580014/filing-history,0,,ORG:102538
Greens Desserts UK Ltd,09669249,register,GREENS DESSERTS UK LTD,active,2024-12-31,2025-09-30,accounts-with-accounts-type-small,small,,,unknown,xhtml,https://find-and-update.company-information.service.gov.uk/company/09669249/filing-history,0,,ORG:105403
Greenwood & Coope Limited,00200956,register,GREENWOOD & COOPE LIMITED,active,2025-09-30,2026-06-23,accounts-with-accounts-type-full,full,,,likely,pdf (not read),https://find-and-update.company-information.service.gov.uk/company/00200956/filing-history,0,,ORG:102848
Greenyard Frozen UK Ltd,04423715,register,GREENYARD FROZEN UK LIMITED,active,2025-03-31,2026-02-20,accounts-with-accounts-type-full,full,,,likely,pdf (not read),https://find-and-update.company-information.service.gov.uk/company/04423715/filing-history,0,,ORG:101986
Gregal (UK) Limited,02995690,register,GREGAL (UK) LIMITED,active,2025-09-30,2025-12-08,accounts-with-accounts-type-small,small,,,unknown,xhtml,https://find-and-update.company-information.service.gov.uk/company/02995690/filing-history,0,,ORG:101147
GREGGS PLC,00502851,register,GREGGS PLC,active,2025-12-27,2026-05-19,accounts-with-accounts-type-group,group,,,likely,pdf (not read),https://find-and-update.company-information.service.gov.uk/company/00502851/filing-history,0,,ORG:102797
Greif Delta Plastics UK Ltd,12687368,register,GREIF DELTA PLASTICS UK LTD,active,2024-10-31,2025-07-25,accounts-with-accounts-type-full,full,,,likely,pdf (not read),https://find-and-update.company-information.service.gov.uk/company/12687368/filing-history,0,,ORG:103509
Greif UK Ltd,06633687,register,GREIF UK LTD,active,2024-10-31,2025-07-23,accounts-with-accounts-type-full,full,,,likely,pdf (not read),https://find-and-update.company-information.service.gov.uk/company/06633687/filing-history,0,,ORG:101709
Greif UK Plastics Ltd,02612195,register,GREIF UK PLASTICS LTD,active,2024-10-31,2025-08-01,accounts-with-accounts-type-full,full,,,likely,pdf (not read),https://find-and-update.company-information.service.gov.uk/company/02612195/filing-history,0,,ORG:101780
Greiner Bio-One Limited,02734565,register,GREINER BIO-ONE LIMITED,active,2025-12-31,2026-08-04,accounts-with-accounts-type-full,full,29298558,ixbrl,yes,xhtml,https://find-and-update.company-information.service.gov.uk/company/02734565/filing-history,0,,ORG:101036
Greiner Packaging Limited,NI008578,register,GREINER PACKAGING LIMITED,active,2025-12-31,2026-09-11,accounts-with-accounts-type-full,full,,,likely,pdf (not read),https://find-and-update.company-information.service.gov.uk/company/NI008578/filing-history,0,,ORG:107968
Grenade (UK) Limited,06978658,register,GRENADE (UK) LIMITED,active,2025-12-31,2026-09-14,accounts-with-accounts-type-full,full,,,likely,pdf (not read),https://find-and-update.company-information.service.gov.uk/company/06978658/filing-history,0,,ORG:107959
GRENADIER PACKAGING CORRUGATED LIMITED,01850712,register,GRENADIER PACKAGING CORRUGATED LIMITED,active,2025-06-30,2025-12-30,accounts-with-accounts-type-small,small,,,unknown,pdf (not read),https://find-and-update.company-information.service.gov.uk/company/01850712/filing-history,0,,ORG:105276
Gresham Office Furniture Limited,01284733,register,GRESHAM OFFICE FURNITURE LIMITED,active,2025-10-31,2026-07-30,accounts-with-accounts-type-full,full,25604161,text,yes,xhtml,https://find-and-update.company-information.service.gov.uk/company/01284733/filing-history,0,,ORG:104271
Gretsch-Unitas Limited,02320713,register,GRETSCH-UNITAS LIMITED,active,2025-12-31,2026-09-17,accounts-with-accounts-type-small,small,,,unknown,pdf (not read),https://find-and-update.company-information.service.gov.uk/company/02320713/filing-history,0,,ORG:106310
Grey Technology Ltd,04320113,register,GREY TECHNOLOGY LIMITED,active,2024-11-30,2025-10-28,accounts-with-accounts-type-full,full,,,likely,pdf (not read),https://find-and-update.company-information.service.gov.uk/company/04320113/filing-history,0,,ORG:102611
Greyhound Box Ltd,02651919,register,GREYHOUND BOX LIMITED,active,2025-03-31,2025-12-08,accounts-with-accounts-type-total-exemption-full,small,,,unknown,xhtml,https://find-and-update.company-information.service.gov.uk/company/02651919/filing-history,0,,ORG:102013
Greyland Ltd,03679207,register,GREYLAND LTD,active,2025-06-30,2025-11-23,accounts-with-accounts-type-total-exemption-full,small,,,unknown,xhtml,https://find-and-update.company-information.service.gov.uk/company/03679207/filing-history,0,,ORG:102803
GRIFFIN & BRAND (EUROPEAN) LIMITED,00900348,register,GRIFFIN & BRAND (EUROPEAN) LIMITED,active,2025-06-30,2026-01-22,accounts-with-accounts-type-full,full,64585643,ixbrl,yes,xhtml,https://find-and-update.company-information.service.gov.uk/company/00900348/filing-history,0,,ORG:101614
Griffith Foods Limited,00954742,register,GRIFFITH FOODS LIMITED,active,2025-09-30,2026-07-12,accounts-with-accounts-type-group,group,,,likely,pdf (not read),https://find-and-update.company-information.service.gov.uk/company/00954742/filing-history,0,,ORG:100816
Griffith Foods Wincanton Ltd,02341727,register,GRIFFITH FOODS WINCANTON LTD,active,2025-09-30,2026-07-12,accounts-with-accounts-type-full,full,,,likely,pdf (not read),https://find-and-update.company-information.service.gov.uk/company/02341727/filing-history,0,,ORG:100888
Gripple Limited,01772901,register,GRIPPLE LIMITED,active,2025-12-31,2026-09-09,accounts-with-accounts-type-group,group,,,likely,xhtml,https://find-and-update.company-information.service.gov.uk/company/01772901/filing-history,0,,ORG:106138
Grocery Delivery E-Services UK Ltd.,07893709,register,GROCERY DELIVERY E-SERVICES UK LTD.,active,2024-12-31,2025-10-06,accounts-with-accounts-type-full,full,,,likely,pdf (not read),https://find-and-update.company-information.service.gov.uk/company/07893709/filing-history,0,,ORG:103867
Grohe Ltd,00770795,register,GROHE LIMITED,active,2026-03-31,2026-08-13,accounts-with-accounts-type-full,full,,,likely,pdf (not read),https://find-and-update.company-information.service.gov.uk/company/00770795/filing-history,0,,ORG:114722
Grolman Limited,04252495,register,GROLMAN LIMITED,active,2025-12-31,2026-06-17,accounts-with-accounts-type-small,small,,,unknown,xhtml,https://find-and-update.company-information.service.gov.uk/company/04252495/filing-history,0,,ORG:105581
Group55 Limited,04613458,register,GROUP55 LIMITED,active,2025-12-31,2026-09-30,accounts-with-accounts-type-full,full,18037084,text,yes,xhtml,https://find-and-update.company-information.service.gov.uk/company/04613458/filing-history,0,,ORG:108511
Groupe SEB UK Limited,01450244,register,GROUPE SEB UK LIMITED,active,2025-12-31,2026-06-09,accounts-with-accounts-type-full,full,,,likely,pdf (not read),https://find-and-update.company-information.service.gov.uk/company/01450244/filing-history,0,,ORG:104650
GROVE DAIRY LTD,NI641620,register,GROVE DAIRY LTD,active,2025-12-31,2026-07-29,accounts-with-accounts-type-unaudited-abridged,small,,,unknown,xhtml,https://find-and-update.company-information.service.gov.uk/company/NI641620/filing-history,0,,ORG:111267
Groves Of Thame (Holdings) Ltd,08872232,register,GROVES OF THAME (HOLDINGS) LIMITED,active,2025-06-30,2026-04-07,accounts-with-accounts-type-group,group,62995315,text,yes,xhtml,https://find-and-update.company-information.service.gov.uk/company/08872232/filing-history,2,,ORG:116849
Grovewell Garden Centres Ltd,06293326,register,GROVEWELL GARDEN CENTRES LIMITED,active,2026-01-31,2026-08-14,accounts-with-accounts-type-group,group,13980188,text,yes,xhtml,https://find-and-update.company-information.service.gov.uk/company/06293326/filing-history,0,,ORG:106721
Growth Technology Limited,02766792,register,GROWTH TECHNOLOGY LIMITED,active,2025-06-30,2026-02-23,accounts-with-accounts-type-full,full,,,likely,pdf (not read),https://find-and-update.company-information.service.gov.uk/company/02766792/filing-history,0,,ORG:108414
GRS BUILDING PRODUCTS LIMITED,03916174,register,GRS BUILDING PRODUCTS LIMITED,active,2025-01-31,2025-10-27,accounts-with-accounts-type-full,full,,,likely,pdf (not read),https://find-and-update.company-information.service.gov.uk/company/03916174/filing-history,0,,ORG:104620
Grundfos Pumps Limited,00805960,register,GRUNDFOS PUMPS LIMITED,active,2024-12-31,2025-12-22,accounts-with-accounts-type-full,full,,,likely,pdf (not read),https://find-and-update.company-information.service.gov.uk/company/00805960/filing-history,2,,ORG:105606
Grunenthal Meds UK Ltd,SC742341,register,GRUNENTHAL MEDS UK LTD,active,2025-12-31,2026-06-18,accounts-with-accounts-type-full,full,,,likely,pdf (not read),https://find-and-update.company-information.service.gov.uk/company/SC742341/filing-history,0,,ORG:116907
Grupo Antolin Leamington Limited,03477767,register,GRUPO ANTOLIN LEAMINGTON LIMITED,active,2025-12-31,2026-08-18,accounts-with-accounts-type-full,full,,,likely,pdf (not read),https://find-and-update.company-information.service.gov.uk/company/03477767/filing-history,0,,ORG:103843
GRUPO BIMBO UK LIMITED,04571039,register,GRUPO BIMBO UK LIMITED,active,2024-12-31,2025-11-12,accounts-with-accounts-type-full,full,,,likely,pdf (not read),https://find-and-update.company-information.service.gov.uk/company/04571039/filing-history,2,,ORG:100997
GS Yuasa Battery Europe Limited,04387136,register,GS YUASA BATTERY EUROPE LIMITED,active,2025-03-31,2025-12-27,accounts-with-accounts-type-full,full,,,likely,pdf (not read),https://find-and-update.company-information.service.gov.uk/company/04387136/filing-history,2,,ORG:107121
GSF CAR PARTS LIMITED,01779084,register,GSF CAR PARTS LIMITED,active,2024-12-31,2025-09-30,accounts-with-accounts-type-audit-exemption-subsiduary,subsidiary,,,unknown,pdf (not read),https://find-and-update.company-information.service.gov.uk/company/01779084/filing-history,0,,ORG:107410
Gtek Foods Limited,06503594,register,GTEK FOODS LIMITED,active,2025-12-31,2026-07-28,accounts-with-accounts-type-full,full,,,likely,pdf (not read),https://find-and-update.company-information.service.gov.uk/company/06503594/filing-history,0,,ORG:100771
Gu Indulgent Foods Limited,07104090,register,GU INDULGENT FOODS LIMITED,active,2025-10-03,2026-06-22,accounts-with-accounts-type-full,full,,,likely,pdf (not read),https://find-and-update.company-information.service.gov.uk/company/07104090/filing-history,0,,ORG:103434
Guala Closures U.K. Ltd,SC043087,register,GUALA CLOSURES U.K. LIMITED,active,2025-12-31,2026-09-23,accounts-with-accounts-type-full,full,,,likely,pdf (not read),https://find-and-update.company-information.service.gov.uk/company/SC043087/filing-history,1,,ORG:102569
Guardian Glass UK Ltd,08288067,register,GUARDIAN GLASS UK LIMITED,active,2025-12-31,2026-08-06,accounts-with-accounts-type-small,small,,,unknown,pdf (not read),https://find-and-update.company-information.service.gov.uk/company/08288067/filing-history,0,,ORG:114393
Guardian Industries U.K. Ltd,04139456,register,GUARDIAN INDUSTRIES U.K. LIMITED,active,2025-12-31,2026-08-09,accounts-with-accounts-type-full,full,,,likely,pdf (not read),https://find-and-update.company-information.service.gov.uk/company/04139456/filing-history,0,,ORG:111055
Gucci Ltd,00710688,register,GUCCI LIMITED,active,2025-12-31,2026-10-06,accounts-with-accounts-type-full,full,,,likely,pdf (not read),https://find-and-update.company-information.service.gov.uk/company/00710688/filing-history,0,,ORG:105209
Guenther Bakeries UK Limited,05359892,register,GUENTHER BAKERIES UK LIMITED,active,2025-03-29,2025-12-02,accounts-with-accounts-type-full,full,,,likely,pdf (not read),https://find-and-update.company-information.service.gov.uk/company/05359892/filing-history,0,,ORG:107865
Guerlain Ltd,00317311,register,GUERLAIN LIMITED,active,2025-12-31,2026-09-21,accounts-with-accounts-type-full,full,,,likely,pdf (not read),https://find-and-update.company-information.service.gov.uk/company/00317311/filing-history,0,,ORG:115859
Guess U.K. Ltd,05304239,register,GUESS U.K. LIMITED,active,2026-01-31,2026-09-22,accounts-with-accounts-type-full,full,25868085,text,yes,xhtml,https://find-and-update.company-information.service.gov.uk/company/05304239/filing-history,0,,ORG:116404
GUSBOURNE ESTATE LIMITED,07665948,register,GUSBOURNE ESTATE LIMITED,active,2025-12-30,2026-07-26,accounts-with-accounts-type-full,full,,,likely,pdf (not read),https://find-and-update.company-information.service.gov.uk/company/07665948/filing-history,0,,ORG:106857
Guylian (UK) Ltd,04058815,register,GUYLIAN (UK) LTD,active,2025-12-31,2026-04-19,accounts-with-accounts-type-full,full,,,likely,pdf (not read),https://find-and-update.company-information.service.gov.uk/company/04058815/filing-history,0,,ORG:100184
Gwalia Healthcare Ltd,09421356,register,GWALIA HEALTHCARE LIMITED,active,2025-04-30,2026-01-30,accounts-with-accounts-type-full,full,9094847,text,yes,xhtml,https://find-and-update.company-information.service.gov.uk/company/09421356/filing-history,0,,ORG:100544
Gwynt Y Ddraig Cider Ltd,05159926,register,GWYNT Y DDRAIG CIDER LTD,active,2025-06-30,2025-11-06,accounts-with-accounts-type-total-exemption-full,small,,,unknown,xhtml,https://find-and-update.company-information.service.gov.uk/company/05159926/filing-history,0,,ORG:114590
GXO Logistics Drinks Ltd,05761433,register,GXO LOGISTICS DRINKS LIMITED,active,2024-12-31,2025-10-06,accounts-with-accounts-type-full,full,,,likely,pdf (not read),https://find-and-update.company-information.service.gov.uk/company/05761433/filing-history,0,,ORG:103163
GXO Logistics FST Ltd,12306472,register,GXO LOGISTICS FST LIMITED,active,2024-12-31,2025-10-06,accounts-with-accounts-type-full,full,,,likely,pdf (not read),https://find-and-update.company-information.service.gov.uk/company/12306472/filing-history,0,,ORG:103174
GXO Logistics UK Ltd,SC037270,register,GXO LOGISTICS UK LIMITED,active,2024-12-31,2025-10-10,accounts-with-accounts-type-full,full,,,likely,pdf (not read),https://find-and-update.company-information.service.gov.uk/company/SC037270/filing-history,0,,ORG:103152
GYMAX LIMITED,10713300,register,GYMAX LIMITED,active,2025-04-30,2026-01-29,accounts-with-accounts-type-total-exemption-full,small,,,unknown,xhtml,https://find-and-update.company-information.service.gov.uk/company/10713300/filing-history,0,,ORG:115765
Gymshark Ltd,08130873,register,GYMSHARK LTD,active,2025-07-31,2026-05-10,accounts-with-accounts-type-full,full,,,likely,pdf (not read),https://find-and-update.company-information.service.gov.uk/company/08130873/filing-history,0,,ORG:101821
H & B Supplies Limited,03558798,register,H & B SUPPLIES LIMITED,active,2025-12-31,2026-09-16,accounts-with-accounts-type-full,full,,,likely,pdf (not read),https://find-and-update.company-information.service.gov.uk/company/03558798/filing-history,0,,ORG:100362
H & K Distribution Limited,05714097,register,H & K DISTRIBUTION LIMITED,active,2025-12-30,2026-08-13,accounts-with-accounts-type-full,full,,,likely,pdf (not read),https://find-and-update.company-information.service.gov.uk/company/05714097/filing-history,0,,ORG:107461
H C SLINGSBY P L C,00452716,register,H C SLINGSBY P L C,active,2025-12-31,2026-06-24,accounts-with-accounts-type-group,group,,,likely,pdf (not read),https://find-and-update.company-information.service.gov.uk/company/00452716/filing-history,1,,ORG:105749
H G Walter Limited,07632944,register,H G WALTER LIMITED,active,2025-09-30,2026-05-08,accounts-with-accounts-type-full,full,55618011,ixbrl,yes,xhtml,https://find-and-update.company-information.service.gov.uk/company/07632944/filing-history,0,,ORG:116181
H H ASSOCIATES LIMITED,02671533,register,H H ASSOCIATES LIMITED,active,2025-03-31,2025-12-09,accounts-with-accounts-type-audit-exemption-subsiduary,subsidiary,,,unknown,pdf (not read),https://find-and-update.company-information.service.gov.uk/company/02671533/filing-history,0,,ORG:111776
H MART EUROPE LIMITED,06879552,register,H MART EUROPE LIMITED,active,2024-12-31,2025-12-23,accounts-with-accounts-type-full,full,,,likely,pdf (not read),https://find-and-update.company-information.service.gov.uk/company/06879552/filing-history,0,,ORG:105410
H N Nuttall Limited,00362138,register,H.N.NUTTALL LIMITED,active,2025-09-30,2026-09-30,accounts-with-accounts-type-total-exemption-full,,,,,,https://find-and-update.company-information.service.gov.uk/company/00362138/filing-history,0,"ProxyError: HTTPSConnectionPool(host='s3.eu-west-2.amazonaws.com', port=443): Max retries exceeded with url: /document-api-images-live.ch.gov.uk/docs/mC7X3ZLeros85pf4267A_zZVfWTI6GGW9teZCEmwc3I/application-xhtml%252Bxml?X-Amz-Algorithm=AWS4-HMAC-SHA256&X-Amz-Credential=ASIAWRGBDBV3KHOESNCX%2F20261008%2Feu-west-2%2Fs3%2Faws4_request&X-Amz-Date=20261008T115111Z&X-Amz-Expires=60&X-Amz-Security-Token=IQoJb3JpZ2luX2VjEFoaCWV1LXdlc3QtMiJHMEUCIEWSkqzs42IdOBBSO%2BGfrK46onMncAlQAK1KQt3SBjmFAiEA%2F52obvPwxqiSN187ymdfHumFQ3Us0OKZiPI29ohGbvQqgQQIIhAFGgw0NDkyMjkwMzI4MjIiDOsbrigtviVNWFmjWyreA5WXa7iisGoRhb1HXz7ekmq%2BvAQ8%2Bqy8Mfh6fzbRabZgEoiMQmNlTdfey6xiB07y%2Bj9zn0P6tld%2F7RewqIqDCy5jzdawftAGsvOHgYKPs6GAnHsBgta2N2L%2FkBOZz9cHNdQKYUqDF%2FYSMM5SKoEOT9gOHrXEbQenk%2F7pH4A7Lcv6SusTodaOMP9aQMUmfAeFWz03tsKILutTZD8ypeYs%2BH7wZYF8s39%2B9AISh8U3MmfSTDgZvwSg8r9XEBbUkWw4dwMtythQMpsyYQF2T9qu5scDxQ2X6oOqkjj%2Bcv2keqt84VfvlHUxl0LN%2Bl9%2Ftd%2Fdet%2FOtkCSqEizooObNloJgSmi73LnJZVjWNtStPwWxQDELNSSEILH6R5AiRkI6T1FBiO8h7nwPqjAWX%2FLfZnxqkRkt3l2KWw0p0R0qc1hDXoSAWLDDftz0rxzPdAgWnJ7CKO31Q8zXjtMJeteLsSGPvZCO7GcPvsZzVW%2F2IvoAqEz2%2Bhc%2BU6cwodfvtWeZhUbkP4xHrwIjax257M91O4DDj32cwNNLaC4VHIsxuXudd9uHcD9a2ias2U9KzHeZV3isjjccE8JyPVoFzzROtzQnQMacYuge%2B5Fi1uYojimAaz4LCYssz6WLvQ%2FdGjqKf0wps%2Bd1gY6pQHPrB33lCic95GPE8CGu7nLrKBqB1P4%2FeaFwo0PAMpb446w1KrZD1tt%2F7u4CnUN%2FmWgHhCJcIRSgbxrPCw2bfJWUiCUTTdj5Te3Q9wbjMz6TY%2B3hipR2XkKrDFUmasiPUusVCFs3OewYcSmnWNIgeqHz5VytB3CwNmbQ%2B9u0gEqynR8vEqh2Y0uAK9kuuW9TznS%2FBg6qBv0Z6DwLN8ujsB87RsQkeo%3D&X-Amz-SignedHeaders=host&response-content-disposition=inline%3Bfilename%3D%22companies_house_document.xhtml%22&X-Amz-Signature=02f92a63232cffbb0544663889600a46e1e00c4895c86dac0db79232ae5909f1 (Caused by ProxyError('Unable to connect to proxy', RemoteDisconnected('Remote end closed connection without response')))",ORG:104508
H Young Holdings Plc,00194944,register,H YOUNG HOLDINGS PUBLIC LIMITED COMPANY,active,2025-12-31,2026-07-05,accounts-with-accounts-type-group,group,,,likely,pdf (not read),https://find-and-update.company-information.service.gov.uk/company/00194944/filing-history,2,,ORG:100232
H&M HENNES & MAURITZ UK LIMITED,01413450,register,H&M HENNES & MAURITZ UK LIMITED,active,2024-11-30,2025-12-08,accounts-with-accounts-type-full,full,,,likely,pdf (not read),https://find-and-update.company-information.service.gov.uk/company/01413450/filing-history,0,,ORG:101481
H&M HENNES & MAURITZ UK SERVICES LIMITED,12117130,register,H&M HENNES & MAURITZ UK SERVICES LIMITED,active,2025-11-30,2026-09-08,accounts-with-accounts-type-full,full,,,likely,pdf (not read),https://find-and-update.company-information.service.gov.uk/company/12117130/filing-history,0,,ORG:106076
H&R Chempharm (UK) Limited,05641816,register,H&R CHEMPHARM (UK) LIMITED,active,2025-12-31,2026-05-16,accounts-with-accounts-type-full,full,,,likely,pdf (not read),https://find-and-update.company-information.service.gov.uk/company/05641816/filing-history,0,,ORG:106984
H+H UK LIMITED,00247647,register,H+H UK LIMITED,active,2025-12-31,2026-09-11,accounts-with-accounts-type-full,full,100635000,text,yes,xhtml,https://find-and-update.company-information.service.gov.uk/company/00247647/filing-history,0,,ORG:101125
H-PACK Packaging UK Ltd,10489209,register,H-PACK PACKAGING UK LTD,active,2025-12-31,2026-03-24,accounts-with-accounts-type-full,full,26145002,ixbrl,yes,xhtml,https://find-and-update.company-information.service.gov.uk/company/10489209/filing-history,0,,ORG:112475
H. BUTTERFIELD LIMITED,00317566,register,H. BUTTERFIELD LIMITED,active,2025-12-31,2026-09-17,accounts-with-accounts-type-medium,medium,,,likely,pdf (not read),https://find-and-update.company-information.service.gov.uk/company/00317566/filing-history,0,,ORG:108237
H.B. FOOD SERVICES LTD,04160293,register,H.B. FOOD SERVICES LTD,active,2025-03-31,2025-09-12,accounts-with-accounts-type-unaudited-abridged,small,,,unknown,xhtml,https://find-and-update.company-information.service.gov.uk/company/04160293/filing-history,0,,ORG:116910
H.B. Fuller U.K. Manufacturing Ltd,04180340,register,H.B. FULLER U.K. MANUFACTURING LIMITED,active,2025-11-29,2026-08-14,accounts-with-accounts-type-full,full,,,likely,pdf (not read),https://find-and-update.company-information.service.gov.uk/company/04180340/filing-history,1,,ORG:100393
H.Bauer Publishing Limited,02147090,register,H.BAUER PUBLISHING LIMITED,active,2025-12-31,2026-10-02,accounts-with-accounts-type-small,small,,,unknown,pdf (not read),https://find-and-update.company-information.service.gov.uk/company/02147090/filing-history,1,,ORG:111273
H.G. Gladwell & Sons Limited,00655853,register,H.G. GLADWELL & SONS LIMITED,active,2025-03-31,2025-09-25,accounts-with-accounts-type-full,full,35844398,ixbrl,yes,xhtml,https://find-and-update.company-information.service.gov.uk/company/00655853/filing-history,0,,ORG:103435
H.G. Stephenson Ltd,00065741,register,H.G. STEPHENSON LIMITED,active,2025-01-31,2025-11-03,accounts-with-accounts-type-full,full,28031054,text,yes,xhtml,https://find-and-update.company-information.service.gov.uk/company/00065741/filing-history,0,,ORG:108625
H.GEDDES & SONS LIMITED,00458436,register,H.GEDDES & SONS LIMITED,active,2025-04-30,2025-07-29,accounts-with-accounts-type-total-exemption-full,small,,,unknown,xhtml,https://find-and-update.company-information.service.gov.uk/company/00458436/filing-history,0,,ORG:101897
H.I.WELDRICK LIMITED,00623420,register,H.I.WELDRICK LIMITED,active,2025-04-30,2026-04-21,accounts-with-accounts-type-full,full,76422513,text,yes,xhtml,https://find-and-update.company-information.service.gov.uk/company/00623420/filing-history,0,,ORG:112707
H.J. Heinz Foods UK Limited,08322668,register,H.J. HEINZ FOODS UK LIMITED,active,2025-12-27,2026-07-09,accounts-with-accounts-type-full,full,,,likely,pdf (not read),https://find-and-update.company-information.service.gov.uk/company/08322668/filing-history,0,,ORG:102909
H.J. Heinz Manufacturing UK Limited,00147624,register,H.J. HEINZ MANUFACTURING UK LIMITED,active,2025-12-27,2026-07-09,accounts-with-accounts-type-full,full,,,likely,pdf (not read),https://find-and-update.company-information.service.gov.uk/company/00147624/filing-history,0,,ORG:102568
H.J. Langdon & Co (UK) Limited,02562825,register,H.J. LANGDON & CO (UK) LIMITED,active,2025-06-30,2026-03-27,accounts-with-accounts-type-small,small,,,unknown,xhtml,https://find-and-update.company-information.service.gov.uk/company/02562825/filing-history,0,,ORG:100126
H.L. Hutchinson Ltd,00446633,register,H.L. HUTCHINSON LIMITED,active,2025-12-31,2026-10-05,accounts-with-accounts-type-group,group,,,likely,pdf (not read),https://find-and-update.company-information.service.gov.uk/company/00446633/filing-history,0,,ORG:100609
H.M.G Powder Coatings Ltd,NI021911,register,H.M.G. POWDER COATINGS LIMITED,active,2024-12-31,2025-11-19,accounts-with-accounts-type-audit-exemption-subsiduary,subsidiary,,,unknown,pdf (not read),https://find-and-update.company-information.service.gov.uk/company/NI021911/filing-history,0,,ORG:108609
H.S.Jackson & Son (Fencing) Ltd,00910291,register,H.S.JACKSON & SON(FENCING)LIMITED,active,2025-09-30,2026-06-24,accounts-with-accounts-type-group,,,,,,https://find-and-update.company-information.service.gov.uk/company/00910291/filing-history,1,"ProxyError: HTTPSConnectionPool(host='s3.eu-west-2.amazonaws.com', port=443): Max retries exceeded with url: /document-api-images-live.ch.gov.uk/docs/hCpT3FbTswECH5pNN1LOktpgY-OK-s1RnHxRUpfCRec/application-xhtml%252Bxml?X-Amz-Algorithm=AWS4-HMAC-SHA256&X-Amz-Credential=ASIAWRGBDBV3KHOESNCX%2F20261008%2Feu-west-2%2Fs3%2Faws4_request&X-Amz-Date=20261008T115154Z&X-Amz-Expires=60&X-Amz-Security-Token=IQoJb3JpZ2luX2VjEFoaCWV1LXdlc3QtMiJHMEUCIEWSkqzs42IdOBBSO%2BGfrK46onMncAlQAK1KQt3SBjmFAiEA%2F52obvPwxqiSN187ymdfHumFQ3Us0OKZiPI29ohGbvQqgQQIIhAFGgw0NDkyMjkwMzI4MjIiDOsbrigtviVNWFmjWyreA5WXa7iisGoRhb1HXz7ekmq%2BvAQ8%2Bqy8Mfh6fzbRabZgEoiMQmNlTdfey6xiB07y%2Bj9zn0P6tld%2F7RewqIqDCy5jzdawftAGsvOHgYKPs6GAnHsBgta2N2L%2FkBOZz9cHNdQKYUqDF%2FYSMM5SKoEOT9gOHrXEbQenk%2F7pH4A7Lcv6SusTodaOMP9aQMUmfAeFWz03tsKILutTZD8ypeYs%2BH7wZYF8s39%2B9AISh8U3MmfSTDgZvwSg8r9XEBbUkWw4dwMtythQMpsyYQF2T9qu5scDxQ2X6oOqkjj%2Bcv2keqt84VfvlHUxl0LN%2Bl9%2Ftd%2Fdet%2FOtkCSqEizooObNloJgSmi73LnJZVjWNtStPwWxQDELNSSEILH6R5AiRkI6T1FBiO8h7nwPqjAWX%2FLfZnxqkRkt3l2KWw0p0R0qc1hDXoSAWLDDftz0rxzPdAgWnJ7CKO31Q8zXjtMJeteLsSGPvZCO7GcPvsZzVW%2F2IvoAqEz2%2Bhc%2BU6cwodfvtWeZhUbkP4xHrwIjax257M91O4DDj32cwNNLaC4VHIsxuXudd9uHcD9a2ias2U9KzHeZV3isjjccE8JyPVoFzzROtzQnQMacYuge%2B5Fi1uYojimAaz4LCYssz6WLvQ%2FdGjqKf0wps%2Bd1gY6pQHPrB33lCic95GPE8CGu7nLrKBqB1P4%2FeaFwo0PAMpb446w1KrZD1tt%2F7u4CnUN%2FmWgHhCJcIRSgbxrPCw2bfJWUiCUTTdj5Te3Q9wbjMz6TY%2B3hipR2XkKrDFUmasiPUusVCFs3OewYcSmnWNIgeqHz5VytB3CwNmbQ%2B9u0gEqynR8vEqh2Y0uAK9kuuW9TznS%2FBg6qBv0Z6DwLN8ujsB87RsQkeo%3D&X-Amz-SignedHeaders=host&response-content-disposition=inline%3Bfilename%3D%2200910291_aa_2026-06-24.xhtml%22&X-Amz-Signature=5193fb08dbce6949ac187fc42e1602117e41e4733102d6535b300efa2478c0fb (Caused by ProxyError('Unable to connect to proxy', RemoteDisconnected('Remote end closed connection without response')))",ORG:102312
H.TEMPEST LIMITED,00374510,register,H.TEMPEST LIMITED,active,2025-12-31,2026-09-18,accounts-with-accounts-type-full,full,32762866,ixbrl,yes,xhtml,https://find-and-update.company-information.service.gov.uk/company/00374510/filing-history,0,,ORG:104415
H.Weston & Sons Limited,00672234,register,H.WESTON & SONS LIMITED,active,2025-03-31,2025-12-23,accounts-with-accounts-type-full,full,111520871,text,yes,xhtml,https://find-and-update.company-information.service.gov.uk/company/00672234/filing-history,0,,ORG:100080
H2 Portes Topco Ltd,10900918,register,H2 PORTES TOPCO LIMITED,active,2025-03-31,2026-01-07,accounts-with-accounts-type-group,group,,,likely,pdf (not read),https://find-and-update.company-information.service.gov.uk/company/10900918/filing-history,2,,ORG:101916
HABASIT (UK) LIMITED,03712188,register,HABASIT (UK) LIMITED,active,2025-12-31,2026-06-25,accounts-with-accounts-type-full,full,28030000,text,yes,xhtml,https://find-and-update.company-information.service.gov.uk/company/03712188/filing-history,0,,ORG:103845
Hach Lange Ltd,01029281,register,HACH LANGE LTD,active,2025-12-31,2026-10-01,accounts-with-accounts-type-full,full,,,likely,pdf (not read),https://find-and-update.company-information.service.gov.uk/company/01029281/filing-history,0,,ORG:105678
Hachette Partworks Ltd,03642341,register,HACHETTE PARTWORKS LIMITED,active,2025-12-31,2026-08-07,accounts-with-accounts-type-medium,medium,,,likely,pdf (not read),https://find-and-update.company-information.service.gov.uk/company/03642341/filing-history,0,,ORG:103748
Hachette UK (Holdings) Limited,03701589,register,HACHETTE UK (HOLDINGS) LIMITED,active,2025-12-31,2026-09-16,accounts-with-accounts-type-full,full,,,likely,pdf (not read),https://find-and-update.company-information.service.gov.uk/company/03701589/filing-history,6,,ORG:103820
Hacker UK Limited,01512032,register,HACKER UK LIMITED,active,2024-12-31,2025-09-29,accounts-with-accounts-type-small,small,,,unknown,xhtml,https://find-and-update.company-information.service.gov.uk/company/01512032/filing-history,0,,ORG:103262
Hackney Gelato Limited,10940084,register,HACKNEY GELATO LIMITED,active,2025-08-31,2026-05-14,accounts-with-accounts-type-total-exemption-full,small,,,unknown,xhtml,https://find-and-update.company-information.service.gov.uk/company/10940084/filing-history,0,,ORG:115840
Hadley Industries Holdings Limited,00831538,register,HADLEY INDUSTRIES HOLDINGS LIMITED,active,2025-04-30,2025-10-09,accounts-with-accounts-type-full,full,,,likely,pdf (not read),https://find-and-update.company-information.service.gov.uk/company/00831538/filing-history,0,,ORG:103699
Haemmerlin Limited,01943934,register,HAEMMERLIN LIMITED,active,2025-12-31,2026-09-29,accounts-with-accounts-type-full,full,7746168,ixbrl,yes,xhtml,https://find-and-update.company-information.service.gov.uk/company/01943934/filing-history,0,,ORG:102651
HAFELE U.K. LIMITED,01486136,register,HAFELE U.K. LIMITED,active,2025-12-31,2026-09-14,accounts-with-accounts-type-full,full,,,likely,pdf (not read),https://find-and-update.company-information.service.gov.uk/company/01486136/filing-history,0,,ORG:108105
Hager UK Ltd,03201490,register,HAGER UK LIMITED,active,2025-12-31,2026-09-25,accounts-with-accounts-type-group,group,,,likely,pdf (not read),https://find-and-update.company-information.service.gov.uk/company/03201490/filing-history,1,,ORG:108637
HAGUE PRINT MEDIA SUPPLIES LIMITED,02984490,register,HAGUE PRINT MEDIA SUPPLIES LIMITED,active,2025-12-31,2026-09-23,accounts-with-accounts-type-group,group,,,likely,pdf (not read),https://find-and-update.company-information.service.gov.uk/company/02984490/filing-history,3,,ORG:115922
Haier HVAC Solutions UK Ltd,09225277,register,HAIER HVAC SOLUTIONS UK LTD,active,2025-12-31,2026-09-28,accounts-with-accounts-type-small,small,,,unknown,pdf (not read),https://find-and-update.company-information.service.gov.uk/company/09225277/filing-history,0,,ORG:100058
Haier Smart Home UK & I Ltd,02521528,register,HAIER SMART HOME UK & I LTD,active,2024-12-31,2026-01-19,accounts-with-accounts-type-full,full,,,likely,pdf (not read),https://find-and-update.company-information.service.gov.uk/company/02521528/filing-history,0,,ORG:103881
Hain Celestial UK Limited,07958787,register,HAIN CELESTIAL UK LIMITED,active,2025-06-30,2026-02-25,accounts-with-accounts-type-full,full,,,likely,pdf (not read),https://find-and-update.company-information.service.gov.uk/company/07958787/filing-history,2,,ORG:115042
Hain Frozen Foods UK Limited,05830980,register,HAIN FROZEN FOODS UK LIMITED,active,2025-06-30,2026-02-25,accounts-with-accounts-type-full,full,,,likely,pdf (not read),https://find-and-update.company-information.service.gov.uk/company/05830980/filing-history,0,,ORG:104802
Hair Tools Ltd,03115652,register,HAIR TOOLS LIMITED,active,2025-12-31,2026-07-02,accounts-with-accounts-type-total-exemption-full,small,,,unknown,xhtml,https://find-and-update.company-information.service.gov.uk/company/03115652/filing-history,0,,ORG:103741
Haldane Fisher Limited,NI024075,register,HALDANE FISHER LIMITED,active,2025-12-31,2026-09-18,accounts-with-accounts-type-group,group,,,likely,pdf (not read),https://find-and-update.company-information.service.gov.uk/company/NI024075/filing-history,0,,ORG:102934
Haleon UK Trading Limited,09237643,register,HALEON UK TRADING LIMITED,active,2024-12-31,2026-02-18,accounts-with-accounts-type-full,full,,,likely,pdf (not read),https://find-and-update.company-information.service.gov.uk/company/09237643/filing-history,0,,ORG:106798
HALF MOON BAY LIMITED,03129562,register,HALF MOON BAY LIMITED,active,2025-12-31,2026-09-14,accounts-with-accounts-type-total-exemption-full,small,,,unknown,xhtml,https://find-and-update.company-information.service.gov.uk/company/03129562/filing-history,0,,ORG:104912
Halfords Group PLC,04457314,register,HALFORDS GROUP PLC,active,2026-04-03,2026-09-18,accounts-with-accounts-type-group,group,,,likely,pdf (not read),https://find-and-update.company-information.service.gov.uk/company/04457314/filing-history,0,,ORG:106832
Hall & Associates (Marketing) Ltd,02238331,register,HALL & ASSOCIATES (MARKETING) LTD,active,2025-12-31,2026-07-14,accounts-with-accounts-type-medium,medium,12254877,ixbrl,yes,xhtml,https://find-and-update.company-information.service.gov.uk/company/02238331/filing-history,0,,ORG:102535
Hall & Pickles 1812 Limited,03162309,register,HALL & PICKLES 1812 LIMITED,active,2025-05-31,2026-02-12,accounts-with-accounts-type-full,full,,,likely,pdf (not read),https://find-and-update.company-information.service.gov.uk/company/03162309/filing-history,0,,ORG:105280
Hall & Roberts (Holdings) Limited,11233867,register,HALL & ROBERTS (HOLDINGS) LIMITED,active,2025-03-31,2025-12-15,accounts-with-accounts-type-group,group,17365508,text,yes,xhtml,https://find-and-update.company-information.service.gov.uk/company/11233867/filing-history,2,,ORG:102218
Hall and Woodhouse Limited,00057696,register,HALL & WOODHOUSE LIMITED,active,2026-01-31,2026-09-08,accounts-with-accounts-type-group,group,,,likely,pdf (not read),https://find-and-update.company-information.service.gov.uk/company/00057696/filing-history,0,,ORG:106748
Hallgarten Wines Ltd,00432433,register,"HALLGARTEN WINES,LIMITED",active,2025-03-31,2026-01-04,accounts-with-accounts-type-full,full,,,likely,pdf (not read),https://find-and-update.company-information.service.gov.uk/company/00432433/filing-history,0,,ORG:100762
Halliburton Manufacturing and Services Limited,00611451,register,HALLIBURTON MANUFACTURING AND SERVICES LIMITED,active,2024-12-31,2025-09-02,accounts-with-accounts-type-full,full,,,likely,pdf (not read),https://find-and-update.company-information.service.gov.uk/company/00611451/filing-history,0,,ORG:100707
Hallis-Hudson Group Limited,01290285,register,HALLIS-HUDSON GROUP LIMITED,active,2025-12-31,2026-09-25,accounts-with-accounts-type-medium,medium,,,likely,pdf (not read),https://find-and-update.company-information.service.gov.uk/company/01290285/filing-history,0,,ORG:117232
HALLITE SEALS INTERNATIONAL LIMITED,00310223,register,HALLITE SEALS INTERNATIONAL LIMITED,active,2025-12-31,2026-09-30,accounts-with-accounts-type-full,full,,,likely,pdf (not read),https://find-and-update.company-information.service.gov.uk/company/00310223/filing-history,0,,ORG:105703
Hallmark Cards Plc,03414540,register,HALLMARK CARDS PLC,active,2025-12-31,2026-08-27,accounts-with-accounts-type-full,full,,,likely,pdf (not read),https://find-and-update.company-information.service.gov.uk/company/03414540/filing-history,0,,ORG:100839
HALLMARK CONSUMER SERVICES LIMITED,02695475,register,HALLMARK CONSUMER SERVICES LIMITED,active,2025-03-31,2025-12-22,accounts-with-accounts-type-total-exemption-full,small,,,unknown,xhtml,https://find-and-update.company-information.service.gov.uk/company/02695475/filing-history,0,,ORG:101733
Hallmark Labels,,,,,,,,,,,,,,0,no Companies House number in register and no exact name match,ORG:117043
HALLS FURNISHINGS LTD,05070872,register,HALLS FURNISHINGS LTD,active,2025-09-30,2026-03-29,accounts-with-accounts-type-full,full,26590626,ixbrl,yes,xhtml,https://find-and-update.company-information.service.gov.uk/company/05070872/filing-history,0,,ORG:105804
Halma Public Limited Company,00040932,register,HALMA PUBLIC LIMITED COMPANY,active,2026-03-31,2026-08-17,accounts-with-accounts-type-group,group,,,likely,pdf (not read),https://find-and-update.company-information.service.gov.uk/company/00040932/filing-history,28,,ORG:114290
Halo Foods Ltd,02411911,register,HALO FOODS LIMITED,active,2024-12-31,2025-09-19,accounts-with-accounts-type-full,full,,,likely,pdf (not read),https://find-and-update.company-information.service.gov.uk/company/02411911/filing-history,0,,ORG:104611
Haltermann Carless UK Limited,00429315,register,HALTERMANN CARLESS UK LIMITED,active,2024-12-31,2025-08-13,accounts-with-accounts-type-full,full,,,likely,pdf (not read),https://find-and-update.company-information.service.gov.uk/company/00429315/filing-history,0,,ORG:107498
Hamble Distribution Ltd,SC076058,register,HAMBLE DISTRIBUTION LIMITED,active,2025-12-31,2026-04-22,accounts-with-accounts-type-medium,medium,,,likely,pdf (not read),https://find-and-update.company-information.service.gov.uk/company/SC076058/filing-history,0,,ORG:100693
Hambleside Danelaw Limited,01252230,register,HAMBLESIDE DANELAW LIMITED,active,2025-12-31,2026-05-19,accounts-with-accounts-type-full,full,15777246,ixbrl,yes,xhtml,https://find-and-update.company-information.service.gov.uk/company/01252230/filing-history,0,,ORG:105140
Hamelin Brands Limited,05680323,register,HAMELIN BRANDS LIMITED,active,2025-12-31,2026-09-22,accounts-with-accounts-type-group,group,,,likely,pdf (not read),https://find-and-update.company-information.service.gov.uk/company/05680323/filing-history,0,,ORG:100936
Hameln Pharma Ltd,01034697,register,HAMELN PHARMA LTD,active,2025-12-31,2026-07-20,accounts-with-accounts-type-full,full,28612448,ixbrl,yes,xhtml,https://find-and-update.company-information.service.gov.uk/company/01034697/filing-history,0,,ORG:101382
HAMILTON'S FOODHALLS LTD,NI031779,register,HAMILTON'S FOODHALLS LTD,active,2025-04-30,2026-01-28,accounts-with-accounts-type-total-exemption-full,small,,,unknown,xhtml,https://find-and-update.company-information.service.gov.uk/company/NI031779/filing-history,0,,ORG:111314
Hamilton-Schades Labels Limited,15918206,register,HAMILTON - SCHADES LABELS LIMITED,active,2025-12-31,2026-09-29,accounts-with-accounts-type-full,full,12891948,text,yes,xhtml,https://find-and-update.company-information.service.gov.uk/company/15918206/filing-history,0,,ORG:111405
Hamleys of London Limited,02287862,register,HAMLEYS OF LONDON LIMITED,active,2025-12-31,2026-09-14,accounts-with-accounts-type-full,full,,,likely,pdf (not read),https://find-and-update.company-information.service.gov.uk/company/02287862/filing-history,0,,ORG:106683
Hammond Chemicals Limited,00964829,register,HAMMOND CHEMICALS LIMITED,active,2025-12-31,2026-08-19,accounts-with-accounts-type-full,full,,,likely,xhtml,https://find-and-update.company-information.service.gov.uk/company/00964829/filing-history,0,,ORG:100815
Hammond Food Oils Ltd,07045646,register,HAMMOND FOOD OILS LIMITED,active,2025-03-01,2025-11-26,accounts-with-accounts-type-small,small,,,unknown,xhtml,https://find-and-update.company-information.service.gov.uk/company/07045646/filing-history,0,,ORG:117601
Hammond Produce Ltd,03776727,register,HAMMOND PRODUCE LIMITED,active,2025-03-01,2025-11-27,accounts-with-accounts-type-medium,medium,18829603,ixbrl,yes,xhtml,https://find-and-update.company-information.service.gov.uk/company/03776727/filing-history,0,,ORG:103094
Hammonds Furniture Ltd,01320508,register,HAMMONDS FURNITURE LIMITED,active,2025-09-28,2026-06-29,accounts-with-accounts-type-full,full,,,likely,pdf (not read),https://find-and-update.company-information.service.gov.uk/company/01320508/filing-history,0,,ORG:108560
HAMPTON STEEL LIMITED,02627261,register,HAMPTON STEEL LIMITED,active,2025-09-30,2026-06-19,accounts-with-accounts-type-full,full,,,likely,pdf (not read),https://find-and-update.company-information.service.gov.uk/company/02627261/filing-history,0,,ORG:104422
Hana Group UK Limited,10098377,register,HANA GROUP UK LIMITED,active,2025-06-30,2026-06-19,accounts-with-accounts-type-full,full,44716585,ixbrl,yes,xhtml,https://find-and-update.company-information.service.gov.uk/company/10098377/filing-history,0,,ORG:115777
Handmade Speciality Products Limited,07030982,register,HANDMADE SPECIALITY PRODUCTS LIMITED,active,2025-03-31,2025-11-17,accounts-with-accounts-type-small,small,,,unknown,xhtml,https://find-and-update.company-information.service.gov.uk/company/07030982/filing-history,0,,ORG:102024
Hanmere Polythene Ltd,00876107,register,HANMERE POLYTHENE LIMITED,active,2025-03-31,2025-12-04,accounts-with-accounts-type-full,full,,,likely,pdf (not read),https://find-and-update.company-information.service.gov.uk/company/00876107/filing-history,0,,ORG:108120
Hansgrohe Limited,02485328,register,HANSGROHE LIMITED,active,2025-12-31,2026-09-23,accounts-with-accounts-type-full,full,,,likely,pdf (not read),https://find-and-update.company-information.service.gov.uk/company/02485328/filing-history,0,,ORG:101836
Hanson Limited,04626078,register,HANSON LIMITED,active,2025-12-31,2026-09-18,accounts-with-accounts-type-full,full,,,likely,pdf (not read),https://find-and-update.company-information.service.gov.uk/company/04626078/filing-history,0,,ORG:106317
Hanson Plywood Limited,00336717,register,HANSON PLYWOOD LIMITED,active,2025-11-30,2026-05-11,accounts-with-accounts-type-full,full,59367568,ixbrl,yes,xhtml,https://find-and-update.company-information.service.gov.uk/company/00336717/filing-history,0,,ORG:103903
HAPPY PET PRODUCTS LIMITED,04246736,register,HAPPY PET PRODUCTS LIMITED,active,2025-12-31,2026-07-27,accounts-with-accounts-type-small,small,,,unknown,pdf (not read),https://find-and-update.company-information.service.gov.uk/company/04246736/filing-history,0,,ORG:103083
HAPPY PLANTS LIMITED,08757301,register,HAPPY PLANTS LIMITED,active,2025-11-30,2026-07-17,accounts-with-accounts-type-total-exemption-full,small,,,unknown,xhtml,https://find-and-update.company-information.service.gov.uk/company/08757301/filing-history,0,,ORG:107723
Harada Industries (Europe) Limited,02400282,register,HARADA INDUSTRIES (EUROPE) LIMITED,active,2025-12-31,2026-07-28,accounts-with-accounts-type-full,full,,,likely,pdf (not read),https://find-and-update.company-information.service.gov.uk/company/02400282/filing-history,0,,ORG:101201
Harbor Lights Entertainment (UK) Limited,02141131,register,HARBOR LIGHTS ENTERTAINMENT (UK) LIMITED,active,2025-01-02,2025-10-06,accounts-with-accounts-type-full,full,,,likely,pdf (not read),https://find-and-update.company-information.service.gov.uk/company/02141131/filing-history,0,,ORG:105407
HARBRO LIMITED,SC230773,register,HARBRO LIMITED,active,2025-06-30,2026-03-12,accounts-with-accounts-type-full,full,141229000,text,yes,xhtml,https://find-and-update.company-information.service.gov.uk/company/SC230773/filing-history,0,,ORG:117372
Hardroad Limited,07631475,register,HARDROAD LIMITED,active,2025-12-31,2026-10-06,accounts-with-accounts-type-full,full,,,likely,pdf (not read),https://find-and-update.company-information.service.gov.uk/company/07631475/filing-history,4,,ORG:116136
HARKE UK MANAGEMENT LIMITED,13262522,register,HARKE UK & IRELAND LTD,active,2025-12-31,2026-06-19,accounts-with-accounts-type-small,small,,,unknown,pdf (not read),https://find-and-update.company-information.service.gov.uk/company/13262522/filing-history,0,,ORG:117115
Harlech Foodservice Limited,01413059,register,HARLECH FOODSERVICE LIMITED,active,2025-09-30,2026-06-30,accounts-with-accounts-type-group,group,85525586,text,yes,xhtml,https://find-and-update.company-information.service.gov.uk/company/01413059/filing-history,0,,ORG:102145
Harlequinn Limited,03401153,register,HARLEQUINN LIMITED,active,2025-10-31,2026-07-27,accounts-with-accounts-type-total-exemption-full,small,,,unknown,xhtml,https://find-and-update.company-information.service.gov.uk/company/03401153/filing-history,0,,ORG:105641
Harley-Davidson Europe Ltd,02358344,register,HARLEY-DAVIDSON EUROPE LIMITED,active,2025-12-31,2026-09-25,accounts-with-accounts-type-full,full,416578000,ixbrl,yes,xhtml,https://find-and-update.company-information.service.gov.uk/company/02358344/filing-history,0,,ORG:105784
Harleys Corrugated Cases Limited,00880424,register,HARLEYS CORRUGATED CASES LIMITED,active,2025-05-31,2025-11-16,accounts-with-accounts-type-total-exemption-full,small,,,unknown,xhtml,https://find-and-update.company-information.service.gov.uk/company/00880424/filing-history,0,,ORG:101215
Harlow Timber Group Ltd,13794223,register,HARLOW TIMBER GROUP LIMITED,active,2025-06-30,2026-03-24,accounts-with-accounts-type-group,group,,,likely,xhtml,https://find-and-update.company-information.service.gov.uk/company/13794223/filing-history,4,,ORG:106816
Harman International Industries Ltd,01485558,register,HARMAN INTERNATIONAL INDUSTRIES LIMITED,active,2025-12-31,2026-10-02,accounts-amended-with-accounts-type-full,full,,,likely,pdf (not read),https://find-and-update.company-information.service.gov.uk/company/01485558/filing-history,0,,ORG:117040
Harp International Limited,02432294,register,HARP INTERNATIONAL LIMITED,active,2025-12-31,2026-10-07,accounts-with-accounts-type-full,full,,,likely,pdf (not read),https://find-and-update.company-information.service.gov.uk/company/02432294/filing-history,0,,ORG:102561
Harper's Home Mix Ltd,02737188,register,HARPER'S HOME MIX LIMITED,active,2025-06-30,2026-03-31,accounts-with-accounts-type-medium,,,,,,https://find-and-update.company-information.service.gov.uk/company/02737188/filing-history,0,"ProxyError: HTTPSConnectionPool(host='s3.eu-west-2.amazonaws.com', port=443): Max retries exceeded with url: /document-api-images-live.ch.gov.uk/docs/rMG5VYQRyRYGv8TZ-NjRKgZ8W2gsjzhPvb4b4Z6H2_Q/application-xhtml%252Bxml?X-Amz-Algorithm=AWS4-HMAC-SHA256&X-Amz-Credential=ASIAWRGBDBV3KHOESNCX%2F20261008%2Feu-west-2%2Fs3%2Faws4_request&X-Amz-Date=20261008T115424Z&X-Amz-Expires=60&X-Amz-Security-Token=IQoJb3JpZ2luX2VjEFoaCWV1LXdlc3QtMiJHMEUCIEWSkqzs42IdOBBSO%2BGfrK46onMncAlQAK1KQt3SBjmFAiEA%2F52obvPwxqiSN187ymdfHumFQ3Us0OKZiPI29ohGbvQqgQQIIhAFGgw0NDkyMjkwMzI4MjIiDOsbrigtviVNWFmjWyreA5WXa7iisGoRhb1HXz7ekmq%2BvAQ8%2Bqy8Mfh6fzbRabZgEoiMQmNlTdfey6xiB07y%2Bj9zn0P6tld%2F7RewqIqDCy5jzdawftAGsvOHgYKPs6GAnHsBgta2N2L%2FkBOZz9cHNdQKYUqDF%2FYSMM5SKoEOT9gOHrXEbQenk%2F7pH4A7Lcv6SusTodaOMP9aQMUmfAeFWz03tsKILutTZD8ypeYs%2BH7wZYF8s39%2B9AISh8U3MmfSTDgZvwSg8r9XEBbUkWw4dwMtythQMpsyYQF2T9qu5scDxQ2X6oOqkjj%2Bcv2keqt84VfvlHUxl0LN%2Bl9%2Ftd%2Fdet%2FOtkCSqEizooObNloJgSmi73LnJZVjWNtStPwWxQDELNSSEILH6R5AiRkI6T1FBiO8h7nwPqjAWX%2FLfZnxqkRkt3l2KWw0p0R0qc1hDXoSAWLDDftz0rxzPdAgWnJ7CKO31Q8zXjtMJeteLsSGPvZCO7GcPvsZzVW%2F2IvoAqEz2%2Bhc%2BU6cwodfvtWeZhUbkP4xHrwIjax257M91O4DDj32cwNNLaC4VHIsxuXudd9uHcD9a2ias2U9KzHeZV3isjjccE8JyPVoFzzROtzQnQMacYuge%2B5Fi1uYojimAaz4LCYssz6WLvQ%2FdGjqKf0wps%2Bd1gY6pQHPrB33lCic95GPE8CGu7nLrKBqB1P4%2FeaFwo0PAMpb446w1KrZD1tt%2F7u4CnUN%2FmWgHhCJcIRSgbxrPCw2bfJWUiCUTTdj5Te3Q9wbjMz6TY%2B3hipR2XkKrDFUmasiPUusVCFs3OewYcSmnWNIgeqHz5VytB3CwNmbQ%2B9u0gEqynR8vEqh2Y0uAK9kuuW9TznS%2FBg6qBv0Z6DwLN8ujsB87RsQkeo%3D&X-Amz-SignedHeaders=host&response-content-disposition=inline%3Bfilename%3D%22companies_house_document.xhtml%22&X-Amz-Signature=235b4d046831a9c3e7f81e5c3ba16b8b1a2e2aa899ef33047923b052c8877932 (Caused by ProxyError('Unable to connect to proxy', RemoteDisconnected('Remote end closed connection without response')))",ORG:104541
HarperCollins Publishers Limited,SC027389,register,HARPERCOLLINS PUBLISHERS LIMITED,active,2025-06-30,2026-03-16,accounts-with-accounts-type-full,full,,,likely,pdf (not read),https://find-and-update.company-information.service.gov.uk/company/SC027389/filing-history,0,,ORG:108308
HARRIS & BAILEY LIMITED,00129871,register,HARRIS & BAILEY LIMITED,active,2025-03-31,2026-03-31,accounts-with-accounts-type-medium,medium,15298495,ixbrl,yes,xhtml,https://find-and-update.company-information.service.gov.uk/company/00129871/filing-history,0,,ORG:101530
HARRISON BATHROOMS LIMITED,07029876,register,HARRISON BATHROOMS LIMITED,active,2025-12-31,2026-05-20,accounts-with-accounts-type-full,full,,,likely,pdf (not read),https://find-and-update.company-information.service.gov.uk/company/07029876/filing-history,0,,ORG:106676
Harrison Spinks Beds Ltd,00277690,register,HARRISON SPINKS BEDS LTD,active,2025-06-29,2026-03-31,accounts-with-accounts-type-full,full,43635329,text,yes,xhtml,https://find-and-update.company-information.service.gov.uk/company/00277690/filing-history,0,,ORG:111670
Harrod UK Limited,00875029,register,HARROD UK LIMITED,active,2025-12-31,2026-04-18,accounts-with-accounts-type-full,full,,,likely,pdf (not read),https://find-and-update.company-information.service.gov.uk/company/00875029/filing-history,0,,ORG:102570
Harrods Group (Holding) Limited,05990648,register,HARRODS GROUP (HOLDING) LIMITED,active,2026-01-31,2026-08-13,accounts-with-accounts-type-group,group,,,likely,pdf (not read),https://find-and-update.company-information.service.gov.uk/company/05990648/filing-history,3,,ORG:115537
HARROW BUSINESS SERVICES LIMITED,07470615,register,HARROW BUSINESS SERVICES LIMITED,active,2025-12-31,2026-09-21,accounts-with-accounts-type-total-exemption-full,small,,,unknown,xhtml,https://find-and-update.company-information.service.gov.uk/company/07470615/filing-history,0,,ORG:106656
Harry Corry Limited,NI011994,register,HARRY CORRY LIMITED,active,2025-02-28,2025-11-24,accounts-with-accounts-type-full,full,50870919,ixbrl,yes,xhtml,https://find-and-update.company-information.service.gov.uk/company/NI011994/filing-history,0,,ORG:104173
Harry Ramsden�s Group Limited,04452665,register,HARRY RAMSDEN'S GROUP LIMITED,active,2025-09-23,2026-07-04,accounts-with-accounts-type-group,group,,,likely,pdf (not read),https://find-and-update.company-information.service.gov.uk/company/04452665/filing-history,0,,ORG:111337
HARRY'S GROOMING LIMITED,09938834,register,HARRY'S GROOMING LIMITED,active,2025-12-31,2026-04-18,accounts-with-accounts-type-full,full,,,likely,pdf (not read),https://find-and-update.company-information.service.gov.uk/company/09938834/filing-history,0,,ORG:102209
Hartford Holdings Group Limited,12417844,register,HARTFORD HOLDINGS GROUP LIMITED,active,2025-04-30,2026-02-02,accounts-with-accounts-type-group,group,,,likely,pdf (not read),https://find-and-update.company-information.service.gov.uk/company/12417844/filing-history,3,,ORG:108440
HARTMAN OUTDOOR PRODUCTS UK LIMITED,01881797,register,HARTMAN OUTDOOR PRODUCTS UK LIMITED,active,2025-07-31,2026-08-09,accounts-with-accounts-type-full,full,,,likely,pdf (not read),https://find-and-update.company-information.service.gov.uk/company/01881797/filing-history,0,,ORG:105827
Hartridges Limited,00286651,register,HARTRIDGES LIMITED,active,2026-01-31,2026-09-18,accounts-with-accounts-type-total-exemption-full,small,,,unknown,xhtml,https://find-and-update.company-information.service.gov.uk/company/00286651/filing-history,0,,ORG:100515
Harvey & Son (Lewes) Limited,00235093,register,HARVEY & SON (LEWES) LIMITED,active,2025-12-31,2026-07-15,accounts-with-accounts-type-group,group,,,likely,pdf (not read),https://find-and-update.company-information.service.gov.uk/company/00235093/filing-history,0,,ORG:103077
HARVEY NICHOLS AND COMPANY LIMITED,01774537,register,H REALISATIONS 2026 LIMITED,administration,2025-03-29,2026-08-07,accounts-with-accounts-type-full,full,,,likely,pdf (not read),https://find-and-update.company-information.service.gov.uk/company/01774537/filing-history,4,,ORG:107107
Hasbro U.K. Ltd,01981543,register,HASBRO U.K. LIMITED,active,2025-12-28,2026-08-09,accounts-with-accounts-type-full,full,,,likely,pdf (not read),https://find-and-update.company-information.service.gov.uk/company/01981543/filing-history,0,,ORG:104430
HASKETON SMITHFIELD LIMITED,11452800,register,HASKETON SMITHFIELD LIMITED,active,2025-12-31,2026-07-12,accounts-with-accounts-type-group,group,,,likely,pdf (not read),https://find-and-update.company-information.service.gov.uk/company/11452800/filing-history,3,,ORG:116332
Haskins Group Ltd,03901816,register,HASKINS GROUP LIMITED,active,2025-02-23,2025-11-19,accounts-with-accounts-type-group,group,,,likely,pdf (not read),https://find-and-update.company-information.service.gov.uk/company/03901816/filing-history,2,,ORG:105569
Hastings Hotels Management Limited,NI003445,register,HASTINGS HOTELS MANAGEMENT LIMITED,active,2025-10-31,2026-03-23,accounts-with-accounts-type-medium,medium,2477433,ixbrl,no,xhtml,https://find-and-update.company-information.service.gov.uk/company/NI003445/filing-history,0,,ORG:116773
HATCH  MANSFIELD AGENCIES LIMITED,02896078,register,"HATCH, MANSFIELD AGENCIES LIMITED",active,2025-12-31,2026-04-29,accounts-with-accounts-type-full,full,,,likely,pdf (not read),https://find-and-update.company-information.service.gov.uk/company/02896078/filing-history,0,,ORG:107818
Hatch Brothers Limited,NI640138,register,HATCH BROTHERS LIMITED,active,2025-08-31,2026-05-29,accounts-with-accounts-type-full,full,21140204,ixbrl,yes,xhtml,https://find-and-update.company-information.service.gov.uk/company/NI640138/filing-history,0,,ORG:104558
Havwoods Limited,01225320,register,HAVWOODS LIMITED,active,2025-12-31,2026-09-02,accounts-with-accounts-type-full,full,37591625,text,yes,xhtml,https://find-and-update.company-information.service.gov.uk/company/01225320/filing-history,0,,ORG:105851
HAWORTH SCOURING COMPANY LIMITED,01029047,register,HAWORTH SCOURING COMPANY LIMITED,active,2025-12-31,2026-09-11,accounts-with-accounts-type-full,full,9183570,text,yes,xhtml,https://find-and-update.company-information.service.gov.uk/company/01029047/filing-history,1,,ORG:103195
Hay & Brecon Farmers Limited,IP07128R,register,HAY AND BRECON FARMERS LIMITED,active,,,,,,,,,https://find-and-update.company-information.service.gov.uk/company/IP07128R/filing-history,0,no accounts filing with a document,ORG:111168
Hayes Fuels,NI627263,register,HAYES FUELS,active,,,,,,,,,https://find-and-update.company-information.service.gov.uk/company/NI627263/filing-history,0,no accounts filing with a document,ORG:112694
Hayley Group Limited,01257303,register,HAYLEY GROUP LIMITED,active,2025-12-31,2026-08-20,accounts-with-accounts-type-full,full,,,likely,pdf (not read),https://find-and-update.company-information.service.gov.uk/company/01257303/filing-history,4,,ORG:103846
Haynes International Ltd,01209891,register,HAYNES INTERNATIONAL LTD,active,2025-12-31,2026-07-26,accounts-with-accounts-type-full,full,,,likely,pdf (not read),https://find-and-update.company-information.service.gov.uk/company/01209891/filing-history,0,,ORG:101732
Haywood and Padgett Limited,02193204,register,HAYWOOD AND PADGETT LIMITED,active,2025-10-31,2026-07-31,accounts-with-accounts-type-full,full,46676198,text,yes,xhtml,https://find-and-update.company-information.service.gov.uk/company/02193204/filing-history,0,,ORG:107600
Hazel 4D,,,,,,,,,,,,,,0,no Companies House number in register and no exact name match,ORG:100725
HB RTS UK Limited,03504172,register,HB RTS UK LIMITED,active,2025-12-31,2026-10-06,accounts-with-accounts-type-full,full,,,likely,pdf (not read),https://find-and-update.company-information.service.gov.uk/company/03504172/filing-history,0,,ORG:111316
HBI COMMERCE LIMITED,07772128,register,HBI COMMERCE LIMITED,active,2025-12-31,2026-09-10,accounts-with-accounts-type-total-exemption-full,small,,,unknown,pdf (not read),https://find-and-update.company-information.service.gov.uk/company/07772128/filing-history,0,,ORG:105915
HC Innovations Ltd,SC430957,register,HC INNOVATIONS LTD,active,2025-12-31,2026-04-16,accounts-with-accounts-type-total-exemption-full,small,,,unknown,xhtml,https://find-and-update.company-information.service.gov.uk/company/SC430957/filing-history,0,,ORG:115737
HD Plants Limited,03650706,register,HD PLANTS LIMITED,active,2025-06-30,2026-03-23,accounts-with-accounts-type-full,full,12374115,ixbrl,yes,xhtml,https://find-and-update.company-information.service.gov.uk/company/03650706/filing-history,0,,ORG:102953
Head Sport GmbH,,,,,,,,,,,,,,0,no Companies House number in register and no exact name match,ORG:106365
HEAD Watersports S.p.A.,,,,,,,,,,,,,,0,no Companies House number in register and no exact name match,ORG:106887
Heal's (1810) Limited,12111617,register,HEAL’S (1810) LIMITED,active,2025-09-13,2026-06-10,accounts-with-accounts-type-full,full,,,likely,pdf (not read),https://find-and-update.company-information.service.gov.uk/company/12111617/filing-history,0,,ORG:105301
Healthcare 21 (UK) Ltd,05020682,register,HEALTHCARE 21 (UK) LIMITED,active,2025-12-30,2026-07-03,accounts-with-accounts-type-full,full,,,likely,pdf (not read),https://find-and-update.company-information.service.gov.uk/company/05020682/filing-history,0,,ORG:117492
Healthpoint Ltd,03163208,register,HEALTHPOINT LIMITED,active,2025-12-31,2026-09-01,accounts-with-accounts-type-group,group,21727692,text,yes,xhtml,https://find-and-update.company-information.service.gov.uk/company/03163208/filing-history,0,,ORG:107336
Healthspan Ltd,17212923,name search,HEALTHSPAN LTD,active,,,,,,,,,https://find-and-update.company-information.service.gov.uk/company/17212923/filing-history,0,no accounts filing with a document,ORG:106505
Healthy Food Brands Limited,05925078,register,HEALTHY FOOD BRANDS LIMITED,active,2025-12-31,2026-09-29,accounts-with-accounts-type-total-exemption-full,small,,,unknown,xhtml,https://find-and-update.company-information.service.gov.uk/company/05925078/filing-history,0,,ORG:105870
HEALTHY KIDS LIMITED,05446501,register,HEALTHY KIDS LIMITED,active,2025-12-27,2026-06-25,accounts-with-accounts-type-small,small,,,unknown,xhtml,https://find-and-update.company-information.service.gov.uk/company/05446501/filing-history,0,,ORG:102313
Healthy Retail Ltd,06878814,register,HEALTHY RETAIL LIMITED,active,2024-12-26,2025-12-31,accounts-with-accounts-type-full,full,23552820,ixbrl,yes,xhtml,https://find-and-update.company-information.service.gov.uk/company/06878814/filing-history,0,,ORG:116984
Healy Chemicals Ltd,03100489,register,HEALY CHEMICALS LIMITED,active,2026-06-30,2026-09-16,accounts-with-accounts-type-full,full,,,likely,pdf (not read),https://find-and-update.company-information.service.gov.uk/company/03100489/filing-history,0,,ORG:103584
Heataction Ltd,02915880,register,HEATACTION LIMITED,active,2025-12-31,2026-09-29,accounts-with-accounts-type-medium,medium,16425537,ixbrl,yes,xhtml,https://find-and-update.company-information.service.gov.uk/company/02915880/filing-history,0,,ORG:114448
Heathcoat Fabrics Limited,00450787,register,HEATHCOAT FABRICS LIMITED,active,2025-05-31,2026-02-16,accounts-with-accounts-type-full,full,,,likely,pdf (not read),https://find-and-update.company-information.service.gov.uk/company/00450787/filing-history,0,,ORG:101158
Heathcote & Ivory Limited,03749171,register,HEATHCOTE & IVORY LIMITED,active,2024-12-31,2025-11-27,accounts-with-accounts-type-full,full,17247353,text,yes,xhtml,https://find-and-update.company-information.service.gov.uk/company/03749171/filing-history,0,,ORG:100873
Heather Ale Limited,SC150332,register,HEATHER ALE LIMITED,active,2025-04-30,2026-02-02,accounts-with-accounts-type-full,full,,,likely,pdf (not read),https://find-and-update.company-information.service.gov.uk/company/SC150332/filing-history,0,,ORG:106564
Heatons (NI) Limited,NI035599,register,HEATONS (N.I.) LIMITED,active,2025-04-27,2026-01-06,accounts-with-accounts-type-full,full,,,likely,pdf (not read),https://find-and-update.company-information.service.gov.uk/company/NI035599/filing-history,0,,ORG:103189
Heaven Scent Incense Limited,03446982,register,HEAVEN SCENT INCENSE LIMITED,active,2025-06-28,2026-03-26,accounts-with-accounts-type-total-exemption-full,small,,,unknown,xhtml,https://find-and-update.company-information.service.gov.uk/company/03446982/filing-history,0,,ORG:114628
Heaven Sends Limited,04684442,register,HEAVEN SENDS LIMITED,active,2025-12-31,2026-09-18,accounts-with-accounts-type-total-exemption-full,small,,,unknown,xhtml,https://find-and-update.company-information.service.gov.uk/company/04684442/filing-history,0,,ORG:101843
Heavy Duty Parts Limited,03002981,register,HEAVY DUTY PARTS LIMITED,active,2025-12-31,2026-03-31,accounts-with-accounts-type-small,small,,,unknown,xhtml,https://find-and-update.company-information.service.gov.uk/company/03002981/filing-history,0,,ORG:116783
HECK! FOOD LIMITED,05169232,register,HECK! FOOD LIMITED,active,2025-07-31,2026-03-09,accounts-with-accounts-type-full,full,32208672,ixbrl,yes,xhtml,https://find-and-update.company-information.service.gov.uk/company/05169232/filing-history,0,,ORG:111519
Hedonism Drinks Limited,07306044,register,HEDONISM DRINKS LIMITED,active,2025-07-31,2026-06-19,accounts-with-accounts-type-group,group,62152256,text,yes,xhtml,https://find-and-update.company-information.service.gov.uk/company/07306044/filing-history,1,,ORG:115990
Heidelberg Graphic Equipment Ltd,01177224,register,HEIDELBERG GRAPHIC EQUIPMENT LIMITED,active,2025-03-31,2026-01-05,accounts-with-accounts-type-full,full,,,likely,pdf (not read),https://find-and-update.company-information.service.gov.uk/company/01177224/filing-history,0,,ORG:104553
HEINEKEN BEVERAGES (UK) LIMITED,15189784,register,HEINEKEN BEVERAGES (UK) LIMITED,active,2024-12-31,2026-01-07,accounts-with-accounts-type-full,full,,,likely,pdf (not read),https://find-and-update.company-information.service.gov.uk/company/15189784/filing-history,0,,ORG:116142
Heineken UK Ltd,SC065527,register,HEINEKEN UK LIMITED,active,2024-12-31,2025-09-08,accounts-with-accounts-type-group,group,,,likely,pdf (not read),https://find-and-update.company-information.service.gov.uk/company/SC065527/filing-history,3,,ORG:106196
Hela Brands Limited,01461548,register,FOCUS BRANDS INTERNATIONAL LTD,active,2025-03-31,2025-08-05,accounts-with-accounts-type-full,full,,,likely,pdf (not read),https://find-and-update.company-information.service.gov.uk/company/01461548/filing-history,0,,ORG:102103
Helical Technology Ltd,01413643,register,HELICAL TECHNOLOGY LTD.,active,2024-12-31,2025-09-23,accounts-with-accounts-type-full,full,29627626,text,yes,xhtml,https://find-and-update.company-information.service.gov.uk/company/01413643/filing-history,0,,ORG:105175
Helios Ingredients Limited,05946527,register,HELIOS INGREDIENTS LIMITED,active,2024-12-31,2025-09-24,accounts-with-accounts-type-full,full,33599545,ixbrl,yes,xhtml,https://find-and-update.company-information.service.gov.uk/company/05946527/filing-history,0,,ORG:104371
HELIX TRADING LIMITED,07892742,register,HELIX TRADING LIMITED,active,2025-12-31,2026-09-01,accounts-with-accounts-type-full,full,,,likely,pdf (not read),https://find-and-update.company-information.service.gov.uk/company/07892742/filing-history,0,,ORG:112346
Hella Ltd,00619585,register,HELLA LIMITED,active,2025-12-31,2026-04-24,accounts-with-accounts-type-medium,medium,,,likely,pdf (not read),https://find-and-update.company-information.service.gov.uk/company/00619585/filing-history,0,,ORG:103532
Hellermanntyton Ltd,05652018,register,HELLERMANNTYTON LIMITED,active,2025-12-31,2026-07-17,accounts-with-accounts-type-full,full,,,likely,pdf (not read),https://find-and-update.company-information.service.gov.uk/company/05652018/filing-history,0,,ORG:102120
Helly Hansen UK Ltd,00791202,register,HELLY-HANSEN (U.K.) LIMITED,active,2025-12-31,2026-10-05,accounts-with-accounts-type-full,full,,,likely,pdf (not read),https://find-and-update.company-information.service.gov.uk/company/00791202/filing-history,0,,ORG:114514
Helm Great Britain Ltd,01196136,register,HELM GREAT BRITAIN LIMITED,active,2025-12-31,2026-04-18,accounts-with-accounts-type-full,full,,,likely,pdf (not read),https://find-and-update.company-information.service.gov.uk/company/01196136/filing-history,0,,ORG:108283
Hemel Ltd,NI026632,register,HEMEL LIMITED,active,2025-02-28,2025-10-06,accounts-with-accounts-type-unaudited-abridged,small,,,unknown,xhtml,https://find-and-update.company-information.service.gov.uk/company/NI026632/filing-history,0,,ORG:102012
Hemingways Marketing Services Ltd,00453174,register,HEMINGWAYS MARKETING SERVICES LIMITED,active,2025-04-30,2026-04-03,accounts-with-accounts-type-full,full,,,likely,pdf (not read),https://find-and-update.company-information.service.gov.uk/company/00453174/filing-history,0,,ORG:106585
Hempel UK Limited,00395704,register,HEMPEL UK LTD.,active,2024-12-31,2025-11-14,accounts-with-accounts-type-full,full,,,likely,xhtml,https://find-and-update.company-information.service.gov.uk/company/00395704/filing-history,0,,ORG:101863
Hen House (Wholesale) Limited,02478315,register,HEN HOUSE (WHOLESALE) LIMITED,active,2025-03-31,2025-09-29,accounts-with-accounts-type-group,group,,,likely,pdf (not read),https://find-and-update.company-information.service.gov.uk/company/02478315/filing-history,1,,ORG:105113
Henbrandt Limited,01004573,register,HENBRANDT LIMITED,active,2024-11-30,2025-11-12,accounts-with-accounts-type-group,group,11284000,text,yes,xhtml,https://find-and-update.company-information.service.gov.uk/company/01004573/filing-history,0,,ORG:104417
Henkel Ltd,00215496,register,HENKEL LIMITED,active,2025-12-31,2026-08-20,accounts-with-accounts-type-full,full,,,likely,pdf (not read),https://find-and-update.company-information.service.gov.uk/company/00215496/filing-history,0,,ORG:106228
Henley Bridge Ingredients Limited,03605607,register,HENLEY BRIDGE INGREDIENTS LIMITED,active,2025-12-31,2026-08-13,accounts-with-accounts-type-medium,medium,,,likely,pdf (not read),https://find-and-update.company-information.service.gov.uk/company/03605607/filing-history,0,,ORG:102007
Henleys Medical Supplies Ltd,00452882,register,HENLEYS MEDICAL SUPPLIES LIMITED,active,2025-03-31,2025-10-04,accounts-with-accounts-type-small,small,,,unknown,pdf (not read),https://find-and-update.company-information.service.gov.uk/company/00452882/filing-history,0,,ORG:106681
Henllan Bread (UK) Limited,06239991,register,HENLLAN BREAD (UK) LIMITED,active,2025-12-31,2026-09-30,accounts-with-accounts-type-full,full,11795816,text,yes,xhtml,https://find-and-update.company-information.service.gov.uk/company/06239991/filing-history,0,,ORG:107331
Hennings Wine Merchants Limited,00666499,register,HENNINGS WINE MERCHANTS LIMITED,active,2026-03-31,2026-07-06,accounts-with-accounts-type-total-exemption-full,small,,,unknown,xhtml,https://find-and-update.company-information.service.gov.uk/company/00666499/filing-history,0,,ORG:103337
Henry Alty Limited,00105398,register,HENRY ALTY LIMITED,active,2025-10-31,2026-03-19,accounts-with-accounts-type-full,full,10983355,text,yes,xhtml,https://find-and-update.company-information.service.gov.uk/company/00105398/filing-history,0,,ORG:102071
Henry Bell & Co (Grantham) Limited,01567159,register,HENRY BELL & CO (GRANTHAM) LIMITED,active,2025-06-30,2025-12-22,accounts-with-accounts-type-full,full,,,likely,pdf (not read),https://find-and-update.company-information.service.gov.uk/company/01567159/filing-history,0,,ORG:100657
Henry Colbeck Limited,00822749,register,HENRY COLBECK LIMITED,active,2025-02-28,2026-02-25,accounts-with-accounts-type-full,full,,,likely,pdf (not read),https://find-and-update.company-information.service.gov.uk/company/00822749/filing-history,0,,ORG:103164
Henry Schein UK Holdings Limited,11584480,register,HENRY SCHEIN UK HOLDINGS LIMITED,active,2024-12-30,2025-08-28,accounts-with-accounts-type-group,group,,,likely,pdf (not read),https://find-and-update.company-information.service.gov.uk/company/11584480/filing-history,3,,ORG:103791
Henton & Chattell Ltd,00642270,register,HENTON & CHATTELL LIMITED,active,2025-09-30,2026-06-26,accounts-with-accounts-type-full,full,38924769,ixbrl,yes,xhtml,https://find-and-update.company-information.service.gov.uk/company/00642270/filing-history,0,,ORG:101346
Hepworth & Company Brewers Limited,04070995,register,HEPWORTH & COMPANY BREWERS LIMITED,active,2025-01-31,2025-10-28,accounts-with-accounts-type-total-exemption-full,small,,,unknown,xhtml,https://find-and-update.company-information.service.gov.uk/company/04070995/filing-history,0,,ORG:101083
Heraeus Electro-Nite (UK) Ltd,02345596,register,HERAEUS ELECTRO-NITE (UK) LTD,active,2025-12-31,2026-09-21,accounts-with-accounts-type-medium,medium,,,likely,pdf (not read),https://find-and-update.company-information.service.gov.uk/company/02345596/filing-history,0,,ORG:105832
Herald Packaging Limited,03471741,register,HERALD PACKAGING LIMITED,active,2025-03-31,2025-12-08,accounts-with-accounts-type-medium,medium,16176541,ixbrl,yes,xhtml,https://find-and-update.company-information.service.gov.uk/company/03471741/filing-history,0,,ORG:105965
Herbalife (U.K.) Limited,01710199,register,HERBALIFE (U.K.) LIMITED,active,2024-12-31,2025-10-03,accounts-with-accounts-type-full,full,,,likely,pdf (not read),https://find-and-update.company-information.service.gov.uk/company/01710199/filing-history,0,,ORG:103510
HERBERT WALKERS LIMITED,00405322,register,HERBERT WALKERS LIMITED,active,2025-03-31,2025-12-15,accounts-with-accounts-type-medium,medium,13562489,ixbrl,yes,xhtml,https://find-and-update.company-information.service.gov.uk/company/00405322/filing-history,0,,ORG:100089
HERE WE FLO LTD,10474281,register,HERE WE FLO LTD,active,2025-02-28,2025-11-04,accounts-with-accounts-type-total-exemption-full,small,,,unknown,xhtml,https://find-and-update.company-information.service.gov.uk/company/10474281/filing-history,0,,ORG:116193
Hereford Contract Canning (HCC) Limited,07415621,register,HEREFORD CONTRACT CANNING (HCC) LIMITED,active,2024-12-31,2026-01-14,accounts-with-accounts-type-full,full,,,likely,pdf (not read),https://find-and-update.company-information.service.gov.uk/company/07415621/filing-history,0,,ORG:108118
Herma UK Limited,02580614,register,HERMA UK LIMITED,active,2025-12-31,2026-03-13,accounts-with-accounts-type-full,full,49587596,text,yes,xhtml,https://find-and-update.company-information.service.gov.uk/company/02580614/filing-history,0,,ORG:108262
HERMAN MILLER HOLDINGS LIMITED,07200056,register,HERMAN MILLER HOLDINGS LIMITED,active,2025-05-31,2026-02-27,accounts-with-accounts-type-full,full,,,likely,xhtml,https://find-and-update.company-information.service.gov.uk/company/07200056/filing-history,3,,ORG:101890
Hermes Abrasives Limited,01858788,register,HERMES ABRASIVES LIMITED,active,2025-12-31,2026-05-28,accounts-with-accounts-type-small,small,,,unknown,xhtml,https://find-and-update.company-information.service.gov.uk/company/01858788/filing-history,0,,ORG:108332
Hermes GB Ltd,00773076,register,HERMES (G.B.) LIMITED,active,2025-12-31,2026-07-27,accounts-with-accounts-type-full,full,,,likely,pdf (not read),https://find-and-update.company-information.service.gov.uk/company/00773076/filing-history,0,,ORG:104963
Hermolis & Co. Limited,02640282,register,HERMOLIS & CO LIMITED,active,2025-12-31,2026-09-16,accounts-with-accounts-type-total-exemption-full,small,,,unknown,xhtml,https://find-and-update.company-information.service.gov.uk/company/02640282/filing-history,0,,ORG:106713
HERO UK FOODS LIMITED,02716145,register,HERO UK FOODS LIMITED,active,2025-12-31,2026-09-25,accounts-with-accounts-type-full,full,,,likely,pdf (not read),https://find-and-update.company-information.service.gov.uk/company/02716145/filing-history,0,,ORG:100167
Heron Foods Ltd,01392197,register,HERON FOODS LIMITED,active,2026-03-28,2026-08-07,accounts-with-accounts-type-full,full,,,likely,pdf (not read),https://find-and-update.company-information.service.gov.uk/company/01392197/filing-history,0,,ORG:107887
Herrco Cosmetics Limited,06822192,register,HERRCO COSMETICS LIMITED,active,2025-03-31,2025-12-19,accounts-with-accounts-type-full,full,40422907,text,yes,xhtml,https://find-and-update.company-information.service.gov.uk/company/06822192/filing-history,0,,ORG:102416
Herti UK Limited,06186409,register,HERTI UK LIMITED,active,2025-12-31,2026-03-11,accounts-with-accounts-type-full,full,7012507,ixbrl,yes,xhtml,https://find-and-update.company-information.service.gov.uk/company/06186409/filing-history,0,,ORG:106910
Hewlett-Packard International Bank DAC,,,,,,,,,,,,,,0,no Companies House number in register and no exact name match,ORG:102793
Hewlett-Packard Limited,00690597,register,HEWLETT - PACKARD LIMITED,active,2025-10-31,2026-06-23,accounts-with-accounts-type-full,full,,,likely,pdf (not read),https://find-and-update.company-information.service.gov.uk/company/00690597/filing-history,0,,ORG:103751
Hexadex Limited,02674947,register,HEXADEX LIMITED,active,2025-12-31,2026-07-04,accounts-with-accounts-type-group,group,,,likely,pdf (not read),https://find-and-update.company-information.service.gov.uk/company/02674947/filing-history,3,,ORG:101078
HEXCEL COMPOSITES LIMITED,03069887,register,HEXCEL COMPOSITES LIMITED,active,2025-12-31,2026-09-21,accounts-with-accounts-type-full,full,,,likely,pdf (not read),https://find-and-update.company-information.service.gov.uk/company/03069887/filing-history,0,,ORG:101769
HEXCEL REINFORCEMENTS UK LIMITED,03685736,register,HEXCEL REINFORCEMENTS UK LIMITED,active,2025-12-31,2026-09-30,accounts-with-accounts-type-medium,medium,11360914,ixbrl,yes,xhtml,https://find-and-update.company-information.service.gov.uk/company/03685736/filing-history,0,,ORG:104881
Hexpol TPE Ltd,07183047,register,HEXPOL TPE LTD,active,2025-12-31,2026-09-29,accounts-with-accounts-type-full,full,20115000,ixbrl,yes,xhtml,https://find-and-update.company-information.service.gov.uk/company/07183047/filing-history,0,,ORG:103182
Hexstone Ltd.,00436243,register,HEXSTONE LTD.,active,2025-12-31,2026-09-30,accounts-with-accounts-type-full,full,,,likely,pdf (not read),https://find-and-update.company-information.service.gov.uk/company/00436243/filing-history,0,,ORG:102725
Heygates Ltd,00603238,register,HEYGATES LIMITED,active,2025-03-29,2025-12-23,accounts-with-accounts-type-full,full,250431286,ixbrl,yes,xhtml,https://find-and-update.company-information.service.gov.uk/company/00603238/filing-history,3,,ORG:102665
HG UKI Ltd,03844599,register,HG UKI LTD,active,2024-12-31,2026-01-21,accounts-with-accounts-type-group,group,,,likely,pdf (not read),https://find-and-update.company-information.service.gov.uk/company/03844599/filing-history,0,,ORG:105664
HG&Co Ltd,01784071,register,HG&CO LTD,active,2026-03-31,2026-09-30,accounts-with-accounts-type-full,full,40044838,text,yes,xhtml,https://find-and-update.company-information.service.gov.uk/company/01784071/filing-history,0,,ORG:105260
HI-LEX Act Wales Ltd,03771890,register,HI-LEX ACT WALES LTD,active,2025-03-31,2025-10-03,accounts-with-accounts-type-full,full,,,likely,pdf (not read),https://find-and-update.company-information.service.gov.uk/company/03771890/filing-history,0,,ORG:101259
Hi-Tech Mouldings Limited,01752393,register,HI-TECH MOULDINGS LIMITED,active,2025-09-30,2026-05-20,accounts-with-accounts-type-full,full,,,likely,pdf (not read),https://find-and-update.company-information.service.gov.uk/company/01752393/filing-history,0,,ORG:103823
Hiatt Hardware (UK) Limited,06804515,register,HIATT HARDWARE (UK) LIMITED,active,2025-12-31,2026-09-29,accounts-with-accounts-type-medium,medium,20709076,ixbrl,yes,xhtml,https://find-and-update.company-information.service.gov.uk/company/06804515/filing-history,0,,ORG:116966
HIB Limited,02621380,register,HIB LIMITED,active,2025-06-30,2026-03-18,accounts-with-accounts-type-full,full,27740484,ixbrl,yes,xhtml,https://find-and-update.company-information.service.gov.uk/company/02621380/filing-history,0,,ORG:103044
High Seat Holdings Ltd,07019837,register,HIGH SEAT HOLDINGS LIMITED,active,2025-12-31,2026-09-25,accounts-with-accounts-type-group,group,65939250,text,yes,xhtml,https://find-and-update.company-information.service.gov.uk/company/07019837/filing-history,2,,ORG:108053
High Street TV (Group) Ltd,06577510,register,HIGH STREET TV (GROUP) LIMITED,active,2025-06-30,2026-05-26,accounts-with-accounts-type-full,full,37563000,text,yes,xhtml,https://find-and-update.company-information.service.gov.uk/company/06577510/filing-history,0,,ORG:106198
High Trees Packers Ltd,00693252,register,HIGH TREES PACKERS LIMITED,active,2025-05-31,2025-11-19,accounts-with-accounts-type-total-exemption-full,small,,,unknown,pdf (not read),https://find-and-update.company-information.service.gov.uk/company/00693252/filing-history,0,,ORG:102471
Higham and Higham Ltd,04185867,register,HIGHAM AND HIGHAM LTD,active,2025-12-31,2026-09-11,accounts-with-accounts-type-group,group,,,likely,pdf (not read),https://find-and-update.company-information.service.gov.uk/company/04185867/filing-history,2,,ORG:108453
Highbourne Group Ltd,06216887,register,HIGHBOURNE GROUP LIMITED,active,2024-12-31,2025-10-03,accounts-with-accounts-type-audit-exemption-subsiduary,subsidiary,,,unknown,pdf (not read),https://find-and-update.company-information.service.gov.uk/company/06216887/filing-history,6,,ORG:100640
Highbury Poultry Farm Produce Limited,01208884,register,HIGHBURY POULTRY FARM PRODUCE LIMITED,active,2025-03-31,2025-12-15,accounts-with-accounts-type-medium,medium,62171208,ixbrl,yes,xhtml,https://find-and-update.company-information.service.gov.uk/company/01208884/filing-history,0,,ORG:106649
HIGHER KINGS MILL LIMITED,07735719,register,HIGHER KINGS MILL LIMITED,active,2025-03-31,2025-12-18,accounts-with-accounts-type-full,full,,,likely,pdf (not read),https://find-and-update.company-information.service.gov.uk/company/07735719/filing-history,0,,ORG:101423
Highland Game Ltd,SC179833,register,HIGHLAND GAME LIMITED,active,2025-03-31,2025-12-18,accounts-with-accounts-type-full,full,13260518,text,yes,xhtml,https://find-and-update.company-information.service.gov.uk/company/SC179833/filing-history,0,,ORG:100608
Highland Retail Ltd,SC416448,register,HIGHLAND RETAIL LIMITED,active,2025-03-31,2025-12-15,accounts-with-accounts-type-total-exemption-full,small,,,unknown,xhtml,https://find-and-update.company-information.service.gov.uk/company/SC416448/filing-history,0,,ORG:114251
Highland Smoked Salmon (Scotland) Ltd,SC124381,register,HIGHLAND SMOKED SALMON (SCOTLAND) LIMITED,active,2025-09-30,2026-06-25,accounts-with-accounts-type-full,full,,,likely,pdf (not read),https://find-and-update.company-information.service.gov.uk/company/SC124381/filing-history,0,,ORG:101761
Highland Spring Ltd,SC067339,register,HIGHLAND SPRING LIMITED,active,2025-12-31,2026-10-01,accounts-with-accounts-type-group,group,,,likely,pdf (not read),https://find-and-update.company-information.service.gov.uk/company/SC067339/filing-history,0,,ORG:104596
Highly Marelli UK Limited,12434702,register,HIGHLY MARELLI UK LIMITED,active,2024-12-31,2025-12-02,accounts-with-accounts-type-group,group,119632000,text,yes,xhtml,https://find-and-update.company-information.service.gov.uk/company/12434702/filing-history,0,,ORG:116197
Hikvision UK Limited,08991238,register,HIKVISION UK LIMITED,active,2025-12-31,2026-05-13,accounts-with-accounts-type-full,full,,,likely,pdf (not read),https://find-and-update.company-information.service.gov.uk/company/08991238/filing-history,0,,ORG:101823
Hildon Limited,01866557,register,HILDON LIMITED,active,2024-12-31,2025-12-12,accounts-with-accounts-type-total-exemption-full,small,,,unknown,xhtml,https://find-and-update.company-information.service.gov.uk/company/01866557/filing-history,0,,ORG:100382
HILKA TOOLS (UK) LIMITED,01628063,register,HILKA TOOLS (UK) LIMITED,active,2025-11-30,2026-08-19,accounts-with-accounts-type-total-exemption-full,small,,,unknown,xhtml,https://find-and-update.company-information.service.gov.uk/company/01628063/filing-history,0,,ORG:103057
Hill & Smith Plc,00671474,register,HILL & SMITH PLC,active,2025-12-31,2026-06-02,accounts-with-accounts-type-group,group,,,likely,pdf (not read),https://find-and-update.company-information.service.gov.uk/company/00671474/filing-history,15,,ORG:100982
Hill Biscuits Ltd,00088544,register,HILL BISCUITS LIMITED,active,2025-12-31,2026-09-10,accounts-with-accounts-type-full,full,39454301,ixbrl,yes,xhtml,https://find-and-update.company-information.service.gov.uk/company/00088544/filing-history,0,,ORG:106062
Hill Brothers (Chichester) Limited,01180441,register,HILL BROTHERS (CHICHESTER) LIMITED,active,2025-12-31,2026-09-30,accounts-with-accounts-type-full,full,10398523,text,yes,xhtml,https://find-and-update.company-information.service.gov.uk/company/01180441/filing-history,0,,ORG:100237
Hill's Pet Nutrition Ltd,01981158,register,HILL'S PET NUTRITION LIMITED,active,2025-12-31,2026-08-09,accounts-with-accounts-type-full,full,,,likely,pdf (not read),https://find-and-update.company-information.service.gov.uk/company/01981158/filing-history,0,,ORG:100547
HILL-ROM LIMITED,02250372,register,HILL-ROM LIMITED,active,2024-12-31,2025-10-08,accounts-with-accounts-type-full,full,,,likely,pdf (not read),https://find-and-update.company-information.service.gov.uk/company/02250372/filing-history,1,,ORG:115644
Hillbrow Produce Ltd,03245916,register,HILLBROW PRODUCE LIMITED,active,2025-09-30,2026-02-12,accounts-with-accounts-type-total-exemption-full,small,,,unknown,xhtml,https://find-and-update.company-information.service.gov.uk/company/03245916/filing-history,0,,ORG:100614
HILLCROFT SURGERY SUPPLIES LTD,08958660,register,HILLCROFT SURGERY SUPPLIES LTD,active,2025-12-31,2026-10-06,accounts-with-accounts-type-full,full,,,likely,pdf (not read),https://find-and-update.company-information.service.gov.uk/company/08958660/filing-history,0,,ORG:117304
Hillebrand Bulk Logistics Limited,05983127,register,HILLEBRAND BULK LOGISTICS LIMITED,active,2025-12-31,2026-06-24,accounts-with-accounts-type-full,full,64932648,ixbrl,yes,xhtml,https://find-and-update.company-information.service.gov.uk/company/05983127/filing-history,0,,ORG:107315
Hills Numberplates Ltd,08800141,register,HILLS NUMBERPLATES LIMITED,active,2025-12-31,2026-09-08,accounts-with-accounts-type-full,full,11751123,text,yes,xhtml,https://find-and-update.company-information.service.gov.uk/company/08800141/filing-history,0,,ORG:101750
Hills of Corby Hill Limited,01211554,register,HILLS OF CORBY HILL LIMITED,active,2025-03-31,2025-12-09,accounts-with-accounts-type-full,full,31523653,text,yes,xhtml,https://find-and-update.company-information.service.gov.uk/company/01211554/filing-history,0,,ORG:104311
Hills of Lakeland Limited,01500533,register,HILLS OF LAKELAND LIMITED,active,2025-03-31,2025-12-09,accounts-with-accounts-type-full,full,37302382,text,yes,xhtml,https://find-and-update.company-information.service.gov.uk/company/01500533/filing-history,0,,ORG:104338
Hilltop Food Group Limited,09365028,register,HILLTOP FOOD GROUP LIMITED,active,2025-08-31,2026-05-21,accounts-with-accounts-type-full,full,45436047,ixbrl,yes,xhtml,https://find-and-update.company-information.service.gov.uk/company/09365028/filing-history,0,,ORG:100627
Hilti (Gt.Britain) Limited,00479786,register,HILTI (GT.BRITAIN) LIMITED,active,2025-12-31,2026-09-23,accounts-with-accounts-type-full,full,,,likely,pdf (not read),https://find-and-update.company-information.service.gov.uk/company/00479786/filing-history,0,,ORG:104161
Hilton Foods UK Ltd,NI026872,register,HILTON FOODS UK LIMITED,active,2025-12-28,2026-07-23,accounts-with-accounts-type-full,full,,,likely,pdf (not read),https://find-and-update.company-information.service.gov.uk/company/NI026872/filing-history,0,,ORG:105425
Hilton International Master Holding Limited,11520421,register,HILTON INTERNATIONAL MASTER HOLDING LIMITED,active,2025-12-31,2026-09-23,accounts-with-accounts-type-full,full,,,likely,pdf (not read),https://find-and-update.company-information.service.gov.uk/company/11520421/filing-history,6,,ORG:106731
Hinton Perry & Davenhill Ltd,00610931,register,HINTON PERRY & DAVENHILL LIMITED,active,2026-03-31,2026-08-10,accounts-with-accounts-type-full,full,,,likely,pdf (not read),https://find-and-update.company-information.service.gov.uk/company/00610931/filing-history,1,,ORG:104542
HIPP UK LIMITED,04498995,register,HIPP UK LIMITED,active,2025-12-31,2026-05-16,accounts-with-accounts-type-full,full,,,likely,pdf (not read),https://find-and-update.company-information.service.gov.uk/company/04498995/filing-history,0,,ORG:103692
HIRD GROUP LIMITED,10637239,register,HIRD GROUP LIMITED,active,2025-04-30,2026-01-22,accounts-with-accounts-type-total-exemption-full,small,,,unknown,pdf (not read),https://find-and-update.company-information.service.gov.uk/company/10637239/filing-history,2,,ORG:114191
Hisense UK Limited,08233694,register,HISENSE UK LIMITED,active,2025-12-31,2026-06-04,accounts-with-accounts-type-full,full,,,likely,pdf (not read),https://find-and-update.company-information.service.gov.uk/company/08233694/filing-history,0,,ORG:100031
HISTORY & HERALDRY LIMITED,03230109,register,HISTORY & HERALDRY LIMITED,active,2025-12-31,2026-09-24,accounts-with-accounts-type-medium,medium,12728118,ixbrl,yes,xhtml,https://find-and-update.company-information.service.gov.uk/company/03230109/filing-history,0,,ORG:105008
Hitachi Energy UK Ltd,02985756,register,HITACHI ENERGY UK LIMITED,active,2026-03-31,2026-08-09,accounts-with-accounts-type-full,full,,,likely,pdf (not read),https://find-and-update.company-information.service.gov.uk/company/02985756/filing-history,0,,ORG:100886
HITACHI HIGH-TECH EUROPE GMBH,FC027851,name search,HITACHI HIGH-TECH EUROPE GMBH,active,2025-03-31,2025-12-30,accounts-with-accounts-type-full,full,,,likely,pdf (not read),https://find-and-update.company-information.service.gov.uk/company/FC027851/filing-history,0,,ORG:115075
Hitachi Rail Limited,05598549,register,HITACHI RAIL LIMITED,active,2025-03-31,2025-12-27,accounts-with-accounts-type-full,full,,,likely,pdf (not read),https://find-and-update.company-information.service.gov.uk/company/05598549/filing-history,1,,ORG:108766
HJE Limited,02821551,register,HJE LIMITED,active,2025-12-31,2026-07-15,accounts-with-accounts-type-full,full,,,likely,pdf (not read),https://find-and-update.company-information.service.gov.uk/company/02821551/filing-history,0,,ORG:104518
HL Display UK Holding Ltd,07098667,register,HL DISPLAY UK HOLDING LIMITED,active,2025-12-31,2026-08-07,accounts-with-accounts-type-full,full,,,likely,pdf (not read),https://find-and-update.company-information.service.gov.uk/company/07098667/filing-history,3,,ORG:114263
HL Hall (International) Ltd,01858950,register,HL HALL (INTERNATIONAL) LIMITED,active,2026-02-28,2026-06-20,accounts-with-accounts-type-group,group,,,likely,pdf (not read),https://find-and-update.company-information.service.gov.uk/company/01858950/filing-history,0,,ORG:104184
HMG PAINTS LIMITED,00669551,register,HMG PAINTS LIMITED,active,2025-09-30,2026-03-12,accounts-with-accounts-type-full,full,27744934,ixbrl,yes,xhtml,https://find-and-update.company-information.service.gov.uk/company/00669551/filing-history,0,,ORG:102850
HMS HOST UK Ltd,03650426,register,HMSHOST UK LIMITED,active,2025-12-31,2026-09-09,accounts-with-accounts-type-full,full,,,likely,pdf (not read),https://find-and-update.company-information.service.gov.uk/company/03650426/filing-history,0,,ORG:111417
HMY UK Innovation in Retail Ltd,05822214,register,HMY UK INNOVATION IN RETAIL LTD,active,2025-12-31,2026-09-22,accounts-with-accounts-type-full,full,15189000,text,yes,xhtml,https://find-and-update.company-information.service.gov.uk/company/05822214/filing-history,0,,ORG:106571
HOBBS HOUSE BAKERY LIMITED,04667987,register,HOBBS HOUSE BAKERY LIMITED,active,2025-04-30,2025-12-24,accounts-with-accounts-type-total-exemption-full,small,,,unknown,xhtml,https://find-and-update.company-information.service.gov.uk/company/04667987/filing-history,0,,ORG:114509
Hobbs Limited,01577740,register,HOBBS LIMITED,active,2025-03-29,2025-12-20,accounts-with-accounts-type-full,full,,,likely,pdf (not read),https://find-and-update.company-information.service.gov.uk/company/01577740/filing-history,0,,ORG:108510
Hobbs The Printers Limited,00422132,register,HOBBS THE PRINTERS LIMITED,active,2025-07-31,2026-04-08,accounts-with-accounts-type-full,full,11675088,text,yes,xhtml,https://find-and-update.company-information.service.gov.uk/company/00422132/filing-history,0,,ORG:102017
Hobbycraft Trading Ltd,00806269,register,HOBBYCRAFT TRADING LIMITED,active,2025-02-16,2025-11-20,accounts-with-accounts-type-full,full,,,likely,pdf (not read),https://find-and-update.company-information.service.gov.uk/company/00806269/filing-history,0,,ORG:101064
Hobsons Brewery and Company Limited,03330811,register,HOBSONS BREWERY AND COMPANY LIMITED,active,2025-04-30,2025-11-04,accounts-with-accounts-type-total-exemption-full,small,,,unknown,xhtml,https://find-and-update.company-information.service.gov.uk/company/03330811/filing-history,0,,ORG:114189
Hochiki Europe (U.K.) Ltd,02639909,register,HOCHIKI EUROPE (U.K.) LIMITED,active,2025-03-31,2025-12-21,accounts-amended-with-accounts-type-group,group,,,likely,pdf (not read),https://find-and-update.company-information.service.gov.uk/company/02639909/filing-history,0,,ORG:104775
Hodge Clemco Ltd,00626216,register,HODGE CLEMCO LIMITED,active,2025-12-31,2026-09-30,accounts-with-accounts-type-full,full,20284700,text,yes,xhtml,https://find-and-update.company-information.service.gov.uk/company/00626216/filing-history,0,,ORG:104895
Hodgson Sealants Limited,05338229,register,HODGSON SEALANTS LIMITED,active,2025-03-31,2025-11-12,accounts-with-accounts-type-full,full,,,likely,pdf (not read),https://find-and-update.company-information.service.gov.uk/company/05338229/filing-history,0,,ORG:107222
Hogs Back Brewery Limited,03083006,register,HOGS BACK BREWERY LIMITED,active,2025-03-31,2026-02-24,accounts-with-accounts-type-total-exemption-full,small,,,unknown,xhtml,https://find-and-update.company-information.service.gov.uk/company/03083006/filing-history,0,,ORG:105359
Holchem Laboratories Ltd,01686721,register,HOLCHEM LABORATORIES LIMITED,active,2024-12-31,2025-09-29,accounts-with-accounts-type-full,full,,,likely,pdf (not read),https://find-and-update.company-information.service.gov.uk/company/01686721/filing-history,0,,ORG:103432
Holcim UK Cement Ltd,09326237,register,HOLCIM UK CEMENT LIMITED,active,2025-12-31,2026-06-06,accounts-with-accounts-type-full,full,,,likely,pdf (not read),https://find-and-update.company-information.service.gov.uk/company/09326237/filing-history,0,,ORG:104730
HOLCIM UK LIMITED,00245717,register,HOLCIM UK LIMITED,active,2025-12-31,2026-09-14,accounts-with-accounts-type-full,full,,,likely,pdf (not read),https://find-and-update.company-information.service.gov.uk/company/00245717/filing-history,0,,ORG:106821
Holden Decor Ltd,02582216,register,HOLDEN DECOR LIMITED,active,2025-12-31,2026-05-18,accounts-with-accounts-type-small,small,,,unknown,xhtml,https://find-and-update.company-information.service.gov.uk/company/02582216/filing-history,0,,ORG:100915
Holdsworth Chocolate Limited,03984917,register,HOLDSWORTH CHOCOLATE LIMITED,active,2025-05-31,2026-02-13,accounts-with-accounts-type-unaudited-abridged,small,,,unknown,xhtml,https://find-and-update.company-information.service.gov.uk/company/03984917/filing-history,0,,ORG:108002
HOLLAND & BARRETT INTERNATIONAL LIMITED,04515115,register,HOLLAND & BARRETT INTERNATIONAL LIMITED,active,2025-09-30,2026-05-16,accounts-amended-with-accounts-type-group,group,,,likely,pdf (not read),https://find-and-update.company-information.service.gov.uk/company/04515115/filing-history,0,,ORG:106434
Holland Bazaar LTD,04577156,register,HOLLAND BAZAAR LIMITED,active,2025-03-31,2025-12-30,accounts-with-accounts-type-full,full,158635456,ixbrl,yes,xhtml,https://find-and-update.company-information.service.gov.uk/company/04577156/filing-history,0,,ORG:114893
Holland Cooper Clothing Limited,07614322,register,HOLLAND COOPER CLOTHING LIMITED,active,2025-03-31,2025-12-21,accounts-with-accounts-type-full,full,,,likely,pdf (not read),https://find-and-update.company-information.service.gov.uk/company/07614322/filing-history,0,,ORG:117906
Hollingsworth and Vose Company (U.K.) Ltd,01664523,register,HOLLINGSWORTH AND VOSE COMPANY (U.K.) LIMITED,active,2025-12-31,2026-10-02,accounts-with-accounts-type-group,group,,,likely,pdf (not read),https://find-and-update.company-information.service.gov.uk/company/01664523/filing-history,2,,ORG:111378
Hollister Ltd,02509735,register,HOLLISTER LIMITED,active,2025-12-31,2026-10-06,accounts-with-accounts-type-full,full,,,likely,pdf (not read),https://find-and-update.company-information.service.gov.uk/company/02509735/filing-history,0,,ORG:116452
Holmen Board and Paper Limited,00075035,register,HOLMEN BOARD AND PAPER LIMITED,active,2025-12-31,2026-09-17,accounts-with-accounts-type-full,full,,,likely,pdf (not read),https://find-and-update.company-information.service.gov.uk/company/00075035/filing-history,0,,ORG:105156
Holophane Europe Limited,00843054,register,HOLOPHANE EUROPE LIMITED,active,2025-08-31,2026-06-05,accounts-with-accounts-type-full,full,,,likely,pdf (not read),https://find-and-update.company-information.service.gov.uk/company/00843054/filing-history,0,,ORG:102074
HOLROSE LIMITED,00182321,register,HOLROSE LIMITED,active,2024-12-31,2025-09-18,accounts-with-accounts-type-total-exemption-full,small,,,unknown,xhtml,https://find-and-update.company-information.service.gov.uk/company/00182321/filing-history,0,,ORG:108570
Holy Moly Ltd,10158867,register,HOLY MOLY LTD,active,2025-05-31,2025-10-01,accounts-with-accounts-type-small,small,,,unknown,xhtml,https://find-and-update.company-information.service.gov.uk/company/10158867/filing-history,0,,ORG:102246
Home Decor GB Ltd,05268170,register,HOME DECOR GB LIMITED,active,2025-12-31,2026-07-03,accounts-with-accounts-type-full,full,25728126,ixbrl,yes,xhtml,https://find-and-update.company-information.service.gov.uk/company/05268170/filing-history,0,,ORG:103738
Homefire Group Limited,00544782,register,HOMEFIRE GROUP LIMITED,active,2025-03-31,2025-12-01,accounts-with-accounts-type-full,full,,,likely,pdf (not read),https://find-and-update.company-information.service.gov.uk/company/00544782/filing-history,0,,ORG:104058
HOMELEIGH TIMBER AND BUILDING SUPPLIES LTD,01184172,register,HOMELEIGH TIMBER AND BUILDING SUPPLIES LTD,active,2025-07-31,2026-04-30,accounts-with-accounts-type-full,full,10804543,text,yes,xhtml,https://find-and-update.company-information.service.gov.uk/company/01184172/filing-history,0,,ORG:101535
Hometime Group Ltd,NI619108,register,HOMETIME GROUP LIMITED,active,2025-04-27,2026-01-22,accounts-with-accounts-type-full,full,21277653,text,yes,xhtml,https://find-and-update.company-information.service.gov.uk/company/NI619108/filing-history,0,,ORG:106153
Honda Motor Europe Limited,00857969,register,HONDA MOTOR EUROPE LIMITED,active,2026-03-31,2026-10-02,accounts-with-accounts-type-full,full,,,likely,pdf (not read),https://find-and-update.company-information.service.gov.uk/company/00857969/filing-history,0,,ORG:102181
Honest Burgers Ltd,07490829,register,HONEST BURGERS LTD,active,2025-01-26,2025-10-13,accounts-with-accounts-type-full,full,,,likely,pdf (not read),https://find-and-update.company-information.service.gov.uk/company/07490829/filing-history,0,,ORG:106744
Honeywell Analytics Limited,00412070,register,HONEYWELL ANALYTICS LIMITED,active,2025-12-31,2026-10-02,accounts-with-accounts-type-full,full,,,likely,pdf (not read),https://find-and-update.company-information.service.gov.uk/company/00412070/filing-history,0,,ORG:104127
Honeywell Productivity Solutions Limited,03138032,register,HONEYWELL PRODUCTIVITY SOLUTIONS LIMITED,active,2025-12-31,2026-07-17,accounts-with-accounts-type-full,full,,,likely,pdf (not read),https://find-and-update.company-information.service.gov.uk/company/03138032/filing-history,0,,ORG:116620
Honeywell UK Limited,00301598,register,HONEYWELL UK LIMITED,active,2025-12-31,2026-06-27,accounts-with-accounts-type-full,full,,,likely,pdf (not read),https://find-and-update.company-information.service.gov.uk/company/00301598/filing-history,0,,ORG:103411
Hoo Hing Ltd,02625487,register,HOO HING LIMITED,active,2025-06-30,2026-04-15,accounts-with-accounts-type-full,full,71588988,ixbrl,yes,xhtml,https://find-and-update.company-information.service.gov.uk/company/02625487/filing-history,0,,ORG:108337
Hoobrook Holdings Ltd,02897594,register,HOOBROOK HOLDINGS LIMITED,active,2025-03-31,2026-01-05,accounts-with-accounts-type-group,group,,,likely,pdf (not read),https://find-and-update.company-information.service.gov.uk/company/02897594/filing-history,2,,ORG:102147
Hook Norton Brewery Company Limited (The),00066594,register,"HOOK NORTON BREWERY COMPANY,LIMITED(THE)",active,2025-09-30,2026-05-15,accounts-with-accounts-type-full,full,9220488,ixbrl,yes,xhtml,https://find-and-update.company-information.service.gov.uk/company/00066594/filing-history,0,,ORG:100940
Hopelake Food Limited,06853937,register,HOPELAKE FOOD LIMITED,active,2025-07-31,2026-02-26,accounts-with-accounts-type-unaudited-abridged,small,,,unknown,xhtml,https://find-and-update.company-information.service.gov.uk/company/06853937/filing-history,0,,ORG:102728
Hoppe (U.K.) Ltd,02286568,register,HOPPE (U.K.) LIMITED,active,2025-12-31,2026-09-09,accounts-with-accounts-type-full,full,,,likely,pdf (not read),https://find-and-update.company-information.service.gov.uk/company/02286568/filing-history,0,,ORG:107350
Horberg & Co Holdings Ltd,09185187,register,HORBERG & CO HOLDINGS LTD,active,2025-12-31,2026-09-30,accounts-with-accounts-type-group,group,25362534,text,yes,xhtml,https://find-and-update.company-information.service.gov.uk/company/09185187/filing-history,1,,ORG:108543
Hornby Hobbies Ltd,02065081,register,HORNBY HOBBIES LIMITED,active,2025-03-31,2026-02-26,accounts-amended-with-accounts-type-full,full,,,likely,pdf (not read),https://find-and-update.company-information.service.gov.uk/company/02065081/filing-history,0,,ORG:102584
Horsleys International Limited,09332678,register,HORSLEYS INTERNATIONAL LIMITED,active,2025-03-31,2025-06-13,accounts-with-accounts-type-total-exemption-full,small,,,unknown,xhtml,https://find-and-update.company-information.service.gov.uk/company/09332678/filing-history,0,,ORG:106276
Hortology Ltd,10513006,register,HORTOLOGY LTD,active,2025-12-31,2026-09-16,accounts-with-accounts-type-total-exemption-full,small,,,unknown,xhtml,https://find-and-update.company-information.service.gov.uk/company/10513006/filing-history,0,,ORG:106969
Horwood Homewares Limited,00308589,register,HORWOOD HOMEWARES LIMITED,active,2025-03-31,2025-06-16,accounts-with-accounts-type-full,full,,,likely,pdf (not read),https://find-and-update.company-information.service.gov.uk/company/00308589/filing-history,0,,ORG:107306
Hoshizaki Europe Limited,02884491,register,HOSHIZAKI EUROPE LIMITED,active,2025-12-31,2026-05-11,accounts-with-accounts-type-full,full,,,likely,pdf (not read),https://find-and-update.company-information.service.gov.uk/company/02884491/filing-history,0,,ORG:101839
HOT (UK) Limited,02990768,register,HOT (UK) LIMITED,active,2026-02-28,2026-10-06,accounts-with-accounts-type-full,full,,,likely,pdf (not read),https://find-and-update.company-information.service.gov.uk/company/02990768/filing-history,0,,ORG:101540
Hotcakes Limited,01970768,register,HOTCAKES LIMITED,active,2026-03-31,2026-06-02,accounts-with-accounts-type-total-exemption-full,small,,,unknown,xhtml,https://find-and-update.company-information.service.gov.uk/company/01970768/filing-history,0,,ORG:103098
Hotel Chocolat Limited,02805730,register,HOTEL CHOCOLAT LIMITED,active,2025-12-27,2026-09-30,accounts-with-accounts-type-audit-exemption-subsiduary,subsidiary,,,unknown,pdf (not read),https://find-and-update.company-information.service.gov.uk/company/02805730/filing-history,0,,ORG:105658
HOTHOUSE HOLDINGS LIMITED,11600321,register,HOTHOUSE HOLDINGS LIMITED,active,2025-03-31,2026-03-02,accounts-amended-with-accounts-type-group,group,20040370,text,yes,xhtml,https://find-and-update.company-information.service.gov.uk/company/11600321/filing-history,1,,ORG:107852
Hotpoint UK Appliances Limited,00106725,register,HOTPOINT UK APPLIANCES LIMITED,active,2024-12-31,2025-09-25,accounts-with-accounts-type-full,full,,,likely,pdf (not read),https://find-and-update.company-information.service.gov.uk/company/00106725/filing-history,0,,ORG:100743
Hotter Shoes Limited,14705827,register,HOTTER SHOES LIMITED,active,2025-03-29,2025-11-05,accounts-with-accounts-type-full,full,52969000,text,yes,xhtml,https://find-and-update.company-information.service.gov.uk/company/14705827/filing-history,0,,ORG:116963
Houghton Hams Ltd,02919146,register,HOUGHTON HAMS LIMITED,active,2025-03-31,2025-10-23,accounts-with-accounts-type-medium,medium,22210630,ixbrl,yes,xhtml,https://find-and-update.company-information.service.gov.uk/company/02919146/filing-history,0,,ORG:100496
HOUGHTON LIMITED,00063827,register,HOUGHTON LIMITED,active,2024-12-31,2025-10-03,accounts-with-accounts-type-full,full,,,likely,pdf (not read),https://find-and-update.company-information.service.gov.uk/company/00063827/filing-history,0,,ORG:107872
HOUSE OF TOWNEND LIMITED,00723084,register,HOUSE OF TOWNEND LIMITED,active,2026-01-31,2026-10-06,accounts-with-accounts-type-full,full,,,likely,pdf (not read),https://find-and-update.company-information.service.gov.uk/company/00723084/filing-history,0,,ORG:104623
House Of Westphalia Ltd,02514239,register,HOUSE OF WESTPHALIA LIMITED,active,2025-12-31,2026-07-21,accounts-with-accounts-type-medium,medium,43666259,ixbrl,yes,xhtml,https://find-and-update.company-information.service.gov.uk/company/02514239/filing-history,0,,ORG:111303
Hovat Ltd,01146599,register,HOVAT LIMITED,active,2025-12-31,2026-07-21,accounts-with-accounts-type-full,full,,,likely,pdf (not read),https://find-and-update.company-information.service.gov.uk/company/01146599/filing-history,0,,ORG:111794
HOVIS LIMITED,08846838,register,HOVIS LIMITED,active,2025-09-27,2026-07-11,accounts-with-accounts-type-full,full,,,likely,pdf (not read),https://find-and-update.company-information.service.gov.uk/company/08846838/filing-history,0,,ORG:114127
Howarth Timber Group Limited,00067025,register,HOWARTH TIMBER GROUP LIMITED,active,2025-03-31,2025-12-18,accounts-with-accounts-type-group,group,,,likely,pdf (not read),https://find-and-update.company-information.service.gov.uk/company/00067025/filing-history,4,,ORG:103087
Howco Group plc,SC079844,register,HOWCO GROUP PLC,active,2025-03-29,2025-12-10,accounts-with-accounts-type-full,full,,,likely,pdf (not read),https://find-and-update.company-information.service.gov.uk/company/SC079844/filing-history,0,,ORG:101411
Howden Joinery Limited,00526923,register,HOWDEN JOINERY LIMITED,active,2025-12-27,2026-07-17,accounts-with-accounts-type-full,full,,,likely,pdf (not read),https://find-and-update.company-information.service.gov.uk/company/00526923/filing-history,0,,ORG:100820
Howmet Fastening Systems Ltd,01736094,register,HOWMET FASTENING SYSTEMS LIMITED,active,2025-12-31,2026-09-17,accounts-with-accounts-type-full,full,,,likely,pdf (not read),https://find-and-update.company-information.service.gov.uk/company/01736094/filing-history,0,,ORG:104556
Howmet Ltd,02659893,register,HOWMET LIMITED,active,2025-12-31,2026-08-10,accounts-with-accounts-type-full,full,,,likely,pdf (not read),https://find-and-update.company-information.service.gov.uk/company/02659893/filing-history,0,,ORG:101236
Hozelock Limited,00645367,register,HOZELOCK LIMITED,active,2025-09-30,2025-12-30,accounts-with-accounts-type-full,full,,,likely,pdf (not read),https://find-and-update.company-information.service.gov.uk/company/00645367/filing-history,0,,ORG:107299
HP INC UK Ltd,09408979,register,HP INC UK LIMITED,active,2025-10-31,2026-06-07,accounts-with-accounts-type-full,full,,,likely,pdf (not read),https://find-and-update.company-information.service.gov.uk/company/09408979/filing-history,0,,ORG:105988
HPC Plc,00622352,register,HPC PUBLIC LIMITED COMPANY,active,2025-08-31,2026-02-27,accounts-with-accounts-type-full,full,,,likely,pdf (not read),https://find-and-update.company-information.service.gov.uk/company/00622352/filing-history,0,,ORG:104199
HPREF II UK HOTEL MANAGEMENT LIMITED,13712697,register,HPREF II UK HOTEL MANAGEMENT LIMITED,active,2024-12-31,2025-10-01,accounts-with-accounts-type-full,full,,,likely,pdf (not read),https://find-and-update.company-information.service.gov.uk/company/13712697/filing-history,0,,ORG:114878
HPREF Mets Birmingham Ltd,10951264,register,HPREF METS BIRMINGHAM LTD,active,2025-12-31,2026-06-02,accounts-with-accounts-type-full,full,,,likely,pdf (not read),https://find-and-update.company-information.service.gov.uk/company/10951264/filing-history,0,,ORG:106911
HPREF Mets London Ltd,10951979,register,HPREF METS LONDON LTD,active,2025-12-31,2026-06-02,accounts-with-accounts-type-full,full,,,likely,pdf (not read),https://find-and-update.company-information.service.gov.uk/company/10951979/filing-history,0,,ORG:106909
HSNF Ltd,06945009,register,HSNF LIMITED,active,2025-06-30,2026-03-31,accounts-with-accounts-type-group,group,34116418,text,yes,xhtml,https://find-and-update.company-information.service.gov.uk/company/06945009/filing-history,0,,ORG:102476
HT Drinks Holdings Ltd,02957932,register,HT DRINKS HOLDINGS LTD,active,2025-03-31,2025-12-11,accounts-with-accounts-type-group,group,207203000,text,yes,xhtml,https://find-and-update.company-information.service.gov.uk/company/02957932/filing-history,3,,ORG:112376
HTC Group Limited,01742433,register,HTC GROUP LIMITED,active,2025-05-31,2026-05-26,accounts-with-accounts-type-full,full,34761763,text,yes,xhtml,https://find-and-update.company-information.service.gov.uk/company/01742433/filing-history,0,,ORG:102911
Huawei Technologies (UK) Co.  Ltd,04295981,register,"HUAWEI TECHNOLOGIES (UK) CO., LTD.",active,2025-12-31,2026-09-08,accounts-with-accounts-type-full,full,,,likely,pdf (not read),https://find-and-update.company-information.service.gov.uk/company/04295981/filing-history,0,,ORG:103906
Hub Packaging Limited,NI616476,register,HUB PACKAGING LTD.,active,2025-12-31,2026-09-18,accounts-with-accounts-type-full,full,19367466,ixbrl,yes,xhtml,https://find-and-update.company-information.service.gov.uk/company/NI616476/filing-history,0,,ORG:106192
HUBBELL LIMITED,00669157,register,HUBBELL LIMITED,active,2024-12-31,2025-10-07,accounts-with-accounts-type-full,full,,,likely,pdf (not read),https://find-and-update.company-information.service.gov.uk/company/00669157/filing-history,0,,ORG:105381
Huber + Suhner (UK) Limited,00902205,register,HUBER + SUHNER (UK) LIMITED,active,2025-12-31,2026-06-19,accounts-with-accounts-type-full,full,76291000,ixbrl,yes,xhtml,https://find-and-update.company-information.service.gov.uk/company/00902205/filing-history,0,,ORG:102933
Hubergroup UK Limited,01631839,register,HUBERGROUP UK LIMITED,active,2025-12-31,2026-05-16,accounts-with-accounts-type-full,full,,,likely,pdf (not read),https://find-and-update.company-information.service.gov.uk/company/01631839/filing-history,0,,ORG:104078
Hubron (International) Ltd,05140826,register,HUBRON (INTERNATIONAL) LIMITED,active,2025-12-31,2026-09-30,accounts-with-accounts-type-full,full,31484200,text,yes,xhtml,https://find-and-update.company-information.service.gov.uk/company/05140826/filing-history,0,,ORG:108078
Huegli UK Ltd.,03712422,register,HUEGLI UK LTD.,active,2024-12-31,2025-04-30,accounts-with-accounts-type-full,full,,,likely,pdf (not read),https://find-and-update.company-information.service.gov.uk/company/03712422/filing-history,0,,ORG:102304
Huel Ltd,07907551,register,HUEL LIMITED,active,2025-07-31,2026-04-07,accounts-with-accounts-type-group,group,,,likely,pdf (not read),https://find-and-update.company-information.service.gov.uk/company/07907551/filing-history,0,,ORG:104785
Hugh Lowe Farms Limited,02477268,register,HUGH LOWE FARMS LIMITED,active,2025-12-31,2026-09-28,accounts-with-accounts-type-full,,,,,,https://find-and-update.company-information.service.gov.uk/company/02477268/filing-history,0,"ProxyError: HTTPSConnectionPool(host='s3.eu-west-2.amazonaws.com', port=443): Max retries exceeded with url: /document-api-images-live.ch.gov.uk/docs/QxmGh5YYn5sFLs2ckawYQcKRZIs_5DEWONBtwdf_SH8/application-xhtml%252Bxml?X-Amz-Algorithm=AWS4-HMAC-SHA256&X-Amz-Credential=ASIAWRGBDBV3KHOESNCX%2F20261008%2Feu-west-2%2Fs3%2Faws4_request&X-Amz-Date=20261008T120227Z&X-Amz-Expires=60&X-Amz-Security-Token=IQoJb3JpZ2luX2VjEFoaCWV1LXdlc3QtMiJHMEUCIEWSkqzs42IdOBBSO%2BGfrK46onMncAlQAK1KQt3SBjmFAiEA%2F52obvPwxqiSN187ymdfHumFQ3Us0OKZiPI29ohGbvQqgQQIIhAFGgw0NDkyMjkwMzI4MjIiDOsbrigtviVNWFmjWyreA5WXa7iisGoRhb1HXz7ekmq%2BvAQ8%2Bqy8Mfh6fzbRabZgEoiMQmNlTdfey6xiB07y%2Bj9zn0P6tld%2F7RewqIqDCy5jzdawftAGsvOHgYKPs6GAnHsBgta2N2L%2FkBOZz9cHNdQKYUqDF%2FYSMM5SKoEOT9gOHrXEbQenk%2F7pH4A7Lcv6SusTodaOMP9aQMUmfAeFWz03tsKILutTZD8ypeYs%2BH7wZYF8s39%2B9AISh8U3MmfSTDgZvwSg8r9XEBbUkWw4dwMtythQMpsyYQF2T9qu5scDxQ2X6oOqkjj%2Bcv2keqt84VfvlHUxl0LN%2Bl9%2Ftd%2Fdet%2FOtkCSqEizooObNloJgSmi73LnJZVjWNtStPwWxQDELNSSEILH6R5AiRkI6T1FBiO8h7nwPqjAWX%2FLfZnxqkRkt3l2KWw0p0R0qc1hDXoSAWLDDftz0rxzPdAgWnJ7CKO31Q8zXjtMJeteLsSGPvZCO7GcPvsZzVW%2F2IvoAqEz2%2Bhc%2BU6cwodfvtWeZhUbkP4xHrwIjax257M91O4DDj32cwNNLaC4VHIsxuXudd9uHcD9a2ias2U9KzHeZV3isjjccE8JyPVoFzzROtzQnQMacYuge%2B5Fi1uYojimAaz4LCYssz6WLvQ%2FdGjqKf0wps%2Bd1gY6pQHPrB33lCic95GPE8CGu7nLrKBqB1P4%2FeaFwo0PAMpb446w1KrZD1tt%2F7u4CnUN%2FmWgHhCJcIRSgbxrPCw2bfJWUiCUTTdj5Te3Q9wbjMz6TY%2B3hipR2XkKrDFUmasiPUusVCFs3OewYcSmnWNIgeqHz5VytB3CwNmbQ%2B9u0gEqynR8vEqh2Y0uAK9kuuW9TznS%2FBg6qBv0Z6DwLN8ujsB87RsQkeo%3D&X-Amz-SignedHeaders=host&response-content-disposition=inline%3Bfilename%3D%2202477268_aa_2026-09-28.xhtml%22&X-Amz-Signature=f6223734f2691d544794027ce3db7bb1a1894602799ba5a73a62b918535c78c1 (Caused by ProxyError('Unable to connect to proxy', RemoteDisconnected('Remote end closed connection without response')))",ORG:117069
Hughes TV and Audio Ltd,00695682,register,HUGHES TV AND AUDIO LIMITED,active,2025-03-31,2026-01-05,accounts-with-accounts-type-full,full,,,likely,pdf (not read),https://find-and-update.company-information.service.gov.uk/company/00695682/filing-history,0,,ORG:108667
Hugo Boss UK Limited,03484933,register,HUGO BOSS UK LIMITED,active,2025-12-31,2026-09-21,accounts-with-accounts-type-full,full,,,likely,pdf (not read),https://find-and-update.company-information.service.gov.uk/company/03484933/filing-history,0,,ORG:108417
Huhtamaki (Lurgan) Limited,NI001006,register,HUHTAMAKI (LURGAN) LIMITED,active,2024-12-31,2025-09-24,accounts-with-accounts-type-full,full,,,likely,pdf (not read),https://find-and-update.company-information.service.gov.uk/company/NI001006/filing-history,1,,ORG:103981
Huhtamaki (UK) Ltd,00956315,register,HUHTAMAKI (UK) LIMITED,active,2024-12-31,2025-08-07,accounts-with-accounts-type-full,full,,,likely,pdf (not read),https://find-and-update.company-information.service.gov.uk/company/00956315/filing-history,0,,ORG:103720
Huhtamaki BCP Ltd,00248918,register,HUHTAMAKI BCP LIMITED,active,2024-12-31,2025-10-07,accounts-with-accounts-type-full,full,,,likely,pdf (not read),https://find-and-update.company-information.service.gov.uk/company/00248918/filing-history,0,,ORG:106017
Huhtamaki Foodservice Delta Ltd,NI018004,register,HUHTAMAKI FOODSERVICE DELTA LIMITED,active,2025-12-31,2026-09-24,accounts-with-accounts-type-full,full,,,likely,pdf (not read),https://find-and-update.company-information.service.gov.uk/company/NI018004/filing-history,0,,ORG:100085
Huhtamaki India Limited,FC024770,register,HUHTAMAKI INDIA LIMITED,active,2024-12-31,2025-05-28,accounts-with-accounts-type-full,full,,,likely,pdf (not read),https://find-and-update.company-information.service.gov.uk/company/FC024770/filing-history,0,,ORG:116916
Humanscale UK Ltd,09349424,register,HUMANSCALE UK LIMITED,active,2025-12-31,2026-09-09,accounts-with-accounts-type-full,full,,,likely,pdf (not read),https://find-and-update.company-information.service.gov.uk/company/09349424/filing-history,0,,ORG:104073
Humble Foods Ltd,12429764,register,HUMBLE FOODS LTD,active,2025-12-31,2026-09-29,accounts-with-accounts-type-total-exemption-full,small,,,unknown,xhtml,https://find-and-update.company-information.service.gov.uk/company/12429764/filing-history,0,,ORG:114983
Huntapac Produce Limited,01409925,register,HUNTAPAC PRODUCE LIMITED,active,2025-06-30,2025-12-12,accounts-with-accounts-type-full,full,79039123,text,yes,xhtml,https://find-and-update.company-information.service.gov.uk/company/01409925/filing-history,0,,ORG:101569
Hunter & Gather Foods Ltd,10469907,register,HUNTER & GATHER FOODS LTD,active,2025-12-31,2026-09-25,accounts-with-accounts-type-total-exemption-full,small,,,unknown,xhtml,https://find-and-update.company-information.service.gov.uk/company/10469907/filing-history,0,,ORG:107701
Hunter Price International Limited,06932457,register,HUNTER PRICE INTERNATIONAL LIMITED,active,2024-12-31,2025-09-26,accounts-with-accounts-type-full,full,43560139,text,yes,xhtml,https://find-and-update.company-information.service.gov.uk/company/06932457/filing-history,0,,ORG:100558
HUNTERS & FRANKAU LIMITED,00022169,register,HUNTERS & FRANKAU LIMITED,active,2024-12-31,2025-09-04,accounts-with-accounts-type-group,group,,,likely,pdf (not read),https://find-and-update.company-information.service.gov.uk/company/00022169/filing-history,0,,ORG:101591
Huntsman (Holdings) UK,03768308,register,HUNTSMAN (HOLDINGS) UK,active,2024-12-31,2025-10-07,accounts-with-accounts-type-full,full,,,likely,pdf (not read),https://find-and-update.company-information.service.gov.uk/company/03768308/filing-history,3,,ORG:107973
Huntsman Advanced Materials (UK) Limited,03846469,register,HUNTSMAN ADVANCED MATERIALS (UK) LIMITED,active,2024-12-31,2025-12-31,accounts-with-accounts-type-full,full,,,likely,pdf (not read),https://find-and-update.company-information.service.gov.uk/company/03846469/filing-history,0,,ORG:104498
Hurst Group (Northern) Ltd,02911969,register,HURST GROUP (NORTHERN) LIMITED,active,2025-03-31,2025-12-03,accounts-with-accounts-type-group,group,,,likely,xhtml,https://find-and-update.company-information.service.gov.uk/company/02911969/filing-history,2,,ORG:101996
Husco International Partners LLP,OC401166,register,HUSCO INTERNATIONAL PARTNERS LLP,active,2025-12-31,2026-10-01,accounts-with-accounts-type-full,full,,,likely,pdf (not read),https://find-and-update.company-information.service.gov.uk/company/OC401166/filing-history,0,,ORG:105971
Hush Homewear Limited,04791362,register,HUSH HOMEWEAR LIMITED,active,2025-03-29,2026-01-05,accounts-with-accounts-type-full,full,,,likely,pdf (not read),https://find-and-update.company-information.service.gov.uk/company/04791362/filing-history,0,,ORG:102828
Husqvarna UK Limited,00974979,register,HUSQVARNA UK LIMITED,active,2025-12-31,2026-09-09,accounts-with-accounts-type-full,full,,,likely,pdf (not read),https://find-and-update.company-information.service.gov.uk/company/00974979/filing-history,0,,ORG:102369
Hutchison 3G UK Limited,03885486,register,HUTCHISON 3G UK LIMITED,active,2025-03-31,2025-12-31,accounts-with-accounts-type-full,full,,,likely,pdf (not read),https://find-and-update.company-information.service.gov.uk/company/03885486/filing-history,0,,ORG:102346
Hyco Manufacturing Ltd,02462613,register,HYCO MANUFACTURING LIMITED,active,2025-09-30,2026-05-01,accounts-with-accounts-type-medium,medium,11183349,ixbrl,yes,xhtml,https://find-and-update.company-information.service.gov.uk/company/02462613/filing-history,0,,ORG:102966
Hydac Technology Ltd,01261214,register,HYDAC TECHNOLOGY LIMITED,active,2025-12-31,2026-06-19,accounts-with-accounts-type-full,full,33178949,text,yes,xhtml,https://find-and-update.company-information.service.gov.uk/company/01261214/filing-history,0,,ORG:104048
Hydes' Brewery Ltd,00126186,register,HYDES' BREWERY LIMITED,active,2026-03-29,2026-09-17,accounts-with-accounts-type-full,full,,,likely,pdf (not read),https://find-and-update.company-information.service.gov.uk/company/00126186/filing-history,0,,ORG:106055
Hydraforce Hydraulics Limited,02286591,register,HYDRAFORCE HYDRAULICS LIMITED,active,2024-12-31,2025-09-05,accounts-with-accounts-type-full,full,,,likely,pdf (not read),https://find-and-update.company-information.service.gov.uk/company/02286591/filing-history,0,,ORG:102053
Hydram Engineering Ltd,02916090,register,HYDRAM ENGINEERING LIMITED,active,2025-03-31,2025-12-31,accounts-with-accounts-type-full,full,,,likely,pdf (not read),https://find-and-update.company-information.service.gov.uk/company/02916090/filing-history,0,,ORG:100621
Hydro Aluminium Deeside Limited,01786117,register,HYDRO ALUMINIUM DEESIDE LIMITED,active,2025-12-31,2026-06-06,accounts-with-accounts-type-full,full,,,likely,pdf (not read),https://find-and-update.company-information.service.gov.uk/company/01786117/filing-history,0,,ORG:106795
Hydro Aluminium UK Ltd,00961843,register,HYDRO ALUMINIUM UK LIMITED,active,2024-12-31,2026-02-23,accounts-with-accounts-type-full,full,,,likely,pdf (not read),https://find-and-update.company-information.service.gov.uk/company/00961843/filing-history,0,,ORG:100541
Hydro Building Systems UK Ltd,01029071,register,HYDRO BUILDING SYSTEMS UK LIMITED,active,2025-12-31,2026-09-15,accounts-with-accounts-type-full,full,,,likely,pdf (not read),https://find-and-update.company-information.service.gov.uk/company/01029071/filing-history,0,,ORG:102925
HYDROGARDEN LIMITED,03104989,register,HYDROGARDEN LIMITED,active,2024-12-31,2025-12-23,accounts-with-accounts-type-group,group,,,likely,xhtml,https://find-and-update.company-information.service.gov.uk/company/03104989/filing-history,0,,ORG:104258
Hydropac Limited,04308433,register,HYDROPAC LIMITED,active,2025-12-31,2026-09-09,accounts-with-accounts-type-full,full,5915647,ixbrl,yes,xhtml,https://find-and-update.company-information.service.gov.uk/company/04308433/filing-history,0,,ORG:103810
HYGIENE DISPOSABLES GROUP LIMITED,06722780,register,HYGIENE DISPOSABLES GROUP LIMITED,active,2026-03-31,2026-09-12,accounts-with-accounts-type-total-exemption-full,small,,,unknown,xhtml,https://find-and-update.company-information.service.gov.uk/company/06722780/filing-history,0,,ORG:114307
Hygiene Supplies Direct Limited,04350856,register,HYGIENE SUPPLIES DIRECT LIMITED,active,2025-01-31,2025-10-31,accounts-with-accounts-type-medium,medium,11257302,ixbrl,yes,xhtml,https://find-and-update.company-information.service.gov.uk/company/04350856/filing-history,0,,ORG:106772
Hyperama Plc,02667340,register,HYPERAMA PLC,active,2026-01-31,2026-05-06,accounts-with-accounts-type-full,full,38436000,ixbrl,yes,xhtml,https://find-and-update.company-information.service.gov.uk/company/02667340/filing-history,0,,ORG:107470
Hypergood Ltd,04009018,register,HYPERGOOD LTD,active,2025-09-30,2026-07-04,accounts-with-accounts-type-full,full,,,likely,pdf (not read),https://find-and-update.company-information.service.gov.uk/company/04009018/filing-history,0,,ORG:114508
Hyster-Yale UK Limited,02636775,register,HYSTER-YALE UK LIMITED,active,2024-12-31,2025-09-26,accounts-with-accounts-type-full,full,,,likely,pdf (not read),https://find-and-update.company-information.service.gov.uk/company/02636775/filing-history,0,,ORG:107066
Hyve Solutions Europe Limited,02311223,register,HYVE SOLUTIONS EUROPE LIMITED,active,2025-11-30,2026-09-04,accounts-with-accounts-type-full,full,,,likely,pdf (not read),https://find-and-update.company-information.service.gov.uk/company/02311223/filing-history,0,,ORG:106085
I'Anson Bros Limited,00462656,register,I'ANSON BROS LIMITED,active,2025-06-30,2026-03-15,accounts-with-accounts-type-full,full,,,likely,pdf (not read),https://find-and-update.company-information.service.gov.uk/company/00462656/filing-history,0,,ORG:101255
I.C.S (UK) Ltd,03665746,register,I.C.S. (UK) LIMITED,active,2025-04-05,2025-12-18,accounts-with-accounts-type-full,full,172054186,ixbrl,yes,xhtml,https://find-and-update.company-information.service.gov.uk/company/03665746/filing-history,0,,ORG:111516
I.G. Doors Limited,04867822,register,I.G. DOORS LIMITED,active,2025-12-31,2026-09-18,accounts-with-accounts-type-full,full,27455000,text,yes,xhtml,https://find-and-update.company-information.service.gov.uk/company/04867822/filing-history,0,,ORG:106648
I.Grunwerg Limited,00541251,register,I.GRUNWERG LIMITED,active,2025-12-31,2026-09-29,accounts-with-accounts-type-total-exemption-full,small,,,unknown,xhtml,https://find-and-update.company-information.service.gov.uk/company/00541251/filing-history,0,,ORG:106492
I.M. PARTS AND SERVICE LIMITED,02770614,register,I.M. PARTS AND SERVICE LIMITED,active,2025-12-31,2026-09-22,accounts-with-accounts-type-full,full,,,likely,pdf (not read),https://find-and-update.company-information.service.gov.uk/company/02770614/filing-history,0,,ORG:105761
i2r Packaging Solutions Limited,06032086,register,I2R PACKAGING SOLUTIONS LIMITED,active,2025-12-31,2026-09-28,accounts-with-accounts-type-full,full,,,likely,pdf (not read),https://find-and-update.company-information.service.gov.uk/company/06032086/filing-history,0,,ORG:103963
IAG Loyalty Retail Ltd,13984706,register,IAG LOYALTY RETAIL LIMITED,active,2025-12-31,2026-08-10,accounts-with-accounts-type-full,full,,,likely,pdf (not read),https://find-and-update.company-information.service.gov.uk/company/13984706/filing-history,0,,ORG:104891
Ian Edgar(Liverpool)Ltd,00576493,register,IAN EDGAR(LIVERPOOL)LIMITED,active,2025-12-31,2026-09-30,accounts-with-accounts-type-full,full,90239905,text,yes,xhtml,https://find-and-update.company-information.service.gov.uk/company/00576493/filing-history,0,,ORG:105326
Ian Macleod Distillers Ltd,SC032696,register,IAN MACLEOD DISTILLERS LIMITED,active,2025-09-30,2026-06-25,accounts-with-accounts-type-group,group,,,likely,pdf (not read),https://find-and-update.company-information.service.gov.uk/company/SC032696/filing-history,0,,ORG:114673
Ian Smith Group Ltd,01421681,register,IAN SMITH GROUP LIMITED,active,2025-12-31,2026-09-25,accounts-with-accounts-type-total-exemption-full,small,,,unknown,xhtml,https://find-and-update.company-information.service.gov.uk/company/01421681/filing-history,0,,ORG:100744
IB Group Ltd,09990469,register,IB GROUP LTD,active,2025-12-31,2026-07-27,accounts-with-accounts-type-audit-exemption-subsiduary,subsidiary,,,unknown,pdf (not read),https://find-and-update.company-information.service.gov.uk/company/09990469/filing-history,3,,ORG:105031
IBIS Packaging Solutions Ltd,05867131,register,IBIS PACKAGING SOLUTIONS LIMITED,active,2025-12-31,2026-07-14,accounts-with-accounts-type-total-exemption-full,small,,,unknown,xhtml,https://find-and-update.company-information.service.gov.uk/company/05867131/filing-history,0,,ORG:107098
IBP Global Trading Ltd,07577071,register,IBP GLOBAL TRADING LIMITED,active,2025-12-31,2026-09-18,accounts-with-accounts-type-group,group,,,likely,pdf (not read),https://find-and-update.company-information.service.gov.uk/company/07577071/filing-history,2,,ORG:117775
Ibstock PLC,09760850,register,IBSTOCK PLC,active,2025-12-31,2026-06-19,accounts-with-accounts-type-group,group,,,likely,pdf (not read),https://find-and-update.company-information.service.gov.uk/company/09760850/filing-history,5,,ORG:101679
ICANDY WORLD LIMITED,00282792,register,ICANDY WORLD LIMITED,active,2025-09-30,2026-06-19,accounts-with-accounts-type-full,full,21986954,ixbrl,yes,xhtml,https://find-and-update.company-information.service.gov.uk/company/00282792/filing-history,0,,ORG:101922
Iceco Limited,07000474,register,ICECO LIMITED,active,2025-12-28,2026-09-29,accounts-with-accounts-type-small,small,,,unknown,pdf (not read),https://find-and-update.company-information.service.gov.uk/company/07000474/filing-history,0,,ORG:108531
ICEFRESH FOODS LIMITED,01366099,register,ICEFRESH FOODS LIMITED,active,2025-12-31,2026-08-10,accounts-with-accounts-type-full,full,,,likely,pdf (not read),https://find-and-update.company-information.service.gov.uk/company/01366099/filing-history,0,,ORG:106048
Iceland Foods Limited,01107406,register,ICELAND FOODS LIMITED,active,2025-03-28,2025-08-07,accounts-with-accounts-type-full,full,,,likely,pdf (not read),https://find-and-update.company-information.service.gov.uk/company/01107406/filing-history,0,,ORG:103410
Ichiban UK Ltd,08776727,register,ICHIBAN UK LIMITED,active,2024-09-27,2025-09-11,accounts-with-accounts-type-full,full,29630494,ixbrl,yes,xhtml,https://find-and-update.company-information.service.gov.uk/company/08776727/filing-history,0,,ORG:103397
Icon Protection EMEA Limited,SC441508,register,ICON PROTECTION EMEA LIMITED,active,2024-12-31,2025-12-23,accounts-with-accounts-type-small,small,,,unknown,xhtml,https://find-and-update.company-information.service.gov.uk/company/SC441508/filing-history,0,,ORG:117220
Iconic London (Holdings) Ltd,05014226,register,ICONIC LONDON (HOLDINGS) LIMITED,active,2024-12-31,2025-07-14,accounts-with-accounts-type-full,full,,,likely,pdf (not read),https://find-and-update.company-information.service.gov.uk/company/05014226/filing-history,0,,ORG:108383
IDEAL STANDARD (UK) LIMITED,00091891,register,IDEAL STANDARD (UK) LIMITED,active,2025-12-31,2026-09-02,accounts-with-accounts-type-full,full,,,likely,pdf (not read),https://find-and-update.company-information.service.gov.uk/company/00091891/filing-history,0,,ORG:101028
Idemia UK Ltd,03783939,register,IDEMIA UK LIMITED,active,2025-12-31,2026-07-25,accounts-with-accounts-type-full,full,,,likely,pdf (not read),https://find-and-update.company-information.service.gov.uk/company/03783939/filing-history,0,,ORG:104874
Idexx Laboratories Limited,02454226,register,IDEXX LABORATORIES LIMITED,active,2024-12-31,2025-11-27,accounts-with-accounts-type-full,full,113466036,text,yes,xhtml,https://find-and-update.company-information.service.gov.uk/company/02454226/filing-history,0,,ORG:102734
IFC Holdings Limited,SC126718,register,IFC HOLDINGS LIMITED,active,2025-03-31,2025-12-29,accounts-with-accounts-type-group,group,,,likely,pdf (not read),https://find-and-update.company-information.service.gov.uk/company/SC126718/filing-history,3,,ORG:101665
IFCO Systems UK Ltd,02997052,register,IFCO SYSTEMS UK LTD,active,2025-06-30,2026-01-28,accounts-with-accounts-type-full,full,,,likely,pdf (not read),https://find-and-update.company-information.service.gov.uk/company/02997052/filing-history,0,,ORG:107154
IFG Drake Ltd,00395431,register,IFG DRAKE LIMITED,active,2025-06-30,2025-10-22,accounts-with-accounts-type-full,full,,,likely,pdf (not read),https://find-and-update.company-information.service.gov.uk/company/00395431/filing-history,0,,ORG:103781
IFit Health & Fitness Limited,02995785,register,IFIT HEALTH & FITNESS LIMITED,active,2025-05-31,2026-08-07,accounts-with-accounts-type-medium,medium,17804778,ixbrl,yes,xhtml,https://find-and-update.company-information.service.gov.uk/company/02995785/filing-history,0,,ORG:107383
IG Design Group UK Ltd,02265899,register,IG DESIGN GROUP UK LIMITED,active,2025-03-31,2026-02-17,accounts-amended-with-accounts-type-audit-exemption-subsiduary,subsidiary,,,unknown,pdf (not read),https://find-and-update.company-information.service.gov.uk/company/02265899/filing-history,0,,ORG:100764
IGA Global Ltd,10320277,register,IGA GLOBAL LTD,active,2025-12-31,2026-08-27,accounts-with-accounts-type-total-exemption-full,small,,,unknown,xhtml,https://find-and-update.company-information.service.gov.uk/company/10320277/filing-history,0,,ORG:115751
Igloo Books Ltd,04845098,register,IGLOO BOOKS LIMITED,active,2025-12-31,2026-08-13,accounts-with-accounts-type-full,full,,,likely,pdf (not read),https://find-and-update.company-information.service.gov.uk/company/04845098/filing-history,0,,ORG:108318
Igus (UK) Limited,02600806,register,IGUS (UK) LIMITED,active,2025-12-31,2026-05-16,accounts-with-accounts-type-full,full,,,likely,pdf (not read),https://find-and-update.company-information.service.gov.uk/company/02600806/filing-history,0,,ORG:103821
IHP LIMITED,06061061,register,IHP LIMITED,active,2025-02-28,2025-11-27,accounts-with-accounts-type-full,full,87126056,text,yes,xhtml,https://find-and-update.company-information.service.gov.uk/company/06061061/filing-history,0,,ORG:114804
IHSS Limited,05233636,register,IHSS LIMITED,active,2024-12-31,2026-04-10,accounts-with-accounts-type-full,full,,,likely,pdf (not read),https://find-and-update.company-information.service.gov.uk/company/05233636/filing-history,0,,ORG:108280
IIAA Limited,02810868,register,IIAA LIMITED,active,2025-02-28,2026-01-26,accounts-with-accounts-type-full,full,,,likely,pdf (not read),https://find-and-update.company-information.service.gov.uk/company/02810868/filing-history,0,,ORG:104749
IKEA Ltd,01986283,register,IKEA LIMITED,active,2025-08-31,2026-09-16,accounts-with-accounts-type-full,full,,,likely,pdf (not read),https://find-and-update.company-information.service.gov.uk/company/01986283/filing-history,0,,ORG:103957
IKO Insulations UK Ltd,08188653,register,IKO INSULATIONS UK LIMITED,active,2025-12-31,2026-07-10,accounts-with-accounts-type-full,full,,,likely,pdf (not read),https://find-and-update.company-information.service.gov.uk/company/08188653/filing-history,0,,ORG:102126
IKO plc,02678296,register,IKO PLC,active,2025-12-31,2026-07-10,accounts-with-accounts-type-full,full,,,likely,pdf (not read),https://find-and-update.company-information.service.gov.uk/company/02678296/filing-history,0,,ORG:101650
Il-UK Fresh Produce Limited,07703353,register,IL-UK FRESH PRODUCE LIMITED,active,2025-12-31,2026-08-27,accounts-with-accounts-type-small,small,,,unknown,xhtml,https://find-and-update.company-information.service.gov.uk/company/07703353/filing-history,0,,ORG:101580
Illumina Cambridge Limited,03625145,register,ILLUMINA CAMBRIDGE LIMITED,active,2025-12-28,2026-07-26,accounts-with-accounts-type-full,full,,,likely,pdf (not read),https://find-and-update.company-information.service.gov.uk/company/03625145/filing-history,0,,ORG:102655
Illycaffe UK Ltd,11823145,register,ILLYCAFFÈ UK LIMITED,active,2025-12-31,2026-08-09,accounts-with-accounts-type-full,full,,,likely,pdf (not read),https://find-and-update.company-information.service.gov.uk/company/11823145/filing-history,0,,ORG:100048
Image Data Group Limited,02452106,register,IMAGE DATA GROUP LIMITED,active,2025-12-31,2026-10-05,accounts-with-accounts-type-group,group,,,likely,pdf (not read),https://find-and-update.company-information.service.gov.uk/company/02452106/filing-history,0,,ORG:107000
IMAGE ON FOOD LIMITED,03032336,register,IMAGE ON FOOD LIMITED,active,2025-12-31,2026-05-27,accounts-with-accounts-type-total-exemption-full,small,,,unknown,xhtml,https://find-and-update.company-information.service.gov.uk/company/03032336/filing-history,0,,ORG:106433
IMCD UK Ltd,02297809,register,IMCD UK LIMITED,active,2025-12-31,2026-07-25,accounts-with-accounts-type-full,full,,,likely,pdf (not read),https://find-and-update.company-information.service.gov.uk/company/02297809/filing-history,1,,ORG:101231
Imerys Aluminates Ltd,01974484,register,IMERYS ALUMINATES LIMITED,active,2025-12-31,2026-08-04,accounts-with-accounts-type-full,full,,,likely,pdf (not read),https://find-and-update.company-information.service.gov.uk/company/01974484/filing-history,0,,ORG:102950
Imerys Minerals Ltd,00269255,register,IMERYS MINERALS LIMITED,active,2024-12-31,2026-02-19,accounts-amended-with-accounts-type-full,full,,,likely,pdf (not read),https://find-and-update.company-information.service.gov.uk/company/00269255/filing-history,0,,ORG:100713
IMEX CERAMICS UK LTD,07406802,register,IMEX CERAMICS UK LTD,active,2025-12-31,2026-06-30,accounts-with-accounts-type-medium,medium,17132992,ixbrl,yes,xhtml,https://find-and-update.company-information.service.gov.uk/company/07406802/filing-history,0,,ORG:106486
IMI Precision Engineering Ltd,01687068,register,IMI PRECISION ENGINEERING LIMITED,active,2025-12-31,2026-09-03,accounts-with-accounts-type-audit-exemption-subsiduary,subsidiary,,,unknown,pdf (not read),https://find-and-update.company-information.service.gov.uk/company/01687068/filing-history,0,,ORG:103310
IMK Automotive Limited,03932965,register,IMK AUTOMOTIVE LIMITED,active,2025-01-31,2025-10-22,accounts-with-accounts-type-full,full,34977046,text,yes,xhtml,https://find-and-update.company-information.service.gov.uk/company/03932965/filing-history,1,,ORG:102711
IMMEDIATE MEDIA COMPANY LONDON LIMITED,06189487,register,IMMEDIATE MEDIA COMPANY LONDON LIMITED,active,2025-12-31,2026-10-05,accounts-with-accounts-type-full,full,,,likely,pdf (not read),https://find-and-update.company-information.service.gov.uk/company/06189487/filing-history,2,,ORG:103628
Impact (Boston) Limited,00801126,register,IMPACT (BOSTON) LIMITED,active,2025-12-31,2026-08-12,accounts-with-accounts-type-total-exemption-full,small,,,unknown,xhtml,https://find-and-update.company-information.service.gov.uk/company/00801126/filing-history,0,,ORG:100122
Impact Retail Limited,03088906,register,IMPACT RETAIL LIMITED,active,2025-10-31,2026-07-30,accounts-with-accounts-type-full,full,15486793,text,yes,xhtml,https://find-and-update.company-information.service.gov.uk/company/03088906/filing-history,0,,ORG:101146
Imperial Chemical Industries Ltd,00218019,register,IMPERIAL CHEMICAL INDUSTRIES LIMITED,active,2024-12-31,2025-12-27,accounts-with-accounts-type-full,full,,,likely,pdf (not read),https://find-and-update.company-information.service.gov.uk/company/00218019/filing-history,0,,ORG:108149
Imperial Office Furniture Ltd,03858693,register,IMPERIAL OFFICE FURNITURE LTD,active,2025-12-31,2026-08-06,accounts-with-accounts-type-full,full,14570293,text,yes,xhtml,https://find-and-update.company-information.service.gov.uk/company/03858693/filing-history,0,,ORG:102110
IMPERIAL POLYTHENE PRODUCTS LIMITED,03082042,register,IMPERIAL POLYTHENE PRODUCTS LIMITED,active,2025-08-31,2026-05-29,accounts-with-accounts-type-full,full,19792935,text,yes,xhtml,https://find-and-update.company-information.service.gov.uk/company/03082042/filing-history,0,,ORG:111354
Imperial Tobacco Ltd,01860181,register,IMPERIAL TOBACCO LIMITED,active,2025-09-30,2026-04-19,accounts-with-accounts-type-full,full,,,likely,pdf (not read),https://find-and-update.company-information.service.gov.uk/company/01860181/filing-history,0,,ORG:107482
IMS Euro Ltd,04247118,register,IMS EURO LIMITED,active,2025-12-31,2026-06-19,accounts-with-accounts-type-full,full,32942602,ixbrl,yes,xhtml,https://find-and-update.company-information.service.gov.uk/company/04247118/filing-history,0,,ORG:108215
Incorez Limited,02033501,register,INCOREZ LIMITED,active,2025-12-31,2026-10-07,accounts-with-accounts-type-full,full,,,likely,pdf (not read),https://find-and-update.company-information.service.gov.uk/company/02033501/filing-history,0,,ORG:106770
Incos Ltd,03644923,register,INCOS LIMITED,active,2025-03-31,2025-12-05,accounts-with-accounts-type-full,full,35135973,text,yes,xhtml,https://find-and-update.company-information.service.gov.uk/company/03644923/filing-history,0,,ORG:102730
Indasa Abrasives (UK) Ltd,02392535,register,INDASA ABRASIVES (UK) LTD,active,2025-12-31,2026-09-14,accounts-with-accounts-type-full,full,,,likely,pdf (not read),https://find-and-update.company-information.service.gov.uk/company/02392535/filing-history,0,,ORG:100632
Independent Fertilisers Limited,NI042334,register,INDEPENDENT FERTILISERS LIMITED,active,2025-07-31,2026-04-20,accounts-with-accounts-type-full,full,,,likely,pdf (not read),https://find-and-update.company-information.service.gov.uk/company/NI042334/filing-history,0,,ORG:115688
Independent Glass Company Ltd,SC107294,register,INDEPENDENT GLASS COMPANY LIMITED,active,2025-09-30,2026-06-24,accounts-with-accounts-type-full,full,23308699,text,yes,xhtml,https://find-and-update.company-information.service.gov.uk/company/SC107294/filing-history,2,,ORG:104439
Indevin UK Limited,12876076,register,INDEVIN UK LIMITED,active,2024-06-30,2025-09-30,accounts-with-accounts-type-small,small,,,unknown,xhtml,https://find-and-update.company-information.service.gov.uk/company/12876076/filing-history,0,,ORG:107705
Indica Industries UK Limited,09029219,register,INDICA INDUSTRIES UK LIMITED,active,2025-12-31,2026-07-17,accounts-with-accounts-type-group,group,,,likely,pdf (not read),https://find-and-update.company-information.service.gov.uk/company/09029219/filing-history,2,,ORG:115139
Indicor International Holding Ltd,12081981,register,INDICOR INTERNATIONAL HOLDING LIMITED,active,2024-12-31,2026-06-05,accounts-with-accounts-type-full,full,,,likely,pdf (not read),https://find-and-update.company-information.service.gov.uk/company/12081981/filing-history,4,,ORG:107627
INDIGO FOOD GROUP LIMITED,06475914,register,INDIGO FOOD GROUP LIMITED,active,2025-12-31,2026-09-29,accounts-with-accounts-type-full,full,4531043,ixbrl,no,xhtml,https://find-and-update.company-information.service.gov.uk/company/06475914/filing-history,3,,ORG:106064
INDO EUROPEAN FOODS LIMITED,04105745,register,INDO EUROPEAN FOODS LIMITED,active,2024-12-31,2025-10-06,accounts-with-accounts-type-full,full,,,likely,pdf (not read),https://find-and-update.company-information.service.gov.uk/company/04105745/filing-history,0,,ORG:105753
Indus Foods Ltd,02430421,register,INDUS FOODS LIMITED,active,2025-06-30,2026-03-03,accounts-with-accounts-type-group,group,,,likely,xhtml,https://find-and-update.company-information.service.gov.uk/company/02430421/filing-history,0,,ORG:107103
Industrial Chemicals Limited,03886037,register,INDUSTRIAL CHEMICALS LIMITED,active,2025-12-31,2026-09-29,accounts-with-accounts-type-full,full,187690977,text,yes,xhtml,https://find-and-update.company-information.service.gov.uk/company/03886037/filing-history,0,,ORG:102739
INDUSTRIAL CLEANING EQUIPMENT (SOUTHAMPTON) LTD,02732684,register,INDUSTRIAL CLEANING EQUIPMENT (SOUTHAMPTON) LTD,active,2025-06-30,2026-03-30,accounts-with-accounts-type-group,group,,,likely,xhtml,https://find-and-update.company-information.service.gov.uk/company/02732684/filing-history,0,,ORG:115715
Industrial Pallet and Transport Services Limited,03148044,register,INDUSTRIAL PALLET AND TRANSPORT SERVICES LIMITED,active,2025-12-31,2026-08-18,accounts-with-accounts-type-total-exemption-full,small,,,unknown,xhtml,https://find-and-update.company-information.service.gov.uk/company/03148044/filing-history,0,,ORG:106334
Indutrade UK Limited,09287563,register,INDUTRADE UK LIMITED,active,2025-12-31,2026-09-30,accounts-with-accounts-type-full,full,,,likely,xhtml,https://find-and-update.company-information.service.gov.uk/company/09287563/filing-history,25,,ORG:104079
Ineos Compounds Aycliffe Limited,08651343,register,INEOS COMPOUNDS AYCLIFFE LIMITED,active,2025-12-31,2026-09-16,accounts-with-accounts-type-audit-exemption-subsiduary,subsidiary,,,unknown,pdf (not read),https://find-and-update.company-information.service.gov.uk/company/08651343/filing-history,0,,ORG:100430
Ineos European Holdings Limited,05310700,register,INEOS EUROPEAN HOLDINGS LIMITED,active,2025-12-31,2026-09-17,accounts-with-accounts-type-full,full,,,likely,pdf (not read),https://find-and-update.company-information.service.gov.uk/company/05310700/filing-history,1,,ORG:105652
INEOS Grangemouth Limited,08698417,register,INEOS GRANGEMOUTH LIMITED,active,2025-12-31,2026-09-24,accounts-with-accounts-type-group,group,,,likely,pdf (not read),https://find-and-update.company-information.service.gov.uk/company/08698417/filing-history,1,,ORG:106161
Infinite Towers Services Limited,14874601,register,INFINITE TOWERS SERVICES LIMITED,active,2025-12-31,2026-10-05,accounts-with-accounts-type-full,full,,,likely,pdf (not read),https://find-and-update.company-information.service.gov.uk/company/14874601/filing-history,0,,ORG:116481
Infinity Foods Co-Operative Limited,IP22397R,register,INFINITY FOODS CO-OPERATIVE LIMITED,active,,,,,,,,,https://find-and-update.company-information.service.gov.uk/company/IP22397R/filing-history,0,no accounts filing with a document,ORG:111260
Infinity Reliance Limited,07033682,register,INFINITY RELIANCE LIMITED,active,2025-12-31,2026-07-28,accounts-with-accounts-type-medium,medium,25677150,ixbrl,yes,xhtml,https://find-and-update.company-information.service.gov.uk/company/07033682/filing-history,0,,ORG:103242
Inga Group Limited,13222244,register,INGA GROUP LIMITED,active,2025-12-31,2026-09-22,accounts-with-accounts-type-group,group,,,likely,xhtml,https://find-and-update.company-information.service.gov.uk/company/13222244/filing-history,1,,ORG:116386
Ingenico (UK) Ltd,02135540,register,INGENICO (UK) LIMITED,active,2025-12-31,2026-08-09,accounts-with-accounts-type-full,full,,,likely,pdf (not read),https://find-and-update.company-information.service.gov.uk/company/02135540/filing-history,0,,ORG:106336
INGRAM BROTHERS LTD,SC013147,register,INGRAM BROTHERS LTD,active,2025-12-31,2026-09-28,accounts-with-accounts-type-medium,medium,12036841,ixbrl,yes,xhtml,https://find-and-update.company-information.service.gov.uk/company/SC013147/filing-history,0,,ORG:105075
INGRAM CONTENT GROUP UK LTD.,04042196,register,INGRAM CONTENT GROUP UK LTD.,active,2025-12-31,2026-08-04,accounts-with-accounts-type-full,full,84659272,ixbrl,yes,xhtml,https://find-and-update.company-information.service.gov.uk/company/04042196/filing-history,0,,ORG:103805
Ingram Micro (UK) Limited,01609968,register,INGRAM MICRO (UK) LIMITED,active,2025-12-27,2026-10-05,accounts-with-accounts-type-full,full,,,likely,pdf (not read),https://find-and-update.company-information.service.gov.uk/company/01609968/filing-history,0,,ORG:115123
INGRAM MICRO SERVICES LTD,03591124,register,INGRAM MICRO SERVICES LTD,active,2025-12-31,2026-09-15,accounts-with-accounts-type-full,full,202167000,text,yes,xhtml,https://find-and-update.company-information.service.gov.uk/company/03591124/filing-history,0,,ORG:105488
INGREDION UK LIMITED,07315745,register,INGREDION UK LIMITED,active,2025-12-31,2026-07-15,accounts-with-accounts-type-full,full,87200000,text,yes,xhtml,https://find-and-update.company-information.service.gov.uk/company/07315745/filing-history,0,,ORG:106241
INKTECH LIMITED,03107234,register,INKTECH LIMITED,active,2025-10-31,2026-06-30,accounts-with-accounts-type-total-exemption-full,small,,,unknown,xhtml,https://find-and-update.company-information.service.gov.uk/company/03107234/filing-history,0,,ORG:106323
Innate-Essence Limited,10115324,register,INNATE-ESSENCE LIMITED,active,2025-03-31,2025-12-11,accounts-with-accounts-type-total-exemption-full,small,,,unknown,pdf (not read),https://find-and-update.company-information.service.gov.uk/company/10115324/filing-history,0,,ORG:115683
Innerglass Limited,01564200,register,INNERGLASS LIMITED,active,2025-07-31,2026-04-30,accounts-with-accounts-type-full,full,31400612,ixbrl,yes,xhtml,https://find-and-update.company-information.service.gov.uk/company/01564200/filing-history,0,,ORG:102303
Innocent Limited,04007092,register,INNOCENT LIMITED,active,2024-12-31,2026-01-07,accounts-with-accounts-type-full,full,,,likely,pdf (not read),https://find-and-update.company-information.service.gov.uk/company/04007092/filing-history,0,,ORG:101718
Innospec International Ltd,03316194,register,INNOSPEC INTERNATIONAL LIMITED,active,2025-12-31,2026-05-15,accounts-with-accounts-type-full,full,,,likely,pdf (not read),https://find-and-update.company-information.service.gov.uk/company/03316194/filing-history,2,,ORG:114848
Innovate Foods Limited,SC116286,register,INNOVATE FOODS LIMITED,active,2025-12-31,2026-09-16,accounts-with-accounts-type-full,full,27673464,ixbrl,yes,xhtml,https://find-and-update.company-information.service.gov.uk/company/SC116286/filing-history,0,,ORG:104248
Innovative Technology Limited,01954947,register,INNOVATIVE TECHNOLOGY LIMITED,active,2025-12-31,2026-09-18,accounts-with-accounts-type-full,full,63590000,text,yes,xhtml,https://find-and-update.company-information.service.gov.uk/company/01954947/filing-history,0,,ORG:107111
INNOVIA FILMS LIMITED,00271998,register,INNOVIA FILMS LIMITED,active,2025-12-31,2026-09-03,accounts-with-accounts-type-full,full,,,likely,pdf (not read),https://find-and-update.company-information.service.gov.uk/company/00271998/filing-history,0,,ORG:100802
Inovyn ChlorVinyls Ltd,04068812,register,INOVYN CHLORVINYLS LIMITED,active,2025-12-31,2026-06-04,accounts-with-accounts-type-full,full,,,likely,pdf (not read),https://find-and-update.company-information.service.gov.uk/company/04068812/filing-history,0,,ORG:105913
Insight Direct (UK) Ltd,02579852,register,INSIGHT DIRECT (UK) LTD,active,2025-12-31,2026-07-17,accounts-with-accounts-type-full,full,,,likely,pdf (not read),https://find-and-update.company-information.service.gov.uk/company/02579852/filing-history,0,,ORG:107682
INSIGHTFUL BRANDS LIMITED,10413489,register,INSIGHTFUL BRANDS LIMITED,active,2024-12-31,2025-12-23,accounts-with-accounts-type-total-exemption-full,small,,,unknown,xhtml,https://find-and-update.company-information.service.gov.uk/company/10413489/filing-history,0,,ORG:116709
Insignia Manufacturing Limited,06895006,register,INSIGNIA MANUFACTURING LIMITED,active,2025-06-30,2026-03-25,accounts-with-accounts-type-total-exemption-full,small,,,unknown,xhtml,https://find-and-update.company-information.service.gov.uk/company/06895006/filing-history,0,,ORG:105161
Insinkerator UK LTD,00622077,register,INSINKERATOR UK LTD,active,2024-12-31,2025-08-14,accounts-with-accounts-type-medium,medium,,,likely,pdf (not read),https://find-and-update.company-information.service.gov.uk/company/00622077/filing-history,0,,ORG:107119
INSPIRED GLOBAL CUISINE LTD,01905169,register,INSPIRED GLOBAL CUISINE LTD,active,2025-03-28,2026-01-06,accounts-with-accounts-type-audit-exemption-subsiduary,subsidiary,,,unknown,pdf (not read),https://find-and-update.company-information.service.gov.uk/company/01905169/filing-history,0,,ORG:116010
Inspired Pet Nutrition Limited,02495237,register,INSPIRED PET NUTRITION LIMITED,active,2025-06-28,2026-03-28,accounts-with-accounts-type-full,full,,,likely,pdf (not read),https://find-and-update.company-information.service.gov.uk/company/02495237/filing-history,0,,ORG:108186
Insta (International) Limited,08945886,register,INSTA (INTERNATIONAL) LIMITED,active,2025-06-30,2026-01-07,accounts-with-accounts-type-group,group,,,likely,pdf (not read),https://find-and-update.company-information.service.gov.uk/company/08945886/filing-history,3,,ORG:105004
Instadecor Ltd,10285396,register,INSTADECOR LTD,active,2025-07-31,2026-07-13,accounts-with-accounts-type-total-exemption-full,small,,,unknown,xhtml,https://find-and-update.company-information.service.gov.uk/company/10285396/filing-history,0,,ORG:105137
Instarmac Group plc,01324925,register,INSTARMAC GROUP PLC,active,2025-09-30,2026-03-23,accounts-with-accounts-type-full,full,,,likely,pdf (not read),https://find-and-update.company-information.service.gov.uk/company/01324925/filing-history,0,,ORG:100400
Intamarque Ltd,05775185,register,INTAMARQUE LIMITED,active,2025-05-31,2025-10-02,accounts-with-accounts-type-full,full,39551005,ixbrl,yes,xhtml,https://find-and-update.company-information.service.gov.uk/company/05775185/filing-history,0,,ORG:107100
INTATEC LIMITED,04359938,register,INTATEC LIMITED,active,2024-12-31,2025-08-12,accounts-with-accounts-type-full,full,42283278,text,yes,xhtml,https://find-and-update.company-information.service.gov.uk/company/04359938/filing-history,0,,ORG:101887
Integral Memory Plc,02480354,register,INTEGRAL MEMORY PLC,active,2025-09-30,2026-08-19,accounts-with-accounts-type-group,group,33611660,text,yes,xhtml,https://find-and-update.company-information.service.gov.uk/company/02480354/filing-history,0,,ORG:106946
Integrated Doorset Solutions Ltd,09241306,register,INTEGRATED DOORSET SOLUTIONS LIMITED,active,2025-09-30,2026-04-14,accounts-with-accounts-type-group,group,48396000,text,yes,xhtml,https://find-and-update.company-information.service.gov.uk/company/09241306/filing-history,0,,ORG:103473
Integrated Service Solutions Limited,08332191,register,INTEGRATED SERVICE SOLUTIONS LIMITED,active,2025-09-30,2026-06-23,accounts-with-accounts-type-full,full,98375945,ixbrl,yes,xhtml,https://find-and-update.company-information.service.gov.uk/company/08332191/filing-history,0,,ORG:102759
INTEGRITY COMMUNICATIONS GROUP LIMITED,06596905,register,INTEGRITY COMMUNICATIONS GROUP LIMITED,active,2025-12-31,2026-08-14,accounts-with-accounts-type-group,group,71141000,text,yes,xhtml,https://find-and-update.company-information.service.gov.uk/company/06596905/filing-history,2,,ORG:107014
Intelliconnect (Europe) Limited,05532738,register,INTELLICONNECT (EUROPE) LIMITED,active,2024-12-31,2025-09-03,accounts-with-accounts-type-small,small,,,unknown,pdf (not read),https://find-and-update.company-information.service.gov.uk/company/05532738/filing-history,0,,ORG:117586
Inter- Line Building Supplies Limited,01241530,register,INTER-LINE BUILDING SUPPLIES LIMITED,active,2025-12-31,2026-10-06,accounts-with-accounts-type-full,full,,,likely,pdf (not read),https://find-and-update.company-information.service.gov.uk/company/01241530/filing-history,0,,ORG:108594
Intercarabao Ltd,09557445,register,INTERCARABAO LIMITED,active,2025-12-31,2026-08-14,accounts-with-accounts-type-small,small,,,unknown,pdf (not read),https://find-and-update.company-information.service.gov.uk/company/09557445/filing-history,0,,ORG:115916
Intercoat Industrial Paints Limited,01211454,register,INTERCOAT INDUSTRIAL PAINTS LIMITED,active,2025-03-31,2025-12-19,accounts-with-accounts-type-total-exemption-full,small,,,unknown,xhtml,https://find-and-update.company-information.service.gov.uk/company/01211454/filing-history,0,,ORG:107411
INTERCONTINENTAL BRANDS (ICB) LIMITED,02468418,register,INTERCONTINENTAL BRANDS (ICB) LIMITED,active,2025-02-28,2026-03-09,accounts-with-accounts-type-full,full,,,likely,pdf (not read),https://find-and-update.company-information.service.gov.uk/company/02468418/filing-history,0,,ORG:103660
Interface Europe Ltd.,00309779,register,INTERFACE EUROPE LTD.,active,2024-12-31,2026-01-05,accounts-with-accounts-type-group,group,,,likely,pdf (not read),https://find-and-update.company-information.service.gov.uk/company/00309779/filing-history,0,,ORG:108348
Interflex Scotland Limited,SC009850,register,INTERFLEX SCOTLAND LIMITED,active,2025-03-31,2025-12-08,accounts-with-accounts-type-full,full,,,likely,pdf (not read),https://find-and-update.company-information.service.gov.uk/company/SC009850/filing-history,0,,ORG:100905
Interfloor Ltd,00162988,register,INTERFLOOR LIMITED,active,2025-03-29,2026-01-05,accounts-with-accounts-type-audit-exemption-subsiduary,subsidiary,,,unknown,pdf (not read),https://find-and-update.company-information.service.gov.uk/company/00162988/filing-history,0,,ORG:100194
Interflora British Unit,00297087,register,INTERFLORA BRITISH UNIT,active,2025-12-31,2026-08-26,accounts-with-accounts-type-full,full,,,likely,pdf (not read),https://find-and-update.company-information.service.gov.uk/company/00297087/filing-history,0,,ORG:107989
INTERFUSE LIMITED,00850109,register,INTERFUSE LIMITED,active,2025-04-30,2025-12-27,accounts-with-accounts-type-full,full,,,likely,pdf (not read),https://find-and-update.company-information.service.gov.uk/company/00850109/filing-history,0,,ORG:100499
Intergas Heating Limited,06459477,register,INTERGAS HEATING LIMITED,active,2024-12-31,2025-11-10,accounts-with-accounts-type-small,small,,,unknown,xhtml,https://find-and-update.company-information.service.gov.uk/company/06459477/filing-history,0,,ORG:115851
INTERIOR GOODS DIRECT LIMITED,04966706,register,INTERIOR GOODS DIRECT LIMITED,active,2025-05-31,2026-02-26,accounts-with-accounts-type-full,full,40096947,text,yes,xhtml,https://find-and-update.company-information.service.gov.uk/company/04966706/filing-history,0,,ORG:106716
INTERKET LIMITED,01290334,register,INTERKET LIMITED,active,2025-12-31,2026-03-23,accounts-with-accounts-type-medium,medium,16735798,ixbrl,yes,xhtml,https://find-and-update.company-information.service.gov.uk/company/01290334/filing-history,0,,ORG:110516
International Cookware Limited,05631456,register,INTERNATIONAL COOKWARE LIMITED,active,2025-12-31,2026-05-12,accounts-with-accounts-type-full,full,15066000,text,yes,xhtml,https://find-and-update.company-information.service.gov.uk/company/05631456/filing-history,0,,ORG:106582
International Dance Supplies Limited,05452207,register,INTERNATIONAL DANCE SUPPLIES LIMITED,active,2025-06-30,2026-02-02,accounts-with-accounts-type-full,full,,,likely,pdf (not read),https://find-and-update.company-information.service.gov.uk/company/05452207/filing-history,0,,ORG:107673
INTERNATIONAL DIPLOMATIC SUPPLIES LIMITED,05424401,register,INTERNATIONAL DIPLOMATIC SUPPLIES LIMITED,active,2025-12-31,2026-06-22,accounts-with-accounts-type-small,small,,,unknown,xhtml,https://find-and-update.company-information.service.gov.uk/company/05424401/filing-history,0,,ORG:105035
International Exhibition Co-Operative Wine Society Limited,IP01824R,register,INTERNATIONAL EXHIBITION CO-OPERATIVE WINE SOCIETY LIMITED,active,,,,,,,,,https://find-and-update.company-information.service.gov.uk/company/IP01824R/filing-history,0,no accounts filing with a document,ORG:104227
International Flavours & Fragrances I.F.F.(Great Britain) Limited,00214174,register,INTERNATIONAL FLAVOURS & FRAGRANCES I.F.F.(GREAT BRITAIN)LIMITED,active,2025-12-31,2026-10-05,accounts-with-accounts-type-full,full,,,likely,pdf (not read),https://find-and-update.company-information.service.gov.uk/company/00214174/filing-history,0,,ORG:102265
International Paint Ltd,00063604,register,INTERNATIONAL PAINT LIMITED,active,2024-12-31,2026-03-29,accounts-with-accounts-type-full,full,,,likely,pdf (not read),https://find-and-update.company-information.service.gov.uk/company/00063604/filing-history,1,,ORG:103362
INTERNATIONAL PLASTIC SYSTEMS LIMITED,02506365,register,INTERNATIONAL PLASTIC SYSTEMS LIMITED,active,2025-12-31,2026-03-12,accounts-with-accounts-type-full,full,18876316,text,yes,xhtml,https://find-and-update.company-information.service.gov.uk/company/02506365/filing-history,0,,ORG:104847
INTERNATIONAL PLYWOOD (IMPORTERS) LIMITED,01537086,register,INTERNATIONAL PLYWOOD (IMPORTERS) LIMITED,active,2025-04-30,2025-10-31,accounts-with-accounts-type-full,full,184042905,ixbrl,yes,xhtml,https://find-and-update.company-information.service.gov.uk/company/01537086/filing-history,0,,ORG:107554
International Procurement and Logistics Ltd,05104448,register,INTERNATIONAL PROCUREMENT AND LOGISTICS LIMITED,active,2025-12-26,2026-09-16,accounts-with-accounts-type-full,full,,,likely,pdf (not read),https://find-and-update.company-information.service.gov.uk/company/05104448/filing-history,2,,ORG:107185
International Tissue Company Limited,12187019,register,INTERNATIONAL TISSUE COMPANY LIMITED,active,2025-03-31,2026-04-16,accounts-with-accounts-type-audit-exemption-subsiduary,subsidiary,,,unknown,pdf (not read),https://find-and-update.company-information.service.gov.uk/company/12187019/filing-history,0,,ORG:106623
INTERNORM WINDOWS UK LIMITED,06425405,register,INTERNORM WINDOWS UK LIMITED,active,2025-12-31,2026-09-17,accounts-with-accounts-type-small,small,,,unknown,xhtml,https://find-and-update.company-information.service.gov.uk/company/06425405/filing-history,0,,ORG:100347
INTERSURGICAL LIMITED,01488409,register,INTERSURGICAL LIMITED,active,2024-12-31,2025-07-09,accounts-with-accounts-type-group,group,,,likely,pdf (not read),https://find-and-update.company-information.service.gov.uk/company/01488409/filing-history,0,,ORG:104704
Intertape Packaging UK Ltd,13458333,register,INTERTAPE PACKAGING UK LIMITED,active,2025-12-31,2026-07-31,accounts-with-accounts-type-medium,medium,17109164,ixbrl,yes,xhtml,https://find-and-update.company-information.service.gov.uk/company/13458333/filing-history,0,,ORG:115997
Invacare UK Operations Limited,03281202,register,INVACARE UK OPERATIONS LIMITED,active,2025-11-30,2026-08-12,accounts-with-accounts-type-full,full,,,likely,pdf (not read),https://find-and-update.company-information.service.gov.uk/company/03281202/filing-history,1,,ORG:116994
Invensys Ltd,00166023,register,INVENSYS LIMITED,active,2025-12-31,2026-08-10,accounts-with-accounts-type-full,full,,,likely,pdf (not read),https://find-and-update.company-information.service.gov.uk/company/00166023/filing-history,2,,ORG:105609
Inver House Distillers Ltd,SC040036,register,INVER HOUSE DISTILLERS LIMITED,active,2025-09-30,2026-06-19,accounts-with-accounts-type-full,full,,,likely,pdf (not read),https://find-and-update.company-information.service.gov.uk/company/SC040036/filing-history,0,,ORG:101544
Invertek Drives Ltd,03504834,register,INVERTEK DRIVES LIMITED,active,2025-12-31,2026-03-02,accounts-with-accounts-type-group,group,72840487,text,yes,xhtml,https://find-and-update.company-information.service.gov.uk/company/03504834/filing-history,0,,ORG:106098
Invista Textiles (U.K.) Limited,04558109,register,INVISTA TEXTILES (U.K.) LIMITED,active,2025-12-31,2026-08-20,accounts-with-accounts-type-full,full,,,likely,pdf (not read),https://find-and-update.company-information.service.gov.uk/company/04558109/filing-history,0,,ORG:102855
Involvement Limited,01605376,register,INVOLVEMENT LIMITED,active,2025-12-31,2026-09-21,accounts-with-accounts-type-full,full,39554141,text,yes,xhtml,https://find-and-update.company-information.service.gov.uk/company/01605376/filing-history,0,,ORG:108190
INX International UK Limited,02716074,register,INX INTERNATIONAL UK LIMITED,active,2024-12-31,2025-09-29,accounts-with-accounts-type-full,full,45092607,text,yes,xhtml,https://find-and-update.company-information.service.gov.uk/company/02716074/filing-history,0,,ORG:106812
Ionic Products Ltd,NI666477,register,IONIC PRODUCTS LTD,active,2025-12-31,2026-08-10,accounts-with-accounts-type-small,small,,,unknown,xhtml,https://find-and-update.company-information.service.gov.uk/company/NI666477/filing-history,0,,ORG:108311
IPL Plastics (UK) Limited,06094735,register,IPL PLASTICS (UK) LIMITED,active,2024-12-31,2025-07-16,accounts-with-accounts-type-full,full,,,likely,pdf (not read),https://find-and-update.company-information.service.gov.uk/company/06094735/filing-history,0,,ORG:108678
IPP Logipal,BR007861,register,IPP LOGIPAL,open,,,,,,,,,https://find-and-update.company-information.service.gov.uk/company/BR007861/filing-history,0,no accounts filing with a document,ORG:104918
IPS Adhesives Europe Ltd,SC056325,register,IPS ADHESIVES EUROPE LTD,active,2024-12-30,2025-10-09,accounts-with-accounts-type-full,full,,,likely,pdf (not read),https://find-and-update.company-information.service.gov.uk/company/SC056325/filing-history,0,,ORG:105128
IPSOSOLO LIMITED,06965876,register,IPSOSOLO LIMITED,active,2025-12-31,2026-09-30,accounts-with-accounts-type-total-exemption-full,small,,,unknown,xhtml,https://find-and-update.company-information.service.gov.uk/company/06965876/filing-history,0,,ORG:117029
Iracroft Limited,01055419,register,IRACROFT LIMITED,active,2025-12-31,2026-09-17,accounts-with-accounts-type-full,full,,,likely,pdf (not read),https://find-and-update.company-information.service.gov.uk/company/01055419/filing-history,0,,ORG:104174
IRMA Management Ltd,00630597,register,IRMA MANAGEMENT LIMITED,active,2025-09-30,2026-06-29,accounts-with-accounts-type-medium,medium,18258502,ixbrl,yes,xhtml,https://find-and-update.company-information.service.gov.uk/company/00630597/filing-history,0,,ORG:107533
IronmongeryDirect Limited,03121306,register,IRONMONGERYDIRECT LIMITED,active,2025-09-30,2026-01-12,accounts-with-accounts-type-full,full,43007476,text,yes,xhtml,https://find-and-update.company-information.service.gov.uk/company/03121306/filing-history,0,,ORG:106959
Ironsides Lubricants Ltd(The),00360850,register,IRONSIDES LUBRICANTS LIMITED(THE),active,2025-06-30,2026-03-28,accounts-with-accounts-type-full,full,,,likely,pdf (not read),https://find-and-update.company-information.service.gov.uk/company/00360850/filing-history,0,,ORG:101185
IRSAP UK LIMITED,03596023,register,IRSAP UK LIMITED,active,2025-12-31,2026-09-10,accounts-with-accounts-type-full,full,,,likely,pdf (not read),https://find-and-update.company-information.service.gov.uk/company/03596023/filing-history,0,,ORG:107762
IS-Rayfast Limited,01408491,register,IS-RAYFAST LIMITED,active,2025-09-30,2026-07-29,accounts-with-accounts-type-audit-exemption-subsiduary,subsidiary,,,unknown,pdf (not read),https://find-and-update.company-information.service.gov.uk/company/01408491/filing-history,0,,ORG:108385
ISAAC TIMMINS LIMITED,00239935,register,ISAAC TIMMINS LIMITED,active,2025-09-30,2026-05-26,accounts-with-accounts-type-group,group,67179425,text,yes,xhtml,https://find-and-update.company-information.service.gov.uk/company/00239935/filing-history,2,,ORG:111831
Isaac Wholesale Limited,05570822,register,ISAAC WHOLESALE LIMITED,active,2026-03-31,2026-09-18,accounts-with-accounts-type-medium,medium,19309006,ixbrl,yes,xhtml,https://find-and-update.company-information.service.gov.uk/company/05570822/filing-history,0,,ORG:111505
Iseki UK & Ireland Limited,11016786,register,ISEKI UK & IRELAND LIMITED,active,2025-12-31,2026-02-03,accounts-with-accounts-type-full,full,17052214,text,yes,xhtml,https://find-and-update.company-information.service.gov.uk/company/11016786/filing-history,0,,ORG:116177
Ishida Europe Ltd.,01832141,register,ISHIDA EUROPE LTD.,active,2026-03-20,2026-09-30,accounts-with-accounts-type-group,group,,,likely,pdf (not read),https://find-and-update.company-information.service.gov.uk/company/01832141/filing-history,0,,ORG:107804
Island Drinks,11281620,register,ISLAND DRINKS LIMITED,active,2024-12-31,2025-09-24,accounts-with-accounts-type-total-exemption-full,small,,,unknown,xhtml,https://find-and-update.company-information.service.gov.uk/company/11281620/filing-history,0,,ORG:111356
ISLE OF HARRIS DISTILLERS LTD,SC334836,register,ISLE OF HARRIS DISTILLERS LIMITED,active,2025-12-31,2026-09-25,accounts-with-accounts-type-small,small,,,unknown,xhtml,https://find-and-update.company-information.service.gov.uk/company/SC334836/filing-history,0,,ORG:107496
Isle of Wight Distillery Ltd,09040283,register,ISLE OF WIGHT DISTILLERY LTD,active,2025-03-31,2025-12-19,accounts-with-accounts-type-total-exemption-full,small,,,unknown,xhtml,https://find-and-update.company-information.service.gov.uk/company/09040283/filing-history,0,,ORG:108551
Isoclad Limited,04963372,register,ISOCLAD LIMITED,active,2025-05-31,2026-02-27,accounts-with-accounts-type-total-exemption-full,small,,,unknown,xhtml,https://find-and-update.company-information.service.gov.uk/company/04963372/filing-history,0,,ORG:100879
Isopartner UK Fabrication Ltd,07382215,register,ISOPARTNER UK FABRICATION LTD,active,2025-03-31,2025-12-23,accounts-with-accounts-type-small,small,,,unknown,xhtml,https://find-and-update.company-information.service.gov.uk/company/07382215/filing-history,0,,ORG:104366
Isothane Ltd,02975728,register,ISOTHANE LIMITED,active,2025-09-30,2026-06-30,accounts-with-accounts-type-small,small,,,unknown,xhtml,https://find-and-update.company-information.service.gov.uk/company/02975728/filing-history,0,,ORG:100050
ISS UK Ltd,00463951,register,ISS UK LIMITED,active,2025-12-31,2026-07-04,accounts-with-accounts-type-full,full,,,likely,pdf (not read),https://find-and-update.company-information.service.gov.uk/company/00463951/filing-history,0,,ORG:103559
IT Luggage Limited,01967787,register,IT LUGGAGE LIMITED,active,2025-03-31,2025-12-24,accounts-with-accounts-type-group,group,146067426,text,yes,xhtml,https://find-and-update.company-information.service.gov.uk/company/01967787/filing-history,0,,ORG:106463
ITAB UK Ltd,03411363,register,ITAB UK LTD,active,2024-12-31,2025-08-21,accounts-with-accounts-type-full,full,,,likely,pdf (not read),https://find-and-update.company-information.service.gov.uk/company/03411363/filing-history,0,,ORG:101563
ITAC Ltd,00499145,register,ITAC LIMITED,active,2025-12-31,2026-09-10,accounts-with-accounts-type-small,small,,,unknown,xhtml,https://find-and-update.company-information.service.gov.uk/company/00499145/filing-history,0,,ORG:100831
Italian Beverage Company Ltd,05067015,register,ITALIAN BEVERAGE COMPANY LIMITED,active,2025-05-31,2025-11-27,accounts-with-accounts-type-full,full,17761666,ixbrl,yes,xhtml,https://find-and-update.company-information.service.gov.uk/company/05067015/filing-history,0,,ORG:105962
Italian Coffee Holdings Ltd,04129005,register,ITALIAN COFFEE HOLDINGS LTD,active,2025-05-31,2026-02-10,accounts-with-accounts-type-audit-exemption-subsiduary,subsidiary,,,unknown,pdf (not read),https://find-and-update.company-information.service.gov.uk/company/04129005/filing-history,4,,ORG:100568
Italmatch Chemicals GB Ltd,11332314,register,ITALMATCH CHEMICALS GB LIMITED,active,2025-12-31,2026-06-04,accounts-with-accounts-type-full,full,,,likely,pdf (not read),https://find-and-update.company-information.service.gov.uk/company/11332314/filing-history,0,,ORG:101304
Itochu Europe plc,02098168,register,ITOCHU EUROPE PLC,active,2026-03-31,2026-09-29,accounts-with-accounts-type-full,full,,,likely,pdf (not read),https://find-and-update.company-information.service.gov.uk/company/02098168/filing-history,0,,ORG:106151
ITP Aero UK Ltd,13071140,register,ITP AERO UK LIMITED,active,2025-12-31,2026-07-24,accounts-with-accounts-type-full,full,,,likely,pdf (not read),https://find-and-update.company-information.service.gov.uk/company/13071140/filing-history,0,,ORG:115661
ITS Cycling Limited,08583700,register,ITS CYCLING LIMITED,active,2025-09-30,2026-05-18,accounts-with-accounts-type-group,group,,,likely,pdf (not read),https://find-and-update.company-information.service.gov.uk/company/08583700/filing-history,0,,ORG:100981
ITSU LIMITED,03286342,register,ITSU LIMITED,active,2026-01-01,2026-09-07,accounts-with-accounts-type-full,full,,,likely,pdf (not read),https://find-and-update.company-information.service.gov.uk/company/03286342/filing-history,0,,ORG:104880
ITSU [GROCERY] LTD,06598773,register,ITSU [GROCERY] LTD,active,2026-01-01,2026-09-07,accounts-with-accounts-type-full,full,,,likely,pdf (not read),https://find-and-update.company-information.service.gov.uk/company/06598773/filing-history,0,,ORG:101949
ITW Ltd,00559693,register,ITW LIMITED,active,2025-12-31,2026-07-07,accounts-with-accounts-type-full,full,,,likely,pdf (not read),https://find-and-update.company-information.service.gov.uk/company/00559693/filing-history,2,,ORG:103471
ITX UK LIMITED,02245999,register,ITX UK LIMITED,active,2026-01-31,2026-09-30,accounts-with-accounts-type-full,full,,,likely,pdf (not read),https://find-and-update.company-information.service.gov.uk/company/02245999/filing-history,0,,ORG:103639
Iveco Limited,01975271,register,IVECO LIMITED,active,2024-12-31,2025-11-28,accounts-with-accounts-type-full,full,,,likely,pdf (not read),https://find-and-update.company-information.service.gov.uk/company/01975271/filing-history,0,,ORG:111170
Ivor Rose Ltd,09921234,register,IVOR ROSE LIMITED,active,2025-02-28,2025-11-13,accounts-with-accounts-type-group,group,,,likely,pdf (not read),https://find-and-update.company-information.service.gov.uk/company/09921234/filing-history,3,,ORG:106263
Ivor Shaw Limited,00755641,register,IVOR SHAW LIMITED,active,2025-03-31,2026-01-04,accounts-with-accounts-type-full,full,,,likely,pdf (not read),https://find-and-update.company-information.service.gov.uk/company/00755641/filing-history,0,,ORG:108067
Ivory & Ledoux Ltd,00529807,register,IVORY & LEDOUX LIMITED,active,2025-09-30,2026-03-25,accounts-with-accounts-type-group,group,60494470,text,yes,xhtml,https://find-and-update.company-information.service.gov.uk/company/00529807/filing-history,0,,ORG:100259
IVYLINE LTD,12190074,register,IVYLINE LTD,active,2025-12-31,2026-09-21,accounts-with-accounts-type-total-exemption-full,small,,,unknown,xhtml,https://find-and-update.company-information.service.gov.uk/company/12190074/filing-history,0,,ORG:111185
