companyname,companywebsite,companyemaildomain,linkedincompanypageurl,stocksymbol,industry,city,state,companycountry,zipcode
0404 Investments,,,,,,Burnley,,GB,BB12 7NG
Firststeel,,,,,,Padiham Burnley,,GB,BB12 7NG
The Plastic Box Company,,,,,,Burnley,,GB,BB12 7NG
What More UK,,,,,,Padiham Burnley,,GB,BB12 7NG
10 Motives,,,,,,London,,GB,W4 5YG
108 Foods,,,,,,London,,GB,W23AA
151 Products,,,,,,Manchester,,GB,M4 6AF
3BW,,,,,,LONDON,,GB,EC1M 4BH
3M United Kingdom,,,,,,Bracknell,,GB,RG12 8HT
7 Steel (UK) Holdings,,,,,,Cardiff,,GB,CF24 5NN
7 Steel Manufacturing,,,,,,Cardiff,,GB,CF24 5NN
7 Steel Service,,,,,,Cardiff,,GB,CF24 5NN
BRC,,,,,,Cardiff,,GB,CF24 5NN
Rom Group,,,,,,Cardiff,,GB,CF24 5NN
A & B Vintners,,,,,,LONDON,,GB,W1U 7NA
A & D HOPE,,,,,,London,,GB,W1D 1LL
A 1 Bacon Company,,,,,,Harlow,,GB,CM19 5TB
A B LEWIS,,,,,,Liverpool,,GB,L3 9LQ
A Di Maria & Sons,,,,,,coventry,,GB,CV6 5RE
A E Spink,,,,,,Doncaster,,GB,DN1 3RA
A J Webb & Son (Sheffield),,,,,,Sheffield,,GB,S9 4WN
A Nelson & Co,,,,,,London,,GB,SW19 5LP
A P Taylor,,,,,,Luton,,GB,LU2 8DL
A S Green,,,,,,Malvern,,GB,WR13 5PR
A to Z Catering Supplies,,,,,,Hornsey,,GB,N8 9DG
A. & F.A. Dundee,,,,,,Belfast,,GB,BT6 9HL
A. Camacho U.K,,,,,,Great Cambourne,,GB,CB23 6JN
A. J. PRODUCTS (UK),,,,,,Farnborough,,GB,GU14 6UU
A. Share & Sons,,,,,,Sunderland,,GB,SR1 1HA
A. Vogel,,,,,,Irvine,,GB,KA11 5DD
A.B. Distributors,,,,,,Belfast,,GB,BT7 2JB
A.E. Rodda & Son,,,,,,Redruth,,GB,TR16 5BU
A.E.S. Engineering,,,,,,Rotherham,,GB,S60 1BZ
AESSEAL,,,,,,Rotherham,,GB,S60 1BZ
AESSEAL (MCK),,,,,,Lisburn,,GB,BT27 5QE
AESSEAL Marine,,,,,,Rotherham,,GB,S60 1BZ
AVT Reliability,,,,,,Rotherham,,GB,S60 1BZ
AVTPump,,,,,,Rotherham,,GB,S60 1BZ
Vulcan Engineering,,,,,,Sheffield,,GB,S8 0JR
A.F.BLAKEMORE AND SON,,,,,,Willenhall,,GB,WV13 2JP
A.G. Barr,,,,,,Cumbernauld,,GB,G68 9HD
A.G. Parfett and Sons,,,,,,Stockport,,GB,SK4 2JP
A.G. THAMES HOLDINGS,,,,,,Crayford,,GB,DA1 4QP
CHINGFORD FRUIT,,,,,,Crayford,,GB,DA1 4QP
A.J. AND R.G.BARBER,,,,,,Shepton Mallet,,GB,BA4 6PR
A.J. & R.G.BARBER (SALES),,,,,,Shepton Mallet,,GB,BA4 6PR
ASHLEY CHASE ESTATE,,,,,,Ditcheat,,GB,BA4 6PR
A.J. WELLS & SONS,,,,,,Isle Of Wight,,GB,PO30 5WS
A.K. Stoddart,,,,,,Broxburn,,GB,EH52 5NN
A.L.Simpkin & Co,,,,,,Sheffield,,GB,S6 4LD
A.S. Watson (Health & Beauty UK),,,,,,London,,GB,SW11 4AN
Savers Health and Beauty,,,,,,London,,GB,SW11 4AN
Superdrug Stores,,,,,,Croydon,,GB,CR0 2EU
A.W. Jenkinson Forest Products,,,,,,Penrith,,GB,CA10 2EY
AAK BD Foods,,,,,,Kingston-Upon-Hull,,GB,HU9 5PX
AAK International,,,,,,Hull,,GB,HU9 5PX
AAlberts Integrated Piping Systems,,,,,,Doncaster,,GB,DN4 8DF
AB Agri,,,,,,London,,GB,W1K 4QY
Greencoat,,,,,,London,,GB,W1K 4QY
National Milk Records,,,,,,London,,GB,W1K 4QY
AB Inbev UK,,,,,,London,,GB,EC4A 1EN
AB World Foods,,,,,,London,,GB,W1K 4QY
ABB,,,,,,Warrington,,GB,WA4 4BT
ABB Cable Management Products,,,,,,Warrington,,GB,WA4 4BT
ABB Installation Products,,,,,,Warrington,,GB,WA4 4BT
W.J. Furse & Co,,,,,,Warrington,,GB,WA4 4BT
ABF Grain Products,,,,,,London,,GB,W1K 4QY
ABLEBOX,,,,,,Sherborne,,GB,DT9 4JW
ACCELL UK & IRELAND,,,,,,London,,GB,EC1A 4HD
ACCRUED PLASTIC,,,,,,BURNLEY,,GB,BB10 2BQ
ACO Technologies,,,,,,Shefford,,GB,SG17 5TE
ACTIPH WATER,,,,,,Edinburgh,,GB,EH2 3ES
ADA Cosmetics International,,,,,,Bedford,,GB,MK40 2BP
ADENA BRANDS,,,,,,London,,GB,W11 4AN
ADI-Gardiner,,,,,,Oldham,,GB,OL9 9XA
ADIDAS (U.K.),,,,,,Stockport,,GB,SK7 5SA
ADM MILLING,,,,,,Erith,,GB,DA8 1DL
ADM INTERNATIONAL,,,,,,Edinburgh,,GB,EH12 9EG
ADM PROTEXIN,,,,,,Salford,,GB,M3 5GS
ADMENTA UK,,,,,,Warwick,,GB,CV34 5AH
AAH PHARMACEUTICALS,,,,,,Warwick,,GB,CV34 5AH
BARCLAY PHARMACEUTICALS,,,,,,Warwick,,GB,CV34 5AH
PHARMAGEN,,,,,,Warwick,,GB,CV34 5AH
ADS Group Holdings,,,,,,Bromborough,,GB,CH62 3RE
A.D.S. Graphics,,,,,,Bromborough,,GB,CH62 3RE
Addition Design,,,,,,Bromborough,,GB,CH62 3RE
AFFCO EUROPE,,,,,,Woodcote,,GB,RG8 0RR
AFH Stores,,,,,,London,,GB,W1J 6BD
AGA Print,,,,,,Southend On Sea,,GB,SS2 5QF
AGA Rangemaster,,,,,,Nottingham,,GB,NG10 2GD
AGGREGATES R US,,,,,,Doncaster,,GB,DN9 3GA
AGTC,,,,,,Pangbourne,,GB,RG8 7JW
AH UK Animal Health (PVT),,,,,,London,,GB,W2 1AS
AI Aqua Zip UK,,,,,,Reading,,GB,RG1 3BD
Culligan Water,,,,,,Reading,,GB,RG1 3BD
Zip Heaters,,,,,,Reading,,GB,RG1 3BD
AICO,,,,,,Oswestry,,GB,SY10 8NR
AIRSPRUNG FURNITURE,,,,,,Leeds,,GB,LS1 4DL
AJ Plumbing Supplies,,,,,,Newry,,GB,BT34 2QU
AJINOMOTO FOODS EUROPE S.A.S,,,,,,London,,GB,N7 9AH
AKW Medi-Care,,,,,,Droitwich Spa,,GB,WR9 0LR
AL-KO Gardentech,,,,,,Wincanton,,GB,BA9 9RS
ALAN BAYBUTT & SONS,,,,,,Preston,,GB,PR4 6XJ
ALBION COMPONENTS,,,,,,Eastleigh,,GB,SO50 9PD
ALCURA UK,,,,,,Woking,,GB,GU21 5BJ
ALEXANDER DENNIS,,,,,,Larbert,,GB,FK5 4RU
ALIAXIS UK,,,,,,Huntingdon,,GB,PE29 7DA
ALL MARKET EUROPE,,,,,,London,,GB,EC1R 4SX
ALL SAINTS RETAIL,,,,,,London,,GB,E1 6NN
JVUK HOLDCO,,,,,,London,,GB,E1 6NN
ALLEN MARMOT (EUROPEAN),,,,,,Edgware,,GB,HA8 7LF
ALLIANCE SANITARY PRODUCTS,,,,,,EAST KILBRIDE,,GB,G75 0TD
ALLPRESS ESPRESSO UK,,,,,,London,,GB,EC1A 7BN
ALPLA UK,,,,,,Warrington,,GB,WA3 3JD
AM Fresh Group UK,,,,,,London,,GB,N1 9AG
AM Fresh UK,,,,,,Peterborough,,GB,PE7 3HH
AM Freshly Squeezed,,,,,,Skelmersdale,,GB,WN8 9TQ
AMK Peterborough Fruit Services,,,,,,Peterborough,,GB,PE7 3HH
AMT Fresh,,,,,,Peterborough,,GB,PE7 3HH
AMARI METALS ENGINEERING GROUP,,,,,,Wednesbury,,GB,WS10 7WP
ABL (ALUMINIUM COMPONENTS),,,,,,Wednesbury,,GB,WS10 7WP
ALUMINIUM SHAPES,,,,,,Wednesbury,,GB,WS10 7WP
AMARI COPPER ALLOYS,,,,,,Wednesbury,,GB,WS10 7WP
AMARI PRECISION TUBES,,,,,,Wednesbury,,GB,WS10 7WP
ANGLO METAL FORMING,,,,,,Wednesbury,,GB,WS10 7WP
CAPITAL ALUMINIUM EXTRUSIONS,,,,,,Wednesbury,,GB,WS10 7WP
CASHMORES METALS,,,,,,Wednesbury,,GB,WS10 7WP
D H STAINLESS,,,,,,Wednesbury,,GB,WS10 7WP
DURBIN METAL INDUSTRIES,,,,,,Wednesbury,,GB,WS10 7WP
EDMO,,,,,,Wednesbury,,GB,WS10 7WP
ENFIELD TUBES,,,,,,Wednesbury,,GB,WS10 7WP
G AND H STAINLESS,,,,,,Wednesbury,,GB,WS10 7WP
S.S.E. PIPEFITTINGS,,,,,,Wednesbury,,GB,WS10 7WP
STAINLESS METRIC STOCK,,,,,,Wednesbury,,GB,WS10 7WP
THE ALTERNATIVE STEEL COMPANY,,,,,,Wednesbury,,GB,WS10 7WP
YORKSHIRE STAINLESS,,,,,,Wednesbury,,GB,WS10 7WP
AMARI METALS,,,,,,Wednesbury,,GB,WS10 7WP
AALCO METALS,,,,,,Wednesbury,,GB,WS10 7WP
RIGHTON & BLACKBURNS,,,,,,Wednesbury,,GB,WS10 7WP
AMASIS,,,,,,ANDOVER,,GB,SP10 5LH
AMBALA FOODS,,,,,,Enfield,,GB,EN3 7PJ
AMBER BEVERAGE UK,,,,,,London,,GB,WC2E 7PP
AMCOR FLEXIBLES DISTRIBUTION UK,,,,,,Swansea,,GB,SA7 9BB
AMCOR FLEXIBLES SWANSEA,,,,,,Swansea,,GB,SA7 9BB
AMCOR FLEXIBLES UK,,,,,,Bristol,,GB,BS30 8XP
AMCOR FLEXIBLES WINTERBOURNE,,,,,,Bristol,,GB,BS30 8XP
AMENITY HORTICULTURAL SERVICES,,,,,,Rye,,GB,TN31 6QN
AMG Group,,,,,,Port Glasgow,,GB,PA14 6TD
ANCIENT WISDOM MARKETING,,,,,,Sheffield,,GB,S9 1XT
ANGLING DIRECT,,,,,,Norwich,,GB,NR13 6LH
ANGLO BEEF PROCESSORS,,,,,,,,GB,
ANGLO BEEF PROCESSORS UK,,,,,,Shrewsbury,,GB,SY1 4AH
KETTYLE FOODS,,,,,,ARMAGH,,GB,BT67 9JD
LINDEN FOODS,,,,,,ARMAGH,,GB,BT67 9JD
ANGUS SOFT FRUITS,,,,,,Arbroath,,GB,DD11 5SD
AO Retail,,,,,,Bolton,,GB,BL6 4SD
APAC Group,,,,,,Loughborough,,GB,LE11 3NP
APOLLO GARDENING,,,,,,Sheffield,,GB,S3 8AU
APPLEBY WESTWARD GROUP,,,,,,Saltash,,GB,PL12 6LX
GILLETT'S (CALLINGTON),,,,,,Cornwall,,GB,PL12 6LX
WESSEX RETAIL,,,,,,Saltash,,GB,PL12 6LX
APS GROUP GLOBAL,,,,,,Stockport,,GB,SK3 0ZP
APS Group (Scotland),,,,,,Edinburgh,,GB,EH6 5NA
Allied Publicity Services (Manchester),,,,,,Stockport,,GB,SK3 0ZP
APS Produce,,,,,,Chichester,,GB,PO20 1NW
THE TOMATO STALL,,,,,,Chichester,,GB,PO20 1NW
AQL INTERNATIONAL,,,,,,Bolton,,GB,BL3 3PR
ARADA,,,,,,Axminster,,GB,EX13 5HU
ARCH TIMBER PROTECTION,,,,,,Manchester,,GB,M9 8GQ
ARCH UK BIOCIDES,,,,,,Manchester,,GB,M9 8GQ
ARCHIVIST,,,,,,Chipping Norton,,GB,OX7 6NU
ARDBLAIR SPORTS IMPORTERS,,,,,,Blairgowrie,,GB,PH10 6NW
ARDEN FINE FOODS (UK),,,,,,Coventry,,GB,CV4 9XA
ARGENT FOODS,,,,,,Colchester,,GB,CO4 9YQ
BELWOOD FOODS,,,,,,Henley-On-Thames,,GB,RG9 1HG
NORTON FOLGATE MARKETING,,,,,,Henley-On-Thames,,GB,RG9 1HG
ORCHARDWORLD,,,,,,Henley-On-Thames,,GB,RG9 1HG
ARMIT WINES,,,,,,London,,GB,W6 0LG
ARNE CLO,,,,,,Warrington,,GB,WA3 6ZN
ARRAN AROMATICS,,,,,,Leeds,,GB,LS1 2HL
ARRIS Global,,,,,,London,,GB,WC2B 5AH
ART MARKETING,,,,,,Redbourn,,GB,AL3 7LG
ARVATO SCM UK,,,,,,BIRMINGHAM,,GB,b46 1al
ASA UK & Ireland,,,,,,Liverpool,,GB,L2 9TL
ASC Cartons,,,,,,Shipley,,GB,BD18 1DZ
ASC REGENITY,,,,,,London,,GB,W1C 2PE
ASCO FOODS,,,,,,Amersham,,GB,HP6 6FT
ASD Lighting,,,,,,Rotherham,,GB,S61 4RJ
ASG Group,,,,,,Derby,,GB,DE24 8PX
ASHLEIGH & BURWOOD,,,,,,West Molesey,,GB,KT8 2NU
ASOS.com,,,,,,London,,GB,NW1 7FB
ASPINAL OF LONDON,,,,,,Fernhurst,,GB,GU27 3HA
ASPIRE FURNITURE,,,,,,Barnsley,,GB,S70 6AF
ASSOCIATED INDEPENDENT STORES,,,,,,Solihull,,GB,B90 4LF
ASSURED PRODUCTS,,,,,,Ashtead,,GB,KT21 1AT
ASTON MARTIN LAGONDA,,,,,,Warwick,,GB,CV35 0DB
ASTRUM WINE CELLARS,,,,,,Mitcham,,GB,CR4 4FG
AU Vodka,,,,,,Swansea,,GB,SA7 0AR
AVF Group,,,,,,Telford,,GB,TF1 7YE
AVICA,,,,,,Watford,,GB,WD18 8QZ
AVON GROUP MANUFACTURING (HOLDINGS),,,,,,Bristol,,GB,BS3 2TL
A.E.R. STAFFORD,,,,,,Bristol,,GB,BS3 2TL
ACOUSTAPRODUCTS,,,,,,Bristol,,GB,BS3 2TL
AVON ENGINEERED RUBBER,,,,,,Bristol,,GB,BS3 2TL
AVON GROUP MANUFACTURING,,,,,,Bristol,,GB,BS3 2TL
AVON TSA,,,,,,Bristol,,GB,BS3 2TL
EDGEWEST PLASTICS (UK),,,,,,Bristol,,GB,BS3 2TL
FOAM TECHNIQUES,,,,,,Bristol,,GB,BS3 2TL
P & D MANUFACTURING,,,,,,Bristol,,GB,BS3 2TL
SCANDURA,,,,,,Bristol,,GB,BS3 2TL
AXTER,,,,,,Ipswich,,GB,IP2 8NJ
Aalberts HFC,,,,,,St Helens,,GB,WA10 6PB
Abbott Laboratories,,,,,,Maidenhead,,GB,SL6 4XE
Abbott Diabetes Care,,,,,,Witney,,GB,OX29 0YL
Abbott Medical U.K,,,,,,Solihull,,GB,B90 8AJ
Abbott Toxicology,,,,,,Abingdon,,GB,OX14 1DY
Axis-Shield Diagnostics,,,,,,Dundee,,GB,DD2 1XA
Abbott Rapid Diagnostics,,,,,,Maidenhead,,GB,SL6 4XE
Abbvie,,,,,,Maidenhead,,GB,SL6 4UB
Abena,,,,,,Coventry,,GB,CV5 6US
Abergavenny Fine Foods,,,,,,Abergavenny,,GB,NP7 7RZ
Abingdon Flooring,,,,,,Newport,,GB,NP11 3XG
Alliance Flooring Distribution,,,,,,Worcester,,GB,WR4 0AN
Acco,,,,,,Aylesbury,,GB,HP21 7QG
Accor Hotelservices UK,,,,,,London,,GB,W6 7AP
Accord Healthcare,,,,,,North Harrow,,GB,HA1 4HF
Accord-UK,,,,,,Barnstaple,,GB,EX32 8NS
Acctim,,,,,,Bromley,,GB,BR1 1RJ
Anglo Continental Clock Company,,,,,,Bromley,,GB,BR1 1RJ
Sturdy Europe,,,,,,Bromley,,GB,BR1 1RJ
Acdoco,,,,,,Bolton,,GB,BL1 8PP
Ace Fixings,,,,,,Ballymena,,GB,BT42 4HX
Acer U.K,,,,,,West Drayton,,GB,UB7 0DQ
Acesur,,,,,,Ascot,,GB,SL5 9NP
Acme Vape,,,,,,Preston,,GB,PR1 1AF
Acopia Group,,,,,,Littlehampton,,GB,BN16 3BZ
Acorn Dairy,,,,,,Darlington,,GB,DL2 2YB
Acorn Labels,,,,,,St Ives,,GB,PE27 3LE
Acosta RH,,,,,,Woking,,GB,GU21 5BH
Dee Set Confectionery,,,,,,Stoke-On-Trent,,GB,ST4 2HX
White Hinge,,,,,,Stoke on Trent,,GB,ST4 2HX
Acqua Di Parma,,,,,,Hersham,,GB,KT12 4NH
Actionpoint Group,,,,,,Rainham Gillingham,,GB,ME8 8AS
Acushnet Europe,,,,,,St Ives,,GB,PE27 3LU
Adams Foodservice Trading,,,,,,London,,GB,NW10 7BW
Adapa UK Edinburgh,,,,,,Edinburgh,,GB,EH3 8BP
Adapa UK St Helens,,,,,,St. Helens,,GB,WA9 4HY
Addis Housewares,,,,,,Bridgend,,GB,CF31 3US
Adhesive Specialities,,,,,,Newbury,,GB,RG14 5SH
Adnams,,,,,,Suffolk,,GB,IP18 6JW
Advance Tapes International,,,,,,Leicester,,GB,LE4 8PH
Advanced Supply Chain Group,,,,,,Telford,,GB,TF3 3BD
Aegg,,,,,,Yaxley Eye,,GB,IP23 8BW
Aero Forgings Bidco,,,,,,Matlock,,GB,DE4 2JB
Blaenavon Forgings,,,,,,Matlock,,GB,DE4 2JB
Forged Solutions Group,,,,,,Matlock,,GB,DE4 2JB
Aeroplas (U.K),,,,,,Tipton,,GB,DY4 7AB
Aery,,,,,,Clifton,,GB,BS8 4HU
Aesop,,,,,,London,,GB,SE1 2HD
Affinity Fragrances,,,,,,Iver,,GB,SL0 9JQ
AgaMatrix Europe,,,,,,Didcot,,GB,OX11 0QG
Agrial Fresh Produce,,,,,,Lichfield,,GB,WS13 8NF
Agrovision,,,,,,London,,GB,SW1H 0DB
Agrovista UK,,,,,,Nottingham,,GB,NG7 2PZ
Ahmad Tea,,,,,,Chandlers Ford,,GB,SO53 2PZ
Aimia Foods,,,,,,Haydock,,GB,WA11 0QZ
Air Business,,,,,,Hatfield,,GB,AL10 9WN
Air Liquide UK,,,,,,Birmingham,,GB,B46 1JY
Air Liquide,,,,,,Birmingham,,GB,B46 1JY
Air Liquide Healthcare,,,,,,Birmingham,,GB,B46 1JY
Calgaz,,,,,,Birmingham,,GB,B46 1JY
Energas,,,,,,Birmingham,,GB,B46 1JY
Air Products Group,,,,,,Chertsey,,GB,KT16 0PS
Air Products,,,,,,Chertsey,,GB,KT16 0PS
Airbus Operations,,,,,,Bristol,,GB,BS34 7PA
Airea,,,,,,Wakefield,,GB,WF5 0AN
Burmatex,,,,,,Ossett,,GB,WF5 0AN
Airflow Developments,,,,,,High Wycombe,,GB,HP12 3QP
Airpure International,,,,,,Manchester,,GB,M3 2PJ
Airwair International,,,,,,Wollaston,,GB,NN29 7SW
Alba Trees,,,,,,London,,GB,SW1X 9DQ
Albert Bartlet & Sons (Airdrie),,,,,,Airdrie,,GB,ML6 7SP
Alcon Eye Care,,,,,,Camberley,,GB,GU15 3YL
Aldi Stores,,,,,,Atherstone,,GB,CV9 2SQ
Aldridge Security,,,,,,Birmingham,,GB,B11 2BF
Alec Jarrett,,,,,,Bristol,,GB,BS30 9TN
Alexander McQueen Trading,,,,,,Haywards Heath,,GB,RH16 3BW
Alexander Rose,,,,,,Burgess Hill,,GB,RH15 9LE
Alexander Ross Holdings,,,,,,Falkirk,,GB,FK28HT
Scottish Fine Soaps,,,,,,Swanley,,GB,BR88TE
Thamesmead Business Services,,,,,,Swanley,,GB,BR88TE
Unico,,,,,,Swanley,,GB,BR88TE
Alexir Packaging,,,,,,Godalming,,GB,GU7 1XW
Alexir Co-Packers,,,,,,Godalming,,GB,GU7 1XW
Alfrecell,,,,,,Alfreton,,GB,DE55 4RD
Alfred Franks & Bartlett,,,,,,London,,GB,N3 2JX
AFB Licensing,,,,,,London,,GB,N3 2JX
Alfred Price and Sons,,,,,,Ormskirk,,GB,L40 8LT
All About Food,,,,,,Manchester,,GB,M1 2EJ
All4Labels,,,,,,Leeds,,GB,LS28 6QW
Allbirds,,,,,,London,,GB,E14 5HU
Allegion (UK),,,,,,Bury,,GB,BL9 9UE
Boss Door Controls,,,,,,Livingstone,,GB,EH54 9ET
Zero Seal Systems,,,,,,Stafford,,GB,ST18 9QG
Allen & Page,,,,,,Thetford,,GB,IP25 7SD
Allensmore Nurseries,,,,,,Hereford,,GB,HR2 9AN
Alliance Boots Holdings,,,,,,London,,GB,W1C 2JL
Aromatherapy Associates,,,,,,London,,GB,W1C 2JL
Boots International,,,,,,Nottingham,,GB,NG2 3AA
Boots Opticians Professional Services,,,,,,Nottingham,,GB,NG2 3AA
Boots UK,,,,,,Nottingham,,GB,NG2 3AA
Liz Earle Beauty Co,,,,,,London,,GB,W1C 2JL
The Refinery,,,,,,London,,GB,EC3V 3DG
Alliance Group (NZ),,,,,,London,,GB,N1 7LG
Alliance Healthcare (Distribution),,,,,,Chessington,,GB,KT9 1SN
Alliance Pharmaceuticals,,,,,,Chippenham,,GB,SN15 2BB
Alliance Wine Company,,,,,,,,GB,KA15 1LN
H2Vin,,,,,,,,GB,SE1 3TP
Allied Mills,,,,,,London,,GB,W1K 4QY
Alligator Products,,,,,,London,,GB,N3 2JX
Allison Baby UK,,,,,,London,,GB,EC4M 7AN
Allmand - Smith,,,,,,Congleton,,GB,CW12 1ET
Allwise Holdings,,,,,,London,,GB,W1U 7EU
Justwise Group,,,,,,London,,GB,W1U 7EU
Justwise International,,,,,,,,GB,W1U 7EU
Almac Group,,,,,,Craigavon,,GB,BT63 5QD
Almac Clinical Services,,,,,,Craigavon,,GB,BT63 5QD
Almac Diagnostic Services,,,,,,Craigavon,,GB,BT63 5QD
Almac Pharma Services,,,,,,Craigavon,,GB,BT63 5QD
Almac Sciences,,,,,,Craigavon,,GB,BT63 5QD
Alpargatas,,,,,,Cheshire,,GB,SK7 2DH
Alpha Adhesives & Sealants,,,,,,Stourport-On-Severn,,GB,DY13 9RH
Alpha Therm,,,,,,Sevenoaks,,GB,TN15 7RS
Alphatheta EMEA,,,,,,London,,GB,N7 9AH
Alsico Laucuba,,,,,,Preston,,GB,PR2 9ZD
Altecnic,,,,,,Stafford,,GB,ST16 1WQ
Alti`s Catering,,,,,,London,,GB,N13 4XS
Altonpride,,,,,,Amersham,,GB,HP6 6AA
Altro,,,,,,Letchworth Garden City,,GB,SG6 1NW
Altruist Brands,,,,,,Glasgow,,GB,G41 1EJ
Alvis Brothers,,,,,,Bristol,,GB,BS40 5RH
Amathus Drinks,,,,,,London,,GB,NW10 7ST
Amazon EU S.à r.l,,,,,,Luxembourg,,GB,1855
Amazon EU SARL UK Branch,,,,,,London,,GB,EC2A 2FA
Amber House,,,,,,Lewe,,GB,BN8 5FF
Ambican,,,,,,Harrow,,GB,HA2 7SA
Amelia Knight,,,,,,Knutsford,,GB,WA16 8ZR
Ametek European Holdings,,,,,,Leicester,,GB,LE4 9JD
AEM,,,,,,Leicester,,GB,LE4 9JD
AMETEK (GB),,,,,,Leicester,,GB,LE4 9JD
AMETEK Airtechology Group,,,,,,Leicester,,GB,LE4 9JD
Abaco Systems,,,,,,Leicester,,GB,LE4 9JD
Alphasense,,,,,,Leicester,,GB,LE4 9JD
Fine Tubes,,,,,,Leicester,,GB,LE4 9JD
Land Instruments International,,,,,,Leicester,,GB,LE4 9JD
Muirhead Aerospace,,,,,,Leicester,,GB,LE4 9JD
Nu Instruments,,,,,,Leicester,,GB,LE4 9JD
Solartron Metrology,,,,,,Leicester,,GB,LE4 9JD
Taylor Hobson,,,,,,Leicester,,GB,LE4 9JD
Amgen,,,,,,Cambridge,,GB,CB4 0WA
Amipak,,,,,,Croydon,,GB,CR0 3RL
Ampulla,,,,,,Hyde,,GB,SK14 2NY
Amway,,,,,,Birmingham,,GB,B3 3AX
Anchor Magnets,,,,,,Sheffield,,GB,S9 5AH
Ancol Pet Products,,,,,,Bloxwich,,GB,WS2 7DA
Andaray (Holdings),,,,,,Sheffield,,GB,S9 1RS
Beck Prosper,,,,,,Kingswinford,,GB,DY6 7TR
Cooper & Turner,,,,,,Sheffield,,GB,S9 1RS
Cooper and Turner Distribution,,,,,,Rotherham,,GB,S60 2XL
Anderton Music Retailing,,,,,,Guildford,,GB,GU1 4RF
Andreas Stihl,,,,,,Camberley,,GB,GU15 3FG
Andrew Marr International,,,,,,Hessle,,GB,HU13 0EE
Fastnet Fish,,,,,,Hull,,GB,HU13 0EE
Marrfish,,,,,,Hessle,,GB,HU13 0EE
Andrews Flour Mills,,,,,,Belfast,,GB,BT13 2HW
Andros,,,,,,Frome,,GB,BA11 2NQ
Angelcare Corporate,,,,,,Stone,,GB,ST15 0TL
Anglo Global Property,,,,,,Manchester,,GB,M2 3DE
Anikin,,,,,,London,,GB,E1 6JJ
Anker Technology,,,,,,Watford,,GB,WD17 1JA
Ann Summers,,,,,,Whyteleafe,,GB,CR3 0GG
Annie Sloan Interiors,,,,,,Cowley,,GB,OX4 6TU
Ansell (Sales & Distribution),,,,,,Golborne,,GB,WA3 3JD
Ansell Electrical Products,,,,,,Warrington,,GB,WA3 3JD
Ansio,,,,,,Surrey,,GB,SM1 4FS
Antalis,,,,,,Coalville,,GB,LE67 1LE
Antec International,,,,,,Sudbury,,GB,CO10 2XD
Anthony Rowcliffe And Son,,,,,,Redhill,,GB,RH1 1LQ
Antonelli Bros,,,,,,Irlam,,GB,M44 6RA
Apelson Appliances,,,,,,Normanton,,GB,WF6 1TR
Apetito,,,,,,Trowbridge,,GB,BA14 8RJ
Apollo Housewares,,,,,,Cannock,,GB,WS11 7FD
Apparel Brands,,,,,,Manchester,,GB,M1 1FR
Bench Fashion,,,,,,Manchester,,GB,M1 1FR
Nicce Fashon,,,,,,Manchester,,GB,M1 1FR
Apple Retail,,,,,,London,,GB,EC2R 7HJ
Applied Nutrition,,,,,,Liverpool,,GB,L33 7UG
Aqua Carpatica,,,,,,Uxbridge,,GB,UB8 1JG
Aqua Cure,,,,,,Burscough,,GB,L40 8AF
Aqualisa Products,,,,,,Kent,,GB,TN16 1DE
Aqualona Products,,,,,,London,,GB,NW6 3BT
Aquaphor,,,,,,Reading,,GB,RG4 5BY
Aquascot,,,,,,Alness,,GB,IV17 0PJ
Aramark,,,,,,London,,GB,WC1X 8BB
Arbonne UK,,,,,,Bristol,,GB,BS1 6FL
Archwood,,,,,,Wrexham,,GB,LL14 5RL
Arco,,,,,,Hull,,GB,HU1 1BH
Arco Professional Safety Services,,,,,,Stafford,,GB,ST21 6JL
Arctic Hayes,,,,,,Leeds,,GB,LS11 0LR
Ardagh Glass,,,,,,Knottingley,,GB,WF11 0HP
Ardale International,,,,,,Knutsford,,GB,WA16 8GS
Ardex UK,,,,,,Haverhill,,GB,CB9 8QP
Arena Online,,,,,,Droitwich,,GB,WR9 9AN
PATCH GARDENS,,,,,,London,,GB,W1S 4JL
Argos,,,,,,London,,GB,EC1M 6HA
Ariat Europe,,,,,,Didcot,,GB,OX11 0LU
Arighi Bianchi & Co,,,,,,Macclesfield,,GB,SK10 1LH
Ariston U.K,,,,,,Brentwood,,GB,CM14 4DR
Arkell's Brewery,,,,,,Swindon,,GB,SN2 7RU
Arla Foods,,,,,,Leeds,,GB,LS10 1AB
Armacell UK,,,,,,Oldham,,GB,OL9 6LY
Armatile,,,,,,Armagh,,GB,BT61 7NP
Arnold Wills And Company,,,,,,Oakham,,GB,LE15 9TZ
Arora Hotels,,,,,,Hounslow,,GB,TW6 2SF
Arora SLG,,,,,,Hounslow,,GB,TW6 2SF
Buckinghamshire Golf Company,,,,,,Hounslow,,GB,TW6 2SF
Excel Hospitality,,,,,,Hounslow,,GB,TW6 2SF
Grove F&B,,,,,,Hounslow,,GB,TW6 2SF
Grove HR,,,,,,Hounslow,,GB,TW6 2SF
Grove T5,,,,,,Hounslow,,GB,TW6 2SF
Grove WP,,,,,,Hounslow,,GB,TW6 2SF
Heathrow T2 Hotel,,,,,,Hounslow,,GB,TW6 2SF
Luton Hoo Park,,,,,,Hounslow,,GB,TW6 2SF
Meridian Hotel Operations,,,,,,Hounslow,,GB,TW6 2SF
Arrow County Supplies,,,,,,London,,GB,W1H 7JT
Arrow Group Global,,,,,,Lowestoft,,GB,NR33 0TP
Artisan Biscuits,,,,,,Chippenham,,GB,SN14 8HZ
Asahi,,,,,,London,,GB,W4 2QB
Ascensia Diabetes Care,,,,,,Newbury,,GB,RG14 1JB
Asda Stores,,,,,,Leeds,,GB,LS11 5AD
Ashley Wilde Group,,,,,,Welham Green,,GB,AL9 7LD
Ashworth and Parker,,,,,,Washington,,GB,NE37 1EZ
Asia Supermarket,,,,,,Belfast,,GB,BT6 8LU
Asics,,,,,,Warrington,,GB,WA3 6AE
Aslotel,,,,,,Leatherhead,,GB,KT22 8DN
Asmodee UK,,,,,,Bordon,,GB,GU35 9GQ
Aspen Pumps,,,,,,Hailsham,,GB,BN27 3WA
Aspire Pharma,,,,,,Godalming,,GB,GU7 1DS
Assa Abloy,,,,,,Willenhall,,GB,WV13 3PW
Carlisle Brass,,,,,,Willenhall,,GB,WV13 3PW
Heywood Williams Components,,,,,,Willenhall,,GB,WV13 3PW
P.C. Henderson,,,,,,Durham,,GB,DH1 1ST
Assisi Pet Care,,,,,,London,,GB,N1 9BN
Associated Pallets,,,,,,Totton,,GB,SO40 4TE
Associated Seafoods,,,,,,Edinburgh,,GB,EH3 8BP
Loch Fyne Oysters,,,,,,Argyll,,GB,PA26 8BL
Lossie Seafoods,,,,,,,,GB,AB56 1UX
Moray Seafoods,,,,,,,,GB,AB56 1UX
Astellas Pharma,,,,,,Addlestone,,GB,KT15 2NX
Aston & Fincher,,,,,,Birmingham,,GB,B6 7BB
Aston Manor,,,,,,Birmingham,,GB,B6 7BH
AstraZeneca UK,,,,,,Cambridge,,GB,CB2 0AA
Astro Lighting,,,,,,Harlow,,GB,CM20 2GJ
Astroluxe,,,,,,Birmingham,,GB,B29 6LR
Atkin and Thyme,,,,,,Baldock,,GB,SG7 5HG
Atkinson Equipment Group,,,,,,Westbury,,GB,BA13 4JF
Atkinson Equipment,,,,,,Westbury,,GB,BA13 4JF
Patrico,,,,,,Westbury,,GB,BA13 4JF
Taylor-Davis,,,,,,Westbury,,GB,BA13 4JF
Atlantic Acquisition Holdings,,,,,,Hull,,GB,HU5 4JB
ACV U.K,,,,,,Dunfermline,,GB,KY11 9PF
Ideal Boilers,,,,,,Hull,,GB,HU5 4JB
Keston Boilers,,,,,,Hull,,GB,HU5 4JB
Atom Supplies,,,,,,Tonbridge,,GB,TN9 1RA
Attends,,,,,,Wakefield,,GB,WF4 3FL
Aubrey Allen,,,,,,Coventry,,GB,CV3 4AD
Audio-Technica,,,,,,Leeds,,GB,LS11 5AL
Aulds Holdings,,,,,,Greenock,,GB,PA16 8LS
Aulds Bakeries,,,,,,Greenock,,GB,PA16 8LS
Aulds Delicious Desserts,,,,,,Greenock,,GB,PA16 8LS
Aulds Oak Mall,,,,,,Greenock,,GB,PA16 8LS
Aulds Piazza,,,,,,Greenock,,GB,PA16 8LS
Aulds Retail,,,,,,Greenock,,GB,PA16 8LS
Aulds St Enochs,,,,,,Greenock,,GB,PA16 8LS
Auriga Holdings,,,,,,London,,GB,E6 1HZ
Nexus Foods,,,,,,London,,GB,E6 1HZ
Orion Foods,,,,,,London,,GB,E6 1HZ
Aurora Lighting UK,,,,,,Welwyn Garden City,,GB,AL7 4SW
Aurora World,,,,,,Basingstoke,,GB,RG24 8WH
Australian Vintage,,,,,,,,GB,SA 5033
Authentic Curry Company,,,,,,Aberdare,,GB,CF44 9UP
Auto Marine Cables,,,,,,Manchester,,GB,M28 3PT
Automated Technical Controls,,,,,,London,,GB,EC2M 4RB
Automint,,,,,,Huddersfield,,GB,HD2 1FA
On Air Suspension,,,,,,High Ongar,,GB,CM5 9QZ
Automotive Distribution Centre,,,,,,Leighton Buzzard,,GB,LU7 4TU
Autosmart International,,,,,,Lichfield,,GB,WS14 0DH
Autosupply Holdings UK,,,,,,London,,GB,SE1 2AU
Avara Foods,,,,,,Northamptonshire,,GB,NN137EX
Faccenda Foods,,,,,,Brackley,,GB,NN13 7EX
Freemans of Newent,,,,,,Hereford,,GB,HR4 9PB
Aventis Pharma,,,,,,Reading,,GB,RG6 1PT
Avon Cosmetics,,,,,,Northampton,,GB,NN1 5PA
Avondale Foods (Craigavon),,,,,,Craigavon,,GB,BT66 8TB
Avonside Insulation Supplies,,,,,,Patchway,,GB,BS34 5TA
Awin Barratt Siegel Wine Agencies,,,,,,,,GB,RH12 4QD
Axel Arigato London,,,,,,London,,GB,EC1M 3JB
Aymes International,,,,,,Leek,,GB,ST13 5RJ
Aytac Foods Distribution,,,,,,Leyton,,GB,E10 7FB
Aztec Oils,,,,,,Chesterfield,,GB,S44 6BB
Azzurri Central,,,,,,London,,GB,NW1 5DH
Ask Italian Restaurants,,,,,,London,,GB,NW1 5DH
Boojum,,,,,,Belfast,,GB,BT7 1JL
Boojum GB Trading,,,,,,Belfast,,GB,BT7 1JL
Coco Di Mama,,,,,,London,,GB,NW1 5DH
Mind Blowing Chicken,,,,,,London,,GB,NW1 5DH
Zizzi Restaurants,,,,,,London,,GB,NW1 5DH
B & M Retail,,,,,,Liverpool,,GB,L24 8RJ
B & T Associates,,,,,,Louth,,GB,LN11 8UT
B - SPORTING,,,,,,Shipley,,GB,BD18 1QG
B&Q,,,,,,Eastleigh,,GB,SO53 3LE
B-Tech International,,,,,,Daventry,,GB,NN11 4NR
B. Braun Medical,,,,,,Sheffield,,GB,S35 2PW
B. Smith Packaging (Worcester),,,,,,Worcester,,GB,WR4 9FE
B.E.S,,,,,,Wolverhampton,,GB,WV1 4EG
B.J.R. Foods,,,,,,LONDON,,GB,NW7 2AS
B.T.C. Activewear,,,,,,WEDNESBURY,,GB,WS109QY
B2B1 Print Solutions,,,,,,Stockport,,GB,SK4 5BF
BAKER BENNETT,,,,,,Rochdale,,GB,OL16 1QU
BAKKAVOR FOODS,,,,,,London,,GB,W1T 3JJ
BALCAS TIMBER,,,,,,Enniskillen,,GB,BT94 2ES
BALFOUR HOSPITALITY,,,,,,London,,GB,EC3V 3QQ
BAMFORD COLLECTION,,,,,,Moreton-In-Marsh,,GB,GL56 0YG
BAMFORD,,,,,,Moreton-In-Marsh,,GB,GL56 0YG
DAYLESFORD ORGANIC,,,,,,Moreton-In-Marsh,,GB,GL56 0YG
BARFOOTS OF BOTLEY,,,,,,Bognor Regis,,GB,PO21 3PX
BASF,,,,,,Stockport,,GB,SK1 3GG
BASF Coatings,,,,,,Milton Keynes,,GB,MK1 1BU
Nunhems,,,,,,Stockport,,GB,SK1 3GG
BAXTER HEALTHCARE,,,,,,Norfolk,,GB,IP24 3SE
BAZOOKA CANDY BRANDS INTERNATIONAL,,,,,,Richmond,,GB,TW9 1AG
BB Catering Supplies,,,,,,Blackburn,,GB,BB2 2TA
BB&R,,,,,,London,,GB,SW1A 1EG
BBC Studios Distribution,,,,,,London,,GB,W12 7FA
2 Entertain Video,,,,,,London,,GB,W12 7FA
Demon Music Group,,,,,,London,,GB,W12 7FA
BDN Packaging,,,,,,Wolverhampton,,GB,WV5 8AP
BDP Imports,,,,,,Stroud,,GB,GL6 8GA
BEA Fastening Systems,,,,,,Beverley,,GB,HU17 0RT
BEACHCOURSE,,,,,,Woking,,GB,GU21 5BJ
BEANIES THE FLAVOUR CO,,,,,,Darlington,,GB,DL30PH
BEDECK,,,,,,CRAIGAVON,,GB,BT67 0QS
BEECHFIELD BRANDS,,,,,,Bury,,GB,BL9 5AQ
BEESLEY & FILDES,,,,,,Merseyside,,GB,L36 6AF
BEIERSDORF UK,,,,,,Birmingham,,GB,B37 7ES
BELMONT PRESS,,,,,,Northampton,,GB,NN5 7UW
BEMIS,,,,,,Burnley,,GB,BB11 5SW
BEN AND BILL'S,,,,,,Colchester,,GB,CO6 3AQ
BENCHMARK DRINKS,,,,,,STEYNING,,GB,BN44 3TN
BENCHMARK DRINKS SERVICES,,,,,,Steyning,,GB,BN44 3TN
BENNETT OPIE,,,,,,Kent,,GB,ME10 2LE
BERICAP U.K. LIMITED,,,,,,Hull,,GB,HU7 0YN
BERICOTE PARK,,,,,,Leamington Spa,,GB,CV33 9BQ
BERKSHIRE MEAT TRADERS,,,,,,Newbury,,GB,RG19 6AB
BERNARD MATTHEWS FOODS (DERBY),,,,,,Birmingham,,GB,B3 2BJ
BERNARD MATTHEWS FOODS,,,,,,Birmingham,,GB,B3 2BJ
BERRINGTON PURE SPRING WATER,,,,,,Marden,,GB,HR1 3EY
BERRYWORLD GROUP,,,,,,Broxbourne,,GB,EN10 6NH
BERRYWORLD,,,,,,Broxbourne,,GB,EN10 6NH
POUPART IMPORTS,,,,,,Broxbourne,,GB,EN10 6NH
BEST FOODS,,,,,,Harpenden,,GB,AL5 3PR
BFM Europe,,,,,,Stoke-on-Trent,,GB,ST4 4TJ
BFS Group,,,,,,Slough,,GB,SL1 4BD
Bidfresh,,,,,,Southport,,GB,PR8 4HQ
Caterfood (South West),,,,,,Slough,,GB,SL1 4BD
Caterfood Holdings,,,,,,Slough,,GB,SL1 4BD
Elite Fine Foods,,,,,,Slough,,GB,SL1 4BD
Harvest Fine Foods,,,,,,Slough,,GB,SL1 4BD
Nicol Hughes Foodservice,,,,,,Slough,,GB,SL1 4BD
Northern Bloc,,,,,,Slough,,GB,SL1 4BD
Simply Food Solutions,,,,,,Slough,,GB,SL1 4BD
Snowdon & Bridge,,,,,,Southport,,GB,PR8 4HQ
South Lincs Foodservice,,,,,,Slough,,GB,SL1 4BD
Thomas Ridley And Son,,,,,,Slough,,GB,SL1 4BD
Yarde Farm,,,,,,Slough,,GB,SL1 4BD
BGC South,,,,,,Brigg,,GB,DN20 9HE
BGRP,,,,,,Cramlington,,GB,NE23 1WQ
BHF Shops,,,,,,London,,GB,NW1 7AW
BHGS,,,,,,Evesham,,GB,WR11 1GP
BHH,,,,,,Belfast,,GB,BT15 3GW
John Thompson & Sons,,,,,,Belfast,,GB,BT15 3GW
BIFFA,,,,,,High Wycombe,,GB,HP12 3TZ
BIFFA (WEST SUSSEX) RECYCLING,,,,,,High Wycombe,,GB,HP12 3TZ
BIFFA WASTE SERVICES,,,,,,High Wycombe,,GB,HP12 3TZ
BIFFA WEST SUSSEX,,,,,,High Wycombe,,GB,HP12 3TZ
COMMUNITY SHOP C.I.C,,,,,,Barnsley,,GB,S75 3DH
COMPANY SHOP,,,,,,Barnsley,,GB,S75 3DH
ESTERPET,,,,,,High Wycombe,,GB,HP12 3TZ
FORGE RECYCLING (UK),,,,,,High Wycombe,,GB,HP12 3TZ
HAMILTON WASTE & RECYCLING,,,,,,Glasgow,,GB,G32 8RG
SYRACUSE WASTE,,,,,,High Wycombe,,GB,HP12 3TZ
TOTAL RECYCLING SERVICES,,,,,,High Wycombe,,GB,HP12 3TZ
BIGDUG,,,,,,Gloucester,,GB,GL2 5DH
BIGJIGS TOYS,,,,,,Ashford,,GB,TN24 8DH
BIO&ME,,,,,,Chester,,GB,CH4 8JR
BIP Candy & Toys UK,,,,,,Edinburgh,,GB,EH6 7BD
BKUK Group,,,,,,London,,GB,EC4A 3TW
BKUK Bristol,,,,,,London,,GB,EC4A 3TW
BKUK Crown,,,,,,LONDON,,GB,EC4A 3TW
BKUK Crown Leisure,,,,,,LONDON,,GB,EC4A 3TW
BKUK Devco,,,,,,London,,GB,EC4A 3TW
BKUK Flame,,,,,,London,,GB,EC4A 3TW
Caspian Food Retailers,,,,,,LONDON,,GB,EC4A 3TW
Caspian Food Services,,,,,,LONDON,,GB,EC4A 3TW
Teresina,,,,,,LONDON,,GB,EC4A 3TW
Zing Leisure,,,,,,LONDON,,GB,EC4A 3TW
BLANK STREET UK,,,,,,London,,GB,EC4A 3TW
BLENDS,,,,,,Prescot,,GB,L34 9FB
BLUE DIAMOND PRODUCTS,,,,,,Leeds,,GB,LS1 5PS
BLUES GROUP (HOLDINGS),,,,,,Maldon,,GB,CM9 4XD
BLUES GROUP,,,,,,Maldon,,GB,CM9 4XD
BLV Holdings,,,,,,London,,GB,EC1M 6BB
FA Corporate,,,,,,Watford,,GB,WD18 9SB
LPA Trading,,,,,,London,,GB,EC1M 6BB
BMI Group Holdings UK,,,,,,Reading,,GB,RG1 1LX
BMJ PUBLISHING GROUP,,,,,,LONDON,,GB,WC1H 9JR
BMP Europe,,,,,,Accrington,,GB,BB5 5YH
PPC Solutions,,,,,,Accrington,,GB,BB5 5YH
RB Medical Engineering,,,,,,Ross on Wye,,GB,HR9 5NS
BMW (UK),,,,,,Farnborough,,GB,GU14 0FB
BOC,,,,,,Woking,,GB,GU21 6HT
BODYPOWER SPORTS,,,,,,Northampton,,GB,NN3 8RJ
BONNINGTON PLASTICS,,,,,,NOTTINGHAM,,GB,NG10 5AD
BOPARAN HOLDINGS,,,,,,Wakefield,,GB,WF2 8EE
2 SISTERS FOOD GROUP,,,,,,Wakefield,,GB,WF2 8EE
CAVAGHAN & GRAY,,,,,,Wakefield,,GB,WF2 8EE
CONVENIENCE FOODS,,,,,,Wakefield,,GB,WF2 8EE
F.W. FARNSWORTH,,,,,,Wakefield,,GB,WF2 8EE
SOLWAY FOODS,,,,,,Wakefield,,GB,WF2 8EE
BOROUGH BROTH COMPANY,,,,,,Greenford,,GB,UB6 8PW
BOTT,,,,,,Bude,,GB,EX23 8LY
BOUTINOT,,,,,,Cheadle,,GB,SK8 2GG
BP Marine,,,,,,Sunbury On Thames,,GB,TW16 7BP
BP Oil,,,,,,Sunbury On Thames,,GB,TW16 7BP
BRAND EVANGELISTS FOR BEAUTY,,,,,,Altrincham,,GB,WA14 2DT
BRANSFORD GARDEN PLANTS,,,,,,Bransford,,GB,WR65JN
BRAVISSIMO,,,,,,Northamptonshire,,GB,NN14 2PG
BRAVURA FOODS,,,,,,Cardiff,,GB,CF23 8RS
BRCK Group,,,,,,Bridgend,,GB,CF31 3XG
Brick Services,,,,,,Dunston,,GB,NE11 9JL
Brick-ability,,,,,,Bridgend,,GB,CF31 3XG
Brick-link,,,,,,Bridgend,,GB,CF31 3XG
Crest Brick Slate & Tile,,,,,,Howden,,GB,DN14 7HZ
E.T. Clay Products,,,,,,Bridgend,,GB,CF31 3XG
FSN Doors,,,,,,Bracknell,,GB,RG12 1RB
Forum Tiles,,,,,,Bracknell,,GB,RG12 1RB
Frazer Simpson,,,,,,Bracknell,,GB,RG12 1RB
Heritage Clay Tiles,,,,,,Bridgend,,GB,CF31 3XG
LBT BRICK & FACADES,,,,,,Bridgend,,GB,CF31 3XG
Modular Clay Products,,,,,,Bridgend,,GB,CF31 3XG
ROOFING DISTRIBUTION UK,,,,,,GOOLE,,GB,DN14 7HZ
The Bespoke Brick Co,,,,,,Bridgend,,GB,CF31 3XG
The Matching Brick Company,,,,,,Bridgend,,GB,CF31 3XG
Towelrads.com,,,,,,Bracknell,,GB,RG12 1RB
U PLASTICS,,,,,,Bridgend,,GB,CF31 3XG
Upowa,,,,,,Bracknell,,GB,RG12 1RB
BREAD,,,,,,London,,GB,NW9 6AQ
BREAD FACTORY,,,,,,London,,GB,NW9 6AQ
GAIL'S,,,,,,Hendon,,GB,NW9 6AQ
THE BERTINET BAKERY,,,,,,London,,GB,NW9 6AQ
BRETT LANDSCAPING,,,,,,Canterbury,,GB,CT4 7PP
BRG Appliances,,,,,,London,,GB,EC2A 4NE
BRIGHT BLUE FOODS,,,,,,Blackburn,,GB,BB1 2PT
BRINDISA,,,,,,London,,GB,SW12 0LT
BRISTAN GROUP,,,,,,Leeds,,GB,LS1 5AB
BRITAL FOODS,,,,,,London,,GB,SE1 2JE
BRITISH AIRWAYS,,,,,,Harmondsworth,,GB,UB7 0GB
BA CITYFLYER,,,,,,Harmondsworth,,GB,UB7 0GB
BA EUROFLYER,,,,,,Harmonsworth,,GB,UB7 0GB
BRITISH AIRWAYS AVIONIC ENGINEERING,,,,,,Harmondsworth,,GB,UB7 0GB
BRITISH AIRWAYS INTERIOR ENGINEERING,,,,,,Harmondsworth,,GB,UB7 0GB
British Airways Engineering Wales,,,,,,Harmondsworth,,GB,UB7 0GB
BRITISH ELECTRIC LAMPS,,,,,,NORMANTON,,GB,WF6 1TN
BRITISH TELECOMMUNICATIONS PUBLIC LIMITED COMPANY,,,,,,London,,GB,E1 8EE
EE,,,,,,London,,GB,E1 8EE
OPENREACH,,,,,,London,,GB,EC3V 0AT
PLUSNET,,,,,,Sheffield,,GB,S1 2BJ
BRITVIC,,,,,,Hemel Hempstead,,GB,HP2 4TZ
BRITVIC SOFT DRINKS,,,,,,Hemel Hempstead,,GB,HP2 4TZ
BROOM HOUSE INVESTMENTS,,,,,,Brighouse,,GB,HD6 1LU
BRUSH GROUP,,,,,,Loughborough,,GB,LE11 1EX
BRUSH TRANSFORMERS,,,,,,Loughborough,,GB,LE11 1EX
HAWKER SIDDELEY SWITCHGEAR,,,,,,Loughborough,,GB,LE11 1EX
BS Plastics,,,,,,Birmingham,,GB,B6 7EQ
BS Polythene,,,,,,Birmingham,,GB,B6 7EQ
BSH Home Appliances,,,,,,Wolverton,,GB,MK12 5PT
BSM Packaging Supplies,,,,,,Hockley,,GB,SS5 4AD
BSW TIMBER,,,,,,Dunfermline,,GB,KY11 8RY
BSW SAWMILLS,,,,,,Dunfermline,,GB,KY11 8RY
TILHILL FORESTRY,,,,,,Altrincham,,GB,WA14 2DT
BSW Timber Solutions,,,,,,Stoke on Trent,,GB,ST1 5PG
BUBBLE MAX,,,,,,Doncaster,,GB,DN9 3QZ
BUCKINGHAM VINTNERS INTERNATIONAL,,,,,,Bracknell,,GB,RG12 1NF
BUCKLER BOOTS,,,,,,Dundee,,GB,DD2 1SW
BUFA Composites UK,,,,,,Maningtree,,GB,CO11 1NT
BUILDING AND PLUMBING SUPPLIES,,,,,,Leamington Spa,,GB,CV34 6RH
BULK HARDWARE,,,,,,Wells,,GB,BA5 2LA
BURTS SNACKS,,,,,,London,,GB,NW10 7ST
BUTCHER'S PET CARE,,,,,,Thirsk,,GB,YO7 3HE
BUTCOMBE BREWERY,,,,,,Bristol,,GB,BS40 5PA
BUXTON LIME,,,,,,Buxton,,GB,SK17 8TG
BWT UK,,,,,,High Wycombe,,GB,HP12 4HJ
Babcock International Group,,,,,,London,,GB,W1U 1QX
Babcock Integrated Technology,,,,,,London,,GB,W1U 1QX
Babcock Land Defence,,,,,,London,,GB,W1U 1 QX
Cavendish Nuclear,,,,,,London,,GB,W1U 1QX
Devonport Royal Dockyard,,,,,,Plymouth,,GB,PL1 4SG
Rosyth Royal Dockyard,,,,,,Dunfermline,,GB,KY11 2YD
Babystyle UK,,,,,,Loughborough,,GB,LE12 7RJ
Bacardi-Martini,,,,,,London,,GB,SW1P 1QN
Bacchus Wine Company (Kensington) Limited (The),,,,,,Stow-on-the-Wold,,GB,GL54 1AA
Bahlsen,,,,,,Chalfont St. Peter,,GB,SL9 9FG
Baker & Baker Products UK,,,,,,Bromborough,,GB,CH62 3NU
Baker Furniture,,,,,,Middlesbrough,,GB,TS2 1ET
Baker Ross,,,,,,London,,GB,E1W 9US
Bakkafrost Scotland,,,,,,Edinburgh,,GB,EH3 7RN
Bako (Western),,,,,,Cullompton,,GB,EX151BS
Bako Group,,,,,,Preston,,GB,PR2 5BE
Bako,,,,,,Preston,,GB,PR2 5BE
James A. S. Finlay,,,,,,Maghaberry,,GB,BT67 0JF
Balfe's Bikes,,,,,,Crawley,,GB,RH10 9TZ
Balfour Beatty,,,,,,London,,GB,E14 5HU
Balfour Beatty Civil Engineering,,,,,,London,,GB,E14 5HU
Balfour Beatty Construction,,,,,,Holytown,,GB,ML1 4WQ
Balfour Beatty Ground Engineering,,,,,,London,,GB,E14 5HU
Balfour Beatty Kilpatrick,,,,,,Holytown,,GB,ML1 4WQ
Balfour Beatty Plant & Fleet Services,,,,,,Derby,,GB,DE21 7BG
Balfour Beatty Rail,,,,,,London,,GB,E14 5HU
Balfour Beatty Utility Solutions,,,,,,London,,GB,E14 5HU
Painter Brothers,,,,,,Hereford,,GB,HR4 9SW
Ball & Young,,,,,,Manchester,,GB,M24 2DB
Ball Aerosol Packaging UK,,,,,,Devizes,,GB,SN10 2HT
Ball Colegrave,,,,,,West Adderbury,,GB,OX17 3EY
Ballygarvey Eggs,,,,,,Ballymena,,GB,BT43 7JX
Bancroft Wines,,,,,,London,,GB,SE1 0HS
Banham Poultry (2018),,,,,,Birmingham,,GB,B3 2BJ
Banquist,,,,,,London,,GB,E2 8HD
Bard,,,,,,Crawley,,GB,RH11 9BP
Barenbrug U.K,,,,,,Bury St Edmunds,,GB,IP30 9ND
Barmans,,,,,,Bury St. Edmunds,,GB,IP28 7AS
Baronie UK,,,,,,Corby,,GB,NN17 5EU
Barony Universal Products,,,,,,Greater Manchester,,GB,M3 5GS
Bartley Industries,,,,,,Kettering,,GB,NN15 7JY
Barton Jones Packaging,,,,,,Letchworth Garden City,,GB,SG6 1WB
Basecamp Brews,,,,,,Norwich,,GB,NR6 6BB
Bates Farms & Dairy,,,,,,Southport,,GB,PR8 4ES
Bathams (Delph),,,,,,Brierley Hill,,GB,DY5 2TN
Bathgate Silica Sand,,,,,,Liverpool,,GB,L3 9QJ
Bausch & Lomb U.K,,,,,,London,,GB,EC4M 7WS
Bawnbua Foods NI,,,,,,Bleary,,GB,BT66 7AT
Baxi Heating,,,,,,Warwick,,GB,CV34 4LL
Baxters Food Group,,,,,,Edinburgh,,GB,EH2 4DJ
Bayer,,,,,,Reading,,GB,RG2 6AD
Baylis & Harding Public Limited Company,,,,,,Redditch,,GB,B98 7AS
Be Modern,,,,,,Jarrow,,GB,NE32 3BE
Beam Suntory,,,,,,London,,GB,W1D 1NN
Beamfeature,,,,,,Stretford,,GB,M32 0TP
Beams International,,,,,,Gillingham,,GB,ME8 7EG
Beaphar,,,,,,Haverhill,,GB,CB9 7HD
Bearfields of London,,,,,,Leytonstone,,GB,E11 1HD
Beauty Pie,,,,,,London,,GB,W1T 3PQ
Beaverbrooks The Jewellers,,,,,,St Annes on Sea,,GB,FY8 1RE
Beckett's Foods,,,,,,Coventry,,GB,CV2 2QB
Becton Dickinson U.K,,,,,,Wokingham,,GB,RG41 5TS
Bedec Products,,,,,,Dunmow,,GB,CM6 1RY
Bedmax,,,,,,Belford,,GB,NE70 7PF
Bee Health,,,,,,London,,GB,EC4R 3TT
Beechdean Manufacturing,,,,,,High Wycombe,,GB,HP14 4NL
Beechwood Eggs,,,,,,Thatcham,,GB,RG18 0TL
Beer52,,,,,,Edinburgh,,GB,EH3 7JA
Bees Seeds Group,,,,,,Blackburn,,GB,BB2 4PJ
Bees Seeds,,,,,,Blackburn,,GB,BB2 4PJ
Pronto Seed,,,,,,Blackburn,,GB,BB1 6AY
Beeswift,,,,,,Birmingham,,GB,B6 7EU
Beko,,,,,,Watford,,GB,WD18 8QU
Bel,,,,,,Sevenoaks,,GB,TN13 1BA
Belkin,,,,,,Wellingborough,,GB,NN8 6GR
Bell Brothers Nurseries,,,,,,Boston,,GB,PE21 6NA
Bell Sons & Co.(Druggists)Limited,,,,,,Southport,,GB,PR9 9AL
Bella & Duke,,,,,,Scotland,,GB,KY11 2UT
Belle Engineering (Sheen),,,,,,Nr Buxton,,GB,SK17 0EU
Bells Food Group,,,,,,Shotts,,GB,ML7 5BD
Bells of Lazonby,,,,,,Penrith,,GB,CA10 1BG
Belmont Packaging,,,,,,WIGAN,,GB,WN3 5AZ
Belstaff International,,,,,,London,,GB,E1 6QL
Belton Farm Group,,,,,,Whitchurch,,GB,SY13 1JD
Belton Farm,,,,,,Whitchurch,,GB,SY13 1JD
Belton Packing & Logistics,,,,,,Whitchurch,,GB,SY13 1JD
Belvoir Farm Drinks,,,,,,Nottingham,,GB,NG130DH
Bemrose Booth Paragon,,,,,,Hull,,GB,HU7 0XY
Thames Card Technology,,,,,,Hull,,GB,HU7 0XY
BenQ,,,,,,London,,GB,W1G 0PW
Benecol,,,,,,Brentford,,GB,TW8 9DW
Benefit Cosmetics,,,,,,Chelmsford,,GB,CM1 1PH
Benjamin Moore UK,,,,,,SLOUGH,,GB,SL1 4LN
Benross Marketing,,,,,,Liverpool,,GB,L24 9HJ
Bensonsforbedsmanufacturing,,,,,,Accrington,,GB,BB5 0RE
Bensonsforbedsretail,,,,,,Accrington,,GB,BB5 0RE
Bentley Motors,,,,,,Crewe,,GB,CW1 3PL
Bents Garden Centre,,,,,,Glazebury,,GB,WA3 5NT
Berisfords,,,,,,Congleton,,GB,CW12 1QY
Berkmann Wine Cellars,,,,,,LONDON,,GB,EC1R 4RR
Berlin Packaging Holding,,,,,,Ipswich,,GB,IP7 6AS
Berry Gardens,,,,,,Maidstone,,GB,ME17 4BA
Bertagni 1882,,,,,,London,,GB,N10 2QD
Bertazzoni UK,,,,,,Prenton,,GB,CH43 3EA
Besana UK,,,,,,Ipswich,,GB,IP3 9RR
Bespoke Menu Solutions,,,,,,Coalville,,GB,LE67 3FQ
Best C.Veg,,,,,,Tottenham,,GB,N17 0QH
Bestseller Retail UK,,,,,,London,,GB,E1 6PX
Bestseller Wholesale UK,,,,,,London,,GB,E1 6PX
Bestway Northern,,,,,,London,,GB,NW10 7BW
Bestway Panacea Holdings,,,,,,Manchester,,GB,M3 4LZ
Bestway Belfast Chemists,,,,,,Belfast,,GB,BT13 3NE
Bestway National Chemists,,,,,,Manchester,,GB,M3 4LZ
Bestway Pharmacy NDC,,,,,,Manchester,,GB,M3 4LZ
Donald Wardle and Son,,,,,,Manchester,,GB,M3 4LZ
John Bell & Croyden,,,,,,Manchester,,GB,M3 4LZ
Key Pharmaceuticals,,,,,,Worcestershire,,GB,B98 0RE
Lexon,,,,,,Redditch,,GB,B98 0RE
Norchem Healthcare,,,,,,Manchester,,GB,M3 4LZ
Bestway Retail,,,,,,London,,GB,NW10 7BW
Bestway Wholesale,,,,,,London,,GB,NW10 7BW
Better Taste Holding 1,,,,,,London,,GB,W8 5DA
Cote Restaurant Group,,,,,,London,,GB,W8 5DA
Greenfield Food Supply,,,,,,London,,GB,W8 5DA
Bettys & Taylors of Harrogate,,,,,,Harrogate,,GB,HG1 2QU
Beurer UK,,,,,,Preston,,GB,PR2 2YH
Beyond Retail,,,,,,Christchurch,,GB,BH23 6DS
Beyond The Bean,,,,,,Bristol,,GB,BS3 2HA
Beyond Wines,,,,,,Newport,,GB,MK169PY
Bi-Silque Visual Communication Products,,,,,,Preston,,GB,PR1 8BZ
Biachem Group,,,,,,London,,GB,EC2V 6AX
Biachem,,,,,,London,,GB,EC2V 6AX
Biachem Specialities,,,,,,London,,GB,EC2V 6AX
Bic U.K,,,,,,Uxbridge,,GB,UB8 1JG
Big K Products U.K,,,,,,Tottenham Hale,,GB,N17 9QU
Bighams,,,,,,London,,GB,NW10 7AW
Bills Restaurants,,,,,,London,,GB,W1T 6BQ
Binghams Food,,,,,,Sheffield,,GB,S10 1LD
Binning Wine Mart,,,,,,Luton,,GB,LU2 0AH
Bio-tiful Dairy,,,,,,Market Drayton,,GB,TF9 3SQ
Biocare,,,,,,Redditch,,GB,B98 9EY
Biomerieux UK,,,,,,Basingstoke,,GB,RG24 8NA
Biopak,,,,,,Worcester,,GB,WR4 0SX
Biopax,,,,,,Belfast,,GB,BT12 7AL
Bird & Blend Tea,,,,,,WORTHING,,GB,BN12 4QY
Birds (Derby),,,,,,Derby,,GB,DE24 8GN
Biscuit International UK,,,,,,Gateshead,,GB,NE11 0PZ
Biscuiteers,,,,,,London,,GB,SW19 2JD
Bitrez,,,,,,Wigan,,GB,WN6 0XQ
Black Cat Fireworks,,,,,,Salford,,GB,M5 3EA
Blackpool Pleasure Beach,,,,,,Blackpool,,GB,FY4 1EZ
Ocean Boulevard II,,,,,,Blackpool,,GB,FY4 1EZ
Blakely Clothing Co,,,,,,Norfolk,,GB,NR24 2HJ
Blanco,,,,,,St Albans,,GB,AL2 2FL
Blazers Fuels,,,,,,Penrith,,GB,CA10 2EY
Bleach Products,,,,,,London,,GB,E2 8JE
Blinds 2 Go,,,,,,Nottingham,,GB,NG1 3FG
Bloom and Wild Holdings,,,,,,London,,GB,SE11 5JH
Bloom and Wild,,,,,,London,,GB,SE11 5JH
Bloomon UK,,,,,,London,,GB,WC2H 9JQ
Blooming Artificial,,,,,,Great Yarmouth,,GB,NR31 0NW
Blowplast,,,,,,High Wycombe,,GB,HP12 4HJ
Blue Bell Foods,,,,,,Northwood,,GB,HA6 2EH
Blue Diamond UK,,,,,,Eastleigh,,GB,SO50 6HT
BG Garden Centre,,,,,,Eastleigh,,GB,SO50 6HT
Beckworth,,,,,,Eastleigh,,GB,SO50 6HT
Blackdown Garden Centre,,,,,,Eastleigh,,GB,SO50 6HT
Chatsworth Garden Centre,,,,,,Eastleigh,,GB,SO50 6HT
Chester Garden Centre,,,,,,Eastleigh,,GB,SO50 6HT
Fosseway Garden Centre,,,,,,Eastleigh,,GB,SO50 6HT
Frosts Garden Centre,,,,,,Eastleigh,,GB,SO50 6HT
Van Hage & Company,,,,,,Eastleigh,,GB,SO50 6HT
Yarnton Nurseries,,,,,,Eastleigh,,GB,SO50 6HT
Blue Orange Brand Management,,,,,,,,GB,SG8 8DL
Blue Seal,,,,,,Birmingham,,GB,B24 8TQ
Blue Sky Designs,,,,,,Otley,,GB,LS21 3JP
Blue Tree,,,,,,Royston,,GB,SG8 5LE
BlueStar Europe Distribution B.V. UK Branch,,,,,,Stafford,,GB,ST18 0FZ
Bluesky (UK),,,,,,GRIMSBY,,GB,DN31 2TG
Bluetree Print,,,,,,Rotherham,,GB,S63 5DR
Blugilt Holdings,,,,,,Nottingham,,GB,NG3 1DE
Bettix,,,,,,Nottingham,,GB,NG3 1DE
Bolton Plastic Components,,,,,,Nottingham,,GB,NG3 1DE
Board24,,,,,,Coalville,,GB,LE67 1TT
Boden & Davies,,,,,,Tyldesley,,GB,M29 7JF
Bodum (U.K.),,,,,,Telford,,GB,TF7 4QP
Bodywise (UK),,,,,,Bristol,,GB,BS32 4DX
Boehringer Ingelheim Animal Health,,,,,,Bracknell,,GB,RG12 8YS
Boehringer Ingelheim,,,,,,Bracknell,,GB,RG12 8YS
Bogod Group,,,,,,London,,GB,EC1V 7EX
Bogod & Company,,,,,,London,,GB,EC1V 7EX
D R Kitchen Appliances,,,,,,London,,GB,EC1V 7EX
Bollin Group,,,,,,Macclesfield,,GB,SK10 1JQ
Burton McCall,,,,,,Macclesfield,,GB,SK10 1JQ
Go Gas,,,,,,Macclesfield,,GB,SK10 1JQ
Montgomery Duffle,,,,,,Macclesfield,,GB,SK10 1JQ
Outdoor & Sports Company,,,,,,Macclesfield,,GB,SK10 1JQ
Bolton BG UK,,,,,,London,,GB,W1S 1BG
Bombay Halwa,,,,,,London,,GB,W1T 3AD
Bon Bons (Wholesale),,,,,,York,,GB,YO26 7QG
Bong UK,,,,,,Milton Keynes,,GB,MK15 8HQ
Bonta' Italia,,,,,,Barnet,,GB,EN5 4BE
Bonus Trading,,,,,,Kimbolton,,GB,PE28 0NJ
Booker Group,,,,,,Wellingborough,,GB,NN8 1LT
Booker,,,,,,Wellingborough,,GB,NN8 1LT
Booker Direct,,,,,,Wellingborough,,GB,NN8 1LT
Booker Retail Partners (GB),,,,,,Wellingborough,,GB,NN8 1LT
Makro Self Service Wholesalers,,,,,,Wellingborough,,GB,NN8 1LT
Booost Trading,,,,,,Putney,,GB,SW152PU
Boparan Restaurants Holdings,,,,,,Birmingham,,GB,B3 2BJ
BRG CONCESSIONS,,,,,,Birmingham,,GB,B3 2BJ
BRG STAR,,,,,,Birmingham,,GB,B3 2BJ
CARLUCCIO'S (UK),,,,,,Birmingham,,GB,B3 2BJ
CINNAMON COLLECTION,,,,,,Birmingham,,GB,B3 2BJ
GIRAFFE CONCEPTS,,,,,,Birmingham,,GB,B3 2BJ
GOURMET BURGER KITCHEN (UK),,,,,,Birmingham,,GB,B3 2BJ
Boran-Mopack,,,,,,Strabane,,GB,BT82 9AQ
Border Biscuits,,,,,,Lanark,,GB,ML11 7SR
Border Holdings (U.K.),,,,,,Craven Arms,,GB,SY7 8DA
Allmakes PR2 4x4,,,,,,Abingdon,,GB,OX14 4TE
Border Vending Group,,,,,,Warrington,,GB,WA2 8UF
Border Vending North East,,,,,,Ashington,,GB,NE63 0YH
Border Vending North West,,,,,,Warrington,,GB,WA2 8UF
Bosch Thermotechnology,,,,,,Worcester,,GB,WR4 9SW
Bose,,,,,,London,,GB,SE1 9SG
Bottega Veneta U.K. Co,,,,,,Haywards Heath,,GB,RH16 3BW
Bourne Holidays,,,,,,Hemel Hempstead,,GB,HP2 4YL
Heythrop Park,,,,,,Hemel Hempstead,,GB,HP2 4YL
Bourne Leisure,,,,,,Hemel Hempstead,,GB,HP2 4YL
Astril,,,,,,Hemel Hempstead,,GB,HP2 4YL
Celtic Haven,,,,,,Hemel Hempstead,,GB,HP2 4YL
Haven Leisure,,,,,,Hemel Hempstead,,GB,HP2 4YL
Holivans,,,,,,Hemel Hempstead,,GB,HP2 4YL
Palmhall,,,,,,Hemel Hempstead,,GB,HP2 4YL
Boux Avenue,,,,,,London,,GB,SW19 3SE
Box and Seal,,,,,,Chippenham,,GB,SN15 4RE
BoxPak,,,,,,Newtownabbey,,GB,BT36 7LR
Boxes & Packaging (UK),,,,,,Birmingham,,GB,B30 3JN
Boxes & Packaging (Birmingham),,,,,,Birmingham,,GB,B30 3JN
Boxes & Packaging (Bristol),,,,,,Birmingham,,GB,B30 3JN
Boxes & Packaging (Doncaster),,,,,,Birmingham,,GB,B30 3JN
Boxes & Packaging (Manchester),,,,,,Birmingham,,GB,B30 3JN
Boxes & Packaging (Oxford),,,,,,Birmingham,,GB,B30 3JN
Boxes & Packaging (Swindon),,,,,,Birmingham,,GB,B30 3JN
Boxes and Packaging (Dumbarton),,,,,,Birmingham,,GB,B30 3JN
Boxes and Packaging (Merseyside),,,,,,Birmingham,,GB,B30 3JN
Boxshop Limited (The),,,,,,East Kilbride,,GB,G75 0QW
Boxway Packaging Group,,,,,,Telford,,GB,TF7 4QN
Boys & Boden,,,,,,Welshpool,,GB,SY21 7BL
Brabantia (U.K.),,,,,,Bristol,,GB,BS48 4SB
Braces Bakery,,,,,,Birmingham,,GB,B3 2BJ
Bradbury & Son (Buxton),,,,,,Buxton,,GB,SK17 9RZ
Northumberland Cheese Company,,,,,,Seaton Burn,,GB,NE13 6BZ
Bradford And Sons,,,,,,Yeovil,,GB,BA20 2QR
Brady Corporation,,,,,,Banbury,,GB,OX16 3JU
Brainstorm,,,,,,Clitheroe,,GB,BB7 1QG
Bramble Foods Group Holdco,,,,,,Market Harborough,,GB,LE16 9EE
Bramble Foods,,,,,,Market Harborough,,GB,LE16 9EE
MHT Foods,,,,,,Market Harborough,,GB,LE16 9EE
The Bay Tree Food Co,,,,,,Market Harborough,,GB,LE16 9EE
Brand Addition,,,,,,Manchester,,GB,M17 1DD
Brand Architekts Group,,,,,,Iver,,GB,SL0 9HW
The Brand Architekts,,,,,,Iver,,GB,SL0 9HW
Brand Phoenix,,,,,,London,,GB,EC2A 4NE
Brand Tap Bottling,,,,,,Stourbridge,,GB,DY8 1LU
Brand Your,,,,,,London,,GB,NW3 5JJ
Branded Drinks,,,,,,Coleford,,GB,GL16 8PN
Branded Garden Products,,,,,,Ipswich,,GB,IP8 3BU
Brands Direct,,,,,,Colchester,,GB,CO6 2JX
Brandsby Agricultural Trading Association,,,,,,Malton,,GB,YO17 6TA
William Thompson (York),,,,,,Malton,,GB,YO17 6TA
Branston,,,,,,Lincoln,,GB,LN4 1NJ
Breedon Cement,,,,,,Derby,,GB,DE73 8AP
Brenntag UK Holding,,,,,,Leeds,,GB,LS16 6QY
Brenntag UK,,,,,,Leeds,,GB,LS16 6QY
Monarch Chemicals,,,,,,Leeds,,GB,LS16 6QY
Brevitt-Rieker,,,,,,Market Harborough,,GB,LE16 9HW
Brian James Trailers,,,,,,Rugby,,GB,CV212SG
Bridge Stores,,,,,,Preston,,GB,PR4 6SN
Bridgwater Bros.Holdings,,,,,,Havant,,GB,PO9 2NL
Cornish Bakehouse,,,,,,Havant,,GB,PO9 2NL
Essex Flameproofing,,,,,,Havant,,GB,PO9 2NL
Heirlooms,,,,,,Havant,,GB,PO9 2NL
John Dwyer Bakery,,,,,,Havant,,GB,PO9 2NL
Odlings,,,,,,Havant,,GB,PO9 2NL
Odlings MCR,,,,,,Havant,,GB,PO9 2NL
Peck and Strong,,,,,,Havant,,GB,PO9 2NL
Brioche Pasquier U.K,,,,,,Milton Keynes,,GB,MK8 8DF
Bristol Laboratories,,,,,,Berkhamsted,,GB,HP4 1EG
Bristol-Myers Squibb Pharmaceuticals,,,,,,Denham,,GB,UB8 1DH
Brita Water Filter Systems,,,,,,Bicester,,GB,OX26 4JT
Britannia Fire,,,,,,Ashwellthorpe,,GB,NR16 1ER
Britannia Hotels,,,,,,Hale,,GB,WA15 8RE
Britannia Pharmaceuticals,,,,,,Reading,,GB,RG2 6GP
Britannia Superfine,,,,,,POLEGATE,,GB,BN26 6JF
Britax Excelsior,,,,,,Andover,,GB,SP10 4DU
Britchem,,,,,,Beverley,,GB,HU17 0LN
British American Tobacco,,,,,,London,,GB,W4 5YG
British Bakels,,,,,,Bicester,,GB,OX26 4JT
British Polythene Industries,,,,,,Corby,,GB,NN17 5JX
British Polythene,,,,,,Corby,,GB,NN17 5JX
Flexfilm,,,,,,Corby,,GB,NN17 5JX
British Sugar,,,,,,London,,GB,W1K 4QY
Britvic Northern Ireland,,,,,,Dublin,,GB,D02T 380
Broad Oak Farm Sausage Co,,,,,,Bishops Stortford,,GB,CM22 7LQ
Broadland Drinks,,,,,,Norwich,,GB,NR10 4BG
Brockmans Gin,,,,,,London,,GB,W1W 8DY
Brodie Melrose Drysdale & Co,,,,,,Musselburgh,,GB,EH21 6SY
Brook Taverner,,,,,,Keighley,,GB,BD21 5BU
Brookerpaks,,,,,,Newington,,GB,ME9 7PE
Brooks Sports,,,,,,Birmingham,,GB,B26 3RZ
Brother Industries (U.K.),,,,,,Wrexham,,GB,LL14 6HA
Brother International Europe,,,,,,Manchester,,GB,M34 5JE
Brother Sewing Machines Europe GmbH UK Branch,,,,,,Audenshaw,,GB,M34 5JD
Brother U.K,,,,,,Manchester,,GB,M34 5JD
Brothers Drinks Co,,,,,,Shepton Mallet,,GB,BA4 5ND
Brown-Forman Beverages Europe,,,,,,London,,GB,W1W 8HJ
Brownings The Bakers,,,,,,Kilmarnock,,GB,KA1 2NP
Browns Food Group,,,,,,Kelloholm,,GB,DG4 6RB
Browns Manufacturing,,,,,,Kelloholm,,GB,DG4 6RB
Importo,,,,,,Kelloholm,,GB,DG4 6RB
John Robertson & Sons Hamcurers,,,,,,Kelloholm,,GB,DG4 6RB
Lairds Foods,,,,,,Kelloholm,,GB,DG4 6RB
Bruce Douglas Marketing,,,,,,Dundee,,GB,DD2 3JP
Bruichladdich Distillery Company,,,,,,Argyll,,GB,PA49 7UN
Brunel Healthcare Manufacturing,,,,,,Swadlincote,,GB,DE11 0BB
Bryan's Salads,,,,,,Preston,,GB,PR4 6LJ
Bryants Nurseries,,,,,,,,GB,HP3 0NA
Budweiser Budvar UK,,,,,,Bristol,,GB,BS20 0DD
Build-A-Bear UK Holdings,,,,,,Slough,,GB,SL1 3SA
Build-A-Bear Workshop UK,,,,,,Slough,,GB,SL1 3SA
Building Adhesives,,,,,,Stoke-on-Trent,,GB,ST4 8JB
Bull Brand,,,,,,Keighley,,GB,BD20 0EE
Bulrush Horticulture,,,,,,Magherafelt,,GB,BT45 8ND
Bunches Florapost,,,,,,Nottingham,,GB,NG15 0DQ
Bundaberg Brewed Drinks UK PTY,,,,,,Halifax,,GB,HX3 6AS
Bunzl,,,,,,London,,GB,W1H 7JT
Buoyant Upholstery,,,,,,Nelson,,GB,BB9 8AJ
Burberry,,,,,,London,,GB,SW1P 2AW
Burbidge & Son,,,,,,Coventry,,GB,CV5 6BS
Burford Garden Centre,,,,,,Oxford,,GB,OX1 4HL
Burgess Farms,,,,,,Peterborough,,GB,PE7 3TW
NESSGRO,,,,,,Aberdeen,,GB,AB10 1HA
PRODUCE WORLD GROUP,,,,,,Yaxley,,GB,PE7 3TW
Burgess Group,,,,,,Pickering,,GB,YO18 7YB
Naturevito,,,,,,Swaffham,,GB,PE37 7QH
Burgon & Ball,,,,,,Sheffield,,GB,S3 9QX
Bushboard,,,,,,Wellingborough,,GB,NN8 4BA
Bute Island Foods,,,,,,Rothesay,,GB,PA20 9JH
Butlers Farmhouse Cheeses,,,,,,Preston,,GB,PR3 2LH
Butlins Skyline,,,,,,Hemel Hempstead,,GB,HP2 4TZ
Buttle's,,,,,,St Albans,,GB,AL3 6NX
Buy It Direct,,,,,,Huddersfield,,GB,HD2 1UA
Buy Whole Foods Online,,,,,,Ramsgate,,GB,CT12 4EX
Byredo,,,,,,London,,GB,WC2E 9NH
C & C HOLDINGS (NI),,,,,,Hillsborough,,GB,BT26 6JJ
BIBENDUM OFF TRADE,,,,,,London,,GB,EC1A 4EN
C&C IP UK,,,,,,Bristol,,GB,BS99 6ZZ
MAGNERS GB,,,,,,Bristol,,GB,BS99 6ZZ
MATTHEW CLARK BIBENDUM,,,,,,Bristol,,GB,BS99 6ZZ
TENNENT CALEDONIAN BREWERIES UK,,,,,,Glasgow,,GB,G31 1JD
TENNENT'S NI,,,,,,Hillsborough,,GB,BT26 6JJ
C & K Meats,,,,,,Coventry,,GB,CV2 2QB
C & P Bird Bros,,,,,,Bedfordshire,,GB,MK44 2SU
C & P Medical Trading,,,,,,Derby,,GB,DE74 2HJ
C CARNEVALE,,,,,,London,,GB,N7 9BN
C D T Sidoli (Welshpool),,,,,,Welshpool,,GB,SY21 7BE
C J Wildbird Foods,,,,,,Shrewsbury,,GB,SY4 4UR
C K's Supermarket,,,,,,Carmarthenshire,,GB,SA15 2BT
C S LABELS,,,,,,Wolverhampton,,GB,WV11 3BF
C. & J. Clark International,,,,,,Street,,GB,BA16 0EQ
C. & O. Wines,,,,,,Timperley,,GB,WA14 5QH
C. L. Jones,,,,,,Bangor,,GB,LL57 3BX
C.Brewer & Sons,,,,,,Eastbourne,,GB,BN21 3TR
C.E.X,,,,,,Walthamstow,,GB,E17 4EE
C.G. Fixings,,,,,,Newton Aycliffe,,GB,DL5 6AR
C.J. LANG & SON,,,,,,Tayside,,GB,DD4 8JU
C.K. FOODS HOLDINGS,,,,,,HULL,,GB,HU2 0JB
C.K. (FAST FOOD SUPPLIERS),,,,,,HULL,,GB,HU2 0JB
C.K. FOODS (PROCESSING),,,,,,HULL,,GB,HU2 0JB
C.K. RETAIL,,,,,,HULL,,GB,HU2 0JB
C.R. Walter (Coventry),,,,,,Coventry,,GB,CV4 9TB
C.S. Ellis (Holdings),,,,,,Oakham,,GB,LE15 8NF
C S Ellis Logistics,,,,,,Oakham,,GB,LE15 8NF
Rutland Nursery,,,,,,Oakham,,GB,LE15 8NF
CAFE CONNECTIONS,,,,,,Uxbridge,,GB,UB8 2YF
CAFEA UK,,,,,,Dunstable,,GB,LU5 4LT
CALDER MILLERFIELD,,,,,,Glasgow,,GB,G40 3DX
CALDEX HOLDINGS,,,,,,HALIFAX,,GB,HX2 9AP
CALIFIA FARMS UK,,,,,,Chester,,GB,CH1 3EQ
CAMBIUM OPERATIONS,,,,,,London,,GB,W6 8DL
LITTLE LIST,,,,,,London,,GB,W6 8DL
PREZOLA,,,,,,London,,GB,W6 8DL
WEDDING LIST SOLUTIONS,,,,,,London,,GB,W6 8DL
WEDDING PRESENTS DIRECT,,,,,,London,,GB,W6 8DL
CAMPACK,,,,,,CHIPPENHAM,,GB,SN15 3HR
CANCER RESEARCH UK TRADING,,,,,,London,,GB,E201JQ
CANO WATER,,,,,,London,,GB,SW1Y 4EL
CAPS CASES,,,,,,Newmarket,,GB,CB8 7AU
CARLSBERG MARSTON'S BREWING COMPANY,,,,,,Wolverhampton,,GB,WV1 4JT
CARTE BLANCHE GREETINGS,,,,,,Chichester,,GB,PO20 2FT
CARTRIDGE SAVE,,,,,,Stockport,,GB,SK5 7SS
CASDON,,,,,,Blackpool,,GB,FY4 4QW
CASELLA FAMILY BRANDS (EUROPE),,,,,,Cambridge,,GB,CB22 4QH
CB Paper Sacks,,,,,,Market Rasen,,GB,LN8 3HA
CBT Packaging,,,,,,Edgware,,GB,HA8 7DB
CCL Label Ireland,,,,,,Belfast,,GB,BT13 3LZ
CDL Business Services Group,,,,,,London,,GB,SE18 6RS
CDL London,,,,,,London,,GB,SE18 6RS
Fairway PSD,,,,,,London,,GB,SE18 6RS
CDS (SUPERSTORES INTERNATIONAL),,,,,,Plymouth,,GB,PL6 5ZD
CED,,,,,,Essex,,GB,SS4 1NE
CEDO,,,,,,Telford,,GB,TF7 4LZ
CENTER PARCS (HOLDINGS 1),,,,,,Newark,,GB,NG22 9DP
CENTRA BALLINDERRY,,,,,,Lisburn,,GB,BT28 2EU
CEVA ANIMAL HEALTH,,,,,,High Wycombe,,GB,HP10 0HH
RIDGEWAY BIOLOGICALS,,,,,,High Wycombe,,GB,HP10 0HH
CEWE,,,,,,Warwick,,GB,CV34 6RR
CHANDLER MATERIAL SUPPLIES,,,,,,Essex,,GB,CM2 8SY
CHARACTER OPTIONS,,,,,,London,,GB,EC2Y 9AW
CHARACTER WORLD,,,,,,Cheadle,,GB,SK8 6QL
CHARBONNEL ET WALKER,,,,,,London,,GB,W1S 4BT
CHARLES TYRWHITT SHIRTS,,,,,,London,,GB,SE1 9HZ
CHARLIE STEWART SPIRITS (HOLDINGS),,,,,,Rushden,,GB,NN10 0FN
ABER FALLS DISTILLERY,,,,,,Llanfairfechan,,GB,LL33 0LB
CARTMEL DISTILLERS,,,,,,Rushden,,GB,NN10 0FN
Castle Rum Company,,,,,,Rushden,,GB,NN10 0FN
H. J. NEILL,,,,,,Rushden,,GB,NN10 0FN
HALEWOOD ARTISANAL SPIRITS (UK),,,,,,Rushden,,GB,NN10 0FN
HALEWOOD INTERNATIONAL BRANDS,,,,,,Rushden,,GB,NN10 0FN
HALEWOOD INTERNATIONAL STREAMS OF WHISKEY,,,,,,Rushden,,GB,NN10 0FN
HALEWOOD SALES,,,,,,Rushden,,GB,NN10 0FN
HAWKSHEAD BREWERY,,,,,,Rushden,,GB,NN10 0FN
JOHN CRABBIE & COMPANY,,,,,,Edinburgh,,GB,EH6 5QN
LIVERPOOL GIN DISTILLERY,,,,,,Liverpool,,GB,L2 7LQ
SADLER'S BREWHOUSE,,,,,,Rushden,,GB,NN10 0FN
THE BRISTOL & BATH DISTILLERY,,,,,,Rushden,,GB,NN10 0FN
THE CORNISH RUM COMPANY,,,,,,Rushden,,GB,NN10 0FN
VESTAL VODKA,,,,,,Rushden,,GB,NN10 0FN
CHARPAK,,,,,,Huntingdon,,GB,PE29 7DG
CHARTERHOUSE HOLDINGS,,,,,,Castle Donington,,GB,DE74 2PY
CHEEKY RASCALS,,,,,,Liss,,GB,GU33 7BD
CHESTERFIELD POULTRY,,,,,,Thorne,,GB,DN8 5JT
CHF GLOBAL HOME,,,,,,Launceston,,GB,PL15 7AF
CIRET,,,,,,Havant,,GB,PO9 5AX
CIRRUS,,,,,,PORTADOWN,,GB,BT63 5WD
CLARKE INTERNATIONAL,,,,,,Epping,,GB,CM16 4LG
CLEARSPRING,,,,,,London,,GB,W3 7QE
CLEARSPRING SHOP,,,,,,London,,GB,W3 7QE
CLF,,,,,,Huntingdon,,GB,PE28 2UW
BOXWISE,,,,,,Colchester,,GB,CO5 9RS
CLF BOXWISE,,,,,,Huntingdon,,GB,PE28 2UW
CLIFFE PACKAGING,,,,,,Crewe,,GB,CW1 6HX
CLOETTA UK,,,,,,Fareham,,GB,PO17 6AR
CMB Water,,,,,,Deal,,GB,CT14 7NA
CMD,,,,,,Telford,,GB,TF3 3BD
CMS Distribution,,,,,,London,,GB,EC2A 2DT
CO-OP Wholesale,,,,,,Scunthorpe,,GB,DN15 9GE
COBA HOLDINGS,,,,,,Leicester,,GB,LE8 8UR
COBA AUTOMOTIVE (UK),,,,,,Leicester,,GB,LE8 8UR
COBA PLASTICS MOULDING,,,,,,Leicester,,GB,LE8 8UR
COPELY DEVELOPMENTS,,,,,,Leicester,,GB,LE8 8UR
COBA INTERNATIONAL,,,,,,Leicester,,GB,LE8 8UR
CARPET ACCESSORY TRIMS,,,,,,Leicester,,GB,LE8 8UR
COBA EUROPE,,,,,,Leicester,,GB,LE8 8UR
CODA PLASTICS,,,,,,Norfolk,,GB,NR28 0AJ
COLOPLAST,,,,,,Peterborough,,GB,PE2 6FX
COMPASS GROUP UK AND IRELAND,,,,,,Birmingham,,GB,B45 9PZ
CH & CO CATERING,,,,,,Rubery,,GB,B45 9PZ
Chartwells Hounslow (Feeding Futures),,,,,,Birmingham,,GB,B45 9PZ
Compass Contract Services (U.K.),,,,,,Birmingham Great Park,,GB,B45 9PZ
Dine Contract Catering,,,,,,Birmingham,,GB,B45 9PZ
Excel Vending,,,,,,Birmingham,,GB,B45 9PZ
Hallmark Vending,,,,,,Birmingham,,GB,B45 9PZ
INSPIRE CATERING SCOTLAND,,,,,,Westhill,,GB,AB32 6FL
MORVEND,,,,,,Birmingham,,GB,B45 9PZ
Mother Group,,,,,,Birmingham,,GB,B45 9PZ
NORTHBRIDGE VENDING COMPANY,,,,,,Birmingham,,GB,B45 9PZ
To Go Group,,,,,,Birmingham,,GB,B45 9PZ
V H GRADDON & SONS VENDING,,,,,,Birmingham,,GB,B45 9PZ
Vending Enterprises,,,,,,Birmingham,,GB,B45 9PZ
COMPLETE POOL CONTROLS,,,,,,Leckhampton,,GB,GL53 0AN
CONFECTIONS,,,,,,Burnley,,GB,BB11 5SQ
CHOCLEYS,,,,,,Burnley,,GB,BB11 5SQ
STOCKLEYS SWEETS,,,,,,Burnley,,GB,BB11 5SQ
THE SUPER FLYERS FACTORY,,,,,,Burnley,,GB,BB11 5SQ
CONNOLLYS' LIQUOR WHOLESALE,,,,,,Ballycastle,,GB,BT54 6PY
CONSILIENT HEALTH (UK),,,,,,London,,GB,W1W 5PF
CONSOLIDATED TIMBER HOLDINGS,,,,,,Tilbury,,GB,RM18 7HL
FALCON TIMBER,,,,,,Tilbury,,GB,RM18 7HL
HOFFMAN THORNWOOD,,,,,,Tilbury,,GB,RM18 7HL
TRIESSE,,,,,,Tilbury,,GB,RM18 7HL
COOLING'S NURSERIES,,,,,,Nr Sevenoaks,,GB,TN14 7NN
COPTRIN,,,,,,Leeds,,GB,LS27 0FU
CORNDELL QUALITY FURNITURE,,,,,,Andover,,GB,SP10 5AZ
CORNISH SCRUMPY COMPANY,,,,,,Plymouth,,GB,PL7 5JX
CYDERHOUSE CO,,,,,,Plymouth,,GB,PL7 5JX
CORSTON,,,,,,Calne,,GB,SN119HN
COTSWOLD OUTDOOR GROUP,,,,,,Swindon,,GB,SN1 1HN
COTTON ON UK (PTY),,,,,,London,,GB,EC2Y 5AU
COTY UK&I,,,,,,Ashford,,GB,TN25 4AQ
Coty Manufacturing,,,,,,Ashford,,GB,TN25 4AQ
COUNTRYWIDE HEALTHCARE SUPPLIES,,,,,,Caerphilly,,GB,CF83 1XH
COUNTY SALES,,,,,,Burnley,,GB,BB11 5NA
CPG Logistics,,,,,,Gosport,,GB,PO13 0FW
CPI Group,,,,,,Croydon,,GB,CR0 4TD
CPI Antony Rowe,,,,,,Croydon,,GB,CR0 4TD
CPI Books,,,,,,Croydon,,GB,CR0 4TD
CPI William Clowes,,,,,,Croydon,,GB,CR0 4TD
CRAFTI'S,,,,,,Towcester,,GB,NN12 6FP
CRAGHOPPERS,,,,,,Urmston,,GB,M41 7RR
CRC INDUSTRIES UK,,,,,,Bridgwater,,GB,TA6 4DD
CREATECITY,,,,,,Shildon,,GB,DL4 2RB
CREPE CUISINE CORNWALL,,,,,,Penzance,,GB,TR20 8HX
CRM TRADING,,,,,,Salford,,GB,M3 5FS
CROPWELL BISHOP CREAMERY,,,,,,Nottingham,,GB,NG12 3BQ
CROSSBIRD,,,,,,Wembley,,GB,HA90LQ
CROSTA & MOLLICA,,,,,,London,,GB,W1F 7LD
CT Pyro Group,,,,,,Market Rasen,,GB,LN8 6HF
BENSTAR FIREWORKS,,,,,,Market Rasen,,GB,LN8 6HF
Chestnut Trading,,,,,,Market Rasen,,GB,LN8 6HF
Cosmic Fireworks,,,,,,Market Rasen,,GB,LN8 6HF
CTDI GLENROTHES,,,,,,Milton Keynes,,GB,MK12 5TH
CTS Wholesale,,,,,,Yoxall,,GB,DE13 8NJ
CURATORS OF FLAVOUR,,,,,,London,,GB,N1 7GU
CURIOUS BREWERY,,,,,,Bungay,,GB,NR35 1NQ
CVH Spirits,,,,,,East Kilbride,,GB,G74 5BU
CVS,,,,,,Diss,,GB,IP22 4ER
Animed Direct,,,,,,Diss,,GB,IP22 4ER
Vet Direct Services,,,,,,Diss,,GB,IP22 4ER
CYBEX GMBH UK BRANCH,,,,,,BAYREUTH,,GB,95448
CYCLESPORT NORTH,,,,,,Preston,,GB,PR5 8AS
Cables Direct,,,,,,Lake View Drive,,GB,NG15 0ED
CafeDirect,,,,,,Edinburgh,,GB,EH2 4JN
Cafedirect Roastery,,,,,,Huddersfield,,GB,HD9 4EP
Cake Decor,,,,,,Cumbernauld,,GB,G68 9LH
Cakesmiths Group,,,,,,Bristol,,GB,BS2 0JZ
Calbee Group,,,,,,Altrincham,,GB,WA142DT
Calington,,,,,,Welwyn Garden City,,GB,AL8 6NS
Callaway Golf Europe,,,,,,London,,GB,E1 6RS
Calleva,,,,,,Bridgwater,,GB,TA66DF
Calor Gas Northern Ireland,,,,,,Belfast,,GB,BT3 9EE
Cambrian Packaging,,,,,,Newtown,,GB,SY16 4LE
Cambridge Commodities,,,,,,Ely,,GB,CB6 3NX
Cambridge Nutritional Foods,,,,,,Corby,,GB,NN17 5LU
Cambridge Weight Plan,,,,,,Corby,,GB,NN17 5LU
Food Nutrition Partners,,,,,,Corby,,GB,NN17 5LU
Serenova Nutrition,,,,,,Corby,,GB,NN17 5LU
Camel Valley,,,,,,Bodmin,,GB,PL30 5LG
Camerons Brewery,,,,,,Hartlepool,,GB,TS24 7QS
The Head of Steam,,,,,,Hartlepool,,GB,TS24 7QS
The Leeds Brewery Holding Company,,,,,,Hartlepool,,GB,TS24 7QS
Camira Group,,,,,,Mirfield,,GB,WF14 8HE
Camira Fabrics,,,,,,Mirfield,,GB,WF14 8HE
Camira Yarns,,,,,,Mirfield,,GB,WF14 8HE
Holmfirth Dyers,,,,,,Mirfield,,GB,WF14 8HE
Campbell's Prime Meat,,,,,,Edinburgh,,GB,EH3 8HE
Campbells Shortbread,,,,,,Callander,,GB,FK17 8BL
Camseng International Foods Distributors,,,,,,Belfast,,GB,BT9 7DW
Camvac International,,,,,,Thetford,,GB,IP24 3QY
Canal Toys Distribution,,,,,,York,,GB,YO26 6RW
Candle Shack,,,,,,London,,GB,EC1V 2NX
Candlelight Products,,,,,,Rotherham,,GB,S65 3SH
Canon Europa NV,,,,,,Amstelveen,,GB,1185 XB
Canon (UK),,,,,,Uxbridge,,GB,UB11 1AF
Canyon Europe,,,,,,Co Antrim,,GB,BT36 4PR
Capestone Organic Poultry,,,,,,Haverfordwest,,GB,SA62 3DY
Capital (Hair and Beauty),,,,,,Brighton,,GB,BN1 8AP
College Kits Direct,,,,,,Brighton,,GB,BN1 8AP
Capper Trading,,,,,,Dungannon,,GB,BT71 6HW
Capri Sun UK,,,,,,Purley,,GB,CR8 2BR
Carclo,,,,,,Mitcham,,GB,CR4 4HR
Bruntons Aero Products,,,,,,Mitcham,,GB,CR4 4HR
Carclo Technical Plastics,,,,,,Mitcham,,GB,CR4 4HR
CareCo (UK),,,,,,Braintree,,GB,CM77 7AT
Carl Kammerling International,,,,,,Pwllheli,,GB,LL53 5LH
Nerrad,,,,,,Pwllheli,,GB,LL53 5LH
Carl Zeiss Vision,,,,,,Birmingham,,GB,B1 2JT
Carlton Packaging,,,,,,Kempston,,GB,MK43 9SS
Carolia Tower Hotel,,,,,,London,,GB,NW1 4ND
Carr's Flour Mills,,,,,,Wellingborough,,GB,NN8 2DT
Carrier Solutions UK,,,,,,Plymouth,,GB,PL6 7DB
Cartoon (Holdings),,,,,,Manchester,,GB,M17 1LE
BKSL,,,,,,Manchester,,GB,M17 1LE
TFS Buying,,,,,,Manchester,,GB,M17 1LE
TFS Stores,,,,,,Manchester,,GB,M17 1LE
TFS Stores 2,,,,,,Manchester,,GB,M17 1LE
Carysil Surfaces,,,,,,Alfreton,,GB,DE55 4QX
Casa Julia,,,,,,Braintree,,GB,CM7 2YN
Cascade Holdings,,,,,,Oldham,,GB,OL9 9RJ
Casio Electronics Co,,,,,,London,,GB,EC4A 1BD
Castacrete,,,,,,Maidstone,,GB,ME15 0PW
Castell Howell Foods,,,,,,Llanelli,,GB,SA14 6SX
Castelli UK,,,,,,Sevenoaks,,GB,TN13 1JF
Castle Cartons,,,,,,Birmingham,,GB,B14 6TN
Castle Cement,,,,,,Maidenhead,,GB,SL6 8QZ
Castle Colour Packaging,,,,,,Norwich,,GB,NR5 9JJ
Castle Dairies,,,,,,Caerphilly,,GB,CF83 3HU
Castle Industrial Supplies,,,,,,Carnforth,,GB,LA5 9FD
Caterers Choice,,,,,,Huddersfield,,GB,HD2 1GQ
Caterforce,,,,,,Macclesfield,,GB,SK10 1LT
Catering24,,,,,,Ilkeston,,GB,DE7 8FU
Caterite Food And Wineservice,,,,,,Cockermouth,,GB,CA13 9YA
Cave Direct,,,,,,Larkfield,,GB,ME20 6SW
Caves de Pierre,,,,,,London,,GB,N1 7BJ
Cavity Trays,,,,,,Corsham,,GB,SN13 9BY
Cavu Experiences (EMEA),,,,,,Manchester,,GB,M90 1QX
Cawston Press,,,,,,Kettering,,GB,NN16 8NQ
Cbee (Europe),,,,,,Richmond,,GB,TW9 1AE
Celebration Packaging,,,,,,Burton-On-Trent,,GB,DE14 1DY
Celestron Global,,,,,,Thatcham,,GB,RG19 4JZ
Celtica Foods,,,,,,Llanelli,,GB,SA14 6SX
Cemcor,,,,,,Shrewsbury,,GB,SY1 2EN
Cemex UK Operations,,,,,,Coventry,,GB,CV3 2TY
Cemex UK Cement,,,,,,Coventry,,GB,CV3 2TY
Cemex UK Materials,,,,,,Coventry,,GB,CV3 2TY
Centaur Foods,,,,,,Bristol,,GB,BS16 9QH
Centaur Services,,,,,,Castle Cary,,GB,BA7 7EU
Centrica,,,,,,Windsor,,GB,SL4 5GD
British Gas Services,,,,,,Windsor,,GB,SL4 5GD
Centrica Business Solutions,,,,,,Windsor,,GB,SL4 5GD
Centrica Energy Assets Holdings,,,,,,Windsor,,GB,SL4 5GD
Centrica Hive,,,,,,Windsor,,GB,SL4 5GD
Cepac,,,,,,London,,GB,NW8 6BN
Cercis,,,,,,Windlesham,,GB,GU20 6LQ
Cereal Partners UK,,,,,,Welwyn Garden City,,GB,AL7 1RR
Certas Energy UK,,,,,,Birchwood,,GB,WA3 6GR
Certikin International,,,,,,Witney,,GB,OX29 0AX
Certus Card Group,,,,,,Skelmersdale,,GB,WN8 8EB
Ceva Logistics,,,,,,Ashby-de-la-Zouch,,GB,LE65 9BA
Chairs,,,,,,Accrington,,GB,BB5 5TU
Challenge Packaging,,,,,,Coalville,,GB,LE67 1TT
Challs International,,,,,,Ipswich,,GB,IP7 6BQ
Chameleon Technology,,,,,,Harrogate,,GB,HG3 1UF
Champagne Warehouse,,,,,,Wetherby,,GB,LS22 5DZ
Champagnes And Chateaux,,,,,,London,,GB,N3 1LF
Chanel,,,,,,London,,GB,W1J 6DG
Barrie Knitwear,,,,,,Croydon,,GB,CR9 4DL
Eres Fashion UK,,,,,,London,,GB,SW1X 8JU
Goossens UK,,,,,,Croydon,,GB,CR9 4DL
Maison Michel UK,,,,,,Croydon,,GB,CR9 4DL
Orlebar Brown,,,,,,London,,GB,W1T 3EY
Ready to Care London,,,,,,London,,GB,W1J 6DG
Charles Bentley & Son,,,,,,Loughborough,,GB,LE11 5TP
Charles Gordon Associates,,,,,,Brockworth,,GB,GL3 4FE
Charles Robertson (Holdings),,,,,,Plymouth,,GB,PL14 6HY
Trago Mills,,,,,,Plymouth,,GB,PL14 6HY
Trago Mills (Falmouth),,,,,,Plymouth,,GB,PL14 6HY
Trago Mills (Merthyr),,,,,,Liskeard,,GB,PL14 6HY
Trago Mills (South Devon),,,,,,Plymouth,,GB,PL14 6HY
Charles Saunders,,,,,,Yate,,GB,BS37 5NG
Charles Taylor Wines,,,,,,London,,GB,SW1E 6DX
Charles Trent,,,,,,Poole,,GB,BH12 4ND
Charles Wells,,,,,,Bedford,,GB,MK41 7FY
Charlotte Tilbury Beauty,,,,,,London,,GB,WC2R 2ND
Charlton & Jenrick,,,,,,Telford,,GB,TF3 3AR
Chatsworth Estate Trading,,,,,,Bakewell,,GB,DE45 1PJ
Chelmer Foods,,,,,,Braintree,,GB,CM77 7AA
Chelsom,,,,,,Blackpool,,GB,FY4 4QA
Chemfix Products,,,,,,Dewsbury,,GB,WF12 9BQ
Chemidex Pharma,,,,,,Egham,,GB,TW20 8RN
Chemring Group,,,,,,Romsey,,GB,SO51 0ZN
Chemring Countermeasures,,,,,,Romsey,,GB,SO51 0ZN
Chemring Energetics,,,,,,Stevenston,,GB,KA20 3LN
Chemring Technology Solutions,,,,,,Romsey,,GB,SO51 0ZN
Roke Manor Research,,,,,,Romsey,,GB,SO51 0ZN
Cherry Equity Partners,,,,,,London,,GB,EC1M 4JN
Cherry Equity Three,,,,,,London,,GB,EC1M 4JN
Cherry Two,,,,,,London,,GB,EC1M 4JN
Fired Up One,,,,,,London,,GB,EC1M 4JN
Cherrytree Bakery,,,,,,Burnley,,GB,BB11 5UB
Cheshire Farm Ice Cream,,,,,,Chester,,GB,CH3 9NE
Cheshire Mouldings & Woodturnings,,,,,,St Helens,,GB,WA9 4JQ
Chestnut Dairies,,,,,,Hull,,GB,HU11 5RJ
Chevler,,,,,,Hengoed,,GB,CF82 8AU
Chevron Products,,,,,,London,,GB,E14 4HA
Chicken Cabins,,,,,,Northwood,,GB,HA6 2EH
Chik'n,,,,,,London,,GB,IP28 7DE
Childrensalon,,,,,,Tunbridge Wells,,GB,TN1 1UL
Childs Farm,,,,,,Manchester,,GB,M22 5TG
Chilly's Bottles,,,,,,London,,GB,N1 7SG
China Industries,,,,,,Wolverhampton,,GB,WV10 9TG
Chiquita Europe BV UK Branch,,,,,,Sheerness,,GB,ME12 1RS
Chivas Brothers,,,,,,Dumbarton,,GB,G82 2SS
Choice Discount Stores,,,,,,Hadleigh Benfleet,,GB,SS7 2ND
Chopstix Group,,,,,,London,,GB,NW1 8NL
CHOPSTIX RESTAURANT,,,,,,London,,GB,NW1 8NL
CHOPSTIX STORES,,,,,,London,,GB,NW1 8NL
CHOPSTIX TRADING,,,,,,London,,GB,NW1 8NL
Christopher Piper Wines,,,,,,Ottery St. Mary,,GB,EX11 1NR
Church & Dwight,,,,,,Folkestone,,GB,CT19 6PG
Churchill China,,,,,,Stoke-on-Trent,,GB,ST6 5NZ
Furlong Mills,,,,,,Stoke-On-Trent,,GB,ST6 5NZ
Cider of Sweden,,,,,,Leeds,,GB,LS1 4PR
Cineworld Cinemas,,,,,,Brentford,,GB,TW8 9AG
Cisco International,,,,,,Feltham,,GB,TW14 8HA
Citizen Watch United Kingdom,,,,,,Wokingham,,GB,RG41 2PL
City Electrical Factors,,,,,,Kenilworth,,GB,CV8 2SU
Clariant Services,,,,,,Leeds,,GB,LS4 2EW
Clariant Oil Services,,,,,,Leeds,,GB,LS4 2EW
Clarins (U.K.),,,,,,London,,GB,W1G 9DN
Clark Foyster Wines,,,,,,London,,GB,W5 4QT
Class Delta,,,,,,Liverpool,,GB,L24 9HZ
Clays,,,,,,Bungay,,GB,NR35 1ED
CleanCo Ventures,,,,,,LONDON,,GB,WC2A 1LS
Clear Amber Group,,,,,,Milnathort,,GB,KY13 9XL
Clearly Drinks,,,,,,Manchester,,GB,M17 1AF
Clearwater Hampers,,,,,,Abingdon,,GB,OX14 4RT
Cleone Foods,,,,,,Birmingham,,GB,B18 5AY
Cleva Europe,,,,,,Newcastle Upon Tyne,,GB,NE12 8EZ
Clinimed (Holdings),,,,,,High Wycombe,,GB,HP10 9QY
Careflex,,,,,,High Wycombe,,GB,HP10 9QY
Clinimed,,,,,,High Wycombe,,GB,HP10 9QY
Flexible Medical Packaging,,,,,,High Wycombe,,GB,HP10 9QY
Helapet,,,,,,High Wycombe,,GB,HP10 9QY
Hydrokem Aerosols,,,,,,High Wycombe,,GB,HP10 9QY
Welland Medical,,,,,,High Wycombe,,GB,HP10 9QY
Clinisupplies Group,,,,,,0,,GB,EC2M 4RB
Cloughbane Farms Foods,,,,,,Dungannon,,GB,BT70 3EB
Clynderwen and Cardiganshire Farmers,,,,,,Clynderwen,,GB,SA66 7NW
Co-operative Group,,,,,,Manchester,,GB,M60 0AG
Co-operative Group Food,,,,,,Manchester,,GB,M60 0AG
Coach Stores,,,,,,London,,GB,W2 1DG
Coat Trading,,,,,,London,,GB,EC1V 2NX
Coca-Cola Europacific Partners Great Britain,,,,,,Uxbridge,,GB,UB8 1EZ
Coca-Cola HBC Northern Ireland,,,,,,Lisburn,,GB,BT28 2SZ
Cocopac,,,,,,Yeovil,,GB,BA22 7LH
Codorniu UK,,,,,,Bristol,,GB,BS1 6TP
Coffetek,,,,,,Bristol,,GB,BS32 4QE
Coin-A-Drink,,,,,,Walsall,,GB,WS2 8TF
Coinstone,,,,,,Tetbury,,GB,GL8 8RP
PM Corporation,,,,,,Tetbury,,GB,GL8 8RP
Shipton Mill,,,,,,Tetbury,,GB,GL8 8RP
The Celtic Bakers,,,,,,Tetbury,,GB,GL8 8RP
Colart,,,,,,London,,GB,W12 7FP
Cole Fabrics,,,,,,West Bridgford,,GB,NG2 6HF
Coletta Holdings,,,,,,Beverley,,GB,HU17 0RU
Colgate-Palmolive (U.K.),,,,,,Woking,,GB,GU21 6DB
Colian,,,,,,Bristol,,GB,BS34 8SR
Collingwood Lighting,,,,,,Sywell,,GB,NN6 0BT
Colpac,,,,,,Flitwick,,GB,MK45 5BW
Columbia Sportswear Company,,,,,,Windermere,,GB,LA23 2HJ
Combe International,,,,,,Leatherhead,,GB,KT22 9RX
Combined Distribution (Holdings),,,,,,Birmingham,,GB,B6 7BB
Centresoft,,,,,,Birmingham,,GB,B6 7BB
P.D.Q. Distribution,,,,,,Birmingham,,GB,B6 7BB
Comfortex,,,,,,Oldham,,GB,OL1 2HP
Comfy Living,,,,,,Bridgwater,,GB,TA6 6AJ
Comfy Quilts,,,,,,Manchester,,GB,M3 5FS
Comline Holdings,,,,,,Bedford,,GB,MK43 9ST
Comline Auto Parts,,,,,,Bedford,,GB,MK43 9ST
Commercial,,,,,,Cheltenham,,GB,GL53 0DL
Community Foods,,,,,,Witham,,GB,CM8 3YQ
Concha Y Toro UK,,,,,,Wheatley,,GB,OX33 1ER
Concrete Fabrications,,,,,,Bristol,,GB,BS2 0UG
Conde Nast Holdings,,,,,,London,,GB,WC2N 6HT
Conde Nast Publications Ltd (The),,,,,,London,,GB,WC2N 6HT
Condor Wines,,,,,,Oxon,,GB,OX9 2FX
Confex,,,,,,Cheltenham,,GB,GL54 2QB
Conglom International,,,,,,Dublin,,GB,A96W9N1
Conilon,,,,,,London,,GB,SE1 1UN
Connection Flooring,,,,,,Bishop Auckland,,GB,DL146WA
Connectix,,,,,,Braintree,,GB,CM77 7AA
Consort Equipment Products,,,,,,Milford Haven,,GB,SA73 2RT
Constantia FFP,,,,,,Northampton,,GB,NN3 6PZ
Consumer Brands,,,,,,Poole,,GB,BH17 7BY
Contact Marketing (NI),,,,,,Randalstown,,GB,BT41 2PL
Contactum,,,,,,Dunstable,,GB,LU5 4TS
Continental Bottle Co,,,,,,Warwick,,GB,CV34 6UW
Contour Showers,,,,,,Middlewich,,GB,CW10 0GT
Convatec Holdings U.K,,,,,,London,,GB,W2 6LG
Amcare,,,,,,Deeside,,GB,CH5 2NU
Convatec,,,,,,Deeside,,GB,CH5 2NU
Cook Trading,,,,,,Sittingbourne,,GB,ME10 3HH
Cooks Professional,,,,,,Kington,,GB,HR5 3QQ
Cookson Precious Metals,,,,,,Birmingham,,GB,B1 3NZ
Coolmar,,,,,,Ballymena,,GB,BT42 2BJ
Coombe Castle International,,,,,,Chippenham,,GB,SN15 3HR
Cooneen By Design,,,,,,Ballymena,,GB,BT44 9LD
Cooneen At Work,,,,,,Salisbury,,GB,SP4 7RT
Cooneen Defence,,,,,,Fivemiletown,,GB,BT75 0NE
Cooneen Protection,,,,,,Fivemiletown,,GB,BT75 0NE
Coopervision (UK) Holdings,,,,,,Fareham,,GB,PO15 5RL
Coopervision,,,,,,Fareham,,GB,PO15 5RL
No.7 Contact Lens Laboratory,,,,,,Fareham,,GB,PO15 5RL
Coopland & Son (Scarborough),,,,,,Eastfield Scarborough,,GB,YO11 3YT
Coordination Group Publications,,,,,,Broughton-In-Furness,,GB,LA20 6HH
Market Street Filling Station,,,,,,Broughton-In-Furness,,GB,LA20 6HH
Princes Street Retail,,,,,,Broughton-In-Furness,,GB,LA20 6BN
Coppa Collective,,,,,,London,,GB,SE1 3JW
Coppa Collection,,,,,,London,,GB,SE1 3JW
Rare Bird Hotels at Sonning,,,,,,London,,GB,SE1 3JW
Rare Bird Hotels at Streatley,,,,,,London,,GB,SE13 3JW
Coppice Alupack,,,,,,Birmingham,,GB,B25 8HE
Coral Innovations,,,,,,LONDON,,GB,W1W 7LT
Coral Products,,,,,,Manchester,,GB,M23 9DS
ALMA PRODUCTS,,,,,,St. Helens,,GB,WA11 9UB
ECODECK GRIDS,,,,,,Manchester,,GB,M23 9DS
FILM & FOIL SOLUTIONS,,,,,,St. Helens,,GB,WA11 9UB
GLOBAL ONE-PAK,,,,,,Manchester,,GB,M23 9DS
TATRA ROTALAC,,,,,,Manchester,,GB,M23 9DS
Core Fulfilment,,,,,,Crewe,,GB,CW1 6NG
Corefresh,,,,,,Canvey Island,,GB,SS8 9PA
Corney and Barrow,,,,,,London,,GB,E1W 1YZ
Corsair Toiletries,,,,,,St. Albans,,GB,AL2 2DR
Cosatto,,,,,,Bolton,,GB,BL4 7EP
Cosmetic Warriors,,,,,,Poole,,GB,BH15 1AB
Costa,,,,,,High Wycombe,,GB,HP10 9QR
Costco UK Holdings,,,,,,Watford,,GB,WD25 8JS
Costco Online,,,,,,Watford,,GB,WD25 8JS
Costco Wholesale,,,,,,Watford,,GB,WD25 8JS
Costcutter Supermarkets Group,,,,,,London,,GB,NW10 7BW
Ebor Foodmarkets,,,,,,London,,GB,NW10 7BW
Costwise,,,,,,Okehampton,,GB,EX20 1UD
Cottage Delight,,,,,,LONDON,,GB,SW1P 1BB
Cotteswold Dairy,,,,,,Tewkesbury,,GB,GL20 8JE
Cotton Traders,,,,,,Altrincham,,GB,WA14 5GZ
Country Style Foods,,,,,,Leeds,,GB,LS9 8HY
Elisabeth the Chef,,,,,,Leeds,,GB,LS9 8HY
County Milk Products,,,,,,Wilmslow,,GB,SK9 2BT
County Food Ingredients,,,,,,Wilmslow,,GB,SK9 2BT
The Protein Partners,,,,,,Wilmslow,,GB,SK9 2BT
Cousins Furniture Stores,,,,,,Oldbury,,GB,B69 4HH
Coveris Flexibles Holdings,,,,,,Spalding,,GB,PE11 3ZN
Amberley Adhesive Labels,,,,,,Spalding,,GB,PE11 3ZN
Coveris Flexibles,,,,,,Spalding,,GB,PE11 3ZN
Coveris Flexibles (Gainsborough),,,,,,Spalding,,GB,PE11 3ZN
Coveris Louth,,,,,,Spalding,,GB,PE11 3ZN
Coveris Speciality Bags,,,,,,Spalding,,GB,PE11 3ZN
Coveris Winsford,,,,,,Spalding,,GB,PE11 3ZN
RIVENDELL EUROPE,,,,,,Spalding,,GB,PE11 3ZN
Cranstons Quality Butchers,,,,,,Penrith,,GB,CA11 7EH
Cranswick Pet Products,,,,,,Hessle,,GB,HU13 0PA
Cranswick,,,,,,Hessle,,GB,HU13 0PA
Cranswick Country Foods,,,,,,Hessle,,GB,HU13 0PA
RAMONA'S KITCHEN,,,,,,Hessle,,GB,HU13 0PA
Creamline Dairies,,,,,,Manchester,,GB,M17 1PB
Creative Products,,,,,,Grantham,,GB,NG31 9SE
Crescent Pharma,,,,,,Basingstoke,,GB,RG21 8SR
Crew Clothing Co,,,,,,Kingston Upon Thames,,GB,KT1 2BQ
Crocus.co,,,,,,Windlesham,,GB,GU20 6LQ
Cromar Building Products,,,,,,Goole,,GB,DN14 0GH
Cromwell Group (Holdings),,,,,,Leicester,,GB,LE18 2FS
Cromwell Polythene,,,,,,Sherburn-in-Elmet,,GB,LS25 6RE
Crosswater,,,,,,Dartford,,GB,DA1 5FU
Crown Foods,,,,,,Lymington,,GB,SO41 9AP
Crown Paints,,,,,,Darwen,,GB,BB3 0BG
Crown Pet Foods,,,,,,Castle Cary,,GB,BA7 7PH
Crown Products (Kent),,,,,,Herne Bay,,GB,CT6 5TR
Crush Wines,,,,,,Calne,,GB,SN11 9LA
Cubis Systems,,,,,,Belfast,,GB,BT66 6LN
NAL,,,,,,Worcester,,GB,WR2 4AY
Culina Group,,,,,,Market Drayton,,GB,TF9 3SQ
CML F & L [Telford],,,,,,Telford,,GB,TF7 4QP
Culina Logistics,,,,,,Market Drayton,,GB,TF9 3SQ
Fowler Welch,,,,,,Spalding,,GB,PE11 2BB
Great Bear Distribution,,,,,,Warrington,,GB,WA3 6AE
Integrated Packing Services,,,,,,Market Drayton,,GB,TF9 3SQ
Warrens' Warehousing & Distribution (Midlands),,,,,,Warrington,,GB,WA3 6AE
Culligan Shared Services,,,,,,Reading,,GB,RG1 3BD
Fohen,,,,,,Reading,,GB,RG1 3BD
Harvey Water Softeners,,,,,,Reading,,GB,RG1 3BD
Monarch Water,,,,,,Reading,,GB,RG1 3BD
Zerowater,,,,,,Reading,,GB,RG1 3BD
Culpitt,,,,,,Ashington,,GB,NE63 8UQ
Sugarfayre,,,,,,Ashington,,GB,NE63 8UQ
Culverhill Retail,,,,,,Salisbury,,GB,SP2 8DF
Otterbourne Retail,,,,,,Salisbury,,GB,SP2 8DF
Cumbrian Marketing,,,,,,Brampton,,GB,CA8 1SW
CupsDirect,,,,,,Colchester,,GB,CO4 3ZQ
Curdle Hill Farm,,,,,,London,,GB,W1T 3BL
Cure It Composites,,,,,,Wigan,,GB,WN6 8RY
Curious Universe UK,,,,,,Bath,,GB,BA1 5BG
Curran Packaging Company,,,,,,Oxted,,GB,RH8 9EP
Currys Group,,,,,,Newark,,GB,NG24 2NH
Currys Retail,,,,,,Newark,,GB,NG24 2NH
Curveball Leisure,,,,,,Swansea,,GB,SA6 8QN
Custom Pharmaceuticals,,,,,,Hove,,GB,BN3 3LW
Custompac,,,,,,Castleford,,GB,WF10 1PA
Cutwel,,,,,,Cleckheaton,,GB,BD19 4DH
Cérélia,,,,,,Corby,,GB,NN17 5BE
D C I & E FOOD,,,,,,London,,GB,E10 7FE
D&M Audiovisual,,,,,,Worthing,,GB,BN11 2BH
D&M Packaging,,,,,,Whitchurch,,GB,SY13 2EX
D. Jacobson & Sons,,,,,,Rossendale,,GB,BB4 7PA
D. McGhee & Sons,,,,,,Glasgow,,GB,G21 1HX
D.C.K. Concessions,,,,,,Billericay,,GB,CM12 0DG
D.J.Squire & Co,,,,,,Twickenham,,GB,TW2 5PA
Barnsfold Nurseries,,,,,,Farnham,,GB,GU9 9JX
D.K. Tools,,,,,,West Drayton,,GB,UB7 8EQ
D.Stewart & Son,,,,,,Christchurch,,GB,BH23 4FL
D.T.(Automotives)Limited,,,,,,Wrexham,,GB,LL13 9UG
DAF Trucks NV,,,,,,Eindhoven,,GB,5643 TW
DAIRY CONSUMER FOODS (UK),,,,,,Staines Upon Thames,,GB,TW18 4LG
DALOON FOODS (U.K.),,,,,,Stamford,,GB,PE9 1XP
DAMS Furniture,,,,,,Knowsley,,GB,L33 7XS
DAR Lighting,,,,,,Banbury,,GB,OX16 3JZ
DAVID AUSTIN ROSES,,,,,,Wolverhampton,,GB,WV7 3HB
DAVID LLOYD LEISURE,,,,,,Hatfield,,GB,AL10 9AX
DAY LEWIS,,,,,,Croydon,,GB,CR0 4UQ
ABC DRUG STORES,,,,,,Croydon,,GB,CR0 4UQ
CAPE HOLDINGS,,,,,,Croydon,,GB,CR0 4UQ
CRADLECREST,,,,,,Croydon,,GB,CR0 4UQ
HARLEQUIN BPI,,,,,,Leicester,,GB,LE7 7NL
LEACH AND BURTON,,,,,,Croydon,,GB,CR0 4UQ
TAYZANA,,,,,,Croydon,,GB,CR0 4UQ
DCS Group (UK),,,,,,Banbury,,GB,OX16 2AA
DD Products And Services,,,,,,Witham,,GB,CM8 3SX
DDW Colours UK,,,,,,Willesborough,,GB,TN24 0LT
DE BURGH FINE WINE,,,,,,Dalkeith,,GB,EH22 2PQ
DE CECCO U.K,,,,,,London,,GB,EC2A 2EW
DEAO,,,,,,Pontypridd,,GB,CF37 5SP
DECEUNINCK,,,,,,Calne,,GB,SN11 9PX
DELIFRANCE (UK),,,,,,Leicestershire,,GB,LE18 2FL
DELWYN ENTERPRISES,,,,,,DRAPERSTOWN,,GB,BT45 7AP
DENBY HOLDINGS,,,,,,Denby,,GB,DE5 8NX
Burgess & Leigh,,,,,,Ripley,,GB,DE5 8NX
Denby Brands,,,,,,Denby,,GB,DE5 8NX
Denby Potteries,,,,,,Denby,,GB,DE5 8NX
The Denby Pottery Company,,,,,,Denby,,GB,DE5 8NX
DENIS BRINICOMBE GROUP,,,,,,,,GB,EX173BZ
DEWLAY CHEESEMAKERS,,,,,,PRESTON,,GB,PR3 0PR
DFS Furniture Company,,,,,,Doncaster,,GB,DN6 7NA
DFS Trading,,,,,,Doncaster,,GB,DN6 7NA
Sofology,,,,,,Warrington,,GB,WA3 3UL
DGB Europe,,,,,,Abingdon,,GB,OX14 4RY
DGL INTERNATIONAL TRADING,,,,,,London,,GB,SW1H 0BL
DHL International,,,,,,Colnbrook,,GB,SL3 0BB
DIAGEO,,,,,,London,,GB,W1F 7HS
DIAGEO GLOBAL SUPPLY IBC,,,,,,Belfast,,GB,BT1 6FB
DIAGEO GREAT BRITAIN,,,,,,London,,GB,W1F 7HS
DIAGEO NORTHERN IRELAND,,,,,,Belfast,,GB,BT1 6FB
DIAGEO SCOTLAND,,,,,,Edinburgh,,GB,EH12 9HA
JUSTERINI & BROOKS,,,,,,London,,GB,SW1A 1LZ
S & B PRODUCTION,,,,,,Belfast,,GB,BT1 6FB
DIAMORPH UK,,,,,,Gloucester,,GB,GL1 5TT
PERMALI GLOUCESTER,,,,,,Gloucester,,GB,GL1 5TT
DIDIERS PATISSERIE,,,,,,London,,GB,SE10 0AT
DINA FOODS,,,,,,Uxbridge,,GB,UB8 2FX
DIRECT POULTRY SUPPLY (INSKIP),,,,,,Preston,,GB,PR4 0TT
DIRECT WINES HOLDINGS,,,,,,Theale Berkshire,,GB,RG7 4SA
AVERYS OF BRISTOL,,,,,,Bristol,,GB,BS1 5LD
DIRECT WINES,,,,,,Theale Berkshire,,GB,RG7 4SA
DIRECT2MARKET GROUP,,,,,,Leigh-On-Sea,,GB,SS9 5LP
Direct2Market,,,,,,Leigh-On-Sea,,GB,SS9 5LP
DISTRIBUTION SUPPLIES,,,,,,CAMBRIDGE,,GB,CB5 8BA
DK Group Investments,,,,,,Rugby,,GB,CV23 9EU
Centurion Industrial Packaging,,,,,,Rugby,,GB,CV23 9EU
DK Packing & Casemaking,,,,,,Rugby,,GB,CV23 9EU
G E Door Manufacturing,,,,,,Rugby,,GB,CV23 9EU
Lemonpath,,,,,,Leicester,,GB,LE7 1PD
DK Household Brands,,,,,,Farnborough,,GB,GU14 7UE
DNC UK,,,,,,Weybridge,,GB,KT13 9BN
DOMETIC MOBILE COOKING,,,,,,Clitheroe,,GB,BB7 1QS
DOMU BRANDS,,,,,,Salford,,GB,M3 7BF
DORCO U.K,,,,,,London,,GB,SW19 1NE
DOREL (UK),,,,,,London,,GB,WC1V 6BX
DOREL HOME FURNISHINGS EUROPE,,,,,,LONDON,,GB,WC1V 6BX
DOUBLE DUTCH,,,,,,LONDON,,GB,NW1 3ER
DOYLE HOTELS HOLDINGS (UK),,,,,,London,,GB,W1G 8DN
DOYLE BLOOMSBURY HOTEL,,,,,,London,,GB,W1G 8DN
DOYLE KENSINGTON HOTEL,,,,,,London,,GB,W1G 8DN
DOYLE LONDON HOTELS,,,,,,London,,GB,W1G 8DN
DPDGroup,,,,,,Smethwick,,GB,B66 1BY
DPKBV,,,,,,Ilford,,GB,IG1 4PG
DPS TABLEWARE,,,,,,Stone,,GB,ST15 0SS
DR Inverurie,,,,,,London,,GB,SW1P 1BB
DR. REDDY'S LABORATORIES (EU),,,,,,Mirfield,,GB,WF14 8HZ
DR REDDY'S LABORATORIES (UK),,,,,,Cambridge,,GB,CB4 0PE
DRAMMOCK INTERNATIONAL,,,,,,Kirk Lane Yeadon,,GB,LS19 7LX
DRV,,,,,,London,,GB,EC4N 1TX
DRYROBE,,,,,,Braunton,,GB,EX33 2FB
DS Smith Corrugated Packaging,,,,,,London,,GB,W2 1DL
DS Smith Packaging,,,,,,London,,GB,W2 1DL
DSV Contract Logistics,,,,,,Harwich,,GB,CO12 4QG
DUNELM (SOFT FURNISHINGS),,,,,,Leicester,,GB,LE7 1AD
DUNI,,,,,,St Helens,,GB,WA9 1QT
DUO PLASTICS,,,,,,Manchester,,GB,M40 8PU
DURAWELD,,,,,,Scarborough,,GB,YO11 3UP
DWH FOOD HALLS,,,,,,Enniskillen,,GB,BT74 4RR
DYDO DRINCO,,,,,,London,,GB,W5 5SL
Dacrylate Paints,,,,,,Nottingham,,GB,NG17 8AL
Daiichi Sankyo,,,,,,Uxbridge,,GB,UB8 1DH
Daikin Airconditioning UK,,,,,,Weybridge,,GB,KT13 0NY
Daily Bake Holdings,,,,,,Armagh,,GB,BT60 1HW
DAILY BAKE (IRELAND),,,,,,Armagh,,GB,BT60 1HW
Daily Bake Manufacturing,,,,,,Armagh,,GB,BT60 1HW
Dairy Crest,,,,,,Weybridge,,GB,KT13 0NY
Daisy's Nail Company,,,,,,Brighton,,GB,BN1 2RA
Daiwa Sports,,,,,,London,,GB,SE1 2QG
Dale Farm,,,,,,Belfast,,GB,BT3 9LS
UNITED FEEDS,,,,,,BELFAST,,GB,BT3 9LS
Daler-Rowney,,,,,,Bracknell,,GB,RG12 8SS
Dalston's Soda Company,,,,,,London,,GB,E8 3DL
Damartex UK,,,,,,Bingley,,GB,BD97 1AD
Damm 1876,,,,,,London,,GB,SE1 0UH
Danesmoor Group,,,,,,Newton Aycliffe,,GB,DL5 6AH
Life Kitchens for Living,,,,,,Newton Aycliffe,,GB,DL5 6AH
PWS Distributors,,,,,,Newton Aycliffe,,GB,DL5 6AH
Danfoss,,,,,,Beaconsfield,,GB,HP9 1NB
Danish Crown,,,,,,Rochdale,,GB,OL16 4SY
Danone Holdings (UK),,,,,,London,,GB,W4 5YG
Harrogate Water Brands,,,,,,Harrogate,,GB,HG2 0QB
Nutricia,,,,,,Trowbridge,,GB,BA14 0XQ
SHS International,,,,,,Liverpool,,GB,L7 9PT
Danzer,,,,,,Maldon,,GB,CM9 4QA
Darby Nursery Stock,,,,,,Thetford,,GB,IP26 4PW
Darlington and Daughters,,,,,,Crewe,,GB,CW1 6FF
Dart Tool Group,,,,,,Kirkcaldy,,GB,KY1 3PD
Darta,,,,,,Driffield,,GB,YO25 9DR
Dartmoor Brewery,,,,,,Torquay,,GB,TQ2 6UA
Dash Brands,,,,,,London,,GB,WC1V 7HP
David Wood Baking,,,,,,Leeds,,GB,LS26 8JD
Davidson Holdings,,,,,,Leeds,,GB,LS11 5AE
Cistermiser,,,,,,Leeds,,GB,LS11 5AE
Keraflo,,,,,,Reading,,GB,RG5 3AN
Salamander Pumped Shower Systems,,,,,,Leeds,,GB,LS11 5AE
Talon Manufacturing,,,,,,Leeds,,GB,LS11 5AE
Davy & Company,,,,,,London,,GB,SE10 8JA
Day Group,,,,,,Brentford,,GB,TW8 9HF
Daybreak Foods,,,,,,Ascot,,GB,SL5 9NP
Dayes,,,,,,Batheaston,,GB,BA1 7RL
De Ree UK,,,,,,Bolton,,GB,BL6 6HG
Dean's of Huntly,,,,,,Huntly,,GB,AB54 8JX
Duncan's of Deeside,,,,,,Huntly,,GB,AB54 8JX
Deansbridge Supermarket,,,,,,,,GB,BT61 9DF
Debenhams Group Holdings,,,,,,Manchester,,GB,M1 2HF
Boohoo.Com,,,,,,Manchester,,GB,M1 2HF
Burton Online,,,,,,Manchester,,GB,M1 2HF
Coastlondon.com,,,,,,Manchester,,GB,M1 2HF
Debenhams Brands,,,,,,Manchester,,GB,M1 2HF
Dorothy Perkins Online,,,,,,Manchester,,GB,M1 2HF
Karenmillen.com,,,,,,Manchester,,GB,M1 2HF
Miss Pap,,,,,,Manchester,,GB,M1 2HF
Nasty Gal,,,,,,Manchester,,GB,M1 2HF
Oasis Fashions Online,,,,,,Manchester,,GB,M1 2HF
PrettyLittleThing.com,,,,,,Manchester,,GB,M1 2HF
Wallis Online,,,,,,Manchester,,GB,M1 2HF
Warehouse Fashions Online,,,,,,Manchester,,GB,M1 2HF
Debriar,,,,,,Elland,,GB,HX5 9HB
Decantae Mineral Water,,,,,,Kempston,,GB,MK42 7PN
Decathlon UK,,,,,,London,,GB,SE16 7FU
Decent Packaging,,,,,,Worcester,,GB,WR4 0SX
Dechra Veterinary Products,,,,,,Northwich,,GB,CW9 7UA
Deciem UK,,,,,,London,,GB,W1T 3JJ
Deckers Europe,,,,,,London,,GB,W1D 5EU
Deckers Trading,,,,,,Rochdale,,GB,OL11 3EX
Deckers,,,,,,London,,GB,W1D 5EU
Decorative Panels Holdings,,,,,,Elland,,GB,HX5 9HF
Decorative Panels Components,,,,,,Elland,,GB,HX5 9HF
Decorative Panels Furniture,,,,,,Elland,,GB,HX5 9HF
Decorative Panels Lamination,,,,,,Elland,,GB,HX5 9HF
Decospan,,,,,,Ingatestone,,GB,CM4 9DW
Deichmann-Shoes UK,,,,,,Market Harborough,,GB,LE16 9HW
Dejex Supplies,,,,,,Spalding,,GB,PE11 4UR
Del Monte,,,,,,Staines-Upon-Thames,,GB,TW18 4RH
Delamere Dairy,,,,,,Knutsford,,GB,WA16 9BH
Delaware North Companies,,,,,,London,,GB,EC4N 6AF
Delaware North Companies (UK) Hospitality Services,,,,,,London,,GB,EC4N 6AF
Delaware North Companies (Wembley),,,,,,London,,GB,EC4N 6AF
Magicgoal,,,,,,London,,GB,EC4N 6AF
Delegat Europe,,,,,,London,,GB,WC2A 1HP
Delice De France,,,,,,Southall,,GB,UB2 5LJ
Dell Corporation,,,,,,London,,GB,EC3A 5AF
Delphi Food Products,,,,,,London Colney,,GB,AL2 1HA
Delta Global Source (UK),,,,,,Leicester,,GB,LE8 6ZG
Delves & Co,,,,,,Craven Arms,,GB,SY7 9PY
Demipower (2017),,,,,,Ruislip,,GB,HA4 7LF
Demipower (Eastern),,,,,,Ruislip,,GB,HA4 7LF
Demipower,,,,,,Ruislip,,GB,HA4 7LF
Demipower (1991),,,,,,Ruislip,,GB,HA4 7LF
Demos Ciclitira,,,,,,Braintree,,GB,CM7 1AW
George Harker and Company,,,,,,Braintree,,GB,CM7 1AW
Dempson,,,,,,Maidstone,,GB,ME16 9NP
Dendron Brands,,,,,,Watford,,GB,WD18 7JJ
Dengie Crops,,,,,,Southminster,,GB,CM0 7JF
Denhay Farms,,,,,,Bristol,,GB,BS1 6BX
Dennis & Robinson,,,,,,Lancing,,GB,BN15 8UH
Derbyshire Aggregates,,,,,,Bakewell,,GB,DE45 1JS
Desch Plantpak,,,,,,Maldon,,GB,CM9 6NT
Design Go,,,,,,London,,GB,NW7 2HU
Devonshire Pine,,,,,,Bideford,,GB,EX39 3DX
Dexcel-Pharma,,,,,,Coventry,,GB,CV1 2FX
Dhamecha Foods,,,,,,Stanmore,,GB,HA7 3NR
Di Vine Importers,,,,,,Northfleet,,GB,DA11 8HJ
Diamond Box,,,,,,West Bromwich,,GB,B70 0TX
Diamondpak,,,,,,Pontypool,,GB,NP4 0XZ
Diamonds and Pearl Trading,,,,,,,,GB,LE1 6UF
Diaper Poultry,,,,,,Stowmarket,,GB,IP14 3JN
Die-Pat Holdings,,,,,,Daventry,,GB,NN11 4HE
Die-Pat Divisions,,,,,,Daventry,,GB,NN11 4HE
Vantage Products,,,,,,Daventry,,GB,NN11 4HE
Diesel (London),,,,,,London,,GB,EC2A 2AP
Dike & Son,,,,,,Stalbridge,,GB,DT10 2NB
Dillon Bass,,,,,,Belfast,,GB,BT9 7ET
Dingbro,,,,,,Aberdeen,,GB,AB16 6HQ
Diomed Developments,,,,,,Loughton,,GB,IG10 4PL
Aeropak (Chemical Products),,,,,,Loughton,,GB,IG10 4PL
Dermal Laboratories,,,,,,Loughton,,GB,IG10 4PL
Dipwood Holdings,,,,,,Consett,,GB,DH8 7RN
Dipwood Storage & Distribution,,,,,,Consett,,GB,DH8 7RN
Just Meats (Nothern),,,,,,Consett,,GB,DH8 7RN
Ravendale Foods,,,,,,Consett,,GB,DH8 7RN
Ravendale North West,,,,,,Consett,,GB,DH8 7RN
Direct Fruit International,,,,,,,,GB,E1W 9US
Direct Global Trading,,,,,,Barnsley,,GB,S75 3EJ
Direct Packaging,,,,,,Market Harborough,,GB,LE16 9HE
Direct Table Foods,,,,,,Bury St Edmunds,,GB,IP28 6RX
Disaronno International UK,,,,,,London,,GB,EC1V 9LA
Discoverie Group,,,,,,Guildford,,GB,GU2 7AH
Antenova,,,,,,Guildford,,GB,GU2 7AH
CDT 123,,,,,,Guildford,,GB,GU2 7AH
Contour Electronics,,,,,,Guildford,,GB,GU2 7AH
Cursor Controls,,,,,,Guildford,,GB,GU2 7AH
HiVolt Capacitors,,,,,,,,GB,BT47 6UQ
Noratel,,,,,,Guildford,,GB,GU2 7AH
Sens-Tech,,,,,,Guildford,,GB,GU2 7AH
Silver Telecom,,,,,,Guildford,,GB,GU2 7AH
Stortech Electronics,,,,,,Guildford,,GB,GU2 7AH
Variohm-Eurosensor,,,,,,Guildford,,GB,GU2 7AH
Vertec Scientific,,,,,,Guildford,,GB,GU2 7AH
Discovery Flexibles,,,,,,London,,GB,EC3V 3NG
Dishoom,,,,,,London,,GB,SW1H 0DB
Dispak,,,,,,Calne,,GB,SN11 9BW
Diverse Dining,,,,,,London,,GB,SW3 1ET
Diversey UK Holdings,,,,,,Northampton,,GB,NN3 8PD
Diversey,,,,,,Northampton,,GB,NN3 8PD
Dobbies Garden Centres,,,,,,Lasswade,,GB,EH181AZ
Doby Cleats,,,,,,Near Stanley,,GB,DH9 8UJ
Dock & Bay,,,,,,London,,GB,EC2A 4NE
Doff Portland,,,,,,Hucknall,,GB,NG15 6DW
Dogmates,,,,,,London,,GB,EC2V 6DN
Doherty & Gray,,,,,,Ballymena,,GB,BT42 4HX
Dole Belfast,,,,,,Dunmurry,,GB,BT17 9HY
Dole Packaged Foods Europe,,,,,,Poole,,GB,BH16 6FA
Dometic UK Awnings,,,,,,Witham,,GB,CM8 3EU
Domino Printing Sciences,,,,,,Cambridge,,GB,CB23 8TU
Domino,,,,,,Cambridge,,GB,CB23 8TU
Domino's Pizza UK & Ireland,,,,,,Milton Keynes,,GB,MK6 4BB
Don & Low,,,,,,Forfar,,GB,DD8 1FR
Donald Cooke Holdings,,,,,,Sheffield,,GB,S3 8DP
Donald Cooke,,,,,,Sheffield,,GB,S3 8DP
Rod Hutchinson Tackle & Bait,,,,,,Sheffield,,GB,S3 8DP
Doric Crimped,,,,,,Ashington,,GB,NE63 8UQ
Doric FPD,,,,,,Ashington,,GB,NE63 8UQ
Dormakaba,,,,,,Tiverton,,GB,EX16 6SS
Dormole,,,,,,Dartford,,GB,DA2 6QE
ADP Diamond Cutting Solutions,,,,,,Dartford,,GB,DA2 6QE
Galleon Fixings,,,,,,Dartford,,GB,DA2 6QE
Harrison & Clough,,,,,,Dartford,,GB,DA2 6QE
Olympia Tools (UK),,,,,,Dartford,,GB,DA2 6QE
Toolbank,,,,,,Dartford,,GB,DA2 6QE
Double H (Nurseries),,,,,,New Milton,,GB,BH25 5NG
Doughlicious,,,,,,London,,GB,W3 0RA
Dovecote Park,,,,,,Pontefract,,GB,WF8 3DD
Doves Farm Foods,,,,,,Hungerford,,GB,RG17 0RF
Downland Bedding Company Ltd(The),,,,,,Liverpool,,GB,L3 6ER
Dr Schar,,,,,,Warrington,,GB,WA3 6GA
Dr. Oetker (UK),,,,,,Leeds,,GB,LS15 8GB
Dr. Organic,,,,,,Swansea,,GB,SA6 8QP
Dragon Alfa Cement,,,,,,Sharpness,,GB,GL13 9UX
Drakes Display,,,,,,Sturminster Marshall,,GB,BH21 4DB
Draper Tools,,,,,,Eastleigh,,GB,SO53 1YF
Drayne's Dairy,,,,,,Lisburn,,GB,BT28 3UP
Dreams,,,,,,High Wycombe,,GB,HP10 9YU
Dreamtex,,,,,,Chorley,,GB,PR6 8AE
Dreibach,,,,,,Wembley,,GB,HA9 8JU
DrinkWell Beverages,,,,,,Manchester,,GB,M20 4AF
Drive Medical,,,,,,Halifax,,GB,HX2 9TN
Drive DeVilbiss Sidhil,,,,,,Halifax,,GB,HX2 9TN
Specialised Orthotic Services,,,,,,Halifax,,GB,HX2 9TN
Drywite,,,,,,Halesowen,,GB,B63 2RA
Dualit,,,,,,Crawley,,GB,RH11 7ST
Dufaylite Developments,,,,,,St Neots,,GB,PE19 1QW
Duffields Mills,,,,,,Yeovil,,GB,BA21 5HR
Duffields (South West),,,,,,Yeovil,,GB,BA21 5HR
W. L. Duffield & Sons,,,,,,Yeovil,,GB,BA21 5HR
Dunbia (UK),,,,,,Exeter,,GB,EX2 5WS
Duncairn Wines,,,,,,Belfast,,GB,BT1 3AJ
Duncan Print Group,,,,,,Welwyn Garden City,,GB,AL7 1EU
Dune Topco,,,,,,London,,GB,W11 4AJ
Dunhills (Pontefract),,,,,,Pontefract,,GB,WF8 1NJ
Dunkelman & Son,,,,,,Desborough,,GB,NN14 2WD
Dunlop Golf Europe,,,,,,Aldershot,,GB,GU12 5QF
Dunster House,,,,,,Bedford,,GB,MK41 0LF
Durable (UK),,,,,,Wimborne,,GB,BH21 7SH
Duracell,,,,,,Richmond,,GB,TW9 1BN
Duravit UK,,,,,,Milton Keynes,,GB,MK10 0DE
Durham Box Company,,,,,,Coalville,,GB,LE67 1TT
Durston Garden Products,,,,,,Street,,GB,BA16 9SE
Duvel Moortgat UK,,,,,,London,,GB,EC3V 0BT
Dyaco UK,,,,,,Milton Keynes,,GB,MK12 5ZD
Sweatband.com,,,,,,Milton Keynes,,GB,MK12 5ZD
Dyson UK Holdings,,,,,,Malmesbury,,GB,SN16 0RP
Dyson,,,,,,Malmesbury,,GB,SN16 0RP
Dyson Ireland,,,,,,Malmesbury,,GB,SN16 0RP
Dyson Technology,,,,,,Malmesbury,,GB,SN16 0RP
E H SMITH HOLDINGS,,,,,,Solihull,,GB,B90 4LH
ADVANCED CONSTRUCTION SYSTEMS,,,,,,Solihull,,GB,B90 4LH
E H SMITH (BUILDERS MERCHANTS),,,,,,Solihull,,GB,B90 4LH
NORTHCOT BRICK,,,,,,Solihull,,GB,B90 4LH
E I Wines,,,,,,London,,GB,N7 8PG
E.G.L. Homecare,,,,,,Shoeburyness,,GB,SS3 9FL
E.H.Booth & Co,,,,,,Preston,,GB,PR2 5BX
E.J. Godwin (Peat Industries),,,,,,Glastonbury,,GB,BA6 9SP
E.L.F. Beauty,,,,,,London,,GB,N1 0PQ
E.P. Barrus,,,,,,Bicester,,GB,OX26 4UR
E.S.K. Wholesale,,,,,,Hastings,,GB,TN34 1DJ
E.W.G.A,,,,,,Warton,,GB,LA6 1HP
EAST OF ENGLAND CO-OPERATIVE SOCIETY,,,,,,,,GB,
ECCO SALES,,,,,,London,,GB,W1C 2PP
EDF Energy Holdings,,,,,,London,,GB,SW1E 5BY
CB Heating,,,,,,London,,GB,SW1E 5BY
Contact Solar,,,,,,Preston,,GB,PR2 3AE
EDF Energy Customers,,,,,,London,,GB,SW1E 5BY
EDF Energy Nuclear Generation,,,,,,Gloucester,,GB,GL3 4AE
EDWARD BILLINGTON AND SON,,,,,,Liverpool,,GB,L3 9QJ
BILLINGTON FOODS,,,,,,Nottingham,,GB,NG2 1LU
CARRS BILLINGTON AGRICULTURE (SALES),,,,,,Carlisle,,GB,CA1 2UY
ENGLISH PROVENDER COMPANY,,,,,,Liverpool,,GB,L3 9QJ
EDWARD VINSON,,,,,,Faversham,,GB,ME13 8UP
EDWARD VINSON PLANTS,,,,,,Faversham,,GB,ME13 8UP
EDWARDS BEERS AND WINE SUPPLIES,,,,,,LEIGHTON BUZZARD,,GB,LU7 4SE
EG Retail Services,,,,,,Blackburn,,GB,BB1 2FA
EG On The Move,,,,,,Blackburn,,GB,BB1 2FA
EG on the Move 2,,,,,,Blackburn,,GB,BB1 2FA
EGGFREE CAKE BOX,,,,,,Enfield,,GB,EN3 7PJ
EGO PHARMACEUTICALS (UK),,,,,,Maidenhead,,GB,SL63UD
EGR EUROPE,,,,,,Milton Keynes,,GB,MK14 6FE
EHV UK,,,,,,Maidenhead,,GB,SL6 2SL
ELGATE PRODUCTS,,,,,,Broadstairs,,GB,CT10 2LF
ELLA'S KITCHEN (BRANDS),,,,,,Rotherfield Greys,,GB,RG( 4QG
ELLIOTT ABSORBENT PRODUCTS,,,,,,Littleborough,,GB,OL15 9FG
ELLSI,,,,,,Scunthorpe,,GB,DN15 8SL
ELNUR UK,,,,,,Leigh,,GB,WN7 1BU
ELOVATE GROUP,,,,,,York,,GB,YO267NH
MOSAIC FULFILMENT SOLUTIONS,,,,,,York,,GB,YO267NH
THORN DISTRIBUTION,,,,,,Leeds,,GB,LS1 2HL
EMBALLATOR (UK),,,,,,Bradford,,GB,BD4 8JP
EMPIRE BESPOKE FOODS,,,,,,Northolt,,GB,UB5 6AG
EMPIRE TAPES,,,,,,Rotherham,,GB,S63 7LG
EMPORIA BRANDS,,,,,,Surrey,,GB,GU1 1XR
ENOTRIA WINECELLARS,,,,,,Watford,,GB,WD24 4WH
EPWIN GROUP,,,,,,Solihull,,GB,B90 4BN
EPWIN MATERIALS,,,,,,Solihull,,GB,B90 4BN
Poly-Pure (Kent),,,,,,Solihull,,GB,B90 4BN
SPECIALIST BUILDING CONTRACTING,,,,,,Solihull,,GB,B90 4BN
SPECIALIST BUILDING PRODUCTS,,,,,,Solihull,,GB,B90 4BN
SPECIALIST OUTDOOR PRODUCTS,,,,,,Solihull,,GB,B90 4BN
EQUIP OUTDOOR TECHNOLOGIES UK,,,,,,Alfreton,,GB,DE55 4LS
ESAB Group,,,,,,Waltham Cross,,GB,EN8 8YD
ESKIMO ICE,,,,,,Crawley,,GB,RH11 7SS
ESP Colour,,,,,,Swindon,,GB,SN2 8XU
ESTERFORM PACKAGING,,,,,,High Wycombe,,GB,HP12 3TZ
ET Browne (UK),,,,,,London,,GB,N3 1XW
EURO WRAP,,,,,,Skelmersdale,,GB,WN8 9PP
EURORAD,,,,,,Stoke-on-Trent,,GB,ST6 5DX
EUROWINES,,,,,,London,,GB,SW6 4TJ
EXIMEX (UK),,,,,,Sheffield,,GB,S9 4WG
Eakin Healthcare Group,,,,,,Comber,,GB,BT23 5QY
Armstrong Medical,,,,,,Coleraine,,GB,BT52 1BS
Pelican Healthcare,,,,,,Cardiff,,GB,CF14 5WF
Respond Healthcare,,,,,,Comber,,GB,BT23 5QY
Easi-bind International,,,,,,Heanor,,GB,DE75 7SW
Easiyo Products (UK),,,,,,Derby,,GB,DE21 4SZ
East Midlands Pharma,,,,,,Rothley,,GB,LE7 7NL
East Riding Horticulture,,,,,,York,,GB,YO41 4BY
East Sussex Press,,,,,,Uckfield,,GB,TN22 1PL
Ashford Colour,,,,,,Uckfield,,GB,TN22 1PL
Imprint Creative Solutions,,,,,,Uckfield,,GB,TN22 1PL
Pureprint Group,,,,,,Uckfield,,GB,TN22 1PL
Eastern Shires Purchasing Organisation,,,,,,Enderby,,GB,LE19 1ES
Easy Cleaning Solutions,,,,,,Thetford,,GB,IP24 1HF
Eaton Holding,,,,,,Slough,,GB,SL1 4DX
Eaton,,,,,,Slough,,GB,SL1 4DX
Eaton Electric,,,,,,Slough,,GB,SL1 4DX
Echlinville Distillery,,,,,,Newtownards,,GB,BT22 1AJ
Echo Packaging,,,,,,Corby,,GB,NN17 5XL
Ecopak International,,,,,,Bromley,,GB,BR2 0JN
Ecover,,,,,,Camberley,,GB,GU16 7AJ
Ed's Trading,,,,,,Brackley,,GB,NN13 5YD
Edding,,,,,,St Albans,,GB,AL4 0JY
Ede & Ravenscroft,,,,,,London,,GB,WC2A 1DU
Ede & Ravenscroft Graduation Services,,,,,,London,,GB,WC2A 1DU
Lafayette Photography,,,,,,London,,GB,WC2A 1DU
Wm. Northam & Company,,,,,,London,,GB,WC2A 1DU
Eden Springs UK,,,,,,High Wycombe,,GB,HP12 4HJ
Edible Oils,,,,,,Liverpool,,GB,L3 1NX
Edwin Holden's Bottling Company,,,,,,Woodsetton,,GB,DY1 4LW
Egger (UK),,,,,,Hexham,,GB,NE46 4JS
Campact,,,,,,Hexham,,GB,NE46 4JS
Eglo,,,,,,Wellingborough,,GB,NN8 2QH
Ehrmann Cornish Dairy,,,,,,Lostwithiel,,GB,PL22 0LW
Ehrmann,,,,,,Lostwithiel,,GB,PL22 0LW
Einhell,,,,,,Upton,,GB,CH49 0AB
Ekaterra Holdco UK,,,,,,Manchester,,GB,M17 1NH
Lipton Manufacturing UK,,,,,,Manchester,,GB,M17 1NH
Ekornes,,,,,,London,,GB,W1T 7PD
Elanco UK AH,,,,,,Hook,,GB,RG27 9XA
Electrolux,,,,,,Luton,,GB,LU4 9QQ
Electrolux Professional,,,,,,Luton,,GB,LU4 9QQ
Elementis,,,,,,London,,GB,EC1N 8HN
Elemis,,,,,,Bristol,,GB,BS346FD
Eley Hawk,,,,,,Sutton Coldfield,,GB,B76 1BA
Eli Lilly and Company,,,,,,Basingstoke,,GB,RG21 4FA
Elite Mobile,,,,,,Wembley,,GB,HA9 0TU
Galaxy Connect,,,,,,Harrow,,GB,HA1 1BA
Elite Office Furniture,,,,,,Goole,,GB,DN14 8BF
Elite Plastics,,,,,,Abergavenny,,GB,NP75NF
Elizabeth Arden,,,,,,London,,GB,NW1 7QX
Elizabeth Scarlett,,,,,,Potters Bar,,GB,EN6 3JN
Elliott Brothers (Builders Merchants),,,,,,Southampton,,GB,SO14 5AG
Elliott Brothers,,,,,,Northam,,GB,SO14 5AG
Futuremost,,,,,,Southampton,,GB,SO14 5AG
Elliotts Tradition,,,,,,Portadown,,GB,BT63 5WJ
Ellis Of Richmond,,,,,,Hanworth,,GB,TW13 6JE
Embecta U.K,,,,,,Wokingham,,GB,RG41 5TP
Embleton Hall Dairies,,,,,,Wingate,,GB,TS28 5NU
Emerson Holding Company,,,,,,London,,GB,EC3V 0HR
Emerson Automation Fluid Control & Pneumatics,,,,,,Manchester,,GB,M28 3NA
Emerson Automation Solutions Final Control,,,,,,Manchester,,GB,M28 3NA
Emerson Electric U.K,,,,,,London,,GB,EC3V 0HR
Emerson Process Management,,,,,,Leicester,,GB,LE19 1SX
Flexim Instruments UK,,,,,,Stockport,,GB,SK6 2SU
National Instruments Corporation,,,,,,Reading,,GB,RG7 4SA
Permasense,,,,,,Crawley,,GB,RH10 9TT
Emma Bridgewater,,,,,,Stoke-on-Trent,,GB,ST1 3EJ
Emma Matratzen GmbH,,,,,,Frankfurt am Main,,GB,60329
Emmi UK,,,,,,London,,GB,SW15 2TJ
En Route International,,,,,,Windsor,,GB,SL4 1EN
Encirc,,,,,,Enniskillen,,GB,BT92 9DD
Energizer Group,,,,,,High Wycombe,,GB,HP13 6DG
Enesco,,,,,,Carlisle,,GB,CA3 0EN
Engineered Foam Products,,,,,,Northampton,,GB,NN5 7UB
Engineering Logistics and Trading International,,,,,,Godalming,,GB,GU7 1HY
English Wines,,,,,,Tenterden,,GB,TN30 7NG
EnjoyDrinks,,,,,,St Albans,,GB,AL4 0LA
Entertainment Magpie,,,,,,Lostock,,GB,BL6 4SD
Enva E-Waste England,,,,,,Bilsthorpe,,GB,NG22 8UA
Envelopes,,,,,,Newark,,GB,NG24 4EQ
Enviropax,,,,,,Chorley,,GB,PR7 6HD
Epoch-Making Toys,,,,,,Uxbridge,,GB,UB8 1AB
Forever Toys,,,,,,Uxbridge,,GB,UB8 1AB
Epson,,,,,,Watford,,GB,WD17 1JA
Ercol Furniture,,,,,,Princes Risborough,,GB,HP27 9PX
Ergotron,,,,,,London,,GB,W1S 4HQ
Ernest Doe & Sons,,,,,,NR Maldon,,GB,CM9 6QH
Ernest Jackson & Co,,,,,,Uxbridge,,GB,UB8 1DH
Esselle Retail,,,,,,Rawtenstall,,GB,BB4 7LY
Essential Cuisine,,,,,,Winsford,,GB,CW7 2RH
Essential Trading Co-operative,,,,,,Bristol,,GB,BS16 3JB
Essilor,,,,,,Thornbury,,GB,BS35 3UW
Essity Holding,,,,,,Dunstable,,GB,LU6 3EJ
Essity,,,,,,Dunstable,,GB,LU6 3EJ
Essity PLD,,,,,,Dunstable,,GB,LU6 3EJ
Estee Lauder Cosmetics,,,,,,London,,GB,W1T 3JJ
Jo Malone,,,,,,London,,GB,W1T 3JJ
Etex UK Insulation,,,,,,Bristol,,GB,BS20 0NE
Eurilait,,,,,,Shepton Mallet,,GB,BA4 6LQ
Euro Food Brands,,,,,,Northampton,,GB,NN4 7YB
Euro Packaging UK,,,,,,Birmingham,,GB,B25 8HE
Euro Star Industries,,,,,,Colchester,,GB,CO4 9HU
EuroItalia UK,,,,,,London,,GB,E11 1HT
Eurocell,,,,,,Alfreton,,GB,DE55 2DT
Alunet Systems,,,,,,South Normanton,,GB,DE55 2DT
Comp Door,,,,,,South Nortmanton,,GB,DE55 2DT
Ecoplas,,,,,,Alfreton,,GB,DE55 2DT
Eurocell Building Plastics,,,,,,Alfreton,,GB,DE55 2DT
Eurocell Profiles,,,,,,Alfreton,,GB,DE55 2DT
J D (UK),,,,,,South Normanton,,GB,DE55 2DT
UK Doors (Midlands),,,,,,South Normanton,,GB,DE55 2DT
Vista Panels,,,,,,Alfreton,,GB,DE55 2DT
Eurofood Partners,,,,,,Ormskirk,,GB,L39 8RF
Europa Foods Distribution,,,,,,Kilrea,,GB,BT51 5QU
Europlast (Blackburn),,,,,,Blackburn,,GB,BB1 2QR
Eurosonic Group,,,,,,Manchester,,GB,M32 0TB
Eurostampa,,,,,,Edinburgh,,GB,EH12 5HD
Eurostar Commodities,,,,,,Brighouse,,GB,HD6 1NG
Everards Brewery,,,,,,Leicester,,GB,LE19 2AN
Evergreen Garden Care,,,,,,Camberley,,GB,GU16 7ER
Everyman Media,,,,,,London,,GB,NW3 1NR
Evo Business Supplies,,,,,,Normanton,,GB,WF6 2TZ
Banner Group,,,,,,Normanton,,GB,WF6 2TZ
Complete Business Solutions,,,,,,Hartlepool,,GB,TS25 3RR
Premier Vanguard,,,,,,BRADFORD,,GB,BD2 2EE
VOW Europe,,,,,,Normanton,,GB,WF6 2TZ
Evolution Power Tools,,,,,,Sheffield,,GB,S20 3FR
Exaclair,,,,,,Kings Lynn,,GB,PE30 4LW
Excel Packaging,,,,,,Leicester,,GB,LE5 5FN
Exchange Supplies,,,,,,Dorchester,,GB,DT1 1RD
Exide Technologies (Transportation),,,,,,Bolton,,GB,BL6 6QQ
Exol Lubricants,,,,,,Wednesbury,,GB,WS10 9LL
Expo Foods,,,,,,London,,GB,N13 4XS
Extons Foods,,,,,,Manchester,,GB,M23 9GE
Extra,,,,,,London,,GB,SW15 6NP
Extra Cash & Carry,,,,,,Tottenham,,GB,N17 0YD
F B PARRISH AND SON,,,,,,Shefford,,GB,SG175QB
F Bender,,,,,,Wrexham,,GB,LL12 8LX
F W Thorpe,,,,,,Redditch,,GB,B98 9HH
Philip Payne,,,,,,Redditch,,GB,B98 9HH
Portland Lighting,,,,,,Redditch,,GB,B98 9HH
Ratio EV,,,,,,Redditch,,GB,B98 9HH
Solite Europe,,,,,,Redditch,,GB,B98 9HH
TRT Lighting,,,,,,Redditch,,GB,B98 9HH
F-M Motorparts,,,,,,Harrogate,,GB,HG1 5PA
Federal-Mogul Aftermarket,,,,,,Harrogate,,GB,HG1 5PA
Federal-Mogul Friction Products,,,,,,Harrogate,,GB,HG1 5PA
F. Duerr & Sons,,,,,,Manchester,,GB,M23 9NX
F.Ball and Co,,,,,,Leek,,GB,ST13 7RS
F.C. BROWN (STEEL EQUIPMENT),,,,,,Newport,,GB,NP194PW
F.D.D. INTERNATIONAL,,,,,,Ascot,,GB,SL5 9FE
F.G. Curtis,,,,,,Redhill,,GB,RH1 3DR
F.H. Nash,,,,,,Braintree,,GB,CM7 5EJ
John Loader (Wessex),,,,,,Braintree,,GB,CM7 5EJ
F.W.P. Matthews,,,,,,Chipping Norton,,GB,OX7 6BH
FACI eChem,,,,,,Leeds,,GB,LS3 1JN
FAIRFIELDS FARM PRODUCE,,,,,,Colchester,,GB,CO6 3AQ
FAR EAST DIRECT,,,,,,Crediton,,GB,EX17 6HG
FAT FACE,,,,,,Leicester,,GB,LE19 4AT
FAVORITE FRIED CHICKEN,,,,,,Clacton on Sea,,GB,CO15 4XD
FB Beauty,,,,,,Manchester,,GB,M44 5AY
Wormser,,,,,,Manchester,,GB,M44 5AY
FDS CORPORATION,,,,,,Ipswich,,GB,IP6 0FL
FEI Foods,,,,,,Swansea,,GB,SA1 7DA
FEME,,,,,,London,,GB,SW19 3XD
FENDER MUSICAL INSTRUMENTS EUROPE,,,,,,East Grinstead,,GB,RH19 1QZ
FENDI U.K,,,,,,London,,GB,EC3A 7BA
FESTIVE LIGHTS,,,,,,Chorley,,GB,PR7 5HH
FEVERTREE,,,,,,London,,GB,W6 7NL
FHC (HOLDINGS),,,,,,Runcorn,,GB,WA7 1NT
CALEA UK,,,,,,Runcorn,,GB,WA7 1NT
FRESENIUS KABI,,,,,,Runcorn,,GB,WA7 1NT
FINE DECOR WALLCOVERINGS,,,,,,Congleton,,GB,CW12 1UW
FIRED UP CORPORATION,,,,,,Huddersfield,,GB,HD1 3LF
FIRWOOD TIMBER & PLYWOOD CO,,,,,,Burscough Ormskirk,,GB,L40 8JS
FISCHBACH (UK),,,,,,Runcorn,,GB,WA7 1SN
FKA Brands,,,,,,Tonbridge,,GB,TN11 0GP
FLAIR FLOORING SUPPLIES,,,,,,Glossop,,GB,SK13 2NS
FLATCABLE,,,,,,Exeter,,GB,EX5 2LZ
Phil Bettinson,,,,,,Exeter,,GB,EX5 2LZ
RUSH GROUP,,,,,,Exeter,,GB,EX5 2LZ
FLAVOURFRESH SALADS,,,,,,Southport,,GB,PR9 8DX
FLB Group,,,,,,Edinburgh,,GB,EH3 8RY
FLEXOPACK,,,,,,Nottingham,,GB,NG4 2PE
FMS Foils Group,,,,,,Southend-on-Sea,,GB,SS2 5TE
FOREST GARDEN GROUP,,,,,,Kidderminster,,GB,DY10 4JB
FOREST GARDEN,,,,,,Kidderminster,,GB,DY10 4JB
FOREST SAWMILLS,,,,,,Kidderminster,,GB,DY10 4JB
TAYLORED INVESTMENTS,,,,,,Kidderminster,,GB,DY10 4JB
FORRESTER (SALES),,,,,,Frodsham Cheshire,,GB,WA6 8HY
FORTHGLADE FOODS,,,,,,Exeter,,GB,EX2 5WR
FORTUNE PACKAGING,,,,,,HARROW,,GB,HA2 7SE
FQF Holdings,,,,,,Coalville,,GB,LE67 3FS
Food Connections,,,,,,Coalville,,GB,LE67 3FS
Quorn Country Foods,,,,,,Leicester,,GB,LE67 3FS
FRANCIS MAY,,,,,,Langar,,GB,NG139HY
HUSQUI,,,,,,Langar,,GB,NG13 9HY
MAINLINE MOULDINGS,,,,,,Langar,,GB,NG13 9HY
FRANK KEY GROUP,,,,,,Nottingham,,GB,NG5 6BL
FRANK KEY (NOTTINGHAM),,,,,,Nottingham,,GB,NG5 6BL
FRESH & WILD,,,,,,London,,GB,EC4N 6AF
FRESH HUB GROUP,,,,,,Spalding,,GB,PE11 3SW
APG PRODUCE,,,,,,Spalding,,GB,PE11 3SW
FRUIT FOREVER,,,,,,Spalding,,GB,PE11 3SW
PARALLEL UK,,,,,,Spalding,,GB,PE11 3SW
FREUDENBERG HOME AND CLEANING SOLUTIONS,,,,,,Lancashire,,GB,OL16 2AX
FRIENDSHIP ESTATES,,,,,,Doncaster,,GB,DN6 9BU
FRONTIER AGRICULTURE,,,,,,London,,GB,W1K 4QY
NOMIX ENVIRO,,,,,,Lincoln,,GB,LN6 9TN
FSI,,,,,,Measham,,GB,DE12 7DS
FT Foods,,,,,,London,,GB,E15 2JA
CAPITAL QSR,,,,,,London,,GB,E15 2JA
JAHB,,,,,,London,,GB,E15 2JA
PROFESSIONAL CATERERS,,,,,,London,,GB,E15 2JA
SPECIALIST CATERING,,,,,,London,,GB,E15 2JA
UPMARKET CATERING,,,,,,London,,GB,E15 2JA
FURNITURE CHOICE,,,,,,Heckmondwike,,GB,WF16 0EN
FUTURA FOODS UK,,,,,,Dursley,,GB,GL11 4HR
FUTURE PUBLISHING,,,,,,Bath,,GB,BA1 1UA
Fabory,,,,,,Wednesbury,,GB,WS10 7SG
Faerch Durham,,,,,,Durham,,GB,DH1 2YN
Faerch Poole,,,,,,Poole,,GB,BH15 3BT
Faerch UK,,,,,,Ely,,GB,CB6 3NW
Fage UK,,,,,,London,,GB,E14 5HU
Faith in Nature,,,,,,Edinburgh,,GB,EH2 4JN
Falcombe Holdings,,,,,,London,,GB,W1B 4BQ
Leaguenotion,,,,,,London,,GB,W1B 4BQ
Noble Restaurant Group,,,,,,London,,GB,W1B 4BQ
Falconer Print & Packaging,,,,,,Elland,,GB,HX5 9HB
Farecla Products,,,,,,Loughborough,,GB,LE12 6JU
Fargroup,,,,,,Arundel,,GB,BN18 9PY
Fargro,,,,,,Arundel,,GB,BN18 9PY
Fargro Home & Garden,,,,,,Arundel,,GB,BN18 9PY
Farm and Pet Place,,,,,,Abergele,,GB,LL22 7HZ
Farmer J,,,,,,London,,GB,SE11 5EL
Farmfoods,,,,,,Cumbernauld,,GB,G67 2TU
Farmfresh Fillings,,,,,,Cross Hands,,GB,SA14 6RZ
Farmhouse Biscuits,,,,,,Nelson,,GB,BB9 9PX
Farmhouse Potato Bakers,,,,,,Bridlington,,GB,YO15 3QY
Farmview Dairies,,,,,,Portadown,,GB,BT62 3EU
Farne Salmon & Trout,,,,,,Duns,,GB,TD11 3HS
Farplants Sales,,,,,,Arundel,,GB,BN18 0AS
Farr Vintners,,,,,,London,,GB,SW18 1TW
Farrington Oils,,,,,,Wellingborough,,GB,NN9 6BP
Farrow & Ball,,,,,,Wimborne,,GB,BH21 7NL
Fassa,,,,,,Tewkesbury,,GB,GL20 8TD
Fayrefield Foods,,,,,,Crewe,,GB,CW1 5UF
Dairy Solutions,,,,,,Crewe,,GB,CW1 5UF
Love Food Heaven,,,,,,Crewe,,GB,CW1 5UF
Febvre & Company,,,,,,Cork,,GB,T12 Tn99
Federici Brands,,,,,,London,,GB,W12 7SA
Feelunique International,,,,,,Nottingham,,GB,NG2 1BJ
Feilo Sylvania UK,,,,,,Newhaven,,GB,BN9 0FA
Fellowes,,,,,,Doncaster,,GB,DN11 0BF
Fenmarc Produce,,,,,,Wisbech,,GB,PE14 0EG
Fentimans,,,,,,Hexham,,GB,NE46 4TU
Fenwick,,,,,,Newcastle Upon Tyne,,GB,NE99 1AR
Ferdinand Bilstein UK,,,,,,Chesterfield,,GB,S43 3FG
Ferovinum,,,,,,LONDON,,GB,W1F 7BU
Ferplast,,,,,,Kidderminster,,GB,DY11 7QE
Ferraris Piston Service,,,,,,Birmingham,,GB,B3 2RT
Ferrero,,,,,,Greenford,,GB,UB6 0HE
Thorntons,,,,,,Greenford,,GB,UB6 0HE
Ferryfast Produce,,,,,,Pershore,,GB,WR10 2JJ
Festive Productions,,,,,,Cwmbran,,GB,NP44 7EZ
Fevara,,,,,,Carlisle,,GB,CA4 8RR
Fiddes & Son,,,,,,Cardiff,,GB,CF11 8TX
Fiddes Payne,,,,,,Hunslet,,GB,LS10 2JH
Field & Flower,,,,,,Shepton Mallet,,GB,BA4 4RN
Fieldrose,,,,,,Sheffield,,GB,S9 3YE
Intracave,,,,,,Sheffield,,GB,S9 3YE
Northgate Fast Food,,,,,,Sheffield,,GB,S9 3YE
S.P.Q,,,,,,Sheffield,,GB,S9 3YE
Fierce Beer,,,,,,Aberdeen,,GB,AB21 0GR
Filco Supermarkets,,,,,,Llantwit Major,,GB,CF61 1XZ
Fileder Filter Systems,,,,,,Maidstone,,GB,ME16 0LS
Filippo Berio UK,,,,,,London,,GB,E1W 9US
Filtration Control,,,,,,Northampton,,GB,NN4 7PL
Findel Education,,,,,,Hyde,,GB,SK14 4HR
Fine & Rare Wines,,,,,,London,,GB,EC4R 1QS
Finfenaro Innovations,,,,,,Rugeley,,GB,WS12 0QU
Dri-Pak,,,,,,Ilkeston,,GB,DE7 5EP
East Lancashire Chemical Company,,,,,,Ilkeston,,GB,DE7 5EP
Fini Sweets,,,,,,Woking,,GB,GU21 6ET
Finsa UK,,,,,,Birkenhead,,GB,CH41 1HW
Fiona Cairns,,,,,,,,GB,LE88UD
FireAngel Safety Technology,,,,,,Coventry,,GB,CV1 2TA
First Choice Wholesale Foods,,,,,,Burton upon Trent,,GB,DE14 1RZ
First Grade International,,,,,,Bromsgrove,,GB,B60 3FQ
First Greater Western,,,,,,Swindon,,GB,SN1 1HL
First Milk,,,,,,Glasgow,,GB,G2 1AL
Blackmore Vale Farm Cream,,,,,,Shaftesbury,,GB,SP7 8QD
Fast Forward FFW,,,,,,Wigton,,GB,CA7 2AR
The First Milk Cheese Company,,,,,,Wigton,,GB,CA7 2AR
First Natural Brands,,,,,,Hassocks,,GB,BN6 9LS
First Trenitalia West Coast Rail,,,,,,London,,GB,W2 1AF
Fischer Fixings,,,,,,Wallingford,,GB,OX10 9AT
Fischer Future Heat UK,,,,,,London,,GB,W2 1AY
Fish4pets,,,,,,Redditch,,GB,B98 7FX
Fisher & Paykel Appliances,,,,,,Northampton,,GB,NN4 9BB
Fish�n Chick�n,,,,,,Basildon,,GB,SS16 4SW
Fiskars UK (Vita),,,,,,Stoke-on-Trent,,GB,ST12 9ER
Fitflop,,,,,,London,,GB,EC4A 3AQ
Fitshop,,,,,,Glasgow,,GB,G73 1DF
Fittleworth Medical,,,,,,Littlehampton,,GB,BN17 7FB
Five Guys JV,,,,,,London,,GB,W10 6TP
Fiveways Shop & Service Station,,,,,,Newry,,GB,BT35 6PW
Fixfast,,,,,,Aylesford,,GB,ME20 7NY
Fizz Creations,,,,,,Lancing,,GB,BN15 8TA
Flair Leisure Products,,,,,,Epsom,,GB,KT17 4PF
Flambeau Europlast,,,,,,Ramsgate,,GB,CT12 6HW
Flamingo Horticulture Investments,,,,,,Stevenage,,GB,SG1 2NB
Flamingo Flowers,,,,,,Stevenage,,GB,SG1 2NB
Flamingo Produce,,,,,,Stevenage,,GB,SG1 2NB
Flatfish,,,,,,Grimsby,,GB,DN31 3AE
Flavour Warehouse,,,,,,Lancashire,,GB,BB3 0RW
Flexicare (Group),,,,,,Mountain Ash,,GB,CF45 4ER
Flexicare Medical,,,,,,Mountain Ash,,GB,CF45 4ER
Flexopack Trade and Services UK,,,,,,London,,GB,EC2V 7AB
Flexpak,,,,,,Barnsley,,GB,S73 0BB
Flextronics Global Services (Manchester),,,,,,Stretton Warrington,,GB,WA4 4TQ
Flight Club Darts,,,,,,London,,GB,N1 0NY
Electric Shuffle,,,,,,London,,GB,N1 0NY
Flint Wines,,,,,,London,,GB,SE11 4AA
FloGas Britain,,,,,,Leicester,,GB,LE7 1PF
Medical Gas Solutions,,,,,,Flint,,GB,CH6 5UY
FloPlast,,,,,,Sittingbourne,,GB,ME10 3FP
Flora Food Sales,,,,,,London,,GB,SE1 0RB
Floramedia (U.K.),,,,,,Colcehster,,GB,CO4 9QX
Flower of Life,,,,,,Sowerby Bridge,,GB,HX6 3AE
Flowerline,,,,,,Mansfield,,GB,NG21 0RT
Flowflex Components,,,,,,Buxton,,GB,SK17 7LR
Fluidmaster GB,,,,,,Hereford,,GB,HR2 6JR
Flying Trade,,,,,,Harwich,,GB,CO12 4PT
Focal Point Fires,,,,,,London,,GB,NW8 0DL
Fold Hill Foods,,,,,,Boston,,GB,PE22 9PJ
Brambles Pet and Wildlife,,,,,,Boston,,GB,PE22 9PJ
Food-Bridge GB,,,,,,Worcester,,GB,WR1 2HW
Foodbridge FSG (GB),,,,,,Worcester,,GB,WR1 2HW
Foot Shop,,,,,,Street,,GB,BA16 0HR
Footasylum,,,,,,Rochdale,,GB,OL11 1RY
Footsure Western,,,,,,Stonehouse,,GB,GL10 3EZ
Ford Motor Company,,,,,,Laindon,,GB,SS15 6EE
Forest Master,,,,,,Whitley Bay,,GB,NE26 2NE
Forever Living Products (U.K.),,,,,,Solihull,,GB,B91 3QJ
Formica,,,,,,North Shields,,GB,NE29 8RE
Fortnum & Mason Public Limited Company,,,,,,London,,GB,W1A 1ER
Forum Packaging,,,,,,Horncastle,,GB,LN9 6NG
Fossil,,,,,,Milton Keynes,,GB,MK9 2LD
Fosters Bakery (Staincross),,,,,,Barnsley,,GB,S75 6AS
Fowlers of Bristol,,,,,,Bristol,,GB,BS4 3DR
Fox International Group,,,,,,Brentwood,,GB,CM14 5EG
Fox's Burton's Companies (FBC),,,,,,London,,GB,EC4M 7BP
Foyle Food Group,,,,,,Omagh,,GB,BT79 0BQ
Fragrance Direct,,,,,,Dartford,,GB,DA2 6QA
Framptons,,,,,,Shepton Mallet,,GB,BA4 5PD
Franke U.K,,,,,,Carron,,GB,FK2 8DR
Frasers Group,,,,,,Shirebrook,,GB,NG20 8RY
Amara Retail,,,,,,Shirebrook,,GB,NG20 8RY
Brands Holdings,,,,,,Shirebrook,,GB,NG20 8RY
Campri,,,,,,Shirebrook,,GB,NG20 8RY
Carlton Sports Company,,,,,,Shirebrook,,GB,NG20 8RY
Criminal Clothing,,,,,,Shirebrook,,GB,NG20 8RY
Echo Brand Holdco,,,,,,Shirebrook,,GB,NG20 8RY
FRASERS GROUP TRADING,,,,,,Shirebrook,,GB,NG20 8RY
Firetrap,,,,,,Shirebrook,,GB,NG20 8RY
Frasers Group Financial Services,,,,,,Accrington,,GB,BB5 5JB
GAME Retail,,,,,,,,GB,M2 5NT
GUL Watersports,,,,,,Shirebrook,,GB,NG20 8RY
Gelert IP,,,,,,Shirebrook,,GB,NG20 8RY
Golddigga Brands,,,,,,Shirebrook,,GB,NG20 8RY
Hot Tuna IP,,,,,,Shirebrook,,GB,NG20 8RY
House Of Fraser Brands,,,,,,Shirebrook,,GB,NG20 8RY
House of Fraser,,,,,,Shirebrook,,GB,NG20 8RY
I Saw It First,,,,,,Mansfield,,GB,NG20 8RY
Jack Wills IP,,,,,,Shirebrook,,GB,NG20 8RY
Kangol,,,,,,Shirebrook,,GB,NG20 8RY
Lonsdale Sports,,,,,,Shirebrook,,GB,NG20 8RY
Lovell Sports,,,,,,Shirebrook,,GB,NG20 8RY
Muddyfox IP,,,,,,Shirebrook,,GB,NG20 8RY
Nevica IP,,,,,,Shirebrook,,GB,NG20 8RY
No Fear International,,,,,,Shirebrook,,GB,NG20 8RY
Republic IP,,,,,,Shirebrook,,GB,NG20 8RY
Fred Perry,,,,,,London,,GB,WC1X 0AA
Freddie's Flowers,,,,,,London,,GB,SW8 3NS
Frederic Robinson,,,,,,Stockport,,GB,SK1 1JJ
Frederick Jones (Belfast),,,,,,Belfast,,GB,BT12 5FE
Freed (Veneers),,,,,,Stevenage,,GB,SG1 3QD
Freedom Brewery,,,,,,RUGELEY,,GB,WS15 3ER
Freedom Sportsline,,,,,,London,,GB,SE1 2AU
Freefoam Building Products,,,,,,Northampton,,GB,NN5 5JP
Freemans Grattan Holdings,,,,,,Bradford,,GB,BD99 2XG
Freemans Public Limited Company,,,,,,Bradford,,GB,BD99 2XG
Grattan,,,,,,Bradford,,GB,BD99 2XG
Freemans Holdings,,,,,,Guernsey,,GB,GY1 1AR
Freemans Confectionery Supplies,,,,,,Walsall,,GB,WS32XQ
House of Lancaster,,,,,,Walsall,,GB,WS3 2XQ
Freiberger,,,,,,Spalding,,GB,PE11 2AF
Freixenet Copestick,,,,,,Newbury,,GB,RG14 2PZ
Bolney Wine Estate,,,,,,Bolney,,GB,RH17 5NB
French Connection Group,,,,,,London,,GB,NW1 0DT
French Connection,,,,,,London,,GB,NW1 0DT
French Connection (London),,,,,,London,,GB,NW1 0DT
Fresca Group,,,,,,Paddock Wood,,GB,TN12 6UT
M.&W. Mack,,,,,,Paddock Wood,,GB,TN12 6UT
Primafruit,,,,,,Evesham,,GB,WR11 1GT
The Fresh Produce Centre,,,,,,Paddock Wood,,GB,TN12 6UT
Fresenius Medical Care UK,,,,,,Sutton-in-Ashfield,,GB,NG17 2HU
Fresh-Pak Chilled Foods,,,,,,Nottingham,,GB,NG2 1LU
Freshpet Europe,,,,,,Ipswich,,GB,IP2 0EA
Friar's Pride,,,,,,Peterborough,,GB,PE1 5YW
Friarwood Fine Wines,,,,,,London,,GB,SW6 4ST
Fridays,,,,,,Cranbrook,,GB,TN17 3PN
Frieslandcampina UK,,,,,,London,,GB,SW1V 1AN
Frobishers Juices,,,,,,,,GB,MK17 8FL
Froneri Ice Cream,,,,,,NORTHALLERTON,,GB,DL7 9UL
Frontier NX,,,,,,Bicester,,GB,OX26 4AF
Frozen Brothers,,,,,,High Wycombe,,GB,HP12 3TA
Fruit of the Vine (Belfast),,,,,,Belfast,,GB,BT11 9FG
Fuchs Lubricants (UK),,,,,,Stoke-On-Trent,,GB,ST1 5HU
Fuel Express,,,,,,Wakefield,,GB,WF1 5EP
Fujifilm UK,,,,,,Bedford,,GB,MK42 0ZE
Fulfil,,,,,,Somerset,,GB,SP10 5AN
Fulfilmentcrowd,,,,,,Chorley,,GB,PR7 7NB
Fullers Foods International,,,,,,Leeds,,GB,LS2 7HA
Fullgreen,,,,,,Kettering,,GB,NN16 8NQ
Funko,,,,,,London,,GB,EC1A 2DY
Funkypigeon.com,,,,,,Wakefield,,GB,WF2 0XG
Furniss of Cornwall,,,,,,Redruth,,GB,TR15 3RH
Furniture Link (U.K.),,,,,,Telford,,GB,TF1 7AD
Furniture Village,,,,,,Slough,,GB,SL1 4DX
Futamura Chemical UK,,,,,,Wigton,,GB,CA7 9BG
Futura Direct,,,,,,Adwick-Le-Street,,GB,DN6 7AY
Future Heights,,,,,,Liverpool,,GB,L9 6DX
Aintree Plastics,,,,,,Liverpool,,GB,L9 6DX
Fyfes Vehicle and Engineering Supplies,,,,,,Ballymena,,GB,BT42 3HB
G M Packaging (UK),,,,,,Murton,,GB,SR7 9DR
G R Food,,,,,,London,,GB,E15 2JA
G W Proudfoot,,,,,,Scarborough,,GB,YO11 3YT
G&C PACKAGING,,,,,,London,,GB,EC2R 5BJ
G&J Distillers,,,,,,Warrington,,GB,WA3 6PH
G'S FRESH,,,,,,Ely,,GB,CB7 5TZ
G.F.Smith & Son(London),,,,,,Hull,,GB,HU2 0HL
G.H. Sheldon Wholesale Bakers,,,,,,Manchester,,GB,M11 2GW
G.I. Hadfield & Son,,,,,,Newark,,GB,NG22 8UA
Enva Wood Recycling Manchester,,,,,,Newark,,GB,NG22 8AU
G.J.Handy (Trading),,,,,,Swindon,,GB,SN3 5HY
G.L.Pharma UK,,,,,,Ely,,GB,CB7 4EX
G.R. Lane Health Products,,,,,,Gloucester,,GB,GL2 0GR
Jakemans (Confectioners),,,,,,Gloucester,,GB,GL2 0GR
G.R.Wright & Sons,,,,,,Harlow,,GB,CM19 5GH
Wright's Milling,,,,,,Harlow,,GB,CM19 5GH
GA PET FOOD PARTNERS GROUP,,,,,,Chorley,,GB,PR7 7DW
GA PET FOOD PARTNERS,,,,,,Chorley,,GB,PR7 7DW
GA PET FOOD PARTNERS MILLING,,,,,,Chorley,,GB,PR7 7DW
GABF HOLDINGS,,,,,,London,,GB,WC1X 8AQ
Bagel Nash (Retail),,,,,,London,,GB,WC1X 8AQ
Oi! Bagel Trading,,,,,,London,,GB,WC1X 8AQ
The Great American Bagel Factory,,,,,,London,,GB,WC1X 8AQ
GALLERY DIRECT HOLDINGS,,,,,,Sittingbourne,,GB,ME103RN
DREAMWORKS BEDS,,,,,,Westbury,,GB,BA13 4EP
GALLERY DIRECT,,,,,,Sittingbourne,,GB,ME10 3RN
GARDEN OF ELVEDEN,,,,,,Thetford,,GB,IP24 3TQ
GARDX International,,,,,,Portsmouth,,GB,PO64TY
GAZEBO FINE FOODS,,,,,,London,,GB,W1H 4HG
GBM Digital Technologies Group,,,,,,Manchester,,GB,M40 5BP
GBM Digital Technologies,,,,,,Manchester,,GB,M40 5BP
Kingsfield Computer Products,,,,,,Manchester,,GB,M40 5BP
GBUK Group,,,,,,Selby,,GB,YO8 5DD
GBUK,,,,,,North Duffield Selby,,GB,YO8 5DD
GBUK Enteral,,,,,,North Duffield Selby,,GB,YO8 5DD
GCH Corporation,,,,,,Hampton,,GB,TW12 2BX
ADM Pressings,,,,,,Newcastle Upon Tyne,,GB,NE15 6BZ
Crompton Lamps,,,,,,Bradford,,GB,BD4 8QE
Dent Steel Services (Yorkshire),,,,,,Bradford,,GB,BD12 0QN
Newspace Containers,,,,,,Lydney,,GB,GL15 4EJ
Sycamore Lighting,,,,,,Leeds,,GB,LS25 2DY
Unitruck,,,,,,Ashton-Under-Lyme,,GB,OL6 8HZ
Whiteline Manufacturing,,,,,,Eastbourne,,GB,BN23 6QA
GEM Imports,,,,,,Barnsley,,GB,S74 0FQ
GENERAL ALL PURPOSE PLASTICS,,,,,,Blackburn,,GB,bb1 2qp
GEORGE BATEMAN & SON,,,,,,Wainfleet-All-Saints,,GB,PE24 4JE
GFW,,,,,,Darwen,,GB,BB3 3RT
GIANT U.K,,,,,,Leicester,,GB,LE7 4UZ
GIFTWORKS,,,,,,Somerset,,GB,BS23 1NF
GILLIES OF BROUGHTY FERRY,,,,,,Dundee,,GB,DD5 2AJ
GL Dameck,,,,,,Blairgowrie,,GB,PH10 6NW
GLEN DIMPLEX UK,,,,,,Southampton,,GB,SO30 2DF
GLEN GRANT,,,,,,Rothes,,GB,AB38 7BS
GLENRATH FARMS,,,,,,West Linton,,GB,EH46 7BD
GLENRATH EGG PRODUCTS,,,,,,West Linton,,GB,EH46 7BD
GOOD PAIR DAYS,,,,,,London,,GB,W4 5LX
GOODRAYS,,,,,,London,,GB,N13 4BS
GORDON RHODES & SON,,,,,,Bradford,,GB,BD5 8HW
GPI Highbridge,,,,,,London,,GB,E14 5HU
GPR TOPCO,,,,,,Pembroke Dock,,GB,SA72 4RW
Genpower,,,,,,Pembroke Dock,,GB,SA72 4RW
GPS Food Group (UK),,,,,,Waltham Cross,,GB,EN8 7NX
DEARBOY PETCARE,,,,,,Wrexham,,GB,LL13 9QA
Essex Farm Foods,,,,,,Waltham Cross,,GB,EN8 7NX
Pinnacle Foods,,,,,,Waltham Cross,,GB,EN8 7NX
GRAFTON GROUP (UK) PUBLIC LIMITED COMPANY,,,,,,Wythall,,GB,B47 6LW
CPI MORTARS (NORTH),,,,,,Wythall,,GB,B47 6LW
LSDM,,,,,,Birmingham,,GB,B47 6LW
MACNAUGHTON BLAIR,,,,,,Belfast,,GB,BT12 6RD
SELCO TRADE CENTRES,,,,,,Birmingham,,GB,B47 6LW
STAIRBOX,,,,,,Wythall,,GB,B47 6LW
T.G. LYNES,,,,,,Birmingham,,GB,B47 6LW
GRAFTON INTERNATIONAL,,,,,,Tamworth,,GB,B77 5PT
THE EYELASH EMPORIUM,,,,,,Tamworth,,GB,B77 5PT
GRANIT PARTS Ltd Partnership,,,,,,Peterborough,,GB,PE2 6YQ
GRANT & BOWMAN,,,,,,Lower Road,,GB,WD3 5LH
GRANTS OAK SMOKED,,,,,,Cockermouth,,GB,CA13 9LQ
GREENCORE FOODS,,,,,,Worksop,,GB,S80 2RS
GREENCORE FOOD TO GO,,,,,,Worksop,,GB,S80 2RS
GREENCORE GROCERY,,,,,,Worksop,,GB,S80 2RS
GREENCORE PREPARED MEALS,,,,,,Worksop,,GB,S80 2RS
GREENE KING,,,,,,Bury St Edmunds,,GB,IP33 1QT
GREENE KING BREWING AND RETAILING,,,,,,Bury St Edmunds,,GB,IP33 1QT
GREGGS,,,,,,Newcastle Upon Tyne,,GB,NE12 8BU
GRENADIER PACKAGING CORRUGATED,,,,,,Huntingdon,,GB,PE19 2HF
GRIFFIN & BRAND (EUROPEAN),,,,,,Ashford,,GB,TN23 4TU
GROVE DAIRY,,,,,,CASTLEDERG,,GB,BT81 7EF
GRS BUILDING PRODUCTS,,,,,,Nuneaton,,GB,CV10 7RJ
GRUPO BIMBO UK,,,,,,Rotherham,,GB,S64 8AB
BARCEL SNACKS UK,,,,,,Mexborough,,GB,S64 8AB
ST PIERRE GROUPE,,,,,,Manchester,,GB,M20 2LX
GS Yuasa Battery Europe,,,,,,Swindon,,GB,SN3 5FB
GS Yuasa Battery Manufacturing UK,,,,,,Ebbw Vale,,GB,NP23 5SD
GS Yuasa Battery Sales UK,,,,,,Swindon,,GB,SN3 5FB
GSF CAR PARTS,,,,,,London,,GB,EC3A 7BA
GUSBOURNE ESTATE,,,,,,Appledore,,GB,TN26 2BE
GXO Logistics,,,,,,Edinburgh,,GB,EH3 8RY
Galen,,,,,,Craigavon,,GB,BT63 5UA
Gallaher,,,,,,London,,GB,SW15 2LL
Gallo Vineyards Inc,,,,,,Uxbridge,,GB,UB8 1QQ
Gama Healthcare,,,,,,Hemel Hempstead,,GB,HP2 7TG
Gamebore Cartridge Co,,,,,,Kingston upon Hull,,GB,HU9 1AR
Games Workshop,,,,,,Nottingham,,GB,NG7 2WS
Gant,,,,,,London,,GB,WC2A 1AN
Garador,,,,,,Yeovil,,GB,BA20 2EJ
Garden Selection,,,,,,Poole,,GB,BH16 5SJ
Gardiner Bros. and Company (Leathers),,,,,,Stonehouse,,GB,GL10 3EZ
Garland Products,,,,,,Kingswinford,,GB,DY6 7TZ
Garmin (Europe),,,,,,Southampton,,GB,SO40 9LR
Gates Worldwide,,,,,,Bristol,,GB,BS13 8FD
Gates (U.K.),,,,,,Heathhall,,GB,DG1 1TS
Gates Engineering & Services,,,,,,Bristol,,GB,BS13 8FD
Gear4music,,,,,,York,,GB,YO26 4GN
Geary's Bakeries,,,,,,Loughborough,,GB,LE12 8LD
Geberit Sales,,,,,,Warwick,,GB,CV34 6NH
Gedney Bulb Company,,,,,,Spalding,,GB,PE12 0AU
Geeta’s Foods,,,,,,London,,GB,EC4M 8AB
Gemporia Partnership,,,,,,Redditch,,GB,B98 9HF
Gemporia,,,,,,Redditch,,GB,B98 9HF
Gemporia Craft,,,,,,Redditch,,GB,B98 9HF
General Hvac Solutions UK,,,,,,Elsetree,,GB,WD6 3SG
General Mills UK,,,,,,Bristol,,GB,BS13 8FD
Genesis Pharmaceuticals,,,,,,Harrow,,GB,HA1 1BQ
Genius Foods,,,,,,Edinburgh,,GB,EH36JD
Geo. Kingsbury Holdings,,,,,,Cobham,,GB,KT11 1JQ
Alsford Timber,,,,,,Cobham,,GB,KT11 1JQ
Geo. Kingsbury Machine Tools,,,,,,Cobham,,GB,KT11 1JQ
Turbex,,,,,,Cobham,,GB,KT11 1JQ
George Abrahams,,,,,,London,,GB,EC1A 9PQ
George Cox Footwear,,,,,,London,,GB,WC1X 0AA
George Twist (Wholesale),,,,,,Wigan,,GB,WN5 8DH
J. & G. Twist (Retail),,,,,,Wigan,,GB,WN5 8DH
Geox UK,,,,,,London,,GB,EC3M 7DQ
Gerflor Flooring UK,,,,,,Altrincham,,GB,WA14 2DT
Get Fresh Cosmetics,,,,,,Bournemouth,,GB,BH11 8PT
Gift Republic,,,,,,London,,GB,SW19 2RL
Gift Universe Group,,,,,,Dorking,,GB,RH4 1XA
Gift Universe,,,,,,Dorking,,GB,RH4 1XA
Giggling Restaurants,,,,,,Guildford,,GB,GU1 4UX
Chokdee,,,,,,Guildford,,GB,GU1 4UX
Gilbert Thompson (Leeds),,,,,,Leeds,,GB,LS9 0PX
G T Prep,,,,,,Leeds,,GB,LS9 0PX
GT Produce,,,,,,Leeds,,GB,LS9 0PX
Gilberts (Blackpool),,,,,,Blackpool,,GB,FY4 4QT
Gilbertson & Page,,,,,,Welwyn Garden City,,GB,Al7 1AN
WV Associates,,,,,,Bishop Auckland,,GB,DL14 6XF
Gilfresh Produce,,,,,,Loughgall,,GB,BT61 8PZ
Gima (UK),,,,,,London,,GB,IG11 0RH
Giovanni Rana (UK),,,,,,Windsor,,GB,SL4 3BL
Give Back Beauty UK,,,,,,London,,GB,SE1 2JE
Glanbia Performance Nutrition (UK),,,,,,Harrogate,,GB,HG1 5PA
Glasdon Group,,,,,,Blackpool,,GB,FY4 4WA
GLASDON (UK),,,,,,Blackpool,,GB,FY4 4WA
Glasswells,,,,,,Bury St. Edmunds,,GB,IP33 3TU
Glaxosmithkline Services Unlimited,,,,,,London,,GB,WC1A 1DG
Glaxosmithkline UK,,,,,,London,,GB,WC1A 1DG
Glebe Farm Foods,,,,,,St Neots,,GB,PE19 2BY
Gledhill Building Products,,,,,,Blackpool,,GB,FY4 3RL
Glen Dimplex Home Appliances,,,,,,Risley,,GB,WA3 6GD
Glen Turner Company,,,,,,London,,GB,WC2B 5DG
Glen Moray Distillery,,,,,,Bathgate,,GB,EH47 7BW
Glens of Antrim Potatoes,,,,,,Belfast,,GB,BT3 9DE
Glenshane Fresh Farm Eggs,,,,,,Maghera,,GB,BT46 5JQ
Global Brands,,,,,,Chesterfield,,GB,S41 7JB
Global Ethics,,,,,,Richmond,,GB,TW10 6DQ
Global Foods,,,,,,Cardiff,,GB,CF11 8TS
Global Pacific Processors UK,,,,,,Worcester,,GB,WR1 2LB
Global Trading U K,,,,,,London,,GB,EN2 8DJ
Global Vac Forming,,,,,,Quorn,,GB,LE12 8DX
Globus (Shetland),,,,,,Lerwick,,GB,ZE1 0EB
Alpha Solway,,,,,,Lerwick,,GB,ZE1 0EB
Vision Lab (Ormskirk),,,,,,Manchester,,GB,M17 1SH
Glowcroft,,,,,,Ipswich,,GB,IP6 8RW
Go Superfoods,,,,,,Sheffield,,GB,S25 3SF
Go-Pak,,,,,,Bristol,,GB,BS37 5NW
Go10,,,,,,,,GB,WR1 2LB
Goedhuis Waddesdon,,,,,,London,,GB,EC4A 3DW
Golden Acre Foods,,,,,,Staines upon Thames,,GB,TW18 3AG
Golden Bear Products,,,,,,Telford,,GB,TF1 7EY
Golden Casket (Greenock),,,,,,Bude,,GB,EX23 0ER
Golden Fry Foods,,,,,,Wetherby,,GB,LS22 7DW
Golden Glen,,,,,,Lisburn,,GB,BT28 2LU
Goldland Merchants,,,,,,Enniskillen,,GB,BT92 7PP
Goldtique,,,,,,Barnet,,GB,EN5 5UZ
Heathplace,,,,,,Barnet,,GB,EN5 5UZ
Hillcrest Catering Co,,,,,,Barnet,,GB,EN5 5UZ
Inspection,,,,,,Barnet,,GB,EN5 5UZ
Golfclubs4cash,,,,,,Loanhead,,GB,EH20 9LZ
Gompels HealthCare,,,,,,Melksham,,GB,SN12 6GX
Gonzalez Byass UK,,,,,,London,,GB,WC1H 9LG
Good Natured (Happy Monkey),,,,,,Halstead,,GB,C09 3AH
Goodwin,,,,,,Stoke-on-Trent,,GB,ST1 3NR
AVD Fire,,,,,,Stoke-on-Trent,,GB,ST1 3NR
Dupre Minerals,,,,,,Stoke On Trent,,GB,ST1 3NR
Duvelco,,,,,,Stoke-on-Trent,,GB,ST1 3NR
Goodwin International,,,,,,Stoke on Trent,,GB,ST1 3NR
Goodwin Refractory Services,,,,,,Stoke-On-Trent,,GB,ST1 3NR
Goodwin Steel Castings,,,,,,Stoke-on-Trent,,GB,ST1 3NR
Hoben International,,,,,,Brassington,,GB,DE4 4HF
Google Commerce Ltd UK Establishment,,,,,,London,,GB,SW1W 9TQ
Goonvean Holdings,,,,,,St Austell,,GB,PL26 7QF
Dura-ID Solutions,,,,,,St Austell,,GB,PL26 7QF
Goonvean Electronics,,,,,,St Austell,,GB,PL26 7QF
Goonvean Fibres,,,,,,St Austell,,GB,PL26 7QF
North Devon Electronics,,,,,,St Austell,,GB,PL26 7QF
Precision Casting,,,,,,St Austell,,GB,PL26 7QF
R.H. Fibreboard Containers,,,,,,St Austell,,GB,PL26 7QF
Gore Hall Produce,,,,,,Nr Southport,,GB,PR9 8EB
Gorgemead,,,,,,Lostock,,GB,BL6 4SA
Gorilla Glue Europe,,,,,,Chorley,,GB,PR7 7NA
Gortmerron Supermarket,,,,,,Dungannon,,GB,BT71 6LS
Gosh! Food,,,,,,Milton Keynes,,GB,MK10 0BD
Gourmet Classic,,,,,,Ringwood,,GB,BH24 1SF
Gowine,,,,,,Stourbridge,,GB,DY7 5EP
Gozney Group,,,,,,Bournemouth,,GB,BH2 5LP
Grace Foods UK,,,,,,Welwyn Garden City,,GB,AL7 1HW
Gradus,,,,,,Altrincham,,GB,WA14 2DT
Graeme Ellisdon,,,,,,Great Gaddesden,,GB,HP2 6HD
Graft Wine Company,,,,,,Guildford,,GB,GU1 3UW
Graham and Green,,,,,,Bath,,GB,BA1 5BG
Graham's the Family Dairy Group,,,,,,Bridge Of Allan,,GB,FK9 4RW
Graham's The Family Dairy (Milk Products),,,,,,Bridge Of Allan,,GB,FK9 4RW
Graham's the Family Dairy,,,,,,Bridge Of Allan,,GB,FK9 4RW
Grange Fencing,,,,,,Much Wenlock,,GB,TF13 6DD
Grangers International,,,,,,Chesterfield,,GB,S44 5FD
Granville Oil & Chemicals,,,,,,Rotherham,,GB,S63 9BL
Graphic & Paper Merchants Northern Ireland,,,,,,,,GB,BT1 5EF
Graphic Packaging International Europe,,,,,,London,,GB,E14 5HU
Graphic Packaging International,,,,,,London,,GB,E14 5HU
Graphic Packaging International Bardon,,,,,,London,,GB,E14 5HU
Graphic Packaging International Gateshead,,,,,,London,,GB,E14 5HU
Gravity Drinks,,,,,,London,,GB,WC1N 3GS
Green & Brown,,,,,,Huddersfield,,GB,HD5 0RH
Green Energy Options,,,,,,Cambridge,,GB,CB23 7QS
Green Fun Alliance,,,,,,Salisbury,,GB,SP4 7RT
Green Label Foods,,,,,,Woodbridge,,GB,IP13 6JW
Green Sheep Group,,,,,,Stratford-Upon-Avon,,GB,CV37 0JE
Green Team Christmas Trees,,,,,,Inverurie,,GB,AB51 5LX
Greenbrook Industries,,,,,,Harlow,,GB,CM20 2BG
Greenhalgh's Craft Bakery,,,,,,Bolton,,GB,BL6 4BU
Greens Desserts,,,,,,Doncaster,,GB,DN4 5NU
Greenwood & Coope,,,,,,Bury,,GB,BL8 4HR
Greenyard Frozen,,,,,,King's Lynn,,GB,PE30 4WS
Grenade (UK),,,,,,Birmingham,,GB,B30 2HP
Gresham Office Furniture,,,,,,BOLTON,,GB,BL6 4SA
Grey Technology,,,,,,Worcester,,GB,WR4 9FB
Greyhound Box,,,,,,Leeds,,GB,LS10 2BR
Grocery Delivery E-Services UK,,,,,,London,,GB,EC2A 2EZ
Grohe,,,,,,Hounslow,,GB,TW6 2SF
Group55,,,,,,Chorley,,GB,PR7 1NH
Groupe SEB UK,,,,,,Datchet,,GB,SL3 9LL
Groves Of Thame (Holdings),,,,,,Thame,,GB,OX9 2ED
Adjustoform Products,,,,,,Ashford,,GB,TN24 0FE
Groves of Thame,,,,,,Thame,,GB,OX9 3FU
Grovewell Garden Centres,,,,,,London,,GB,N3 2JX
Growth Technology,,,,,,Taunton,,GB,TA2 6BX
Grundfos Pumps,,,,,,Leighton Buzzard,,GB,LU7 4TL
Grundfos Manufacturing,,,,,,Sunderland,,GB,SR5 3JL
Grundfos Watermill,,,,,,Leighton Buzzard,,GB,LU7 4TL
Grunenthal Meds,,,,,,Galashiels,,GB,TD1 1QH
Gtek Foods,,,,,,Ware,,GB,SG11 2EB
Gu Indulgent Foods,,,,,,Bishop's Stortford,,GB,CM23 5PA
Gucci,,,,,,Haywards Heath,,GB,RH16 3BW
Guerlain,,,,,,Hersham,,GB,KT12 4NH
Guess U.K,,,,,,Lewes,,GB,BN7 1JU
Guylian,,,,,,Kidlington,,GB,OX5 1LQ
Gwalia Healthcare,,,,,,Pontypridd,,GB,CF37 5TF
Gwynt Y Ddraig Cider,,,,,,Pontypridd,,GB,CF38 2PW
Gymshark,,,,,,Solihull,,GB,B90 8AB
H & B Supplies,,,,,,Cardiff,,GB,CF3 2PY
H C SLINGSBY P L C,,,,,,Shipley,,GB,BD17 7LW
ESE DIRECT,,,,,,Shipley,,GB,BD17 7LW
H G Walter,,,,,,London,,GB,NW10 7FW
H MART EUROPE,,,,,,New Malden,,GB,KT3 3NW
H Young Holdings,,,,,,Newbury,,GB,RG14 1BD
H Young (Operations),,,,,,Newbury,,GB,RG14 1BD
Rohan Designs,,,,,,Newbury,,GB,RG14 1BD
H&M HENNES & MAURITZ UK,,,,,,London,,GB,W1D 1NN
H&M HENNES & MAURITZ UK SERVICES,,,,,,London,,GB,W1D 1NN
H+H UK,,,,,,Sevenoaks,,GB,TN15 9HZ
H-PACK Packaging,,,,,,Wrexham,,GB,LL12 0PG
H.B. Fuller U.K. Manufacturing,,,,,,Dukinfield,,GB,SK16 4XE
Kommerling,,,,,,Preston,,GB,PR5 8AQ
H.Bauer Publishing,,,,,,Peterborough,,GB,PE2 6EA
Bauer Consumer Media,,,,,,Peterborough,,GB,PE2 6EA
H.G. Gladwell & Sons,,,,,,Ipswich,,GB,IP8 3LA
H.I.WELDRICK,,,,,,Doncaster,,GB,DN4 5HZ
H.J. Heinz Foods UK,,,,,,London,,GB,SE1 9SG
H.L. Hutchinson,,,,,,Wisbech,,GB,PE13 2RN
H.S.Jackson & Son (Fencing),,,,,,Berkshire,,GB,RG12 1RB
Autogate Systems,,,,,,Bracknell,,GB,RG121RB
H.TEMPEST,,,,,,St. Ives,,GB,TR26 3HU
H.Weston & Sons,,,,,,Ledbury,,GB,HR8 2NQ
H2 Portes Topco,,,,,,Doncaster,,GB,DN3 1QR
BA Clic Components,,,,,,Cookstown,,GB,BT80 9LU
BA Kitchen Components,,,,,,Cookstown,,GB,BT80 9LU
HAFELE U.K,,,,,,Rugby,,GB,CV21 1RD
HAGUE PRINT MEDIA SUPPLIES,,,,,,Normanton,,GB,WF6 1TD
HAGUE COMPUTER SUPPLIES,,,,,,Normanton,,GB,WF6 1TD
PRINT SEARCH,,,,,,Manchester,,GB,M17 1PJ
PSL Print Management,,,,,,Longridge Road,,GB,PR2 5ND
HALF MOON BAY,,,,,,Melksham,,GB,SN12 6TS
HALLMARK CONSUMER SERVICES,,,,,,Leicester,,GB,LE13 1FF
HALLS FURNISHINGS,,,,,,Manchester,,GB,M16 0NL
HAMILTON'S FOODHALLS,,,,,,Co. Tyrone,,GB,BT81 7AZ
HAPPY PET PRODUCTS,,,,,,Leicester,,GB,LE7 1GU
HAPPY PLANTS,,,,,,Preston,,GB,PR4 6SN
HARBRO,,,,,,Aberdeenshire,,GB,AB53 4PA
HARRIS & BAILEY,,,,,,Surrey,,GB,CR9 6BR
HARRISON BATHROOMS,,,,,,Harrogate,,GB,HG3 1GY
HARRY'S GROOMING,,,,,,London,,GB,WC2N 4AZ
HARTMAN OUTDOOR PRODUCTS UK,,,,,,Telford,,GB,TF1 7GP
HARVEY NICHOLS AND COMPANY,,,,,,London,,GB,SW1X 7RJ
HARVEY NICHOLS (OWN BRAND) STORES,,,,,,London,,GB,SW1X 7RJ
HARVEY NICHOLS BEAUTY BAZAAR,,,,,,London,,GB,SW1X 7RJ
HARVEY NICHOLS REGIONAL STORES,,,,,,London,,GB,SW1X 7RJ
HARVEY NICHOLS.COM,,,,,,London,,GB,SW1X 7RJ
HASKETON SMITHFIELD,,,,,,Woodbridge,,GB,IP13 6JW
J.F. EDWARDS (SMITHFIELD),,,,,,London,,GB,EC1A 9PS
KEN BRIGGS,,,,,,Lincolnshire,,GB,LN8 3ER
PETER THOMPSON GROUP,,,,,,London,,GB,EC1A 9PQ
HATCH MANSFIELD AGENCIES,,,,,,Ascot,,GB,SL5 9DJ
HBI COMMERCE,,,,,,London,,GB,EC2R 7HJ
HD Plants,,,,,,Chorley,,GB,PR7 1NY
HEAD Watersports S.p.A,,,,,,Rapallo (GE),,GB,16035
HEALTHY KIDS,,,,,,Kettering,,GB,NN16 8NQ
HECK! FOOD,,,,,,Bedale,,GB,DL8 2NL
HEINEKEN BEVERAGES (UK),,,,,,Woking,,GB,GU21 6BG
HELIX TRADING,,,,,,Kingswinford,,GB,DY6 7FP
HERE WE FLO,,,,,,London,,GB,E2 8DD
HERMAN MILLER HOLDINGS,,,,,,Melksham,,GB,SN12 6GN
COLEBROOK BOSSON & SAUNDERS (PRODUCTS),,,,,,Melksham,,GB,SN12 6GN
HERMAN MILLER,,,,,,Melksham,,GB,SN12 6GN
NAUGHT ONE,,,,,,Harrogate,,GB,HG3 1UG
HERO UK FOODS,,,,,,Bournemouth,,GB,BH2 5LT
HG UKI,,,,,,Bishop's Stortford,,GB,CM22 6PU
HG&Co,,,,,,Witham,,GB,CM8 3YE
HIB,,,,,,London,,GB,EC2Y 5AU
HIGHER KINGS MILL,,,,,,Cullompton,,GB,EX15 1QJ
HILKA TOOLS (UK),,,,,,Chessington,,GB,KT9 1EU
HIPP UK,,,,,,Reading,,GB,RG10 0SQ
HIRD GROUP,,,,,,Leeds,,GB,LS1 2JT
HIRD RAIL DEVELOPMENT,,,,,,Leeds,,GB,LS1 2PX
TROUGH-TEC SYSTEMS,,,,,,Leeds,,GB,LS1 2JT
HISTORY & HERALDRY,,,,,,Rotherham,,GB,S66 8HR
HL Display UK Holding,,,,,,Harlow,,GB,CM19 5BH
HL Display,,,,,,Harlow,,GB,CM19 5BH
HL Display Harlow,,,,,,Harlow,,GB,CM19 5BH
HL Display Leeds,,,,,,Harlow,,GB,CM19 5BH
HL Hall (International),,,,,,Maidstone,,GB,ME14 5PP
HMG PAINTS,,,,,,Manchester,,GB,M40 7RU
HMS HOST,,,,,,Feltham,,GB,TW14 8HA
HOBBS HOUSE BAKERY,,,,,,Bristol,,GB,BS37 6AA
HOLCIM UK,,,,,,Coalville,,GB,LE67 1TL
HOLLAND & BARRETT INTERNATIONAL,,,,,,Nuneaton,,GB,CV10 7RH
HOMELEIGH TIMBER AND BUILDING SUPPLIES,,,,,,Tonbridge,,GB,TN12 0PY
HOT (UK),,,,,,London,,GB,EC2M 4AG
HOTHOUSE HOLDINGS,,,,,,Sheffield,,GB,S35 9ZX
HOTHOUSE BEAUTY,,,,,,Sheffield,,GB,S35 9ZX
HOUSE OF TOWNEND,,,,,,North Ferriby,,GB,HU14 3BQ
HOVIS,,,,,,High Wycombe,,GB,HP12 3QS
HP INC,,,,,,Reading,,GB,RG6 1PT
HPREF Mets Birmingham,,,,,,Birmingham,,GB,B40 1PP
HPREF Mets London,,,,,,London,,GB,W2 1JU
HSNF,,,,,,London,,GB,E1W 9US
HT Drinks Holdings,,,,,,Park Royal,,GB,NW10 7LQ
Champers (Wholesale),,,,,,Wembley,,GB,HA0 1HX
Drinksupermarket.com,,,,,,Park Royal,,GB,NW10 7LQ
HT Drinks,,,,,,Park Royal,,GB,NW10 7LQ
HTC Group,,,,,,Runcorn,,GB,WA7 3DU
HYDROGARDEN,,,,,,Coventry,,GB,CV32RN
Hachette Partworks,,,,,,London,,GB,N1 6EB
Hachette UK (Holdings),,,,,,London,,GB,EC4Y 0DZ
Hachette UK Distribution,,,,,,London,,GB,EC4Y 0DZ
Headline Publishing Group,,,,,,London,,GB,EC4Y 0DZ
Hodder & Stoughton,,,,,,London,,GB,EC4Y 0DZ
Little Brown Book Group,,,,,,London,,GB,EC4Y 0DZ
Octopus Publishing Group,,,,,,London,,GB,EC4Y 0DZ
The Orion Publishing Group,,,,,,London,,GB,EC4Y 0DZ
Hacker UK,,,,,,Covent Garden,,GB,WC2B 5AH
Hackney Gelato,,,,,,London,,GB,E17 5QJ
Haemmerlin,,,,,,Walsall,,GB,WS1 4NX
Hager,,,,,,Telford,,GB,TF1 7FT
Haier HVAC Solutions,,,,,,Whyteleafe,,GB,CR3 0AA
Haier Smart Home UK & I,,,,,,Warrington,,GB,WA3 6XG
Hain Celestial UK,,,,,,Leeds,,GB,LS15 8GB
Daniels Chilled Foods,,,,,,Leeds,,GB,LS15 8GB
Farmhouse Fare,,,,,,Leeds,,GB,LS15 8GB
Hain Frozen Foods UK,,,,,,Leeds,,GB,LS15 8GB
Hair Tools,,,,,,Ravensthorpe,,GB,WF13 3JY
Haldane Fisher,,,,,,Newry,,GB,BT35 6QQ
Haleon UK Trading,,,,,,Weybridge,,GB,KT13 0NY
Halfords Group,,,,,,Redditch,,GB,B98 0DE
Hall & Associates (Marketing),,,,,,York,,GB,YO26 6RS
Hall and Woodhouse,,,,,,Blandford Forum,,GB,DT119LS
Hallgarten Wines,,,,,,London,,GB,W1K 3JB
Hallis-Hudson Group,,,,,,Preston,,GB,PR2 5NJ
Hallmark Cards,,,,,,Bradford,,GB,BD4 6HN
Hallmark Labels,,,,,,LOUGHTON,,GB,IG10 3TZ
Halma Public Limited Company,,,,,,Amersham,,GB,HP7 0DE
ASL Holdings,,,,,,Cwmbran,,GB,NP44 3AW
Advanced Electronics,,,,,,Newcastle upon Tyne,,GB,NE12 8EW
Alpha Moisture Systems,,,,,,Horsforth,,GB,LS18 5AZ
Ampac Europe,,,,,,Alton,,GB,GU34 2UD
Apollo Fire Detectors,,,,,,Havant,,GB,PO9 1JR
Avire Trading,,,,,,Maidenhead,,GB,SL6 7RJ
Castell Safety International,,,,,,London,,GB,NW9 9PQ
Cranford Controls,,,,,,Alton,,GB,GU34 2UD
Crowcon Detection Instruments,,,,,,Abingdon,,GB,OX14 4SD
Diba Industries,,,,,,Cambridge,,GB,CB1 3HD
Elfab,,,,,,North Shields,,GB,NE29 8SD
FFE,,,,,,Hitchin,,GB,SG4 0TJ
Fortress Interlocks,,,,,,Wolverhampton,,GB,WV4 6FB
HWM-Water,,,,,,Cwmbran,,GB,NP44 3AW
Hyfire Wireless Fire Solutions,,,,,,Kenilworth,,GB,CV8 1NP
Keeler,,,,,,Windsor,,GB,SL4 4AA
M.K. Test Systems,,,,,,Wellington,,GB,TA21 9AD
MiniCam,,,,,,Little Hulton,,GB,M38 9PU
Navtech Radar,,,,,,Wantage,,GB,OX12 8PD
Nimbus Digital Solutions,,,,,,Nottingham,,GB,NG2 1NA
Nuvonic,,,,,,Slough,,GB,SL1 4LA
Palintest,,,,,,Gateshead,,GB,NE11 0NS
Ramtech Electronics,,,,,,Nottingham,,GB,NG7 1TN
Rohrback Cosasco Systems UK,,,,,,Amersham,,GB,HP7 0DE
Shaw Moisture Meters (U.K.),,,,,,Horsforth,,GB,LS18 5AZ
Halo Foods,,,,,,Newport,,GB,NP19 4XA
Hamble Distribution,,,,,,Glasgow,,GB,G3 6DR
Hamelin Brands,,,,,,Red Lodge,,GB,IP28 8WG
Hameln Pharma,,,,,,Gloucester,,GB,GL3 4AG
Hamilton-Schades Labels,,,,,,Ripley,,GB,DE5 3RZ
Hamleys of London,,,,,,London,,GB,SW1P 1BB
Hammond Food Oils,,,,,,Nottingham,,GB,NG5 8PB
Hana Group UK,,,,,,London,,GB,SW15 2TN
Hansgrohe,,,,,,Warwick,,GB,CV34 6XQ
Hanson,,,,,,Maidenhead,,GB,SL6 8QZ
Harbor Lights Entertainment (UK),,,,,,Nottingham,,GB,NG7 2UW
Hardroad,,,,,,Carnforth,,GB,LA5 9JZ
BORDER AGGREGATES,,,,,,Carnforth,,GB,LA5 9JZ
HAMILTON & BRYDIE,,,,,,Alloa,,GB,FK10 2PB
LLOYD'S SPAR QUARRIES (MOLD),,,,,,Mold,,GB,CH7 5HR
PEAKDALE QUARRY PRODUCTS,,,,,,Carnforth,,GB,LA5 9JZ
Harley-Davidson Europe,,,,,,Abingdon,,GB,OX14 4SD
Harlow Timber Group,,,,,,Loughborough,,GB,LE12 5DE
Harlow Bros,,,,,,Loughborough,,GB,LE12 5DE
Harlow Timber Systems,,,,,,Loughborough,,GB,LE12 5DE
Harlow Timber Systems (Eastern),,,,,,Loughborough,,GB,LE12 5DE
Harlows Kidderminster,,,,,,Loughborough,,GB,LE12 5DE
Harman International Industries,,,,,,Hemel Hempstead,,GB,HP3 9TD
HarperCollins Publishers,,,,,,GLASGOW,,GB,G33 1JN
Harrison Spinks Beds,,,,,,Leeds,,GB,LS11 5SB
Harrod UK,,,,,,Lowestoft,,GB,NR33 7NL
Harrods Group (Holding),,,,,,London,,GB,SW1X 7XL
Harrods,,,,,,London,,GB,SW1X 7XL
Harrods Beauty,,,,,,London,,GB,SW1X 7XL
Harrods international,,,,,,London,,GB,SW1X 7XL
Harry Corry,,,,,,Derriaghy,,GB,BT17 9HU
Harry Ramsden�s Group,,,,,,Reigate,,GB,RH2 9HZ
Hartford Holdings Group,,,,,,Huddersfield,,GB,HD3 4QG
Mantadela Bathroom Company,,,,,,Huddersfield,,GB,HD3 4QG
Thomas Crapper and Company,,,,,,Huddersfield,,GB,HD3 4QG
Trojan Plastics,,,,,,Huddersfield,,GB,HD3 4QG
Hartridges,,,,,,Hambledon,,GB,PO74AE
Harvey & Son (Lewes),,,,,,Lewes,,GB,BN7 2AH
Hasbro U.K,,,,,,Uxbridge,,GB,UB11 1ET
Haskins Group,,,,,,Ferndown,,GB,BH22 9DJ
Birdworld,,,,,,Ferndown,,GB,BH22 9DJ
Haskins Garden Centres,,,,,,Ferndown,,GB,BH22 9DJ
Hatch Brothers,,,,,,,,GB,BT45 6BB
Havwoods,,,,,,Carnforth,,GB,LA5 9FD
Hay & Brecon Farmers,,,,,,Hay-on-Wye,,GB,HR3 5BZ
Hayes Fuels,,,,,,Dungannon,,GB,BT70 TUA
Haywood and Padgett,,,,,,Barnsley,,GB,S71 3HS
Hazel 4D,,,,,,Leeds,,GB,LS18 5TN
Head Sport GmbH,,,,,,Kennelbach,,GB,6921
Heal's (1810),,,,,,London,,GB,W1T 7LQ
Healthpoint,,,,,,Blackpool,,GB,FY2 0JN
Healthspan,,,,,,St Peter Port,,GB,GY1 2QH
Healthy Food Brands,,,,,,WORTHING,,GB,BN11 1QR
Healthy Retail,,,,,,London,,GB,EC2M 6AB
Heathcoat Fabrics,,,,,,Tiverton,,GB,EX16 5LL
Heathcote & Ivory,,,,,,London,,GB,NW6 6RD
Heather Ale,,,,,,Alloa,,GB,FK10 1NT
Heaven Scent Incense,,,,,,Trowbridge,,GB,BA14 8EA
Heaven Sends,,,,,,Minworth Sutton Coldfield,,GB,B76 1AL
Hedonism Drinks,,,,,,London,,GB,W1K 3NB
85 PICCADILLY,,,,,,London,,GB,W1K 3NB
Heineken,,,,,,Edinburgh,,GB,EH2 2BD
Beavertown Brewery,,,,,,Enfield,,GB,EN3 7SR
Brixton Brewery,,,,,,London,,GB,SW9 8PF
Star Pubs Trading,,,,,,London,,GB,W1W 8HJ
Hela Brands,,,,,,Huddersfield,,GB,HD3 4EX
Helios Ingredients,,,,,,Brentford,,GB,TW8 9JQ
Hella,,,,,,Chipping Warden,,GB,OX17 1LL
Hellermanntyton,,,,,,Crawley,,GB,RH10 1DQ
Helly Hansen,,,,,,Nottingham,,GB,NG8 6AT
Hemel,,,,,,Dungannon,,GB,BT71 7SB
Hemingways Marketing Services,,,,,,Ripon,,GB,HG4 1PB
Henbrandt,,,,,,Ipswich,,GB,IP3 9SW
Henkel,,,,,,Hemel Hempstead,,GB,HP2 4RQ
Henleys Medical Supplies,,,,,,Welwyn Garden City,,GB,AL7 1AN
Hennings Wine Merchants,,,,,,Pulborough,,GB,RH20 1AQ
Henry Bell & Co (Grantham),,,,,,Grantham,,GB,NG31 7DB
Henry Schein UK Holdings,,,,,,GILLINGHAM,,GB,ME8 0SB
B.A. International,,,,,,Gillingham,,GB,ME8 0SB
Kent Express,,,,,,Gillingham,,GB,ME8 0SB
Optident,,,,,,Otley,,GB,LS21 3JP
Henton & Chattell,,,,,,Nottingham,,GB,NG2 3EW
Hepworth & Company Brewers,,,,,,Pulborough,,GB,RH20 1DJ
Herald Packaging,,,,,,Corby,,GB,NN17 5XZ
Herbalife (U.K.),,,,,,Uxbridge,,GB,UB8 1HB
Herma UK,,,,,,Haverhill,,GB,CB9 8PR
Hermes GB,,,,,,London,,GB,W1J 5LF
Hermolis & Co,,,,,,London,,GB,NW4 4DJ
Heron Foods,,,,,,Liverpool,,GB,L24 8RJ
Herrco Cosmetics,,,,,,Halesworth,,GB,IP19 8QR
Herti UK,,,,,,Camberley,,GB,GU153SY
Hewlett-Packard International Bank DAC,,,,,,Leixlip,,GB,W23 Y972
Hewlett-Packard,,,,,,Reading,,GB,RG41 5TP
Hexstone,,,,,,Stone,,GB,ST15 0SW
Heygates,,,,,,Northampton,,GB,NN7 3QH
Fine Lady Bakeries,,,,,,Northampton,,GB,NN7 3QH
Heygate Farms Swaffham,,,,,,Northampton,,GB,NN7 3QH
Heygates Country Feeds,,,,,,Northampton,,GB,NN7 3QH
Hiatt Hardware (UK),,,,,,Birmingham,,GB,B6 4SL
High Seat Holdings,,,,,,Batley,,GB,WF17 6LN
HSL Manufacturing,,,,,,Batley,,GB,WF17 6LN
High Seat,,,,,,Batley,,GB,WF17 6LN
High Street TV (Group),,,,,,Harrogate,,GB,HG3 1UF
High Trees Packers,,,,,,Near Dunmow,,GB,CM6 1NU
Higham and Higham,,,,,,Crewe,,GB,CW1 6NG
Cartridge Shop,,,,,,Stoke-On-Trent,,GB,ST1 5BB
The Cartridge People,,,,,,Crewe,,GB,CW1 6NG
Highbourne Group,,,,,,Northampton,,GB,NN6 7SL
City Plumbing Supplies Holdings,,,,,,Northampton,,GB,NN6 7SL
Direct Heating Spares,,,,,,Northampton,,GB,NN6 7SL
National Shower Spares,,,,,,Glasgow,,GB,G2 1AL
Online Home Retail,,,,,,Evesham,,GB,WR11 1GS
PTS Group,,,,,,Northampton,,GB,NN6 7SL
The Underfloor Heating Store,,,,,,Northampton,,GB,NN6 7SL
Highland Game,,,,,,Dundee,,GB,DD2 3TN
Highland Smoked Salmon (Scotland),,,,,,Fort William,,GB,PH33 7PT
Highland Spring,,,,,,Blackford,,GB,PH4 1QA
Hildon,,,,,,Broughton,,GB,SO20 8DQ
Hill & Smith,,,,,,Solihull,,GB,B90 4LH
ATG Access,,,,,,Solihull,,GB,B90 4LH
Asset International Structures,,,,,,Solihull,,GB,B90 4LH
Barkers Engineering,,,,,,Solihull,,GB,B90 4LH
Birtley Group,,,,,,Solihull,,GB,B90 4LH
Black Oldco,,,,,,Solihull,,GB,B90 4LH
Bowater Doors,,,,,,Solihull,,GB,B90 4LH
Expamet,,,,,,Shirley,,GB,B90 4LH
Hill & Smith Infrastructure,,,,,,Solihull,,GB,B90 4LH
Joseph Ash,,,,,,Solihull,,GB,B90 4LH
Lionweld Kennedy Flooring,,,,,,Solihull,,GB,B90 4LH
Mallatite,,,,,,Solihull,,GB,B90 4LH
Medway Galvanising Company,,,,,,Shirley Solihull,,GB,B90 4LH
Premier Galvanizing,,,,,,Solihull,,GB,B90 4LH
Prolectric Services,,,,,,Solihull,,GB,B90 4LH
Widnes Galvanising,,,,,,Solihull,,GB,B90 4LH
Hill Biscuits,,,,,,Ashton-Under-Lyne,,GB,OL7 0DB
Hill Brothers (Chichester),,,,,,Chichester,,GB,PO20 1NL
Hill's Pet Nutrition,,,,,,Woking,,GB,GU21 6DB
Hillbrow Produce,,,,,,London,,GB,E10 5SQ
Hills of Corby Hill,,,,,,Abingdon,,GB,OX14 4RZ
Hills of Lakeland,,,,,,Abingdon,,GB,OX14 4RZ
Hilltop Food Group,,,,,,Newtown,,GB,SY16 1DZ
Hilti (Gt.Britain),,,,,,Manchester,,GB,M1 7FS
Hilton Foods,,,,,,Belfast,,GB,BT1 6DN
Hilton International Master Holding,,,,,,Watford,,GB,WD24 4QQ
Adda Hotels,,,,,,Watford,,GB,WD24 4QQ
HLT Stakis Operator,,,,,,Watford,,GB,WD24 4QQ
Hilton International Hotels (UK),,,,,,Watford,,GB,WD24 4QQ
Hilton Worldwide,,,,,,Glasgow,,GB,G2 2LD
Maple Hotels Management Company,,,,,,Watford,,GB,WD24 4QQ
Puckrup Hall Hotel,,,,,,Watford,,GB,WD24 4QQ
Hisense UK,,,,,,Leeds,,GB,LS11 0EA
Hobbs,,,,,,London,,GB,EC2R 7HF
Hobbs The Printers,,,,,,Southampton,,GB,SO40 3WX
Hobbycraft Trading,,,,,,Christchurch,,GB,BH23 6HG
Hobsons Brewery and Company,,,,,,Kidderminster,,GB,DY14 8RB
Hodgson Sealants,,,,,,Hull,,GB,HU17 0LN
Hogs Back Brewery,,,,,,Tongham,,GB,GU10 1DE
Holcim UK Cement,,,,,,Coalville,,GB,LE67 1TL
Holden Decor,,,,,,Darwen,,GB,BB3 2QJ
Holdsworth Chocolate,,,,,,Bakewell,,GB,DE45 1PT
Holland Bazaar,,,,,,London,,GB,SE11 5QU
Holland Cooper Clothing,,,,,,Cheltenham,,GB,GL52 6UT
Hollingsworth and Vose Company (U.K.),,,,,,Cheltenham,,GB,GL54 5BB
Hollingsworth & Vose Air Filtration,,,,,,Kendal,,GB,LA8 9JJ
Hollingsworth & Vose Company,,,,,,Winchcombe,,GB,GL54 5BB
Hollister,,,,,,Wokingham,,GB,RG41 5TS
Holy Moly,,,,,,Milton Keynes,,GB,MK14 6LS
Home Decor GB,,,,,,Sheffield,,GB,S13 9AD
Homefire Group,,,,,,Sheffield,,GB,S21 1TZ
Hometime Group,,,,,,Belfast,,GB,BT3 9BW
Honda Motor Europe,,,,,,Bracknell,,GB,RG12 1HL
Honest Burgers,,,,,,London,,GB,SE1 1RU
Hoo Hing,,,,,,Dagenham,,GB,RM8 1RX
Hoobrook Holdings,,,,,,Kidderminster,,GB,DY10 1XW
Brockway Carpets,,,,,,Kidderminster,,GB,DY10 1XW
The Grosvenor Wilton Company,,,,,,Kidderminster,,GB,DY10 1XW
Hook Norton Brewery Company Limited (The),,,,,,Oxford,,GB,OX15 5NY
Hopelake Food,,,,,,Portsmouth,,GB,PO6 1TT
Hoppe (U.K.),,,,,,STANDEFORD,,GB,WV10 7GW
Horberg & Co Holdings,,,,,,Sharnbrook,,GB,MK44 1NP
Navigator MSL,,,,,,Sharnbrook,,GB,MK44 1NP
Hornby Hobbies,,,,,,Margate,,GB,CT9 4JX
Hortology,,,,,,Carlisle,,GB,CA2 7NA
Horwood Homewares,,,,,,Avonmouth,,GB,BS11 9HX
Hotcakes,,,,,,Norwich,,GB,NR6 6AQ
Hotel Chocolat,,,,,,Royston,,GB,SG8 5HL
Hotpoint UK Appliances,,,,,,Peterborough,,GB,PE2 9JB
Hotter Shoes,,,,,,Burgess Hill,,GB,RH15 9NB
Houghton Hams,,,,,,Northampton,,GB,NN3 6AX
House Of Westphalia,,,,,,Luton,,GB,LU3 3AN
Howarth Timber Group,,,,,,Leeds,,GB,LS9 0RA
Arbor Forest Products,,,,,,Barrow upon Humber,,GB,DN18 7RR
Howarth Timber Engineered Solutions,,,,,,Leeds,,GB,LS9 0RA
Howarth Timber and Building Supplies,,,,,,Leeds,,GB,LS9 0RA
Verdon Timber Group,,,,,,Leeds,,GB,LS9 0RA
Howden Joinery,,,,,,London,,GB,W1U 1QY
Hozelock,,,,,,Sutton Coldfield,,GB,B76 1AB
Huawei Technologies (UK) Co,,,,,,Reading,,GB,RG6 1PT
Hubergroup UK,,,,,,Nottingham,,GB,NG2 1NA
Huegli UK,,,,,,Redditch,,GB,B98 0RE
Huel,,,,,,Tring,,GB,HP23 4RN
Hugh Lowe Farms,,,,,,Maidstone,,GB,ME18 5NF
Hughes TV and Audio,,,,,,Beccles,,GB,NR34 7FD
Hugo Boss UK,,,,,,London,,GB,NW1 0DT
Huhtamaki (Lurgan),,,,,,,,GB,BT667JN
Huhtamaki (Lisburn),,,,,,,,GB,BT667JW
Huhtamaki,,,,,,Gosport,,GB,PO13 0PR
Huhtamaki BCP,,,,,,Blackburn,,GB,BB1 2JT
Huhtamaki Foodservice Delta,,,,,,Belfast,,GB,BT11 9DT
Humanscale,,,,,,London,,GB,EC1V 4RN
Humble Foods,,,,,,London,,GB,EC1M 5SA
Hunter & Gather Foods,,,,,,London,,GB,WC2H 9JQ
Hunter Price International,,,,,,Hollinwood,,GB,OL8 4QJ
Huntsman Advanced Materials (UK),,,,,,Cambridge,,GB,CB22 4XQ
Hurst Group (Northern),,,,,,Bradford,,GB,BD12 0UF
Hurst Joinery Projects,,,,,,Bradford,,GB,BD12 0UF
Hurst Plastics,,,,,,Bradford,,GB,BD12 0UF
Hush Homewear,,,,,,Clapham,,GB,SW4 0JW
Husqvarna UK,,,,,,Newton Aycliffe,,GB,DL5 6UP
Hutchison 3G UK,,,,,,Reading,,GB,RG2 6GF
Hyco Manufacturing,,,,,,Castleford,,GB,WF10 5NR
Hydram Engineering,,,,,,FerryHill,,GB,DL17 0SG
Hygiene Supplies Direct,,,,,,Castleford,,GB,WF10 1PA
Hyperama,,,,,,Nottingham,,GB,NG7 2UT
Hypergood,,,,,,London,,GB,EC2A 2EA
I'Anson Bros,,,,,,Ripon,,GB,HG4 4JB
I.C.S,,,,,,Bradford,,GB,BD4 8TU
I.Grunwerg,,,,,,Chesterfield,,GB,S41 9QB
IAG Loyalty Retail,,,,,,Harmondsworth,,GB,UB7 0GB
IB Group,,,,,,Loughborough,,GB,LE11 5TX
BOBBY'S FOODS,,,,,,Loughborough,,GB,LE11 5TX
WORLD OF SWEETS (DISTRIBUTION),,,,,,Loughborough,,GB,LE11 5TX
WORLD OF SWEETS (HANCOCKS),,,,,,Leicestershire,,GB,LE11 5TX
IBP Global Trading,,,,,,Kingswinford,,GB,DY6 7FT
Conex Universal,,,,,,Kingswinford,,GB,DY6 7FT
Masterflow Products,,,,,,Kingswinford,,GB,DY6 7FT
ICANDY WORLD,,,,,,Biggleswade,,GB,SG18 8UB
IDEAL STANDARD (UK),,,,,,Hull,,GB,HU5 4HS
IFC Holdings,,,,,,Aberdeen,,GB,AB10 1DQ
International Fish Canners (Scotland),,,,,,Fraserburgh,,GB,AB43 9DY
Nolan Seafoods (UK),,,,,,Aberdeen,,GB,AB10 1DQ
Nor-Sea Foods,,,,,,Fraserburgh,,GB,AB43 9DY
IFit Health & Fitness,,,,,,Altrincham,,GB,WA14 2DT
IG Design Group,,,,,,Newport Pagnell,,GB,MK16 9PX
IGA Global,,,,,,Colchester,,GB,CO2 8HA
IHP,,,,,,London,,GB,W1W 8BD
IIAA,,,,,,London,,GB,SE1 9HA
IKEA,,,,,,London,,GB,EC4M 9DQ
IKO Insulations,,,,,,Huntingdon,,GB,PE28 4YA
IKO,,,,,,Wigan,,GB,WN6 9AB
IMAGE ON FOOD,,,,,,Market Drayton,,GB,TF9 3UX
IMEX CERAMICS,,,,,,Hailsham,,GB,BN27 1DW
IMMEDIATE MEDIA COMPANY LONDON,,,,,,London,,GB,W6 7BT
RIVER STREET EVENTS,,,,,,London,,GB,W6 7BT
UPPER STREET EVENTS,,,,,,London,,GB,W6 7BT
IMS Euro,,,,,,Stockport,,GB,SK3 0XA
INDIGO FOOD GROUP,,,,,,Bristol,,GB,BS1 6FL
B M FOODS,,,,,,Bristol,,GB,BS1 6FL
EDGMOND FOODS,,,,,,Telford,,GB,TF7 4QR
WINNING BLEND,,,,,,Pontyclun,,GB,CF72 8LF
INDO EUROPEAN FOODS,,,,,,London,,GB,N1 7GU
INGRAM MICRO SERVICES,,,,,,Norwich,,GB,NR6 6AQ
INSIGHTFUL BRANDS,,,,,,Manchester,,GB,M3 4AP
INSPIRED GLOBAL CUISINE,,,,,,Manchester,,GB,M18 8BW
INTATEC,,,,,,STAFFORD,,GB,ST18 0PF
INTEGRITY COMMUNICATIONS GROUP,,,,,,Midsomer Norton,,GB,BA3 4BS
A1 SECURITY PRINT,,,,,,Birmingham,,GB,B21 8JB
INTEGRITY PRINT,,,,,,Midsomer Norton,,GB,BA3 4BS
INTERCONTINENTAL BRANDS (ICB),,,,,,Middlesbrough,,GB,TS3 8TB
INTERFUSE,,,,,,Leicestershire,,GB,LE4 5PR
INTERIOR GOODS DIRECT,,,,,,Huddersfield,,GB,HD5 0RH
INTERNATIONAL DIPLOMATIC SUPPLIES,,,,,,Crawley,,GB,RH10 1HT
IPL Plastics (UK),,,,,,Tamworth,,GB,B79 7UL
IPS Adhesives Europe,,,,,,Edinburgh,,GB,EH2 2AF
IPSOSOLO,,,,,,Leeds,,GB,LS12 6AJ
IRMA Management,,,,,,Winchester,,GB,SO23 9HJ
IRSAP UK,,,,,,East Grinstead,,GB,RH19 2HU
ISAAC TIMMINS,,,,,,Huddersfield,,GB,HD1 6PB
JOHNSONS WELLFIELD,,,,,,Huddersfield,,GB,HD1 6PB
MYERS BUILDING SUPPLIES,,,,,,Huddersfield,,GB,HD1 6PB
ISLE OF HARRIS DISTILLERS,,,,,,TARBERT,,GB,HS3 3DJ
ISS,,,,,,Weybridge,,GB,KT13 0SL
IT Luggage,,,,,,Hertford,,GB,SG13 7NN
ITS Cycling,,,,,,Horsham,,GB,RH13 8AU
ITSU,,,,,,London,,GB,SW1P 1BX
ITSU [GROCERY],,,,,,London,,GB,SW1H 0EU
ITW,,,,,,Windsor,,GB,SL4 1EN
Shinemark,,,,,,Windsor,,GB,SL4 1EN
Stokvis Tapes,,,,,,Tring,,GB,HP23 4JX
ITX UK,,,,,,London,,GB,W1S 1DA
IVYLINE,,,,,,Kenilworth,,GB,CV8 2LG
Ian Edgar(Liverpool)Ltd,,,,,,Macclesfield,,GB,SK11 0LR
Ian Macleod Distillers,,,,,,Broxburn,,GB,EH52 5LY
Ibstock,,,,,,Ibstock,,GB,LE67 6HS
ANDERTON CONCRETE PRODUCTS,,,,,,Leicestershire,,GB,LE67 6HS
FORTICRETE,,,,,,Ibstock,,GB,LE67 6HS
IBSTOCK BRICK,,,,,,Leicestershire,,GB,LE67 6HS
Longley Concrete,,,,,,Ibstock,,GB,LE67 6HS
SUPREME CONCRETE,,,,,,Leicestershire,,GB,LE67 6HS
Iceco,,,,,,Pontefract,,GB,WF9 3AP
Iceland Foods,,,,,,Deeside,,GB,CH5 2NW
Ichiban,,,,,,Bury St. Edmunds,,GB,IP30 9RT
Icon Protection EMEA,,,,,,Aberdeen,,GB,AB10 1JB
Iconic London (Holdings),,,,,,London,,GB,EC3A 7BA
Igloo Books,,,,,,London,,GB,WC2A 3QG
Igus (UK),,,,,,Northampton,,GB,NN4 7PW
Il-UK Fresh Produce,,,,,,Harrow,,GB,HA2 9QL
Illycaffe,,,,,,Northampton,,GB,NN4 7DY
Impact (Boston),,,,,,Skegness,,GB,PE25 2AT
Imperial Chemical Industries,,,,,,Slough,,GB,SL2 5DS
Imperial Tobacco,,,,,,Bristol,,GB,BS3 2LL
Incos,,,,,,Harrow,,GB,HA1 2EN
Indevin UK,,,,,,London,,GB,WC1N 2EB
Indicor International Holding,,,,,,Birmingham,,GB,B3 2DX
AMOT UK Holdings,,,,,,Birmingham,,GB,B3 2DX
Advanced Sensors,,,,,,Carrickfergus,,GB,BT38 8YF
Logitech,,,,,,Old Kilpatrick,,GB,G60 5EU
Technolog,,,,,,Matlock,,GB,DE4 4FY
Indus Foods,,,,,,Birmingham,,GB,B11 1BH
Indutrade UK,,,,,,Manchester,,GB,M23 9WB
A L H Systems,,,,,,Westbury,,GB,BA13 4WE
Adaero Precision Components,,,,,,Crediton,,GB,EX17 1HN
Adam Equipment Co,,,,,,Milton Keynes,,GB,MK10 0BD
Advance Technical Systems,,,,,,Cleckheaton,,GB,BD19 5DZ
Alphr Technology,,,,,,Letchworth Garden City,,GB,SG6 1UG
Bailey Morris,,,,,,Eaton Socon,,GB,PE19 8GE
Beldam Crossley,,,,,,Bolton,,GB,BL6 4BL
Birmingham Specialities,,,,,,Birmingham,,GB,B6 7HE
Corrosion Resistant Products,,,,,,Littleborough,,GB,OL15 9EG
Datum Electronics,,,,,,East Cowes,,GB,PO32 6EZ
Ellard,,,,,,Manchester,,GB,M23 9WB
Filtration,,,,,,Bristol,,GB,BS11 8AT
Flowstop,,,,,,Westbury,,GB,BA13 4WE
Fluid Controls,,,,,,Aldermaston,,GB,RG7 2PQ
Geosense,,,,,,Bury St Edmunds,,GB,IP30 9ND
Micro Spring & Presswork Company Limited(The),,,,,,Redditch,,GB,B97 6BL
Milltech Precision Engineering,,,,,,Norwich,,GB,NR13 6GA
Natgraph,,,,,,Nottingham,,GB,NG6 8WA
Pipe Equipment Specialists,,,,,,Stockton on Tees,,GB,TS17 9LT
Precision Products (UK),,,,,,Chesterfield,,GB,S41 9RQ
Puretech Systems,,,,,,Salfords,,GB,RH1 5HW
Sunflower Medical,,,,,,Bradford,,GB,BD4 6SE
Trelawny SPT,,,,,,Leamington Spa,,GB,CV31 1XT
Vacuum Engineering Services,,,,,,Manchester,,GB,M32 0ZE
Verplas,,,,,,Verwood,,GB,BH31 6HA
Infinite Towers Services,,,,,,London,,GB,E14 5HU
Infinity Foods Co-Operative,,,,,,Brighton,,GB,BN1 1YA
Infinity Reliance,,,,,,Northampton,,GB,NN4 5FB
Inga Group,,,,,,Pontefract,,GB,WF8 3HQ
ULRICK & SHORT,,,,,,Pontefract,,GB,WF8 3HQ
Innate-Essence,,,,,,London,,GB,W3 7DA
Innocent,,,,,,London,,GB,W10 5BU
Innospec International,,,,,,Ellesmere Port,,GB,CH65 4EY
Innospec,,,,,,Ellesmere Port,,GB,CH65 4EY
Innospec Performance Chemicals Europe,,,,,,Ellesmere Port,,GB,CH65 4EY
Innovate Foods,,,,,,Kirkcaldy,,GB,KY1 2YG
Inovyn ChlorVinyls,,,,,,Runcorn,,GB,WA7 4EL
Insignia Manufacturing,,,,,,Corby,,GB,NN17 5ZA
Insinkerator,,,,,,Watford,,GB,WD18 8YA
Inspired Pet Nutrition,,,,,,Thirsk,,GB,YO7 3HE
Instadecor,,,,,,Houghton Regis,,GB,LU5 5AW
Instarmac Group,,,,,,Tamworth,,GB,B78 1SE
Intamarque,,,,,,Tewkesbury,,GB,GL20 8NB
Integral Memory,,,,,,Iron Bridge Business Park,,GB,NW10 0UF
Inter- Line Building Supplies,,,,,,Torquay,,GB,TQ2 7BD
Intercarabao,,,,,,Reading,,GB,RG7 4SA
Intercoat Industrial Paints,,,,,,Walsall,,GB,WS2 9NW
Interfloor,,,,,,Rossendale,,GB,BB4 4LS
Interflora British Unit,,,,,,Sleaford,,GB,NG34 7TB
Intergas Heating,,,,,,Kidderminster,,GB,DY11 7AR
International Cookware,,,,,,Seaham,,GB,SR7 0PU
International Dance Supplies,,,,,,Newton Abbot,,GB,TQ12 4BT
International Exhibition Co-Operative Wine Society,,,,,,Stevenage,,GB,SG1 2BT
International Paint,,,,,,Slough,,GB,SL2 5DS
Flexcrete Technologies,,,,,,Slough,,GB,SL2 5DS
International Procurement and Logistics,,,,,,Leeds,,GB,LS11 5AD
Forza Foods,,,,,,Leeds,,GB,LS11 5AD
Kober,,,,,,Leeds,,GB,LS11 5AD
International Tissue Company,,,,,,Blackburn,,GB,BB1 6AR
Intertape Packaging,,,,,,Widnes,,GB,WA8 8GS
Invensys,,,,,,Telford,,GB,TF3 3BL
Schneider Electric Controls,,,,,,Telford,,GB,TF3 3BL
Schneider Electric Systems,,,,,,Telford,,GB,TF3 3BL
Inver House Distillers,,,,,,Airdrie,,GB,ML6 8FU
Ionic Products,,,,,,Lisburn,,GB,BT27 5QB
IronmongeryDirect,,,,,,Basildon,,GB,SS13 1ND
Iseki UK & Ireland,,,,,,Ipswich,,GB,IP3 9RT
Island Drinks,,,,,,London,,GB,SE11 5DP
Isle of Wight Distillery,,,,,,Ryde,,GB,PO33 1PX
Italian Beverage Company,,,,,,Stevenage,,GB,SG1 3EE
Italian Coffee Holdings,,,,,,London,,GB,WC2H 9QL
Coffee #1,,,,,,London,,GB,WC2H 9QL
Harris and Hoole,,,,,,London,,GB,WC2H 9QL
Nero Coffee Roasting,,,,,,London,,GB,WC2H 9QLWC2H 9QL
Nero Holdings,,,,,,London,,GB,WC2H 9QL
Iveco,,,,,,Basildon,,GB,SS14 3EZ
Ivor Shaw,,,,,,Derby,,GB,DE24 8WY
Ivory & Ledoux,,,,,,London,,GB,W1W 6XH
J & E Dickinson,,,,,,Holmfirth,,GB,HD9 2JD
J & J Wilson (Shops),,,,,,Hunstanton,,GB,PE36 6HS
J & K Henderson Enterprises,,,,,,Bolton,,GB,BL5 3XU
J & Mitchell & Company,,,,,,Campbeltown,,GB,PA286ET
J D Wetherspoon,,,,,,Watford,,GB,WD24 4QL
J O SIMS,,,,,,Lincolnshire,,GB,PE11 3TJ
J. & H.M. Dickson,,,,,,Glasgow,,GB,G73 1RW
J. Pao & Co,,,,,,Dunstable,,GB,LU54TP
J. Parker Dutch Bulbs (Wholesale),,,,,,Manchester,,GB,M16 9FG
J. V. Barrett & Co,,,,,,Bristol,,GB,BS30 8TY
Barrettine Products,,,,,,Bristol,,GB,BS15 5TY
Woodman Hill,,,,,,Bristol,,GB,BS30 8TY
J. Wild(Confectioners),,,,,,Keighley,,GB,BD20 6RB
J.A. JONES & SONS (CHURCHTOWN),,,,,,Merseyside,,GB,PR9 7NT
J.Barbour & Sons,,,,,,South Shields,,GB,NE34 9PD
J.C. & R.H. Palmer,,,,,,Bridport,,GB,DT6 4JA
J.C. Peacock & CO,,,,,,Ayr,,GB,KA88AE
J.C.S. FISH,,,,,,Grimsby,,GB,DN31 1LW
J.Chandler & Company (Buckfast),,,,,,Weyhill,,GB,SP11 8DN
J.Choo,,,,,,,,GB,SW1P 1GW
J.D. Williams & Company,,,,,,Manchester,,GB,M60 6ES
J.F. McKenna,,,,,,Armagh,,GB,BT61 8AE
J.H. Leeke and Sons,,,,,,Pontyclun,,GB,CF72 8PN
Bottlers & Distillers (Wales),,,,,,Pontyclun,,GB,CF72 8PN
Leekes,,,,,,Pontyclun,,GB,CF72 8PN
Vale of Glamorgan Hotel,,,,,,Pontyclun,,GB,CF72 8PN
J.P. Boden & Co,,,,,,London,,GB,NW10 6NY
J.P.McDougall & Co,,,,,,Slough,,GB,SL2 5DS
J.R. Dalziel,,,,,,Bellshill,,GB,ML4 3NS
Dalziel,,,,,,Bellshill,,GB,ML4 3NS
Dalziel Ingredients,,,,,,Hebburn,,GB,NE31 2JZ
Rillatech,,,,,,Chesterfield,,GB,S41 9RD
J.Rainford and Sons,,,,,,Chorley,,GB,PR7 5EB
J.STELL & SONS,,,,,,Keighley,,GB,BD21 4AF
J.T.DOVE,,,,,,Newcastle Upon Tyne,,GB,NE15 8SF
J.T.S. (Cushions),,,,,,Keighley,,GB,BD21 5JG
J.W. Filshill,,,,,,Renfrew,,GB,PA4 8DJ
Differentiator Brands,,,,,,Renfrew,,GB,PA4 8DJ
J.W.Lees & Co.(Brewers)Limited,,,,,,Manchester,,GB,M24 2AX
JABLITE GROUP,,,,,,Nr Arundel,,GB,BN18 0BD
BEWI INSULATION & CONSTRUCTION,,,,,,Nr Arundel,,GB,BN18 0BD
BEWI PACKAGING & COMPONENTS,,,,,,Nr Arundel,,GB,BN18 0BD
JAINES & SON (GRIMSBY),,,,,,GRIMSBY,,GB,DN31 3SY
JAKKS Pacific,,,,,,Bracknell,,GB,RG12 1WA
JAMES BURRELL,,,,,,Tyne And Wear,,GB,NE8 2BR
JAMES COLES & SONS (NURSERIES),,,,,,Leics,,GB,LE7 9QB
JAMES HALL AND COMPANY (HOLDINGS),,,,,,Preston,,GB,PR2 5QT
ALSTON DAIRY,,,,,,Preston,,GB,PR2 5QT
CLAYTON PARK BAKERY,,,,,,Preston,,GB,PR2 5QT
FAZILA FOODS,,,,,,Preston,,GB,PR2 5QT
GAP CONVENIENCE DISTRIBUTION,,,,,,Preston,,GB,PR2 5QT
GRAHAM EYES HIGH CLASS BUTCHERS,,,,,,Preston,,GB,PR2 5QT
JAMES HALL AND COMPANY,,,,,,Preston,,GB,PR2 5QT
JARROLD RETAIL,,,,,,Norwich,,GB,NR3 1SH
JAYBEAM,,,,,,Wellingborough,,GB,NN8 6AX
JBS GLOBAL (UK),,,,,,BOREHAMWOOD,,GB,WD6 1JN
JBS Industries,,,,,,West Bromwich,,GB,B70 8BG
Coburn Sliding Systems,,,,,,Godmanchester,,GB,PE29 2XN
Consort,,,,,,Nottingham,,GB,NG17 6AF
Nico Manufacturing,,,,,,Clacton-on-Sea,,GB,CO15 3TJ
JD Sports Fashion,,,,,,Bury,,GB,BL9 8RR
A Number of Names,,,,,,London,,GB,EC2A 4HJ
Blacks Outdoor Retail,,,,,,Bury,,GB,BL9 8RR
Go Outdoors Retail,,,,,,Bury,,GB,BL9 8RR
Graham Tiso,,,,,,Edinburgh,,GB,EH6 6JD
Hip Store,,,,,,Bury,,GB,BL9 8RR
JD Sports Gyms,,,,,,Bury,,GB,BL9 8RR
Leisure-Lakes,,,,,,Manchester,,GB,M26 2JW
Mainline Menswear,,,,,,Bury,,GB,BL9 8RR
Naylor's Equestrian,,,,,,Bury,,GB,BL9 8RR
Size?,,,,,,Bury,,GB,BL9 8RR
JDM FOOD GROUP,,,,,,West Yorkshire,,GB,WF5 9AX
JDS Spreads,,,,,,London,,GB,EC1V 2NX
JEMELLA,,,,,,London,,GB,W1D 3SP
JEROBOAMS TRADE,,,,,,London,,GB,W11 4LJ
JEROBOAMS SHOPS,,,,,,London,,GB,W11 4LJ
JFC (UK),,,,,,Hayes,,GB,UB3 4FR
JFH Horticultural Supplies,,,,,,Sandbach,,GB,CW11 3PA
JIM LAWRENCE TRADITIONAL IRONWORK,,,,,,Hadleigh,,GB,IP7 6BQ
Suffolk Glass,,,,,,Sudbury,,GB,CO10 8QS
JIMMY'S ICED COFFEE,,,,,,Hemel Hempstead,,GB,HP2 4TZ
JJ Food Service,,,,,,Enfield,,GB,EN3 7XY
JK Powell,,,,,,Nottingham,,GB,NG15 7AW
JK labs,,,,,,London,,GB,N1 7GU
JLM PRODUCE,,,,,,Croydon,,GB,CR0 8BJ
JM Brands,,,,,,Bedford,,GB,MK42 9TW
JM Packaging,,,,,,Malton,,GB,YO17 6AB
JM Posner,,,,,,Ashford,,GB,TN24 8LF
PARAMOUNT CONTRACTS GB,,,,,,Ashford,,GB,TN24 8LF
JMC Packaging,,,,,,Graigavon,,GB,BT63 5QE
Fieldpax,,,,,,Peterborough,,GB,PE7 1PD
Infia,,,,,,Peterborough,,GB,PE7 1PD
Verti-Pack,,,,,,Peterborough,,GB,PE7 1PD
JMJ Bulk Packaging,,,,,,Leicester,,GB,LE4 9LJ
JOHN HENDERSON (HOLDINGS),,,,,,County Antrim,,GB,BT36 4RT
HENDERSON FOODSERVICE,,,,,,Newtownabbey,,GB,BT36 4RT
HENDERSON RETAIL,,,,,,Newtownabbey,,GB,BT36 4RT
HENDERSON WHOLESALE,,,,,,Newtownabbey,,GB,BT36 4RT
JOHN WEST FOODS,,,,,,Liverpool,,GB,L3 1BP
JOHN WOODS (LISGLYN),,,,,,Armagh,,GB,BT60 4EZ
JOSEPH PARR GROUP,,,,,,Liverpool,,GB,L30 6UU
BUILDERS SUPPLY COMPANY LIMITED (THE),,,,,,Glasgow,,GB,G71 8BS
JOSEPH PARR,,,,,,Liverpool,,GB,L30 6UU
JOSEPH PARR (ALCO),,,,,,Liverpool,,GB,L30 6UU
JOSEPH PARR (MIDDLESBROUGH),,,,,,Liverpool,,GB,L30 6UU
JOSEPH PARR (NORTHANTS),,,,,,Liverpool,,GB,L30 6UU
PARR ROCHDALE,,,,,,Liverpool,,GB,L30 6UU
W.& H.S.EMERY COMPANY,,,,,,Liverpool,,GB,L30 6UU
JOTUN PAINTS (EUROPE),,,,,,Flixborough Scunthorpe,,GB,DN15 8RR
JOULE HOT WATER SYSTEMS,,,,,,Pontefract,,GB,WF8 4PS
JOY,,,,,,Aylesbury,,GB,HP22 6PE
JRP Distribution,,,,,,Chichester,,GB,PO20 2FT
JSP,,,,,,Cheltenham,,GB,GL50 3PR
JUTEXPO,,,,,,Evesham,,GB,WR11 8SN
JUUL Labs,,,,,,London,,GB,SW1H 0DB
JUVELA,,,,,,Liverpool,,GB,L24 8RN
JVCKENWOOD U.K,,,,,,Watford,,GB,WD18 8YX
JYSK,,,,,,Stockport,,GB,SK7 5BW
Jack Sealey,,,,,,Colchester,,GB,CO4 9YQ
Jack Wolfskin,,,,,,London,,GB,SW1H 0BL
Jackson Nugent Vintners,,,,,,Horsham,,GB,RH12 4QD
Jacksons (Clear-Glass),,,,,,Chessington,,GB,KT9 1SG
Jacob Beatus,,,,,,Rhondda,,GB,CF39 9SP
Jacobs & Turner,,,,,,Glasgow,,GB,G41 1LU
Jacobs Douwe Egberts GB,,,,,,Maidenhead,,GB,SL6 4AY
Jacuzzi Spa and Bath,,,,,,Gildersome Morley,,GB,LS27 7LE
Jaguar Land Rover,,,,,,Coventry,,GB,CV3 4LF
Bowler Motors,,,,,,Coventry,,GB,CV3 4LF
James Briggs,,,,,,Oldham,,GB,OL2 6HZ
James Burden,,,,,,London,,GB,EC1A 9PS
James Convenience Retail,,,,,,Chesterfield,,GB,S43 4FD
Eastcliffe News Shops,,,,,,Chesterfield,,GB,S43 4FD
Maynews,,,,,,Chesterfield,,GB,S43 4FD
Rippleglen,,,,,,Chesterfield,,GB,S43 4FD
Supernews Stores,,,,,,Chesterfield,,GB,S43 4FD
James Cropper,,,,,,Kendal,,GB,LA9 6PZ
James Cropper 3D Products,,,,,,Kendal,,GB,LA9 6PZ
James Cropper Converting,,,,,,Kendal,,GB,LA9 6PZ
James Cropper Speciality Papers,,,,,,Kendal,,GB,LA9 6PZ
Technical Fibre Products,,,,,,Kendal,,GB,LA9 6PZ
James Galt & Co,,,,,,Cheadle,,GB,SK8 2EA
James Hamilton & Company (Lurgan),,,,,,Lurgan,,GB,BT66 8DH
James Hardie Building Products,,,,,,London,,GB,EC4M 7WS
James Johnston & Co. of Elgin,,,,,,Elgin,,GB,IV30 4AF
James Mackle,,,,,,Moy,,GB,BT71 6SW
James McIntyre & Sons,,,,,,Blairgowrie,,GB,PH10 6UT
James T Blakeman & Co (Holdings),,,,,,Hessle,,GB,HU13 0PA
James Walker Group,,,,,,Woking,,GB,GU22 8AP
Devol Engineering,,,,,,Gourock,,GB,PA19 1FB
James Walker & Co,,,,,,Woking,,GB,GU22 8AP
James Walker Moorflex,,,,,,Woking,,GB,GU22 8AP
James Walker Townson,,,,,,Woking,,GB,GU22 8AP
Kea-Flex Mouldings,,,,,,Woking,,GB,GU22 8AP
Tiflex,,,,,,Woking,,GB,GU22 8AP
James White Drinks,,,,,,Ipswich,,GB,IP6 9JS
James and James Fulfilment,,,,,,Northampton,,GB,NN4 7JE
Janice and Brian Scott t/a Rich's Cider,,,,,,Highbridge,,GB,TA9 4RD
Janome,,,,,,Stockport,,GB,SK6 2SP
Janssen-Cilag,,,,,,High Wycombe,,GB,HP12 4EG
Jardin Corrugated Cases,,,,,,Birmingham,,GB,B30 3JN
Jardox,,,,,,Sevenoaks,,GB,TN14 5EL
Jason Plastics,,,,,,Bury,,GB,BL9 7HZ
Jay-Be,,,,,,Dewsbury,,GB,WF13 3LN
Jaz Toys,,,,,,London,,GB,N7 8LE
Jeld-Wen,,,,,,Sheffield,,GB,S9 1DZ
Jellycat,,,,,,London,,GB,W12 7FQ
Jempsons Supermarkets,,,,,,Rye,,GB,TN31 6YD
Jet2.com,,,,,,Leeds,,GB,LS19 7TU
Jigsaw Marketing and Media,,,,,,Wells,,GB,BA5 1FD
Joe Browns,,,,,,Leeds,,GB,LS11 0BT
Joe Davies (Manchester),,,,,,Stockport,,GB,SK5 7GA
Joe's Gourmet Foods,,,,,,Woodford Green,,GB,IG8 9HD
John & Pascalis,,,,,,London,,GB,NW2 7AX
John Artis,,,,,,Chessington,,GB,KT9 1SF
John C.Brow,,,,,,Belfast,,GB,BT5 6SA
John Cotton Group,,,,,,Leeds,,GB,LS1 5AB
John Coulthurst (Egg Packers),,,,,,Preston,,GB,PR4 6SN
John Davidson (Pipes),,,,,,Inverurie,,GB,AB51 0YQ
John Dewar and Sons,,,,,,London,,GB,SW1P 1QN
John E.Fells & Sons,,,,,,Kings Langley,,GB,WD4 8LH
John George & Sons,,,,,,Reading,,GB,RG30 6AZ
John Henshall (Fruit Salesmen),,,,,,Manchester.11,,GB,M11 2WP
John Hogarth,,,,,,Kelso,,GB,TD5 7HP
John Hornby Skewes And Company,,,,,,Leeds,,GB,LS25 2HR
John Kilby & Son,,,,,,Birmingham,,GB,B47 5HH
John Lewis,,,,,,London,,GB,SW1V 2QQ
Dishpatch,,,,,,London,,GB,SW1V 2QQ
Herbert Parkinson,,,,,,London,,GB,SW1V 2QQ
Waitrose,,,,,,London,,GB,SW1V 2QQ
John Mackle (Moy),,,,,,Dungannon,,GB,BT71 6SL
John Mills,,,,,,London,,GB,W4 5RU
John Pye & Sons,,,,,,Nottingham,,GB,NG7 7EA
John Saul,,,,,,Boston,,GB,PE22 0AA
John Sheppard Butchers,,,,,,Bristol,,GB,BS2 9XS
John Thomas & Sons (Aberaeron),,,,,,Aberaeron,,GB,SA46 0AS
John Veitch,,,,,,Halifax,,GB,HX7 5HZ
Johnson & Johnson Medical,,,,,,Edinburgh,,GB,EH3 9QP
Johnson Brothers (Belfast),,,,,,Lisburn,,GB,BT27 5QR
Johnsons Nurseries,,,,,,York,,GB,YO26 8AQ
Johnsons Veterinary Products,,,,,,Sutton Coldfield,,GB,B75 7DF
Jojo Maman Bebe,,,,,,London,,GB,SW8 3NS
Joseph Gleave & Son,,,,,,Manchester,,GB,M32 0NB
Joseph Heler,,,,,,Nantwich,,GB,CW5 7PE
Joseph Holt,,,,,,Manchester,,GB,M3 1JD
Joseph Joseph,,,,,,London,,GB,SE1 0NL
Journeys End Vineyards,,,,,,London,,GB,W6 9DJ
Jubb (UK),,,,,,Leicester,,GB,LE18 2FL
Jubel,,,,,,London,,GB,SE11 5DP
Juice Global,,,,,,Banbury,,GB,OX16 5TY
Julian Bowen,,,,,,London,,GB,SW15 6NP
Juniper Networks,,,,,,Staines,,GB,TW18 3BA
Just Eat.co,,,,,,London,,GB,EC4M 7RF
Just Kampers,,,,,,Hook,,GB,RG29 1JE
Just Peel,,,,,,Goole,,GB,DN14 9JR
Just Trays,,,,,,Farnley,,GB,LS12 5JB
K & G McAtamney (Wholesale Meats),,,,,,Ballymena,,GB,BT42 4QJ
K & Z Newhaven,,,,,,London,,GB,EC1R 5HL
K&Z Crawley,,,,,,London,,GB,EC1R 5HL
K&Z South London,,,,,,London,,GB,EC1R 5HL
K.B. Packaging (UK),,,,,,Ilkeston,,GB,DE7 4RA
K.M. Packaging Services,,,,,,Oundle,,GB,PE8 4EF
K.T.C. (Edibles),,,,,,Wellingborough,,GB,NN8 2DT
Cardowan Creameries,,,,,,Glasgow,,GB,G31 4BT
Piquant,,,,,,Wellingborough,,GB,NN8 2DT
KARMA DRINKS UK,,,,,,London,,GB,EC2A 4NE
KARO HEALTHCARE,,,,,,Maidenhead,,GB,SL6 1RL
NUTRAVITA,,,,,,Maidenhead,,GB,SL6 1RL
KBF Enterprises,,,,,,Manchester,,GB,M17 1SB
KCI Medical,,,,,,Loughborough,,GB,LE11 5RB
KEENWORK,,,,,,Bristol,,GB,BS3 2SS
BAILEY CARAVANS,,,,,,Bristol,,GB,BS3 2SS
PRIMA LEISURE,,,,,,Bristol,,GB,BS32 4QA
KENDON PACKAGING GROUP PUBLIC LIMITED COMPANY,,,,,,Enfield,,GB,EN3 7FL
KENT PHARMA UK,,,,,,Ashford,,GB,TN23 1FB
KERRY INGREDIENTS (UK),,,,,,Bristol,,GB,BS20 7NZ
KESTERPORT,,,,,,Chertsey,,GB,KT16 9JX
KETTLER (G.B.),,,,,,North Moons Moat,,GB,B98 9HL
KIKO,,,,,,London,,GB,W1B 3AQ
KILLGERM GROUP,,,,,,Ossett,,GB,WF5 9AJ
KILLGERM CHEMICALS,,,,,,Ossett,,GB,WF5 9AJ
PESTWEST ELECTRONICS,,,,,,Ossett,,GB,WF5 9AJ
KINGSTOWN ASSOCIATES,,,,,,DRIFFIELD,,GB,YO25 9DJ
KIRIL MISCHEFF,,,,,,London,,GB,SE1 9PL
Annessa Imports Limtied,,,,,,Worksop,,GB,S81 7QF
Primepak Foods,,,,,,Driffield,,GB,YO25 9DJ
KMI Brands,,,,,,London,,GB,WC2B 6ST
KOBAYASHI HEALTHCARE EUROPE,,,,,,Chiswick,,GB,W4 5PY
KOMATSU UK,,,,,,Chester Le Street,,GB,DH3 2QX
KONG COMPANY,,,,,,Salisbury,,GB,SP4 6AT
KOREA FOODS COMPANY,,,,,,New Malden,,GB,KT3 4PH
KORG,,,,,,Milton Keynes,,GB,MK5 8PA
KP Snacks,,,,,,Slough,,GB,SL1 2BE
KPSS,,,,,,London,,GB,WC2N 4HN
KRISPY KREME U.K,,,,,,Camberley,,GB,GU16 7PQ
KRONOSPAN,,,,,,Wrexham,,GB,LL14 5NT
KWS UK,,,,,,Royston,,GB,SG8 7RE
Kallo Foods,,,,,,Camberley,,GB,GU17 9AB
Kanes Foods,,,,,,Evesham,,GB,WR11 8JS
Kao,,,,,,London,,GB,EC1A 2DY
Karaca Porcelain UK,,,,,,London,,GB,N15 4QD
Karcher (U.K.),,,,,,Banbury,,GB,OX16 3ED
Karmel Foods,,,,,,London,,GB,W9 2PY
Karndean International,,,,,,Evesham,,GB,WR11 1GP
Karsten UK,,,,,,Spalding,,GB,PE11 3YP
Katsouris Brothers,,,,,,Hessle,,GB,HU13 0PA
Kavli UK,,,,,,Tyne & Wear,,GB,NE11 0ST
Castle MacLellan Foods,,,,,,Dumfries&Galloway,,GB,DG6 4DR
Primula,,,,,,Gateshead,,GB,NE11 0ST
Kawasaki Motors UK,,,,,,Bourne End,,GB,SL8 5XF
Kebur Garden Materials,,,,,,Farnborough,,GB,GU14 6JD
Kebur Stone Imports,,,,,,Camberley,,GB,GU15 3SY
Keejays,,,,,,Ipswich,,GB,IP7 6RD
Keel Toys,,,,,,Ashford,,GB,TN24 0SG
Keeling Andrew & Co,,,,,,London,,GB,WC1N 3NB
Keen & Toms Holdings,,,,,,Princes Risborough,,GB,HP27 9RT
Kefco Sales,,,,,,Rochford,,GB,SS4 1GP
Kefla,,,,,,Buckingham,,GB,MK18 1TF
Keith Spicer,,,,,,Wimborne,,GB,BH21 7PN
Kellaway Building Supplies,,,,,,Bristol,,GB,BS34 5TA
Kellogg Marketing and Sales Company (UK),,,,,,Manchester,,GB,M50 2HF
KellyDeli,,,,,,London,,GB,EC2A 3HZ
Kellys Supermarkets,,,,,,Maghera,,GB,BT46 5AB
DSP Supermarkets,,,,,,Maghera,,GB,BT46 5AB
Falcarrow,,,,,,Maghera,,GB,BT46 5AB
Kemetyl,,,,,,Ascot,,GB,SL5 7ET
Kendal Nutricare,,,,,,Kendal,,GB,LA9 6NL
Kennedy Enterprises,,,,,,Shrewsbury,,GB,SY2 6FG
Kenneth Green Associates,,,,,,Weybridge,,GB,KT13 8RX
Kentmere,,,,,,Huntingdon,,GB,PE19 2HF
Kentucky Fried Chicken (Great Britain),,,,,,Woking,,GB,GU22 7NJ
Clokken,,,,,,Woking,,GB,GU22 7NJ
Kenvue,,,,,,Reading,,GB,RG1 1LN
Kenwood,,,,,,Havant,,GB,PO9 2NH
Kepak Kirkham,,,,,,Preston,,GB,PR4 2DZ
Kerakoll,,,,,,Leyland,,GB,PR25 2DY
Kerax,,,,,,Chorley,,GB,PR6 9DR
Kerbl,,,,,,Oakham,,GB,LE15 6RF
Kershaws Frozen Foods,,,,,,Southport,,GB,PR8 5LD
Kervan Gida,,,,,,London,,GB,SW19 4JS
Kestrel Foods,,,,,,Portadown,,GB,BT63 5WJ
Keter UK,,,,,,London,,GB,WC2B 5AH
Kettle Foods,,,,,,Norwich,,GB,NR5 9JP
Kettle Produce,,,,,,Cupar,,GB,KY15 7TJ
Barrowcliffe,,,,,,Nottingham,,GB,NG3 2NJ
Kew Green Group,,,,,,Richmond,,GB,TW9 1EG
Birmingham Hotel,,,,,,Richmond,,GB,TW9 1EG
Braintree Hotel,,,,,,Richmond,,GB,TW9 1EG
Kew Green (Bromsgrove),,,,,,Richmond,,GB,TW9 1EG
Kew Green (Norwich Property),,,,,,Richmond,,GB,TW9 1EG
Kew Green (Square),,,,,,Richmond,,GB,TW9 1EG
Kew Green Hotels (Ashford),,,,,,Richmond,,GB,TW9 1EG
Kew Green Hotels (Birmingham LRG1),,,,,,Richmond,,GB,TW9 1EG
Kew Green Hotels (Chester),,,,,,Richmond,,GB,TW9 1EG
Kew Green Hotels (Colchester),,,,,,Richmond,,GB,TW9 1EG
Kew Green Hotels (Derby/Nottingham),,,,,,Richmond,,GB,TW9 1EG
Kew Green Hotels (Gatwick),,,,,,Richmond,,GB,TW9 1EG
Kew Green Hotels (Haydock),,,,,,Richmond,,GB,TW9 1EG
Kew Green Hotels (Ipswich LRG1),,,,,,Richmond,,GB,TW9 1EG
Kew Green Hotels (Lancaster),,,,,,Richmond,,GB,TW9 1EG
Kew Green Hotels (Leeds Brighouse),,,,,,Richmond,,GB,TW9 1EG
Kew Green Hotels (Norwich LRG1),,,,,,Richmond,,GB,TW9 1EG
Kew Green Hotels (Portsmouth LRG1),,,,,,Richmond,,GB,TW9 1EG
Kew Green Hotels (Portsmouth),,,,,,Richmond,,GB,TW9 1EG
Kew Green Hotels (Rochester),,,,,,Richmond,,GB,TW9 1EG
Kew Green Hotels (Rugby),,,,,,Richmond,,GB,TW9 1EG
Kew Green Hotels (Runcorn),,,,,,Richmond,,GB,TW9 1EG
Kew Green Hotels (Stansted),,,,,,Richmond,,GB,TW9 1EG
Kew Green Hotels (Stoke),,,,,,Richmond,,GB,TW9 1EG
Kew Green Hotels (Swindon),,,,,,Richmond,,GB,TW9 1EG
Kew Green Hotels (Taunton),,,,,,Richmond,,GB,TW9 1EG
Kewpie Trading Europe B.V,,,,,,,,GB,
Keycraft,,,,,,Peterhead,,GB,AB42 1BN
Kidde Safety Europe,,,,,,Blackburn,,GB,BB1 2QS
Kilrea Service Station,,,,,,Coleraine,,GB,BT51 5QP
Kilwaughter Minerals,,,,,,Larne,,GB,BT40 2TJ
Kimal,,,,,,Worcester,,GB,WR4 0AE
Kimberly - Clark,,,,,,Tadworth,,GB,KT20 7NS
Kimm & Miller (UK),,,,,,Bedford,,GB,MK42 9TW
Kind Snacks UK,,,,,,London,,GB,EC2M 2AT
King & McGaw,,,,,,Newhaven,,GB,BN9 0EX
Kingasia Foods,,,,,,Doncaster,,GB,DN4 5JJ
Kingfisher Beer Europe,,,,,,Aylesford,,GB,ME20 6RZ
Kingfisher Foods,,,,,,Reigate,,GB,RH2 9AQ
Kingfisher Packaging,,,,,,Wellington,,GB,TA21 9AQ
Kingsland Drinks,,,,,,Manchester,,GB,M44 6BD
Kingsley Beverage,,,,,,Peterborough,,GB,PE7 3AG
Kingsmoor Packaging,,,,,,London,,GB,N7 9DP
Kingston Digital Europe Co,,,,,,Sunbury on Thames,,GB,TW16 7EP
Kirkstall Brewery Company,,,,,,Leeds,,GB,LS3 1HJ
Kit & Kin,,,,,,Beaconsfield,,GB,HP9 1NB
Kite Packaging,,,,,,Coventry,,GB,CV3 4GB
Kitwave,,,,,,North Shields,,GB,NE29 7XJ
Automatic Retailing (Northern),,,,,,North Shields,,GB,NE29 7XJ
Central Supplies (Brierley Hill),,,,,,North Shields,,GB,NE29 7XJ
David Miller Frozen Foods,,,,,,North Shields,,GB,NE29 7XJ
Eden Farm,,,,,,North Shields,,GB,NE29 7XJ
H.B. Clark & Co (Successors),,,,,,North Shields,,GB,NE29 7XJ
Squirrels UK,,,,,,North Shields,,GB,NE29 7XJ
Westone Wholesale,,,,,,North Shields,,GB,NE29 7XJ
Klingspor Abrasives,,,,,,Edinburgh,,GB,EH3 8HE
Klober,,,,,,Milton Keynes,,GB,MK11 3LW
Klondyke Group,,,,,,Grangemouth,,GB,FK3 8WX
William Strike,,,,,,Carlisle,,GB,CA6 4JB
Knauf (UK) GmbH,,,,,,Sittingbourne,,GB,ME9 8SR
Knauf Insulation,,,,,,St Helens,,GB,WA10 3LZ
Knysna (N.I.),,,,,,Newtownards,,GB,BT23 4YH
Kohler Mira,,,,,,Cheltenham,,GB,GL52 5EP
Kolak Snack Foods,,,,,,London,,GB,NW10 7ST
Koopman International UK,,,,,,Renfrew,,GB,PA4 8WF
Korbond Industries,,,,,,Ashford,,GB,TW15 2QE
Korda Developments,,,,,,Romford,,GB,RM1 3PJ
Korozo,,,,,,Edgware,,GB,HA8 7EB
Kramp U.K,,,,,,Biggleswade,,GB,SG18 8YL
Kurt Geiger,,,,,,London,,GB,EC1M 5UA
Kwan Yick (U.K.),,,,,,Newport,,GB,NP19 4PW
Kyocera Document Solutions,,,,,,Reading,,GB,RG1 5BS
Kyoto Futons,,,,,,Peterborough,,GB,PE6 8RP
Kyowa Kirin Services,,,,,,London,,GB,EC3M 6BL
L'Art Du Vin,,,,,,Dalgety Bay,,GB,KY11 9JT
L'Occitane,,,,,,London,,GB,NW1 5DH
L'Oreal (U.K.),,,,,,London,,GB,W12 7SA
L.E. Pritchitt & Company,,,,,,Bromley,,GB,BR1 1LT
L.E.C.(L'POOL),,,,,,Liverpool,,GB,L15 4LH
L.G.Harris & Co,,,,,,Bromsgrove,,GB,B60 4AE
L.J. Fairburn & Son,,,,,,Alford,,GB,LN13 9PL
LA-Z-BOY MANUFACTURING UK,,,,,,Colne,,GB,BB8 9PQ
LA-Z-BOY UK,,,,,,Berks,,GB,SL6 1BU
LACKA FOODS,,,,,,Kettering,,GB,NN15 5JR
LAKESIDE FOOD GROUP,,,,,,Wymondham,,GB,NR18 9RS
LANCASTER HOLDINGS,,,,,,Kenilworth,,GB,CV8 2SU
LAND ENERGY GIRVAN,,,,,,Helmsley,,GB,YO62 5DQ
LANGMEAD HERBS,,,,,,Chichester,,GB,PO18 8EH
LAPORTE INDUSTRIES,,,,,,BOTTESFORD,,GB,NG13 0EL
LAPP,,,,,,London,,GB,NW6 3BT
LARS (GFUK) Holdings,,,,,,Shrewsbury,,GB,SY1 4AB
Gastronomy Foods,,,,,,Shrewsbury,,GB,SY1 4AB
Gastronomy Restaurants,,,,,,Shrewsbury,,GB,SY1 4AB
LAURUS BRANDS,,,,,,Totton,,GB,SO40 2RW
LBS Builder Merchants,,,,,,Ammanford,,GB,SA18 3FE
LBS WORLDWIDE,,,,,,Colne,,GB,BB8 7BW
LBW DRINKS,,,,,,Axminster,,GB,EX13 7PW
LC Designs Co,,,,,,Aylesford,,GB,ME20 6SE
LC Packaging,,,,,,SPALDING,,GB,PE12 9EF
LDH (La Doria),,,,,,Ipswich,,GB,IP1 5FF
LE BON VIN,,,,,,South Yorkshire,,GB,S9 2SP
LEDVANCE,,,,,,Warrington,,GB,WA1 1GG
LEEDS PLYWOOD & DOORS,,,,,,Leeds,,GB,LS10 2RJ
LEGRAND ELECTRIC,,,,,,Birmingham,,GB,B19 2LF
POWER CONTROL,,,,,,Glasgow,,GB,G2 4JR
STARLINE HOLDINGS TECHNOLOGY,,,,,,Reading,,GB,RG2 0RP
USYSTEMS,,,,,,Bedford,,GB,MK42 9QG
LEMON PEPPER HOLDINGS,,,,,,London,,GB,W1T 6HE
LENDLOCK GROUP,,,,,,Chester,,GB,CH3 7EX
F-L PLASTICS,,,,,,Chester,,GB,CH3 7EX
GTL PLASTICS,,,,,,Chester,,GB,CH3 7EX
INTEGRATED ALUMINIUM COMPONENTS,,,,,,Chester,,GB,CH3 7EX
LENDLOCK INTERNATIONAL,,,,,,Chester,,GB,CH3 7EX
NEKEM,,,,,,Chester,,GB,CH3 7EX
SCOTT CLOSURES INTERNATIONAL,,,,,,Chester,,GB,CH3 7EX
SPECIALIST ANODISING COMPANY,,,,,,Chester,,GB,CH3 7EX
LEONARD F.JOLLYE (BROOKMANS PARK),,,,,,Waltham Abbey,,GB,EN9 1AS
LEONARDO HOTEL MANAGEMENT (UK),,,,,,Birmingham,,GB,B1 2HQ
BRIGHTON GRAND HOTEL OPERATIONS,,,,,,Birmingham,,GB,B1 2HQ
FATTAL PICCADILLY,,,,,,Edinburgh,,GB,EH3 8DN
FATTAL TURNMILL,,,,,,Birmingham,,GB,B1 2HQ
HOTEL GOTHAM,,,,,,Birmingham,,GB,B1 2HQ
JYRUS EDI,,,,,,Birmingham,,GB,B1 2HQ
SPEEDBIRD DEVELOPMENTS,,,,,,Edinburgh,,GB,EH3 8DN
LES DOMAINES UK,,,,,,Dartford,,GB,DA1 4QP
LESLIE A. PARSONS & SONS (BURRY PORT),,,,,,Burry Port,,GB,SA16 0ET
LESTA PACKAGING,,,,,,Leicestershire,,GB,LE2 0HD
LEWIS PIES,,,,,,SWANSEA WEST,,GB,SA5 4DY
LG Electronics U.K,,,,,,Weybridge,,GB,KT13 0SL
LG H&H,,,,,,London,,GB,EC4M 9DQ
LHF HOLDINGS,,,,,,Peterborough,,GB,PE2 6YG
LIFE HEALTH FOODS,,,,,,Peterborough,,GB,PE2 6YG
LIDL NORTHERN IRELAND,,,,,,Crumlin,,GB,BT29 4SR
LIGHTS4FUN,,,,,,Harrogate,,GB,HG2 8RE
LINCO CARE,,,,,,Manchester,,GB,M31 4BX
LINCOLNSHIRE FIELD PRODUCTS,,,,,,Spalding,,GB,PE12 6HW
LINTBELLS,,,,,,Luton,,GB,LU2 8EU
LIVE NATION (MUSIC) UK,,,,,,London,,GB,EC1M 4AY
ACADEMY MUSIC GROUP,,,,,,London,,GB,SW9 9SL
DF CONCERTS,,,,,,Glasgow,,GB,G2   5RL
TICKETMASTER UK,,,,,,London,,GB,EC1M 4AY
LKQ Group,,,,,,Dordon,,GB,B78 1SE
LONDON PILSNER,,,,,,Northwood,,GB,HA6 1NW
LONG MAN BREWERY,,,,,,Polegate,,GB,BN26 5RA
LORNAMEAD UK,,,,,,Trowbridge,,GB,BA14 0XB
LOTAN,,,,,,LEICESTER,,GB,LE4 2BQ
LOVE CORN,,,,,,Manchester,,GB,M3 3HF
LPP Reserved UK,,,,,,Altrincham,,GB,WA14 2DT
LRUK (RETAIL),,,,,,Bradford,,GB,BD1 4AH
LUCY AND YAK,,,,,,Barnsley,,GB,S74 0FP
LUDLOW FOOD CENTRE,,,,,,Ludlow,,GB,SY8 2JR
LUPIN HEALTHCARE UK,,,,,,Slough,,GB,SL1 2BE
Renascience Pharma,,,,,,Slough,,GB,SL1 2BE
LUSSO STONE,,,,,,Stockton On Tees,,GB,TS17 6AJ
LVF Packaging,,,,,,LEEDS,,GB,LS10 1TD
LVMH Fragrance Brands,,,,,,Hersham,,GB,KT12 4NH
LVMH Watch & Jewellery (UK),,,,,,Worsley,,GB,M28 5GN
La Roc Building Solutions,,,,,,North Yorkshire,,GB,YO7 3HE
La Tua Pasta,,,,,,London,,GB,NW10 7XT
Label Apeel,,,,,,Leicester,,GB,LE4 8AS
Labelnet,,,,,,Witham,,GB,CM8 1BJ
LacPatrick Dairies (NI),,,,,,Coleraine,,GB,BT52 2NE
Laceby,,,,,,London,,GB,W1D 4EG
Lacons Brewery,,,,,,Lowestoft,,GB,NR33 7NL
Lacoste UK,,,,,,London,,GB,WC1V 7PP
Lactalis McLelland,,,,,,Stranraer,,GB,DG9 7DA
Lubborn Cheese,,,,,,Redhill,,GB,RH1 1LQ
McLelland Cheese Packing,,,,,,Stranraer,,GB,DG9 7DA
The Caledonian Cheese Company,,,,,,Stranraer,,GB,DG9 7DA
Lactalis Nestle Chilled Dairy Company,,,,,,Redhill,,GB,RH1 1LQ
RACHEL'S DAIRY,,,,,,Redhill,,GB,RH1 1LQ
Lake Chemicals And Minerals,,,,,,Redditch,,GB,B98 9PA
Lakeland,,,,,,London,,GB,W1K 3JZ
Lakes Bathrooms,,,,,,Manchester,,GB,M1 4PB
Lallemand U.K,,,,,,Edinburgh,,GB,EH2 4JN
GB Ingredients,,,,,,Felixstowe,,GB,IP11 3QW
Lallemand Animal Nutrition,,,,,,Malvern,,GB,WR14 1BU
Laltex & Co,,,,,,Leigh,,GB,WN7 3XH
Lamb Weston,,,,,,Wisbech,,GB,PE13 2RN
Lamberts Healthcare,,,,,,Tunbridge Wells,,GB,TN2 3EH
Lancashire Eccles Cakes,,,,,,Manchester,,GB,M12 6BH
Lanchester Dairies,,,,,,Lanchester,,GB,DH7 0RL
Lanchester Wine Cellars,,,,,,Durham,,GB,DH9 7XP
Spicers of Hythe,,,,,,Durham,,GB,DH9 7XP
The Wine Fusion,,,,,,Durham,,GB,DH9 7XP
Landauer,,,,,,London,,GB,E14 9XL
SEA Products International,,,,,,London,,GB,E14 9XL
Landowner Products,,,,,,Stafford,,GB,ST20 0AU
Lands' End Europe,,,,,,Oakham,,GB,LE15 6US
Langstane Press,,,,,,Aberdeen,,GB,AB11 5DY
Lansinoh Laboratories UK,,,,,,Leeds,,GB,LS16 6QY
Lanson International,,,,,,London,,GB,WC2B 4AS
Lantmannen Unibake UK,,,,,,Bagshot,,GB,GU19 5HD
Larsen (Manufacturing),,,,,,Belfast,,GB,BT3 9JL
Laurence J Betts,,,,,,Maidstone,,GB,ME18 5NF
Laurent-Perrier,,,,,,Marlow,,GB,SL7 1EY
Lavazza Coffee,,,,,,London,,GB,UB8 1JG
Lavazza Professional UK,,,,,,Basingstoke,,GB,RG24 8NU
Lavenham Leisure,,,,,,CLERKENWELL,,GB,WC1X 0AA
Law Print & Packaging Management,,,,,,Stockport,,GB,SK7 5ER
Lawrence Hunt & Co,,,,,,Preston,,GB,PR1 0DQ
Lawsons (Whetstone),,,,,,Colney Heath,,GB,AL4 0PG
Lawtons,,,,,,Liverpool,,GB,L3 7HJ
Lay & Wheeler,,,,,,Ipswich,,GB,IP6 0FL
Lazy Day Foods,,,,,,Shotts,,GB,ML7 5PX
Lazy Susan,,,,,,Southsea,,GB,PO5 4DJ
Le Creuset U.K,,,,,,Andover,,GB,SP10 5NS
Lea & Sandeman Company,,,,,,London,,GB,SW10 9PR
Leading Solvent Supplies,,,,,,Tockwith,,GB,YO26 7QF
Leander International Pet Foods,,,,,,,,GB,BN6 9HE
Learning Resources,,,,,,London,,GB,EC2V 7BG
Leathams,,,,,,London,,GB,SE1 2JE
Lecico,,,,,,Bedford,,GB,MK41 0QB
Lee Feng Limited T/A Lee Foods,,,,,,Belfast,,GB,BT1 3BG
Lee Kum Kee (Europe),,,,,,London,,GB,EC4M 8AB
LeeWrangler U.K,,,,,,Nottingham,,GB,NG1 7AR
Leeways Holdings,,,,,,Gloucester,,GB,GL2 8AN
Kalex Films,,,,,,Gloucester,,GB,GL2 8AN
Leeways Joinery,,,,,,Gloucester,,GB,GL2 8AN
Leeways Packaging Services,,,,,,Gloucester,,GB,GL2 8AN
Lefktro U.K,,,,,,Lopen,,GB,TA13 5JS
Legends Global Facilities,,,,,,Manchester,,GB,M3 1AR
Legends Global Holdings,,,,,,Manchester,,GB,M3 1AR
CGC Events,,,,,,Manchester,,GB,M3 1AR
Legends Global Services,,,,,,Manchester,,GB,M3 1AR
Lego Company,,,,,,Slough,,GB,SL1 3UF
Lego System A/S,,,,,,Billund,,GB,DK-7190
Leicester Paper Products,,,,,,Leicester,,GB,LE4 7ST
LeisureGrow Products,,,,,,Hinxworth,,GB,SG7 5HG
Lemieux,,,,,,Southampton,,GB,SO40 2HE
Lemonaid Beverages,,,,,,London,,GB,EC1V9EY
Lenovo Technology (United Kingdom),,,,,,Farnborough,,GB,GU14 6FE
Leo Laboratories,,,,,,Maidenhead,,GB,SL6 3UD
Leon Restaurants,,,,,,London,,GB,EC14 5AB
Leon Grocery,,,,,,London,,GB,NW9 8TZ
Les Caves De Pyrene,,,,,,Guildford,,GB,GU3 1LP
Les Halman Nurseries,,,,,,Knutsford,,GB,WA16 9QA
Lesaffre UK and Ireland,,,,,,Kidderminster,,GB,DY10 4EU
Lesser & Pavey,,,,,,Dartford,,GB,DA1 1JQ
Levi Strauss (U.K.),,,,,,Northampton,,GB,NN4 9BA
Lewmar,,,,,,Havant,,GB,PO9 1JJ
Lexmark International,,,,,,Maidenhead,,GB,SL6 4AY
Leyton Lighting,,,,,,Basildon,,GB,SS15 6GF
Liberon,,,,,,New Romney,,GB,TN28 8XU
Liberty House Toys,,,,,,Liverpool,,GB,L3 7HJ
Liberty,,,,,,London,,GB,W1B 5AH
Liberty Fabric,,,,,,London,,GB,W1B 5AH
Liberty Retail,,,,,,London,,GB,W1B 5AH
Liberty of London,,,,,,London,,GB,W1B 5AH
Liberty Wines,,,,,,London,,GB,SW4 6LY
Licensed Wholesale Company,,,,,,Middleton,,GB,M24 1SW
Dorbiere,,,,,,Middleton,,GB,M24 1SW
Hills Prospect,,,,,,Middleton,,GB,M24 1SW
LWC Drinks,,,,,,Middleton,,GB,M24 1SW
Lick Home,,,,,,London,,GB,SW4 0JT
Lidl Great Britain,,,,,,Surbiton,,GB,KT5 9NU
Liebherr - Great Britain,,,,,,Biggleswade,,GB,SG18 8QB
Lifemarque,,,,,,Aldermaston,,GB,RG7 8EN
Lifetime Brands Europe,,,,,,Birmingham,,GB,B23 6AH
Likewize Services,,,,,,Crewe,,GB,CW2 5XF
Lil Packaging,,,,,,Huntingdon,,GB,PE29 7EB
Lil-lets,,,,,,Solihull,,GB,B91 2AA
Lilley's Cider,,,,,,Frome,,GB,BA11 5ES
Lilley's Retail,,,,,,Fermanagh,,GB,BT74 5NH
Lily's Kitchen,,,,,,London,,GB,W1T 2QA
Limehouse Paperboard Mills,,,,,,Witham,,GB,CM83DR
Limitless Digital Group,,,,,,Burnley,,GB,BB11 5UB
Lincolnshire Herbs,,,,,,Bourne,,GB,PE10 0AT
Lincs. Electrical Wholesalers,,,,,,Gainsborough,,GB,DN21 1QT
Lindam,,,,,,Harrogate,,GB,HG3 1UF
Lindt & Sprungli (U.K.),,,,,,Richmond,,GB,TW9 1HE
Lindum Packaging,,,,,,Stallingborough,,GB,DN41 8DN
Linpac Packaging,,,,,,Pontefract,,GB,WF7 5DE
Linthwaite,,,,,,Ledbury,,GB,HR8 2DJ
LMC Plastics,,,,,,Ledbury,,GB,HR8 2DJ
Lintz Hall Farm,,,,,,Newcastle Upon Tyne,,GB,NE16 6AS
Liqui Moly,,,,,,Purley,,GB,CR8 2BR
Liquidline,,,,,,Ipswich,,GB,IP3 0JA
Lloyd Pascal & Co,,,,,,Atherstone,,GB,CV9 1QY
Loake Brothers,,,,,,Kettering,,GB,NN16 9SN
Loch Duart,,,,,,Glasgow,,GB,G2 1RW
Loch Lomond Distillers,,,,,,London,,GB,W1S 4HQ
Loddington Farm,,,,,,Maidstone,,GB,ME17 4AG
Loewe Hermanos,,,,,,London,,GB,EC3A 7BA
Lofthouse of Fleetwood,,,,,,Fleetwood,,GB,FY7 7LP
Lola�s Cupcakes,,,,,,London,,GB,NW3 1QD
London Lids,,,,,,Chingford,,GB,E4 8SU
London North Eastern Railway,,,,,,York,,GB,YO1 6GA
Lonestar Fasteners Hydrobolt,,,,,,Wednesbury,,GB,WS10 9UZ
Long Clawson Dairy,,,,,,Leicester,,GB,LE14 4PJ
Long Rake Spar Company Ltd (The),,,,,,Bakewell,,GB,DE45 1LW
Longacres Garden Centre,,,,,,Bagshot,,GB,GU19 5JB
Longaim,,,,,,London,,GB,W1U 7EP
Longs Packaging,,,,,,Essex,,GB,SS9 5LQ
Loon Fung,,,,,,London,,GB,N17 0DX
Lords Group Trading,,,,,,London,,GB,W5 3EL
A P P Wholesale,,,,,,London,,GB,W5 3EL
A.W. Lumb & Co,,,,,,London,,GB,W5 3EL
CMO Superstores,,,,,,London,,GB,W5 3EL
Carboclass,,,,,,London,,GB,W5 3EL
Condell,,,,,,London,,GB,W5 3EL
Direct Heating & Plumbing Merchants,,,,,,London,,GB,W5 3EL
Direct Heating & Plumbing Trade Counters,,,,,,London,,GB,W5 3EL
Ultimate Renewables Supplies,,,,,,London,,GB,W5 3EL
Weldit Limited Liability Partnership,,,,,,London,,GB,W5 3EL
Lotus Bakeries UK,,,,,,St. Albans,,GB,AL1 3AW
Lotus Group International,,,,,,Norwich,,GB,NR14 8EZ
Lotus Cars,,,,,,Norwich,,GB,NR14 8EZ
Louis Latour,,,,,,London,,GB,EC2A 4DJ
Louis Vuitton UK,,,,,,London,,GB,EC3A 7BA
Lounge Underwear,,,,,,Shirley,,GB,B90 8AD
Loungers UK,,,,,,Bristol,,GB,BS1 1SE
Louver-lite,,,,,,Hyde,,GB,SK14 4BG
Excel ManufacturingLimited,,,,,,Huddersfield,,GB,HD1 4EN
Lovania Nurseries,,,,,,Preston,,GB,PR4 6UU
Love Drinks,,,,,,London,,GB,N13 5RY
Love Struck (F&B),,,,,,Guildford,,GB,GU2 7RE
Lovehoney Group UK,,,,,,Bath,,GB,BA1 3EN
Lowrie Foods,,,,,,Newcastle Upon Tyne,,GB,NE6 2BU
Loxleys Print,,,,,,Sheffield,,GB,S8 0YS
Lubkowski Saunders And Associates,,,,,,Liverpool,,GB,L24 9BF
Lubna Foods,,,,,,Bradford,,GB,BD39HB
Lubricants,,,,,,Sunbury On Thames,,GB,TW16 7BP
Luceco,,,,,,Telford,,GB,TF3 3BD
Lucozade Ribena Suntory,,,,,,Uxbridge,,GB,UB8 1DH
Lucy Group,,,,,,Oxford,,GB,OX2 6EE
Lawson Fuses,,,,,,Oxford,,GB,OX2 6EE
Lucy Electric Digital Solutions,,,,,,Oxford,,GB,OX2 6EE
Lucy Electric UK,,,,,,Oxford,,GB,OX2 6EE
Lucy Zodion,,,,,,Oxford,,GB,OX2 6EE
Lululemon Athletica,,,,,,London,,GB,WC2R 0DT
Lunar Ventures,,,,,,London,,GB,N21 1HS
Lupa Foods,,,,,,Borehamwood,,GB,WD6 1JN
Luscombe Drinks,,,,,,Buckfastleigh,,GB,TQ11 0LT
Luxottica North Europe,,,,,,London,,GB,W8 5RY
Luxottica Retail,,,,,,London,,GB,W8 5RY
Luxury Goods Outlet S.R.L,,,,,,Bicester,,GB,OX26 6WD
Lyan Packaging Supplies,,,,,,Wrexham Industrial Estate,,GB,LL139XS
Lyco Group,,,,,,Guildford,,GB,GU1 4YD
Lyle & Scott,,,,,,London,,GB,NW1 8NX
Lynas Foodservice,,,,,,Coleraine,,GB,BT52 2NR
Lynn's Country Foods,,,,,,Downpatrick,,GB,BT30 9UP
Lyon Equipment,,,,,,Penrith,,GB,CA10 3SS
Lyons Seafoods,,,,,,Warminster,,GB,BA12 9DA
M & L Richardson & Sons,,,,,,Brampton,,GB,CA8 2JE
M L Accessories,,,,,,Dunstable,,GB,LU5 4TP
M and M Direct,,,,,,Hereford,,GB,HR4 9HT
M&A Matting,,,,,,Manchester,,GB,M24 2HZ
M. K. M. BUILDING SUPPLIES,,,,,,Hull,,GB,HU8 8DE
BROOKE CERAMICS,,,,,,Hull,,GB,HU8 8DE
M. K. M. BUILDING SUPPLIES (SCARBOROUGH),,,,,,Hull,,GB,HU8 8DE
M.K.M BUILDING SUPPLIES (OBAN),,,,,,Hull,,GB,HU8 8DE
M.K.M. AYR TIMBER & SUPPLIES,,,,,,Hull,,GB,HU8 8DE
M.K.M. BUILDING SUPPLIES (ABERDEEN),,,,,,Hull,,GB,HU8 8DE
M.K.M. BUILDING SUPPLIES (AIRDRIE),,,,,,Hull,,GB,HU8 8DE
M.K.M. BUILDING SUPPLIES (ALDERSHOT),,,,,,Hull,,GB,HU8 8DE
M.K.M. BUILDING SUPPLIES (ALNWICK),,,,,,East Yorkshire,,GB,HU8 8DE
M.K.M. BUILDING SUPPLIES (ANLABY),,,,,,Hull,,GB,HU8 8DE
M.K.M. BUILDING SUPPLIES (ASHFORD),,,,,,Hull,,GB,HU8 8DE
M.K.M. BUILDING SUPPLIES (AVIEMORE),,,,,,Hull,,GB,HU8 8DE
M.K.M. BUILDING SUPPLIES (BANBURY),,,,,,Hull,,GB,HU8 8DE
M.K.M. BUILDING SUPPLIES (BARNSLEY),,,,,,Hull,,GB,HU8 8DE
M.K.M. BUILDING SUPPLIES (BARROW-IN-FURNESS),,,,,,Hull,,GB,HU8 8DE
M.K.M. BUILDING SUPPLIES (BERWICK ON TWEED),,,,,,Hull,,GB,HU8 8DE
M.K.M. BUILDING SUPPLIES (BEVERLEY),,,,,,Hull,,GB,HU8 8DE
M.K.M. BUILDING SUPPLIES (BICESTER),,,,,,Hull,,GB,HU8 8DE
M.K.M. BUILDING SUPPLIES (BIRKENHEAD),,,,,,Hull,,GB,HU8 8DE
M.K.M. BUILDING SUPPLIES (BIRMINGHAM NORTH),,,,,,Hull,,GB,HU8 8DE
M.K.M. BUILDING SUPPLIES (BISHOP AUCKLAND),,,,,,Hull,,GB,HU8 8DE
M.K.M. BUILDING SUPPLIES (BLACKPOOL),,,,,,Kingston Upon Hull,,GB,HU8 8DE
M.K.M. BUILDING SUPPLIES (BOLTON),,,,,,Hull,,GB,HU8 8DE
M.K.M. BUILDING SUPPLIES (BOSTON),,,,,,Hull,,GB,HU8 8DE
M.K.M. BUILDING SUPPLIES (BRIDLINGTON),,,,,,Hull,,GB,HU8 8DE
M.K.M. BUILDING SUPPLIES (BROMSGROVE),,,,,,Hull,,GB,HU8 8DE
M. Marcus,,,,,,London,,GB,EC1R 5HL
M.I. DICKSON,,,,,,South Shields,,GB,NE34 0NT
M.J. ALLEN HOLDINGS,,,,,,Ashford,,GB,TN24 8DE
M.J. ALLEN AUTOMOTIVE,,,,,,Ashford,,GB,TN24 8DE
M.J. ALLEN PRECISION,,,,,,Ashford,,GB,TN24 8DE
M.J. Allen Castings and Machining,,,,,,Ashford,,GB,TN24 8DE
M.J.AINGE & CO,,,,,,Leominster,,GB,HR6 0QF
M.P. Smith & Co,,,,,,Manchester,,GB,M28 2LA
M.S. George,,,,,,Redhill,,GB,RH1 6RW
MACHINE MART,,,,,,Nottinghamshire,,GB,NG1 1GN
MACKAY'S,,,,,,Arbroath,,GB,DD11 3LR
MACSWEEN OF EDINBURGH,,,,,,Loanhead,,GB,EH20 9LZ
MAGNUM PACKAGING (N.E.) LIMITED,,,,,,Billingham,,GB,TS23 4BY
MAIL SOLUTIONS GROUP,,,,,,Telford,,GB,TF7 4QH
INTRINSIC PAPER STRAWS,,,,,,Telford,,GB,TF7 4QH
MAIL SOLUTIONS,,,,,,Telford,,GB,TF7 4QH
MAIL SOLUTIONS UK,,,,,,Telford,,GB,TF7 4QH
MAKITA MANUFACTURING EUROPE,,,,,,Shropshire,,GB,TF1 7YX
MAM,,,,,,Teddington,,GB,TW11 8LZ
MAMAS & PAPAS,,,,,,West Yorkshire,,GB,HD5 0RH
MANGROVE GLOBAL,,,,,,Woodford Green,,GB,IG8 0XA
MAPEI (UK),,,,,,HALESOWEN,,GB,B62 8HD
MARIGOLD HEALTH FOODS,,,,,,London,,GB,N22 7DE
MARLEYBONES,,,,,,London,,GB,NW1 5PU
MARTINS CRAFT BAKERY,,,,,,Manchester,,GB,M40 1HB
MAST-JAEGERMEISTER UK,,,,,,London,,GB,SE1 2HB
MASTER DISTRIBUTOR,,,,,,Harrogate,,GB,HG2 8PA
MASTER LOCK UK SALES,,,,,,Stansted,,GB,CM24 8GF
MATALAN RETAIL,,,,,,Liverpool,,GB,L33 7SZ
MATRIX APA,,,,,,London,,GB,WC1A 1EU
MBM Print SCS,,,,,,EAST KILBRIDE,,GB,G74 5NA
MCCAIN Foods (G.B.),,,,,,Eastfield,,GB,YO11 3BS
MCKEOWN FINE FOODS,,,,,,Rasharkin,,GB,BT44 8RW
MCL Industrial Enclosures,,,,,,Stoke-on-Trent,,GB,ST8 7NL
MCSHANE PACKAGING,,,,,,Armagh,,GB,BT618DJ
MDK Office Seating,,,,,,Leicester,,GB,LE4 1AW
ME AND EM,,,,,,London,,GB,W12 7FQ
MELCOURT INDUSTRIES,,,,,,Tetbury,,GB,GL8 8RT
MELITTA UK,,,,,,Telford,,GB,TF17FA
MENZIES DISTRIBUTION GROUP,,,,,,London,,GB,W1W 7PA
INPOST DISTRIBUTION,,,,,,London,,GB,W1W 7PA
MENZIES DISTRIBUTION SOLUTIONS GROUP,,,,,,Droitwich,,GB,WR9 0LW
MENZIES DISTRIBUTION SOLUTIONS,,,,,,Droitwich,,GB,WR9 0LW
MERCANTILE VENTURES,,,,,,Preston,,GB,PR1 3HP
MERCHANT VINTNERS COMPANY LIMITED(THE),,,,,,Melton,,GB,HU14 3BQ
METAMARK (UK),,,,,,LANCASTER,,GB,LA1 5QP
METRO DRINKS,,,,,,Arlington,,GB,BN26 6RU
METSA WOOD UK,,,,,,Boston,,GB,PE21 0BJ
MGA Entertainment (UK),,,,,,Milton Keynes,,GB,MK8 0ES
MH Star,,,,,,Northampton,,GB,NN4 9FH
MHC UK,,,,,,Oldham,,GB,OL1 3HS
Medlock Medical,,,,,,Oldham,,GB,OL1 3HS
Molnlycke Health Care,,,,,,Oldham,,GB,OL1 3HS
MI Hub,,,,,,Castle Donington,,GB,DE74 2UG
MIBELLE,,,,,,Bradford,,GB,BD4 8JP
MIDLAND CHILLED FOODS,,,,,,Willenhall,,GB,WV13 1LX
GRANAROLO UK,,,,,,Willenhall,,GB,WV13 1LX
MILESTONE WINES,,,,,,Clitheroe,,GB,BB7 1QS
MILETA SPORTS,,,,,,Heckmondwike,,GB,WF16 0NQ
MILTON LLOYD,,,,,,LONDON,,GB,SE27 9NR
MISSION PRODUCE UK,,,,,,Dartford,,GB,DA2 6QB
MITCHELLS & BUTLERS LEISURE RETAIL,,,,,,West Midlands,,GB,B3 1JP
MM Flowers,,,,,,Huntingdon,,GB,PE28 4YA
Poplar Farm Flowers,,,,,,Huntingdon,,GB,PE28 4YA
MOBIS PARTS EUROPE N.V. UK BRANCH OFFICE,,,,,,Dordon,,GB,B781SQ
MODERN PAPER,,,,,,LONDON,,GB,DA8 2AT
NATSONS MIDLAND PACKAGING,,,,,,LONDON,,GB,DA8 2AT
MOORHOUSE'S BREWERY,,,,,,BURNLEY,,GB,BB11 5EN
MORCO PRODUCTS,,,,,,Beverley,,GB,HU17 0LD
MORENO WINE IMPORTERS COMPANY,,,,,,Cheadle,,GB,SK8 2GG
MORRIS & SON (LEEDS),,,,,,Barnsley,,GB,S75 3SP
MOTH Drinks,,,,,,Pinner,,GB,HA5 2EX
MOTOCADDY,,,,,,Bishops Stortford,,GB,CM22 7DG
MOUS PRODUCTS,,,,,,Eastleigh,,GB,SO53 3LG
MPM Products,,,,,,Manchester,,GB,M22 5XB
MSD Animal Health,,,,,,Milton Keynes,,GB,MK7 7AJ
MULKERNS EUROSPAR,,,,,,Co Down,,GB,BT35 8QY
MYLIKO INTERNATIONAL (WINES),,,,,,Salford,,GB,M6 6BP
MacDonald & Muir,,,,,,Edinburgh,,GB,EH2 2BD
MacFarlane Group,,,,,,Glasgow,,GB,G3 7YE
A.E. Sutton,,,,,,Betchworth,,GB,RH3 7BZ
AllPack Packaging Supplies,,,,,,Coventry,,GB,CV3 4PE
Barum and Dewar,,,,,,Glasgow,,GB,G3 7YE
Carters Packaging,,,,,,Truro,,GB,TR4 9NH
GWP Group,,,,,,Coventry,,GB,CV3 4PE
Gottlieb Packaging Materials,,,,,,Coventry,,GB,CV3 4PE
Nelsons for Cartons & Packaging,,,,,,Coventry,,GB,CV3 4PE
Pitreavie Packaging,,,,,,Cumbernauld,,GB,G68 9HQ
Polyformes,,,,,,Coventry,,GB,CV3 4PE
Mackie's,,,,,,,,GB,AB51 8US
Macmillan Publishers International,,,,,,Basingstoke,,GB,RG24 8YJ
Macpac,,,,,,Stockport,,GB,SK4 3EG
Macphie,,,,,,Glenbervie,,GB,AB39 3YG
Made Beverages,,,,,,London,,GB,N3 3LF
Mademoiselle Desserts Corby,,,,,,Maidenhead,,GB,SL6 7TU
Mademoiselle Desserts Taunton,,,,,,Maidenhead,,GB,SL6 7TU
Magic Madhouse,,,,,,Enfield,,GB,EN1 1SH
Magimix UK,,,,,,Godalming,,GB,GU7 1HY
Magna Foodservice,,,,,,Hounslow,,GB,TW5 9NB
Mahle Aftermarket,,,,,,Northampton,,GB,NN5 5TZ
Mailway Packaging Solutions Group,,,,,,Bradford,,GB,BD5 7SG
Mailway Packaging Solutions,,,,,,Bradford,,GB,BD5 7SG
Maine Soft Drinks,,,,,,Ballymoney,,GB,BT53 7EX
Mainetti (UK),,,,,,Galashiels,,GB,TD1 3TE
Maison Maurice,,,,,,Gravesend,,GB,DA11 9BL
Maisons Marques Et Domaines,,,,,,London,,GB,SW18 1DB
Majestic Wine Warehouses,,,,,,Watford,,GB,WD24 4WH
Makita (UK),,,,,,Milton Keynes,,GB,MK15 8JD
Maldon Salt,,,,,,Maldon,,GB,CM9 6UZ
Malibu Health Products,,,,,,St Albans,,GB,AL2 2DB
Malipac,,,,,,Leicester,,GB,LE4 7ST
Malmaison Hotel Du Vin Holdings,,,,,,London,,GB,SW7 4DL
Hotel Du Vin Trading,,,,,,London,,GB,SW7 4DL
Malmaison Trading,,,,,,London,,GB,SW7 4DL
Manchester Drinks Company,,,,,,Bury,,GB,BL9 5BN
Manchester Rusk Company,,,,,,Manchester,,GB,M22 4XR
Manchester United Football Club,,,,,,Manchester,,GB,M16 0RA
Mandarin Slate,,,,,,Monmouth,,GB,NP25 5JB
ManiLife,,,,,,Mansfield,,GB,NG20 8GQ
Mann + Hummel (UK),,,,,,Wolverhampton,,GB,WV10 7HW
Manning Impex,,,,,,Camberley,,GB,GU15 3DF
Manor Fresh,,,,,,Spalding,,GB,PE12 8LR
Manor Packaging,,,,,,Peterborough,,GB,PE7 2HA
Mansfield Fruit Farms,,,,,,Canterbury,,GB,CT4 7PF
Mansfield Sand Company,,,,,,Mansfield,,GB,NG184LF
Manutan UK,,,,,,Verwood,,GB,BH31 6AT
Map Trading,,,,,,London,,GB,NW10 7BW
Mapa Spontex,,,,,,Lichfield,,GB,WS13 8SS
Margaret Hall,,,,,,Warwick,,GB,CV34 5DB
Marillo Foods,,,,,,Warrington,,GB,WA3 3JD
Maris Seafoods,,,,,,Warrington,,GB,WA1 1RL
Mark Anthony Brands,,,,,,London,,GB,EC1A 4HY
Mark Vitow,,,,,,High Wycombe,,GB,HP11 1JX
Marks And Spencer,,,,,,London,,GB,W2 1NW
Gist,,,,,,London,,GB,W2 1NW
The Sports Edit,,,,,,London,,GB,W2 1NW
Markwins Beauty Brands International,,,,,,London,,GB,EC4A 4AB
Marla Tube Fittings,,,,,,Alcester,,GB,B49 6EH
Eagle Tube & Flanges,,,,,,Glasgow,,GB,G52 4NR
Promat BD,,,,,,Glasgow,,GB,G52 4NR
Steadfast Engineering Company,,,,,,Alcester,,GB,B49 6EH
Steadfast Scotland,,,,,,Aberdeen,,GB,AB21 0HW
Marlish Waters,,,,,,Morpeth,,GB,NE61 4ER
Marlow Foods,,,,,,Stokesley,,GB,TS9 7AB
Marmon Group Ltd(The),,,,,,Wellingborough,,GB,NN8 6GR
Mars Food UK,,,,,,Slough,,GB,SL1 4LG
Mars Horsecare UK,,,,,,Slough,,GB,SL1 4LG
Mars Petcare UK,,,,,,Slough,,GB,SL1 4LG
Mars Wrigley Confectionery UK,,,,,,Slough,,GB,SL1 4LG
Marshall Amplification,,,,,,Milton Keynes,,GB,MK1 1DQ
Marshall Of Cambridge (Holdings),,,,,,Cambridge,,GB,CB5 8RX
Marshall of Cambridge Aerospace,,,,,,Cambridge,,GB,CB5 8RX
Marshalls Foods,,,,,,Norwich,,GB,NR5 0JH
Marshalls Group,,,,,,Elland,,GB,HX5 9HT
Marley,,,,,,Burton On Trent,,GB,DE14 3HD
Marshalls Mono,,,,,,Elland,,GB,HX5 9HT
Viridian Solar,,,,,,Cambridge,,GB,CB23 3GY
Marstons,,,,,,Wolverhampton,,GB,WV2 4BH
Marussia Beverages,,,,,,London,,GB,NW1 5QT
Mash Direct,,,,,,Comber,,GB,BT23 5JU
Masons of Yorkshire,,,,,,Leeming Bar,,GB,DL7 9EE
Maspex,,,,,,London,,GB,W1W 5PF
Massilly,,,,,,Swansea,,GB,SA4 0XP
Mathiesons Bakery,,,,,,Larbert,,GB,FK5 4RX
Mattel Europa B.V,,,,,,Amstelveen,,GB,1186 MJ
Mattel U.K,,,,,,Slough,,GB,SL1 1FQ
Matthew's Foods (Scotland),,,,,,Glasgow,,GB,G49RR
Maurice Lay Distributors,,,,,,Avonmouth,,GB,BS11 8DW
Mauser,,,,,,Littleborough,,GB,OL15 9FG
Mawdsley-Brooks & Company,,,,,,Salford,,GB,M50 2PW
Maxell Europe,,,,,,Slough,,GB,SL3 9LL
Maxpack Group,,,,,,Shrewsbury,,GB,SY3 5HJ
Mayborn Group,,,,,,Newcastle Upon Tyne,,GB,NE12 8EW
Mayborn (UK),,,,,,Newcastle Upon Tyne,,GB,NE12 8EW
Sangenic International,,,,,,Newcastle Upon Tyne,,GB,NE12 8EW
Maypole,,,,,,Birmingham,,GB,B32 3DE
McAlpine & Company,,,,,,Glasgow,,GB,G52 4LF
McAnerney Brothers,,,,,,Armagh,,GB,BT61 7EP
McColgans Quality Foods,,,,,,Strabane,,GB,BT82 9EA
McCormick,,,,,,Edinburgh,,GB,EH2 1AF
McDade Retail,,,,,,Clogher,,GB,BT76 0AD
McDonald's Restaurants,,,,,,London,,GB,N2 8AW
McGowan & Rutherford,,,,,,Colchester,,GB,CO3 3BZ
McKinleys Group Trading,,,,,,Newmarket,,GB,CB8 7AU
McLaren Presentation,,,,,,Port Glasgow,,GB,PA14 5XH
McLaren Corrugate,,,,,,Port Glasgow,,GB,PA14 5XH
McLaren Divisions,,,,,,Port Glasgow,,GB,PA14 5XH
McMullen & Sons,,,,,,Hertford,,GB,SG14 1RD
McWhinneys Sausages,,,,,,Bangor,,GB,BT19 7QZ
Meaco (U.K.),,,,,,Guildford,,GB,GU3 3BH
Meadowvale Foods,,,,,,Oswestry,,GB,SY10 8BH
Measom Freer & Co,,,,,,Wigston,,GB,LE18 2FL
Medela,,,,,,Manchester,,GB,M44 5EG
Medica Packaging,,,,,,Crewe,,GB,CW1 6UL
Medical Express,,,,,,Horsham,,GB,RH12 1JE
Montagne Jeunesse International,,,,,,Port Talbot,,GB,SA12 7AX
Medicare Colgate,,,,,,Cullompton,,GB,EX15 2BB
Medicareplus International,,,,,,Wembley,,GB,HA0 1DX
Medicina,,,,,,Blackrod,,GB,BL6 5BN
Medik8,,,,,,Elstree,,GB,WD6 3SZ
Mediq Healthcare,,,,,,Castle Donington,,GB,DE74 2HJ
Medisave,,,,,,Weymouth,,GB,DT3 5FA
Medtronic,,,,,,Watford,,GB,WD18 8WW
Melrose Industries,,,,,,Birmingham,,GB,B4 6AT
GKN Aerospace Services,,,,,,Birmingham,,GB,B4 6AT
Mendip Woodshavings,,,,,,BRISTOL,,GB,BS406LE
Mentholatum Company Ltd(The),,,,,,London,,GB,SW1H 0DB
Mentzendorff & Company,,,,,,London,,GB,SE1 3UD
Mercedes-Benz Grand Prix,,,,,,Brackley,,GB,NN13 7BD
Mercedes-Benz UK,,,,,,Milton Keynes,,GB,MK15 8BA
Merchant Gourmet,,,,,,St Albans,,GB,AL1 2RE
Merck Sharp & Dohme,,,,,,London,,GB,EC2M 6UR
Mercury Pharmaceuticals,,,,,,London,,GB,EC2M 1QS
Meridian (Speciality Packaging),,,,,,London,,GB,EC2A 4NE
Merisant,,,,,,High Wycombe,,GB,HP11 1JX
Merlin Entertainments,,,,,,London,,GB,SE1 9AX
Chessington Hotel,,,,,,London,,GB,SE1 9AX
Merlin Attractions Operations,,,,,,London,,GB,SE1 9AX
Merlin Entertainments (Dungeons),,,,,,London,,GB,SE1 9AX
Merlin Entertainments (SEA LIFE),,,,,,London,,GB,SE1 9AX
Merlin Entertainments Group Operations,,,,,,London,,GB,SE1 9AX
Merrygill,,,,,,Kirkby Stephen,,GB,CA17 4AP
Dusal,,,,,,GLENROTHES,,GB,KY6 2SD
Out Of Eden,,,,,,Kirkby Stephen,,GB,CA17 4AP
Mersley Farm Holding,,,,,,Newchurch,,GB,PO36 0NR
THE GARLIC FARM (I.O.W),,,,,,NEWCHURCH,,GB,PO36 0NR
WILD ISLAND,,,,,,NEWCHURCH,,GB,PO36 0NP
Meta Platforms Technologies,,,,,,London,,GB,NW1 3FG
Methven UK,,,,,,Salford,,GB,M3 5GS
Metroplan,,,,,,Kendal,,GB,LA8 9AD
Metsa Tissue,,,,,,Walton-On-Thames,,GB,KT12 1BT
Mex Furniture,,,,,,Daventry,,GB,NN11 4HB
Meyer Group,,,,,,Bromborough,,GB,CH62 3RH
Michael Davies and Associates,,,,,,Blackburn,,GB,BB1 2LG
Michael I Holdsworth,,,,,,Buxton,,GB,SK17 8LN
Michael Kors (UK),,,,,,London,,GB,W1T 4EZ
Michelmersh Brick Holdings,,,,,,Haywards Heath,,GB,RH17 7HH
FabSpeed UK,,,,,,Haywards Heath,,GB,RH17 7HH
Michelmersh Brick,,,,,,Haywards Heath,,GB,RH17 7HH
Microsoft Ireland Operations,,,,,,Dublin,,GB,Dublin 2
Mid Ocean Brands,,,,,,Watford,,GB,WD18 9PX
Middleton Food Products,,,,,,Willenhall,,GB,WV13 3LH
Middleton Paper Company,,,,,,Willenhall,,GB,WV13 2JX
Midea Home Appliances,,,,,,London,,GB,EC4A 3TW
Midland Oil Refinery,,,,,,Halesowen,,GB,B63 3PN
Midsummer Energy,,,,,,Milton,,GB,CB24 6AZ
Midwich,,,,,,Diss,,GB,IP22 4YT
DVS,,,,,,Diss,,GB,IP22 4YT
Miele Company,,,,,,Abingdon,,GB,OX14 1TW
Mikado Foods,,,,,,High Wycombe,,GB,HP13 5RE
Miles-Bramwell Executive Services,,,,,,Alfreton,,GB,DE55 4RF
Milestone (Rathfriland),,,,,,Rathfriland,,GB,BT34 5PZ
Millers Oils,,,,,,Brighouse,,GB,HD6 3DP
Fuel Additive Science Technologies,,,,,,Shrewsbury,,GB,SY4 4UG
Milton Pharmaceutical Company,,,,,,Bristol,,GB,BS6 6LT
Mindful Chef,,,,,,London,,GB,SW18 1UY
Minor Figures,,,,,,London,,GB,E17 5QJ
Minor Weir and Willis,,,,,,Birmingham,,GB,B6 7BH
Mirabeau,,,,,,Gambetta,,GB,83570
Miriad Quest Leisure,,,,,,Uttoxeter,,GB,ST14 8HU
Mirka,,,,,,Milton Keynes,,GB,MK4 1GA
Mission Foods UK,,,,,,West Drayton,,GB,UB7 0DQ
Miswa Chemicals,,,,,,Northampton,,GB,NN4 7PW
Mitsubishi Electric Air Conditioning Systems Europe,,,,,,Livingston,,GB,EH54 5EQ
Mitsubishi Pencil Co. U.K,,,,,,Milton Keynes,,GB,MK5 8GH
Mizkan Euro,,,,,,London,,GB,W4 5YE
Mocap,,,,,,Telford,,GB,TF1 7YW
Modular Stock,,,,,,Manchester,,GB,M44 5EW
PRE-FORMED COMPONENTS,,,,,,Manchester,,GB,M44 5EW
TENMAT,,,,,,Manchester,,GB,M44 5EW
Moet Hennessy U.K,,,,,,London,,GB,SW1W 0DH
Moguntia Food Ingredients UK,,,,,,Houghton le Spring,,GB,DH5 0RH
Moguntia Food,,,,,,Market Harborough,,GB,LE16 7DE
Moju,,,,,,London,,GB,N1 6DR
Mokate,,,,,,Edinburgh,,GB,EH12 9DQ
Mole Avon Trading,,,,,,Crediton,,GB,EX17 3FD
Molson Coors Brewing Company (UK),,,,,,Burton Upon Trent,,GB,DE14 1JZ
Aspall Cyder,,,,,,Debenham,,GB,IP14 6PD
Sharp's Brewery,,,,,,Wadebridge,,GB,PL27 6NU
Molton Brown,,,,,,London,,GB,WC2N 4HN
Moma Foods,,,,,,Milton Keynes,,GB,MK17 8FL
Momentum Services,,,,,,London,,GB,WC1X 8AQ
Monarch Acoustics,,,,,,Nottingham,,GB,NG5 1AP
Moncler,,,,,,London,,GB,EC4M 7AN
Mondelez UK,,,,,,Uxbridge,,GB,UB8 1DH
Kraft Foods UK Intellectual Property,,,,,,Birmingham,,GB,B30 2HP
Mondi Birmingham,,,,,,Birmingham,,GB,B37 7HB
Monica Vinader,,,,,,Wells-Next-The-Sea,,GB,NR23 1SH
Monkfield Nutrition,,,,,,ELY,,GB,CB6 2AZ
Monro,,,,,,Leicester,,GB,LE67 1PG
Monster Group,,,,,,York,,GB,YO60 6PG
Montagu Group,,,,,,Leeds,,GB,LS27 7JZ
Expresso Plus,,,,,,Leeds,,GB,LS27 7JZ
Tavern Snacks,,,,,,Leeds,,GB,LS27 7JZ
The Vending People,,,,,,Leeds,,GB,LS27 7JZ
Montgomery Waters,,,,,,Llandrindod Wells,,GB,LD1 5HG
Montpellier Domestic Appliances,,,,,,Tewkesbury,,GB,GL20 8JU
Monty Trading,,,,,,Chippenham,,GB,SN15 5BD
Monumart,,,,,,Ipswich,,GB,IP1 5DL
Moonpig.com,,,,,,London,,GB,EC1R 5EN
Moose Toys,,,,,,St Columb Major,,GB,TR9 6SX
Moove Lubricants,,,,,,Gravesend,,GB,DA12 2QX
More or Less Drinks Company,,,,,,Nottingham,,GB,NG1 5DT
Moreco Group,,,,,,Camberley,,GB,GU15 3YL
Morgenrot Group,,,,,,Swinton,,GB,M27 8AW
Morleys Stores,,,,,,London,,GB,SW9 8EH
Camp Hopson (Newbury),,,,,,London,,GB,SW9 8EH
Elys (Wimbledon),,,,,,London,,GB,SW19 4DP
Morleys (Bexleyheath),,,,,,London,,GB,SW9 8EH
Morleys (Bicester),,,,,,London,,GB,SW9 8EH
Morleys (Brixton),,,,,,London,,GB,SW9 8EH
Pearsons (Enfield),,,,,,London,,GB,SW9 8EH
Roomes (Upminster),,,,,,London,,GB,SW9 8EH
Selbys (Holloway),,,,,,London,,GB,SW9 8EH
Morliny Foods,,,,,,NORWICH,,GB,NR1 3PA
Morning Foods,,,,,,Crewe,,GB,CW2 6HP
Buckley Foods,,,,,,Crewe,,GB,CW2 6HP
Hamlyns Of Scotland,,,,,,Edinburgh,,GB,EH3 8BP
Moroak,,,,,,YEOVIL,,GB,BA20 2HL
Morplan,,,,,,Harlow,,GB,CM20 2DY
Morrells Woodfinishes,,,,,,Bristol,,GB,BS13 8FD
Moss Bros Group,,,,,,London,,GB,NW1 7NE
Moto Hospitality,,,,,,Toddington,,GB,LU5 6HR
Moulded Foams,,,,,,Glasgow,,GB,G67 3EX
Moulded Packaging Solutions,,,,,,Blyth,,GB,NE24 4RT
Mountain Warehouse,,,,,,London,,GB,SW1P 1DZ
Mountney,,,,,,London,,GB,NW7 2DQ
Movado Group UK,,,,,,London,,GB,EC4A 1BR
Movianto,,,,,,Bedford,,GB,MK43 9SS
Mowi Consumer Products,,,,,,Edinburgh,,GB,EH3 8BP
Mr. Fothergill's Seeds,,,,,,Newmarket,,GB,CB8 7QB
Mu Raml,,,,,,Manchester,,GB,M16 0RA
Muc-Off,,,,,,Poole,,GB,BH12 1DW
Mulberry Group,,,,,,Bath,,GB,BA3 4EH
Mulberry Company (Design),,,,,,Bath,,GB,BA3 4EH
Mulberry Company (Sales),,,,,,Bath,,GB,BA3 4EH
Muller UK & Ireland Group,,,,,,Market Drayton,,GB,TF9 3SQ
Multi-Color Daventry England,,,,,,Leeds,,GB,LS1 5AB
Munster Simms Engineering,,,,,,BANGOR,,GB,BT19 7TA
Muntons,,,,,,Stowmarket,,GB,IP14 2AG
Murad Europe,,,,,,London,,GB,SE1 0LH
Muraspec Decorative Solutions,,,,,,Hemel Hempstead,,GB,HP2 7SJ
Museum Selection,,,,,,Chalgrove,,GB,OX44 7RW
Pia Jewellery Direct,,,,,,Chalgrove,,GB,OX44 7RW
Musgrave Distribution,,,,,,Belfast,,GB,BT3 9JG
Musgrave Retail Partners NI,,,,,,Belfast,,GB,BT3 9JG
Must Have Ideas,,,,,,Larkfield,,GB,ME20 6WT
Musto,,,,,,London,,GB,E1W 1UN
My Goodness,,,,,,London,,GB,SE1 3ER
MyLife Bathrooms,,,,,,Newry,,GB,BT34 2QJ
MyPura.com,,,,,,Tattenhall,,GB,CH3 9HW
Myenergi,,,,,,Stallingborough,,GB,DN41 8FF
Myenergi Distribution Ireland,,,,,,Belfast,,GB,BT1 1HE
Myenergi GB,,,,,,Grimsby,,GB,DN41 8FF
N & B FOODS,,,,,,Swindon,,GB,SN5 7EX
N.M. Williams (UK),,,,,,Clapham Old Town,,GB,SW4 0LA
N.V.C.S,,,,,,Rackheath,,GB,NR13 6LQ
NAKED PAPER,,,,,,Lytchett Matravers,,GB,BH16 6FA
NAPP Pharmaceutical Holdings,,,,,,Cambridge,,GB,CB4 OGW
BARD PHARMACEUTICALS,,,,,,Cambridge,,GB,CB4 0GW
NAPP LABORATORIES,,,,,,Cambridge,,GB,CB4 0GW
NAPP PHARMACEUTICALS,,,,,,Cambridge,,GB,CB4 0GW
QDEM Pharmaceuticals,,,,,,Cambridge,,GB,CB4 0AB
NATIONAL MAGAZINE COMPANY LIMITED(THE),,,,,,London,,GB,SW1Y 4AJ
NATOORA,,,,,,London,,GB,SE16 4RA
NATURAL BALANCE FOODS,,,,,,St Albans,,GB,AL1 3AW
NATURES WAY FOODS INVESTMENT COMPANY,,,,,,West Sussex,,GB,PO20 9HP
NATURES WAY FOODS,,,,,,Selsey,,GB,PO20 9HP
NDC Polipak,,,,,,Sutton Coldfield,,GB,B72 1UJ
NEW BALANCE ATHLETIC SHOES (U.K.),,,,,,Warrington,,GB,WA3 7WD
NEW CENTURY FOODS,,,,,,Scunthorpe,,GB,DN15 8QW
NEW GENERATION WINES,,,,,,London,,GB,SE1 7BL
NEWBURGH FOODS,,,,,,WARRINGTON,,GB,WA3 3AP
NEWTON PRINT,,,,,,Newton Abbot,,GB,TQ12 4PH
NEXTGEN360,,,,,,Stockport,,GB,SK4 2JZ
NEXUS PACKAGING,,,,,,GLASGOW,,GB,G52 4NQ
NH Foods UK,,,,,,London,,GB,E1W 1AW
NICHE DRINKS CO,,,,,,LONDONDERRY,,GB,BT47 6NS
NIELSEN DESIGN,,,,,,Diss,,GB,IP22 4GT
NISHA ENTERPRISES,,,,,,Livingston,,GB,EH54 5DE
NITERRA UK,,,,,,London,,GB,EC4R 3TT
NMC,,,,,,Tredegar,,GB,NP22 3AA
NNA,,,,,,Gloucester,,GB,GL25EA
NOBIA HOLDINGS UK,,,,,,Business Park Darlington,,GB,DL1 4XT
NORAC FOODS UK,,,,,,London,,GB,EC3A 7BA
NORDMANN UK GROUP HOLDINGS,,,,,,Crawley,,GB,RH10 7NN
NORDMANN U.K,,,,,,Crawley,,GB,RH10 7NN
NORTHERN MONK BREWING CO,,,,,,Leeds,,GB,LS11 9YJ
NORTRADE FOODS,,,,,,Hawkhurst,,GB,TN18 5BD
NOTED AROMAS,,,,,,Manchester,,GB,M3 4LY
NSK Europe,,,,,,Maidenhead,,GB,SL6 1AF
NSK,,,,,,Maidenhead,,GB,SL6 1AF
NSK Bearings Europe,,,,,,Maidenhead,,GB,SL6 1SF
NSK Precision,,,,,,Maidenhead,,GB,SL6 1SF
NTN Bearings,,,,,,Lichfield,,GB,WS13 8RZ
NUVIK GLOBAL,,,,,,Leighton Buzzard,,GB,LU7 4RW
NWF Group,,,,,,Nantwich,,GB,CW5 6BP
Boughey Distribution,,,,,,Nantwich,,GB,CW5 6BP
NWF Agriculture,,,,,,Nantwich,,GB,CW5 6BP
NWF Fuels,,,,,,Crewe,,GB,CW2 5RX
New Breed (UK),,,,,,Nantwich,,GB,CW5 6BP
Nadder Holdings,,,,,,Andover,,GB,SP10 3RU
Hexcelpack (UK),,,,,,Hampshire,,GB,SP10 3RU
Protega Global,,,,,,Andover,,GB,SP10 3RU
Test Valley,,,,,,Andover,,GB,SP10 3RU
Nairn's Oatcakes,,,,,,Edinburgh,,GB,EH16 5UU
Naked Wines,,,,,,Norwich,,GB,NR2 1RP
www.nakedwines.com,,,,,,Norwich,,GB,NR2 1RP
Natco Foods,,,,,,Buckingham,,GB,MK18 1TB
National Exhibition Centre Ltd (The),,,,,,Birmingham West Midlands,,GB,B40 1NT
National Veterinary Services,,,,,,Stoke-on-Trent,,GB,ST1 5FG
Nationwide Produce,,,,,,Southport,,GB,PR9 0QA
Natural Dog Food Direct,,,,,,Bury St. Edmunds,,GB,IP30 9HN
Naturaw Pet Food,,,,,,Wetherby,,GB,LS22 5EU
Nature Delivered,,,,,,London,,GB,W1U 7EP
Naturediet Pet Foods,,,,,,Thetford,,GB,IP26 5HX
Natures Aid,,,,,,Huddersfield,,GB,HD7 5JN
Natures Menu,,,,,,Norwich,,GB,NR16 2FB
Nautilus Designs,,,,,,Bilston,,GB,WV14 0LA
Navien,,,,,,Guildford,,GB,GU2 8XG
Navigator Holding Tissue UK,,,,,,Blackburn,,GB,BB1 2LD
John Dale,,,,,,Blackburn,,GB,BB1 2LD
Navigator Tissue UK,,,,,,Blackburn,,GB,BB1 2LD
Severn Delta,,,,,,Bridgwater,,GB,TA6 6AJ
Navson,,,,,,Egham,,GB,TW20 8RY
Neal's Yard Holdings,,,,,,Covent Garden,,GB,WC2H 9DP
Nectar Sleep,,,,,,London,,GB,EC4M 9DQ
Needwood Foods,,,,,,Barton Under Needwood,,GB,DE13 8AJ
Nemesis Now,,,,,,Stoke-On-Trent,,GB,ST4 2PH
Neo G,,,,,,Knaresborough,,GB,HG5 8LF
Neom,,,,,,Altrincham,,GB,WA14 2DT
Neptune (Europe),,,,,,Swindon,,GB,SN5 8YG
Nestle UK,,,,,,York,,GB,YO31 8TA
Nespresso,,,,,,York,,GB,YO31 8TA
Nestle Purina UK Commercial Operations,,,,,,York,,GB,YO31 8TA
Nestl� Waters UK,,,,,,York,,GB,YO31 8TA
Terrafertil UK,,,,,,York,,GB,YO31 8TA
Netceed,,,,,,Sawtry. Huntingdon,,GB,PE28 5XN
Neville & More,,,,,,Warwick,,GB,CV34 6UW
New England Seafood International,,,,,,Chessington,,GB,KT9 1TW
New Era Fuels,,,,,,London,,GB,WC1H 9BQ
New Forest Ice Cream,,,,,,Lymington,,GB,SO41 8LW
New Lobster,,,,,,London,,GB,N7 9PW
New Look Retailers,,,,,,Weymouth,,GB,DT3 5HJ
New World Foods (Europe),,,,,,Preston,,GB,PR4 2DZ
Newbury Investments (UK),,,,,,Newbury,,GB,RG14 5TN
DETA Electrical Company,,,,,,Newbury,,GB,RG14 5TN
Decco,,,,,,Newbury,,GB,RG14 5TN
Norbain Holdings,,,,,,Newbury,,GB,RG14 5TN
Primaflow,,,,,,Newbury,,GB,RG14 5TN
Ryness Electrical Supplies,,,,,,Newbury,,GB,RG14 5TN
Stearn Electric Company,,,,,,Newbury,,GB,RG14 5TN
UK Cables,,,,,,Newbury,,GB,RG14 5TN
UK Electric,,,,,,Newbury,,GB,RG14 5TN
UK Test Instruments,,,,,,Newbury,,GB,RG14 5TN
Newby Packaging,,,,,,Birmingham,,GB,B30 3JN
Newell Brands Distribution LLC,,,,,,Lichfield,,GB,WS13 8SS
Newell Brands,,,,,,Lichfield,,GB,WS13 8SS
Newey,,,,,,Chichester,,GB,PO20 1LL
Newport Industries,,,,,,Richmond,,GB,TW9 2PR
Newross Impex,,,,,,Leeds,,GB,LS9 0SF
Newship,,,,,,Weybridge,,GB,KT13 0AH
Beatson Clark,,,,,,Rotherham,,GB,S60 1TZ
James Gibbons Format,,,,,,Weybridge,,GB,KT13 0AH
Pont Packaging,,,,,,Manchester,,GB,M44 5AL
Rollalong,,,,,,Wimborne,,GB,BH21 6SF
Newsquest Media Group,,,,,,Bournemouth,,GB,BH1 1BZ
NEWSQUEST COMMUNITY MEDIA,,,,,,Bournemouth,,GB,BH1 1BZ
Next Group,,,,,,Leicester,,GB,LE19 4AT
Next Beauty,,,,,,Leicester,,GB,LE19 4AT
Next Retail,,,,,,Enderby,,GB,LE19 4AT
Reiss,,,,,,London,,GB,W1U 1BW
The Harborough Hare,,,,,,Leicester,,GB,LE19 4AT
VS Brands Holdings UK,,,,,,Leicester,,GB,LE19 4AT
West Apparel UK Holdings,,,,,,Leicester,,GB,LE19 4AT
Nic Ice,,,,,,Barking,,GB,IG11 0HZ
Nice-Pak International,,,,,,Flint,,GB,CH6 5EX
Nicholls & Clarke,,,,,,Romford,,GB,RM8 1SP
N & C Building Products,,,,,,Romford,,GB,RM8 1SP
Nichols,,,,,,Newton Le Willows,,GB,WA12 0HH
Vimto (Out of Home),,,,,,Newton-Le-Willows,,GB,WA12 0HH
Nicoventures Retail,,,,,,London,,GB,W4 5YG
Nicoventures Trading,,,,,,London,,GB,WC2R 3LA
Nijjar Holdings,,,,,,Riverside Way,,GB,GU15 3YL
Nijjar Dairies,,,,,,Riverside Way,,GB,GU15 3YL
Nijjar Property,,,,,,Riverside Way,,GB,GU15 3YL
Nike Retail B.V,,,,,,Hilversum,,GB,1213 NL
Nikon UK Branch of Nikon Europe B.V,,,,,,Amstelveen,,GB,1181VX
Nikwax,,,,,,Wadhurst,,GB,TN5 6DF
Nilfisk,,,,,,Penrith,,GB,CA11 9BQ
Nimans,,,,,,Diss,,GB,IP22 4YT
Nintendo of Europe SE,,,,,,Windsor,,GB,SL4 1LP
Nirvana Brands,,,,,,Watford,,GB,WD24 7JG
Nisbets,,,,,,Bristol,,GB,BS11 8TB
Jongor,,,,,,Bristol,,GB,BS2 0JZ
Space Catering (UK),,,,,,Avonmouth,,GB,BS118TB
Nissan Motor Manufacturing (UK),,,,,,Sunderland,,GB,SR5 3NS
Nissens (UK),,,,,,Coventry,,GB,CV7 7FR
Nkuku,,,,,,Totnes,,GB,TQ9 6JB
Nobisco,,,,,,Birmingham,,GB,B6 7AF
Noble Foods Group Guernsey,,,,,,Staines-Upon-Thames,,GB,TW18 3AG
NOBLE EGG INNOVATIONS,,,,,,Guernsey,,GB,GY1 4ET
NOBLE FOODS,,,,,,Staines-Upon-Thames,,GB,TW18 3AG
NOBLE FOODS CO,,,,,,Guernsey,,GB,GY1 4ET
Plant Heads,,,,,,Staines,,GB,TW18 3AG
Nobody's Child,,,,,,Angel,,GB,N1 9PD
Nodor International,,,,,,Bridgend,,GB,CF31 3PT
Noel Foods,,,,,,London,,GB,WC1H 9BB
Norbrook Laboratories,,,,,,Newry,,GB,BT35 6JP
Norcros Group (Holdings),,,,,,Wilmslow,,GB,SK9 1BU
Fibo UK,,,,,,Wilmslow,,GB,SK9 1BU
Norfolk Leisure Lifestyle,,,,,,King's Lynn,,GB,PE33 0AX
Norgine,,,,,,Hengoed,,GB,CF82 8SJ
North Down (Belfast),,,,,,Belfast,,GB,BT11 9DT
North Lakes Foods,,,,,,Middlesbrough,,GB,TS3 8BL
North South Wines,,,,,,Bicester,,GB,OX27 8AL
North West Turf,,,,,,Aughton,,GB,L39 6SR
Northern Packaging,,,,,,Altrincham,,GB,WA14 1DW
Northern Snack Foods,,,,,,Lisburn,,GB,BT28 2RB
Northern Wholesale Tools,,,,,,Middleton,,GB,M24 2RW
Northstone Materials,,,,,,Belfast,,GB,BT17 9NU
Northumbrian Ice Cream Company,,,,,,Ashington,,GB,NE63 8QW
Not Another Beer Co,,,,,,London,,GB,W1W 5EA
Notcutts,,,,,,Woodbridge,,GB,IP12 4AF
Novar ED&S,,,,,,Bracknell,,GB,RG12 1EB
Novartis Pharmaceuticals,,,,,,London,,GB,W12 7FQ
Novatech,,,,,,Portsmouth,,GB,PO6 4PU
Novo Nordisk,,,,,,Gatwick,,GB,RH6 0PA
Novomatic UK,,,,,,Bridgend,,GB,CF31 3RY
Luxury Leisure,,,,,,Gateshead,,GB,NE11 0BL
Novomatic Gaming UK,,,,,,Bridgend,,GB,CF31 3RY
RAL,,,,,,Gateshead,,GB,NE11 0BL
Nuby UK,,,,,,Durham,,GB,DH3 2AH
Nuco International,,,,,,Coventry,,GB,CV5 9RG
Nu Film Foil and Paper,,,,,,Coventry,,GB,CV5 9RG
Numatic International,,,,,,Camberley,,GB,GU15 3SY
Nurture Brands,,,,,,London,,GB,W1K 3JE
Nutrabolt Distribution United Kingdom,,,,,,London,,GB,E14 5HU
Nutriment,,,,,,Camberley,,GB,GU16 7AL
Nutshell Portions,,,,,,Salisbury,,GB,SP2 7PZ
Nyetimber Wines And Spirits Group,,,,,,London,,GB,SW1H 0AD
Nyetimber,,,,,,West Chiltington,,GB,RH20 2HH
Rolling Green Hills,,,,,,London,,GB,SW1H 0AD
The Chilgrove Gin Company,,,,,,London,,GB,SW1H 0AD
O&M Halyard,,,,,,London,,GB,W1W 8DH
O&S Doors,,,,,,Benburb,,GB,BT71 7ET
O'Brien Fine Foods Leeming Bar,,,,,,Northallerton,,GB,DL7 9BJ
O'Donnell Moonshine,,,,,,Manchester,,GB,M1 1HR
O'HARES SUPERMARKET,,,,,,Newry,,GB,BT34 2ET
O'Neills Irish International Sports Company,,,,,,Strabane,,GB,BT82 9EA
O'Reilly's Wholesale,,,,,,Newry,,GB,BT34 1BY
O-I Glass,,,,,,Harlow,,GB,CM20 2UG
O.A.Taylor & Sons Bulbs,,,,,,Holbeach Spalding,,GB,PE12 7PP
O.P. Chocolate,,,,,,Merthyr Tydfil,,GB,CF48 3TB
OADBY PLASTICS,,,,,,Leicester,,GB,LE3 1UA
A.B.G. RUBBER & PLASTICS,,,,,,Leicester,,GB,LE3 1UA
ANGLIA PLASTICS,,,,,,Leicester,,GB,LE3 1UA
DIRECT PLASTICS,,,,,,Leicester,,GB,LE3 1UA
OAKFIELD (FOODS),,,,,,Borehamwood,,GB,WD6 1JD
OAKLEAF FARM,,,,,,High Wycombe,,GB,HP14 4LY
OASE (UK),,,,,,Eastleigh,,GB,SO50 9PD
OCS Group UK,,,,,,Ipswich,,GB,IP3 9SJ
OCUK,,,,,,Stoke-on-Trent,,GB,ST1 5GP
ODDBALLS APPAREL,,,,,,North Shields,,GB,NE29 7UT
ODDBOX DELIVERY,,,,,,London,,GB,SW8 5EL
OFFICE HOLDINGS,,,,,,London,,GB,EC1V 9BP
OKA DIRECT,,,,,,Abingdon,,GB,OX14 4SD
ONE FOR ALL,,,,,,,,GB,WD6 3SY
ONE+ALL,,,,,,Stockport,,GB,SK4 5DZ
ONLINE 4 BABY,,,,,,Oldham,,GB,OL9 8EH
ONLINE HOME SHOP,,,,,,Worsley,,GB,M28 2LX
OONI,,,,,,Chatham,,GB,ME5 7DX
OPM (Labels & Packaging) Group,,,,,,Leeds,,GB,LS12 6TG
ORIGIN COFFEE (HOLDINGS),,,,,,Porthleven,,GB,TR13 9FJ
ORIGIN COFFEE RETAIL,,,,,,Porthleven,,GB,TR13 9FJ
Origin Coffee,,,,,,Porthleven,,GB,TR13 9FJ
ORIGIN WINE,,,,,,Banbury,,GB,OX16 9UX
ORN (Int),,,,,,Banbury,,GB,OX16 1RH
ORTHO-CARE (U.K.),,,,,,Saltaire,,GB,BD17 7DR
OSC Sales,,,,,,Sittingbourne,,GB,ME10 3UP
OSCAR MAYER,,,,,,Wrexham,,GB,LL13 9UG
FERNDALE FOODS,,,,,,Wrexham,,GB,LL13 9UG
OSSETT BREWING COMPANY,,,,,,OSSETT,,GB,WF5 8ND
OTC DIRECT,,,,,,Chessington,,GB,KT9 1SN
OUR MEDIA,,,,,,Bristol,,GB,BS1 4ST
OUTDOOR VALUE RETAIL,,,,,,Great Yarmouth,,GB,NR30 1HE
OUTSIDE IN (CAMBRIDGE),,,,,,Cambridge,,GB,CB23 8UD
OVERSEAS TRADING,,,,,,Leeds,,GB,LS9 0DW
OXFORD PRODUCTS,,,,,,Oxford,,GB,OX2 7JL
Oak Furnitureland Group,,,,,,Swindon,,GB,SN3 4TN
Oakes Millers,,,,,,Nantwich,,GB,CW5 8DH
Dodson & Horrell,,,,,,Nantwich,,GB,CW5 8DH
H.J. Lea Oakes,,,,,,Nantwich,,GB,CW5 8DH
Oaklands Farm Eggs,,,,,,Telford,,GB,TF6 6QR
Oatly,,,,,,London,,GB,EC1M 6EJ
Oaxaca,,,,,,London,,GB,W1W 7JD
Obaby,,,,,,Kirton in Lindsey,,GB,DN21 4JR
Ocado Retail,,,,,,Hatfield,,GB,AL10 9NE
Ocee International,,,,,,NORTHAMPTON,,GB,NN4 7AS
OCEE DESIGN,,,,,,NORTHAMPTON,,GB,NN4 7AS
RACE FURNITURE,,,,,,Northampton,,GB,NN4 7AS
SOUTHERNS BROADSTOCK INTERIORS,,,,,,Bolton,,GB,BL7 9RW
Odysea,,,,,,London,,GB,E10 7QX
Off-Piste Wines,,,,,,Cheltenham,,GB,GL50 3PN
Offset Print & Packaging,,,,,,Aylesford,,GB,ME20 7DB
Old Black Dog Holdings,,,,,,Abingdon,,GB,OX13 5PD
Garden Games,,,,,,Abingdon,,GB,OX13 5PD
S&T Wholesale,,,,,,Abingdon,,GB,OX13 5PD
Oldrid & Co,,,,,,Grantham,,GB,NG32 2AB
Oleon,,,,,,Northallerton,,GB,DL6 2XA
Oliver Bonas,,,,,,Chessington,,GB,KT9 1TQ
Olives Et Al,,,,,,Sturminster Newton,,GB,DT10 2GA
Olly's Olives,,,,,,London,,GB,W4 3JB
Olson Electronics,,,,,,Stanmore,,GB,HA7 1JY
Olympus Dairy,,,,,,Wolverhampton,,GB,WV6 8UA
Omega Pharma,,,,,,Braunton,,GB,EX33 2DL
Omega,,,,,,Doncaster,,GB,DN8 5TX
Omlet,,,,,,Banbury,,GB,OX16 5HX
Omnicell,,,,,,Birchwood Park,,GB,WA3 6BA
Omron Healthcare,,,,,,Milton Keynes,,GB,MK5 8FR
On A Roll Sandwich Company,,,,,,Middlesbrough,,GB,TS2 1RY
One For Fun,,,,,,Glasgow,,GB,G32 8ND
One Retail Group,,,,,,Colindale,,GB,NW9 6BX
One Stop Stores,,,,,,Walsall,,GB,WS8 7HU
Onebeyond Retail,,,,,,Barnsley,,GB,S74 0FQ
Only Curls,,,,,,London,,GB,SW13 0PZ
Ontex Healthcare UK,,,,,,Corby,,GB,NN17 5JG
Opalion,,,,,,Baldock,,GB,SG7 6NN
Opella Healthcare UK,,,,,,Reading,,GB,RG6 1PT
Openfolde,,,,,,Belfast,,GB,BT2 8DX
Germinal GB,,,,,,Belfast,,GB,BT2 8DX
Samuel McCausland,,,,,,Belfast,,GB,BT2 8DX
Optagon,,,,,,Coventry,,GB,CV6 4PU
Opus Trust Marketing,,,,,,Leicester,,GB,LE3 1UQ
Adare SEC,,,,,,Leicester,,GB,LE3 1UQ
Critiqom,,,,,,Bellshill,,GB,ML4 3NJ
Orangebox,,,,,,Cardiff,,GB,CF15 7QU
Oranka Fruit Juices,,,,,,Aylesbury,,GB,HP18 9PH
Orbit International,,,,,,Birmingham,,GB,B18 4JA
Orchard Toys,,,,,,Nottingham,,GB,NG1 7HR
Oregon Tool U.K,,,,,,Tewkesbury,,GB,GL20 8GY
Organon Pharma,,,,,,Cramlington,,GB,NE23 3JU
Origin Packaging,,,,,,Melton,,GB,HU14 3HJ
Original Additions (Beauty Products),,,,,,Uxbridge,,GB,UB8 1JG
Original Style,,,,,,Exeter,,GB,EX2 7LF
Ornamental Trees,,,,,,Ilkley,,GB,LS29 8AL
Ornua Foods UK,,,,,,Leek,,GB,ST13 5SP
Orphea,,,,,,Romford,,GB,RM3 8UG
Macarthys Laboratories,,,,,,Romford,,GB,RM3 8UG
Osem U.K,,,,,,Laindon,,GB,SS15 6GF
Osmosis Buyer,,,,,,Reading,,GB,RG1 3BD
Culligan (UK),,,,,,Reading,,GB,RG1 3BD
Phox Water,,,,,,Wishaw,,GB,ML2 9PJ
Osprey Europe,,,,,,Poole,,GB,BH12 4FE
Otter Nurseries,,,,,,Ottery St Mary,,GB,EX11 1LZ
OTTER NURSERIES (BRISTOL),,,,,,Ottery St Mary,,GB,EX11 1LZ
Otter (Jack's Patch),,,,,,Ottery St Mary,,GB,EX11 1LZ
Otter (Taunton),,,,,,Ottery St Mary,,GB,EX11 1LZ
Otter Nurseries (Torbay),,,,,,Ottery St Mary,,GB,EX11 1LZ
Otter Nurseries Lymington,,,,,,Ottery St Mary,,GB,EX11 1LZ
Ottolenghi,,,,,,London,,GB,E1W9US
Owen Mumford,,,,,,Chipping Norton,,GB,OX7 5XP
Ozbox,,,,,,Coventry,,GB,CV5 6ET
P D M PRODUCE (U.K.),,,,,,Newport,,GB,TF10 9BN
P E & J Matthews,,,,,,Loughborough,,GB,LE12 8BS
P H Flexible Packaging,,,,,,Swadlincote,,GB,DE11 9GE
P MULRINE AND SONS SALES (U.K.),,,,,,Strabane,,GB,BT829HE
P R Hook J E Bryan & M A Posnett,,,,,,PETERBOROUGH,,GB,PE27JB
P. & B. (FOODS),,,,,,Bradford,,GB,BD5 8LZ
P.F.D. (Carlisle),,,,,,Carlisle,,GB,CA1 2RW
P.J.H. GROUP,,,,,,Bolton,,GB,BL5 1FQ
P.Wilkinson Containers,,,,,,Bermondsey,,GB,SE16 3DY
PACIFIC PRODUCE,,,,,,Thame,,GB,OX9 3UH
PACIFIC WEST FOODS,,,,,,Trowbridge,,GB,BA14 8RH
PACKAGING MODE,,,,,,BRENTWOOD,,GB,CM13 1AB
PAGETS BUILDERS MERCHANTS,,,,,,South Yorkshire,,GB,S8 0XL
PAPER DESIGN GROUP,,,,,,Bourne End,,GB,SL8 5XE
GLICK GIFT PACKAGING,,,,,,Batley,,GB,WF17 6GH
POLYTINT CARDS,,,,,,Bourne End,,GB,SL8 5XE
SIMON ELVIN,,,,,,Wooburn Green,,GB,HP10 0PE
PARK CAKES,,,,,,Lancashire,,GB,OL8 2ND
PATAGONIA BIDCO,,,,,,Llangefni,,GB,LL77 7JA
BATHROOM DISTRIBUTION GROUP UK,,,,,,Llangefni,,GB,LL77 7JA
FRONTLINE BATHROOMS,,,,,,Llangefni,,GB,LL77 7JA
HUWS GRAY,,,,,,Llangefni,,GB,LL77 7JA
QUALPLAS,,,,,,Llangefni,,GB,LL77 7HL
PAUL HARTMANN,,,,,,Pilsworth Road,,GB,OL10 2TT
PAUL SMITH,,,,,,Nottingham,,GB,NG7 2PW
PB Packaging Group,,,,,,Greenford,,GB,UB6 0AQ
PBDFM,,,,,,Newry,,GB,BT34 3LY
PC Specialist,,,,,,Wakefield,,GB,WF4 4TD
PCT HEALTHCARE,,,,,,Manchester,,GB,M28 3NS
PDI (Emea),,,,,,Northants,,GB,NN17 5XJ
PELSIS,,,,,,Knaresborough,,GB,HG5 8PJ
AGRISENSE INDUSTRIAL MONITORING,,,,,,Knaresborough,,GB,HG5 8PJ
BRANDENBURG (UK),,,,,,Knaresborough,,GB,HG5 8PJ
PENCARRIE,,,,,,Cullompton,,GB,EX15 2QW
PEPE`S PIRI PIRI,,,,,,London,,GB,NW11 7PE
PET FAMILY,,,,,,West Sussex,,GB,RH10 1TG
PETS CORNER (UK),,,,,,Crawley,,GB,RH10 1TG
WE.PET,,,,,,Handcross,,GB,RH17 5JS
PET MATE,,,,,,Weybridge,,GB,KT13 8BL
PETER'S YARD WHOLESALE,,,,,,St Albans,,GB,AL1 3AW
PETS CHOICE,,,,,,Blackburn,,GB,BB1 5UD
PF Concept International Cooperatif U.A,,,,,,Leiden,,GB,2316 ZL
PH UK Franchising,,,,,,London,,GB,SE1 1PP
PHINIA DELPHI,,,,,,Stonehouse,,GB,GL10 3SX
PHO TRADING,,,,,,London,,GB,EC1R 0DP
PI Pack,,,,,,Kimbolton,,GB,PE28 0NJ
PIERRE FABRE,,,,,,London,,GB,EC4M 7WS
PIMPERNEL WHARF,,,,,,Reigate,,GB,RH2 7LD
PING EUROPE,,,,,,Gainsborough,,GB,DN21 1XZ
PIZZA GOGO,,,,,,Rainham,,GB,RM13 8UH
999 PIZZA TOPPINGS (BIRMINGHAM),,,,,,Birmingham,,GB,B70 6QP
999 Pizza Toppings (UK),,,,,,London,,GB,E17 9BG
PIZZA PILGRIMS,,,,,,London,,GB,W1F 7DD
PJ COLOURS,,,,,,Stoke-On-Trent,,GB,ST1 5SQ
PLADIS (UK),,,,,,Chiswick,,GB,W4 5YA
PLANGLOW,,,,,,Bristol,,GB,BS1 2NT
PLAYMOBIL (U.K.),,,,,,Basildon,,GB,SS14 3RW
PLK Chicken,,,,,,London,,GB,WC1N 3AX
PLUM PRODUCTS,,,,,,Lincoln,,GB,LN1 2YQ
PMS International Group,,,,,,Basildon,,GB,SS13 1ST
Summit Outdoors & Leisure,,,,,,Basildon,,GB,SS13 1ST
POD POINT,,,,,,London,,GB,WC1X 8HB
POLISH VILLAGE BREAD,,,,,,Northampton,,GB,NN6 0JE
PONTRILAS GROUP,,,,,,Hereford,,GB,HR2 0BE
Giffords Recycling,,,,,,West Bromwich,,GB,B70 8JN
PONTRILAS MERCHANTS,,,,,,Hereford,,GB,HR2 0BE
PONTRILAS PACKAGING,,,,,,Llanelli,,GB,SA14 8DZ
PONTRILAS SAWMILLS,,,,,,Hereford,,GB,HR2 0BE
POOLE LIGHTING,,,,,,Poole,,GB,BH17 7BY
PORCELANOSA UK,,,,,,Watford,,GB,WD25 8HL
POSITEC (UK AND IRELAND),,,,,,Newbury,,GB,RG14 1JX
POTTER & MOORE,,,,,,Peterborough,,GB,PE4 6ND
EMMA HARDIE,,,,,,Peterborough,,GB,PE4 6ND
POTTER & MOORE INNOVATIONS,,,,,,Peterborough,,GB,PE4 6ND
PPG Architectural Coatings UK,,,,,,Batley,,GB,WF17 9XA
PPG Industries,,,,,,Stowmarket,,GB,IP14 2AD
PPS Equipment Holdings,,,,,,Uttoxeter,,GB,ST14 8LP
Alison Handling Services,,,,,,Uttoxeter,,GB,ST14 8LP
PPS Midlands,,,,,,Edinburgh,,GB,EH3 8EG
PREMIER DECORATIONS,,,,,,Ruislip,,GB,HA4 0EJ
PREMIER FOODS GROUP,,,,,,Griffiths Way St. Albans,,GB,AL1 2RE
PREMIER LIMPET,,,,,,Great Gransden,,GB,SG19 3BJ
PRIMA INDUSTRIES,,,,,,Rotherham,,GB,S65 1SJ
PRIMEUR,,,,,,Bingley,,GB,BD16 2AF
PRO-PAK FOODS,,,,,,North Yorkshire,,GB,YO17 6YA
PROPER SNACKS,,,,,,Nuneaton,,GB,CV11 6TJ
Catapult Enterprises,,,,,,Nuneaton,,GB,CV11 6TJ
Eat Real,,,,,,Nuneaton,,GB,CV11 6TJ
Lakshmi & Son's,,,,,,Nuneaton,,GB,CV11 6TJ
PROTECTIVE PACKAGING,,,,,,Carrington,,GB,M31 4RQ
PST Holdings,,,,,,Bristol,,GB,BS14 0BY
Pure Electric,,,,,,Bristol,,GB,BS14 0BY
Sirron Technologies,,,,,,Bristol,,GB,BS14 0BY
PUCKATOR,,,,,,Liskeard,,GB,PL14 4NQ
PURE-TEC,,,,,,GOOLE,,GB,DN14 6ET
PURITY GLOBAL,,,,,,Hull,,GB,HU4 7DY
PVH UK GROUP,,,,,,London,,GB,W12 7GP
PZ Cussons,,,,,,Manchester,,GB,M22 5TG
PZ Cussons Beauty,,,,,,Manchester,,GB,M22 5TG
Pacific Lifestyle,,,,,,Huddersfield,,GB,HD3 4JD
Padgett Brothers (A to Z),,,,,,Ossett,,GB,WF5 9NJ
Paladone Products,,,,,,Shoreham-by-Sea,,GB,BN43 6NZ
Palram Applications UK,,,,,,London,,GB,N3 1LQ
Palram DPL,,,,,,London,,GB,N3 1LQ
Hygienik Systems,,,,,,London,,GB,N3 1LQ
Pan United,,,,,,Dorking,,GB,RH4 1BQ
Panasonic Connect UK A Branch of Panasonic Connect Europe GMBH,,,,,,Bracknell,,GB,RG12 1RT
Panasonic UK A Branch of Panasonic Marketing Europe GMBH,,,,,,Bracknell,,GB,RG12 1RT
Pandora Jewellery UK,,,,,,London,,GB,W1U 3BH
Panesar Foods,,,,,,Kingston,,GB,MK10 0BD
Panini,,,,,,Tunbridge Wells,,GB,TN4 8BS
Papa John's (GB),,,,,,Milton Keynes,,GB,MK15 0DQ
PJ CORP STORES,,,,,,Milton Keynes,,GB,MK15 0DQ
Paperwork (Paper Convertors),,,,,,Normanton,,GB,WF6 1ZB
Papier,,,,,,London,,GB,EC4M 7AN
Paragon Customer Communications,,,,,,London,,GB,EC2M 7EB
Paragon Customer Communications (London),,,,,,London,,GB,EC2M 7EB
Print Trade Suppliers,,,,,,London,,GB,EC2M 7EB
Parfums Christian Dior(U.K.)Ltd,,,,,,Hersham,,GB,KT12 4NH
Paris Presents,,,,,,London,,GB,WC1N 3AX
Park Garden Centre,,,,,,Almondsbury,,GB,BS32 4BP
Parkdean Resorts UK,,,,,,Newcastle Upon Tyne,,GB,NE12 8ET
GB Holiday Parks,,,,,,Newcastle Upon Tyne,,GB,NE12 8ET
Lake District Leisure Pursuits,,,,,,Newcastle Upon Tyne,,GB,NE12 8ET
Manor Park Holiday Park,,,,,,Newcastle Upon Tyne,,GB,NE12 8ET
Park Resorts,,,,,,Newcastle Upon Tyne,,GB,NE12 8ET
Parkdean Caravan Parks,,,,,,Newcastle Upon Tyne,,GB,NE12 8ET
Parkdean Holiday Parks,,,,,,Newcastle Upon Tyne,,GB,NE12 8ET
South Lakeland Parks,,,,,,Newcastle Upon Tyne,,GB,NE12 8ET
Southerness Holiday Village,,,,,,Edinburgh,,GB,EH3 8BL
Southview Leisure Park,,,,,,Newcastle Upon Tyne,,GB,NE12 8ET
Upperbay,,,,,,Newcastle Upon Tyne,,GB,NE12 8ET
Vauxhall Holiday Park,,,,,,Newcastle Upon Tyne,,GB,NE12 8ET
Weststar Holidays,,,,,,Newcastle Upon Tyne,,GB,NE12 8ET
Parkers Nurseries,,,,,,Clacton-on-sea,,GB,CO16 0HS
Parkers Packaging,,,,,,Prescot,,GB,L34 9AS
Parkside Flexibles (Europe),,,,,,Normanton,,GB,WF6 1RL
Parkstone,,,,,,Newmarket,,GB,CB8 9DD
Parkview Provisions,,,,,,Belfast,,GB,BT3 9JG
Parsley Box,,,,,,Edinburgh,,GB,EH4 2HS
Partylite U.K,,,,,,Altrincham,,GB,WA14 2DT
Pasante Healthcare,,,,,,Brighton,,GB,BN1 2RL
Passenger Clothing,,,,,,New Milton,,GB,BH25 5NN
Pasta Foods,,,,,,Norwich,,GB,NR5 0JH
PastaKing,,,,,,Newton Abbot,,GB,TQ12 4SG
Paterson Enterprises,,,,,,Shrewsbury,,GB,SY1 2EL
Goodall Bates & Todd,,,,,,Shrewsbury,,GB,SY1 2EL
Pattesons Glass,,,,,,Humberston,,GB,DN36 4TQ
Wares of Knutsford,,,,,,Humberston,,GB,DN36 4TQ
Pattonair Holdings,,,,,,Derby,,GB,DE24 8UJ
Pattonair,,,,,,Derby,,GB,DE24 8UJ
Pattonair (Derby),,,,,,Derby,,GB,DE24 8UJ
Paul Murray,,,,,,Southampton,,GB,SO18 2FA
Pavers,,,,,,York,,GB,YO26 6QU
Herring Shoes,,,,,,Kingsbridge,,GB,TQ7 1ES
Paynes Dairies,,,,,,Roecliffe,,GB,YO519LS
Peace Packaging,,,,,,Liverpool,,GB,L18 1DG
Peaty Mills,,,,,,West Malling,,GB,ME19 5SH
Pebble Grey,,,,,,Castleford,,GB,WF10 5PY
Pecan Deluxe Candy (Europe),,,,,,Leeds,,GB,LS25 6PJ
Peeko Online,,,,,,Nottingham,,GB,NG1 6HH
Pelham Healthcare,,,,,,Waterlooville,,GB,PO7 3DU
Peloton Interactive,,,,,,London,,GB,WC2H 9JG
Penasul,,,,,,Uxbridge,,GB,UB8 1HE
Penhaligon's,,,,,,London,,GB,WC2E 9NH
Penistone Paper and Board,,,,,,Sheffield,,GB,S36 6HH
Pennell's Holdings,,,,,,Lincoln,,GB,LN6 9NT
Pennell & Sons,,,,,,Lincoln,,GB,LN6 9NT
Pennell's Estates,,,,,,Lincoln,,GB,LN6 9NT
Sleaford Garden Centre and Farm Shop,,,,,,Lincoln,,GB,LN6 9NT
Pennguin,,,,,,Jarrow,,GB,NE32 3DP
Penny Lane Foods,,,,,,Bridgwater,,GB,TA6 5NA
Pentland Group,,,,,,London,,GB,W1U 3PH
Airborne Footwear,,,,,,London,,GB,W1U 3PH
Berghaus,,,,,,London,,GB,W1U 3PH
Canterbury of New Zealand,,,,,,London,,GB,W1U 3PH
Ellesse,,,,,,London,,GB,W1U 3PH
Endura,,,,,,Edinburgh,,GB,EH2 4JN
Mitre Sports International,,,,,,London,,GB,W1U 3PH
Speedo International,,,,,,London,,GB,W1U 3PH
Pentland Plants,,,,,,Midlothian,,GB,EH20 9QG
Pentre Holdings,,,,,,Leigh,,GB,WN7 3PG
Pentre Group,,,,,,Leigh,,GB,WN7 3PG
Per-Scent Group,,,,,,Manchester,,GB,M17 1LE
Per-Scent,,,,,,Manchester,,GB,M17 1LE
Per-Scent Fine,,,,,,Manchester,,GB,M17 1LE
Perco North East,,,,,,Stockton on tees,,GB,TS20 1DN
PerfectDraft UK,,,,,,London,,GB,EC4A 1EN
Performance Health International,,,,,,Sutton in Ashfield,,GB,NG17 2HU
Pernod Ricard UK,,,,,,London,,GB,W4 5YG
Perry Ellis Europe,,,,,,Witham,,GB,CM8 3HA
Personnel Hygiene Services,,,,,,Caerphilly,,GB,CF83 1XH
Teacrate Rentals,,,,,,Caerphilly,,GB,CF83 1XH
Peter Gilding & Co,,,,,,Prescot,,GB,L34 9HP
Peter's Food Service,,,,,,Caerphilly,,GB,CF83 8XP
Petro-Canada Europe Lubricants,,,,,,Altrincham,,GB,WA14 2DT
Pets at Home Holdings,,,,,,Handforth,,GB,SK9 3RN
Accrington Vets4Pets,,,,,,Handforth,,GB,SK9 3RN
Bangor Wales Vets4Pets,,,,,,Handforth,,GB,SK9 3RN
Bath Vets4Pets,,,,,,Handforth,,GB,SK9 3RN
Bearsden Vets4Pets,,,,,,Handforth,,GB,SK9 3RN
Bicester Vets4Pets,,,,,,Handforth,,GB,SK9 3RN
Borehamwood Vets4Pets,,,,,,Handforth,,GB,SK9 3RN
Bramley Vets4Pets,,,,,,Handforth,,GB,SK9 3RN
Brighton Vets4Pets,,,,,,Handforth,,GB,SK9 3RN
Companion Care (Banbury),,,,,,Handforth,,GB,SK9 3RN
Companion Care (Barnsley Cortonwood),,,,,,Handforth,,GB,SK9 3RN
Companion Care (Ely),,,,,,Handforth,,GB,SK9 3RN
Companion Care (Exeter),,,,,,Handforth,,GB,SK9 3RN
Companion Care (Farnborough),,,,,,Handforth,,GB,SK9 3RN
Companion Care (Farnham),,,,,,Handforth,,GB,SK9 3RN
Companion Care (Kings Lynn),,,,,,Handforth,,GB,SK9 3RN
Companion Care (Llantrisant),,,,,,Handforth,,GB,SK9 3RN
Companion Care (Salisbury),,,,,,Handforth,,GB,SK9 3RN
Companion Care (Scarborough),,,,,,Handforth,,GB,SK9 3RN
Companion Care (Services),,,,,,Handforth,,GB,SK9 3RN
Companion Care (Stockport),,,,,,Handforth,,GB,SK9 3RN
Gamston Vets4Pets,,,,,,Handforth,,GB,SK9 3RN
Gillingham Vets4Pets,,,,,,Handforth,,GB,SK9 3RN
Guildford Vets4Pets,,,,,,Handforth,,GB,SK9 3RN
Huddersfield Vets4Pets,,,,,,Handforth,,GB,SK9 3RN
Kendal Vets4Pets,,,,,,Handforth,,GB,SK9 3RN
Leeds Kirkstall Vets4Pets,,,,,,Handforth,,GB,SK9 3RN
Petty Wood & Co,,,,,,Milton Keynes,,GB,MK5 8FR
Peugeot Motor Company,,,,,,Coventry,,GB,CV3 1ND
Pfizer,,,,,,Sandwich,,GB,CT13 9NJ
Pharmacy2U,,,,,,Leeds,,GB,LS15 8GB
Phase Eight (Fashion & Designs),,,,,,London,,GB,EC2R 7HF
Pheasantry Farms and Brewery,,,,,,East Markham,,GB,NG22 0SN
Philex Electronic,,,,,,Bedford,,GB,MK42 0NX
Philip Morris,,,,,,London,,GB,W6 7AP
Philips Electronics UK,,,,,,Farnbrough,,GB,GU14 6XW
Phillips Screw Company,,,,,,Amesbury,,GB,01913
Phoenix Medical Supplies,,,,,,Runcorn,,GB,WA7 3DJ
L.Rowland & Company,,,,,,Runcorn,,GB,WA7 3DJ
L.Rowland & Company (Retail),,,,,,Runcorn,,GB,WA7 3DJ
Nupharm,,,,,,Runcorn,,GB,WA7 3DJ
Phoenix Healthcare Distribution,,,,,,Runcorn,,GB,WA7 3DJ
Photolox,,,,,,Edinburgh,,GB,EH3 9GL
Pie Minister Kitchens,,,,,,Brentry,,GB,BS10 6NF
Pieroth,,,,,,Luton,,GB,LU1 3LU
Pilgrim FoodService,,,,,,Boston,,GB,PE21 7SJ
Pilgrim's Shared Services,,,,,,Uxbridge,,GB,UB8 1HE
Kitchen Range Foods,,,,,,Huntingdon,,GB,PE29 6FJ
Moy Park,,,,,,Craigavon,,GB,BT63 5QE
Oakhouse Foods,,,,,,Uxbridge,,GB,UB8 1HE
Pilgrim's Food Masters,,,,,,Uxbridge,,GB,UB8 1HE
Pilgrim's Pride,,,,,,Uxbridge,,GB,UB8 1HE
Pilgrim's UK Lamb,,,,,,Uxbridge,,GB,UB8 1HE
Rollover,,,,,,Uxbridge,,GB,UB8 1HE
Pillbox38,,,,,,Blackburn,,GB,BB2 2QR
Pinnacle health nutrition,,,,,,Peterborough,,GB,PE7 3EL
Pip & Nut,,,,,,London,,GB,E1 6JJ
Pipi Print & Packaging,,,,,,Leicester,,GB,LE4 6EG
Pittas Foods,,,,,,Waltham Abbey,,GB,EN9 1JU
Pizzaexpress,,,,,,Uxbridge,,GB,UB8 1DH
PizzaExpress (Wholesale),,,,,,Uxbridge,,GB,UB8 1DH
Pizzaexpress (Restaurants),,,,,,Uxbridge,,GB,UB8 1DH
Plane Talking Products,,,,,,Eastleigh,,GB,SO50 7HD
PTP Healthcare,,,,,,Eastleigh,,GB,SO50 7HD
Planet Produce,,,,,,Liverpool,,GB,L7 9NJ
Planit Products,,,,,,Malvern,,GB,WR14 1GL
Plant Meat,,,,,,Coventry,,GB,CV3 4LB
Plastoreg Eastlight,,,,,,Manchester,,GB,M34 3LR
Pledge Office Chairs,,,,,,Leighton Buzzard,,GB,LU7 1BA
Plus Packaging,,,,,,Liverpool,,GB,L24 9GQ
Pneumatic Components,,,,,,Sheffield,,GB,S20 3GE
Colson X-Cel,,,,,,Rotherham,,GB,S60 1EN
Pol Roger,,,,,,Hereford,,GB,HR1 2DY
Polhill Garden Centre,,,,,,Nr Sevenoaks,,GB,TN14 7BD
Polish Village Bakery,,,,,,London,,GB,SW2 1QN
PolyCo Healthline,,,,,,Bourne,,GB,PE10 0DN
Polypipe,,,,,,Leeds,,GB,LS11 5AE
Adey Commercial,,,,,,Stonehouse,,GB,GL10 3EZ
Adey Innovation,,,,,,Stonehouse,,GB,GL10 3EZ
Alpha Scientific,,,,,,Stonehouse,,GB,GL10 3EZ
Genuit UFH,,,,,,Leeds,,GB,LS11 5AE
Keytec Installation Services,,,,,,Leeds,,GB,LS11 5AE
Manthorpe Building Products,,,,,,Leeds,,GB,LS11 5AE
Nu-Heat UK,,,,,,Leeds,,GB,LS11 5AE
Nuaire,,,,,,Leeds,,GB,LS11 5AE
Polydeck,,,,,,Leeds,,GB,LS11 5AE
Polypipe (Ulster),,,,,,Craigavon,,GB,BT66 7HL
Polypipe Civils,,,,,,Leeds,,GB,LS11 5AE
Sky Garden,,,,,,Leeds,,GB,LS11 5AE
Pooch and Mutt,,,,,,Kettering,,GB,NN16 8NQ
Pooky Lighting,,,,,,Barnwood,,GB,GL4 3HX
Poole Bay Holdings,,,,,,Poole,,GB,BH17 0LA
CMUK Visual Safety,,,,,,Poole,,GB,BH17 0LA
Koolpak,,,,,,Poole,,GB,BH17 0LA
Medi Supplies,,,,,,Poole,,GB,BH17 0LA
No Butts Bin Co,,,,,,Poole,,GB,BH17 0LA
V Safety,,,,,,Poole,,GB,BH17 0LA
Value Products,,,,,,Poole,,GB,BH17 0LA
Poole's (Moira),,,,,,Belfast,,GB,BT1 2LB
Porsche Cars Great Britain,,,,,,Reading,,GB,RG31 7SE
Portion Solutions,,,,,,Telford,,GB,TF1 7EY
Portmeirion Group UK,,,,,,Stoke on Trent,,GB,ST4 7QQ
Portwest Clothing,,,,,,Rotherham,,GB,S63 0JF
Posturite,,,,,,Doncaster,,GB,DN11 0BF
Pots&Co,,,,,,London,,GB,W6 8DA
Potts Partnership,,,,,,Swindon,,GB,SN25 5AZ
Potts Print (UK),,,,,,Cramlington,,GB,NE23 1WG
Poundland,,,,,,Walsall,,GB,WS1 3TX
Poundstretcher,,,,,,Leicester,,GB,LE9 2BJ
Pour Moi,,,,,,Brighton,,GB,BN1 1ND
Povoas Packaging,,,,,,Kettering,,GB,NN14 2SR
Powakaddy International,,,,,,Sittingbourne,,GB,ME10 3RN
Powder Bowl Trading,,,,,,London,,GB,W2 1AY
Powell Packaging,,,,,,Scunthorpe,,GB,DN17 2AU
Power Body Nutrition,,,,,,York,,GB,YO19 5SE
Powerforce Distribution,,,,,,Stoke on Trent,,GB,ST4 2NL
Powerplay Brands,,,,,,Oldham,,GB,OL2 6JZ
Precision Proco Group,,,,,,Dagenham,,GB,RM9 6FB
Precision Valve U.K,,,,,,London,,GB,EC1A 2DY
Precon Products,,,,,,Ipswich,,GB,IP1 3LG
Pregis,,,,,,Stevenage,,GB,SG1 3QP
Premier Farnell UK,,,,,,Leeds,,GB,LS12 2QQ
Premier Flexible Packaging,,,,,,Solihull,,GB,B37 7DL
Premier Housewares,,,,,,Whiteinch,,GB,G14 0QP
Premier Paper Group,,,,,,Minworth,,GB,B76 1AF
Premier Stationery,,,,,,Basingstoke,,GB,RG21 6YT
Premium Vineyard Company UK,,,,,,Woodford Green,,GB,IG8 8HD
Prep Kitchen,,,,,,Kent,,GB,DA13 9NR
Prestige Gifting,,,,,,Halifax,,GB,HX3 5WD
Prestigious Textiles,,,,,,Bradford,,GB,BD11 2PS
PT Blinds,,,,,,Bradford,,GB,BD4 0SG
Pret A Manger (Europe),,,,,,London,,GB,SW1E 5DH
Price's Patent Candles,,,,,,Bedford,,GB,MK41 0LZ
Pricecheck Toiletries,,,,,,,,GB,S20 1DJ
Prima Cheese,,,,,,Seaham,,GB,SR7 0PX
Primark Stores,,,,,,London,,GB,W1K 4QY
PrimePac,,,,,,Belfast,,GB,BT1 3LP
Princes Group,,,,,,Liverpool,,GB,L3 1NX
Symington's,,,,,,Leeds,,GB,LS9 0DN
Principal Hotels Topco 1,,,,,,Harrogate,,GB,HG2 8PA
De Vere 2,,,,,,Harrogate,,GB,HG2 8PA
De Vere Cotswold Water Park,,,,,,Harrogate,,GB,HG2 8PA
De Vere Grand Connaught Rooms,,,,,,Harrogate,,GB,HG2 8PA
De Vere Tortworth Court,,,,,,Harrogate,,GB,HG2 8PA
De Vere Wokefield Estate,,,,,,Harrogate,,GB,HG2 8PA
Horsley Opco,,,,,,Harrogate,,GB,HG2 8PA
Latimer Opco,,,,,,Harrogate,,GB,HG2 8PA
The Grand Hotel Birmingham,,,,,,West Harrogate,,GB,HG2 8PA
Principle Healthcare International,,,,,,Leeds,,GB,LS20 8BX
Principle Healthcare,,,,,,Leeds,,GB,LS20 8BX
Print 4,,,,,,Nottingham,,GB,NG6 8WA
Prinwest,,,,,,Bolton,,GB,BL6 4SA
Priory Press Packaging,,,,,,Newtownards,,GB,BT23 7SU
Pro-Direct Group,,,,,,Newton Abbot,,GB,TQ12 4PQ
Doclothing Company,,,,,,Newton Abbot,,GB,TQ12 4PQ
Pro-Direct Sport,,,,,,Newton Abbot,,GB,TQ12 4PQ
ProAmpac Elsham Public,,,,,,BRIGG,,GB,DN20 0SP
ProAmpac Lincoln,,,,,,Dunholme,,GB,LN2 3QF
ProAmpac London,,,,,,Worthing,,GB,BN99 3HH
ProAmpac Security Products,,,,,,Royston,,GB,SG8 6DN
ProLabs (UK),,,,,,Cirencester,,GB,GL7 5XL
Proampac Grimsby,,,,,,Grimsby,,GB,DN37 9TS
Prochem Europe,,,,,,Saffron Walden,,GB,CB101AF
Procter & Gamble,,,,,,Weybridge,,GB,KT13 0XP
Gillette U.K,,,,,,Weybridge,,GB,KT13 0XP
Procter & Gamble Product Supply (U.K.),,,,,,Weybridge,,GB,KT13 0XP
Procter & Gamble UK (Partnership),,,,,,Weybridge,,GB,KT13 0XP
Produce Investments,,,,,,March,,GB,PE15 0UW
Greenvale AP,,,,,,Peterborough,,GB,PE15 0UW
Product Care Group,,,,,,Wigan,,GB,WN2 4AY
Product Care Trading,,,,,,Wigan,,GB,WN2 4AY
Profile Education,,,,,,Liverpool,,GB,L3 7HJ
Pronto Industrial Paints,,,,,,Chesterfield,,GB,S42 5UG
Proof Drinks,,,,,,London,,GB,SE1 1RU
Proper Cornish,,,,,,Bodmin,,GB,PL31 1EZ
Protec Fire Detection,,,,,,Nelson,,GB,BB9 6RT
Protec International,,,,,,Stockport,,GB,SK3 8AX
Proximo Spirits,,,,,,London,,GB,EC1N 6TD
Puffin Produce,,,,,,Haverfordwest,,GB,SA62 4BS
Puig,,,,,,London,,GB,WC2E 9NH
Pukka Pies,,,,,,Leicester,,GB,LE7 1LD
Puma United Kingdom,,,,,,Castleford,,GB,WF10 5XY
Punjab Paper Converters,,,,,,Darwen,,GB,BB3 0RP
Punjana,,,,,,Belfast,,GB,BT5 4PJ
Purdy & Figg,,,,,,Hemel Hempstead,,GB,HP2 7FW
Pure Fishing (UK),,,,,,Cramlington,,GB,NE23 7RY
Pure Table Top,,,,,,Leicester,,GB,LE7 9WE
Puredrive Energy,,,,,,Sutton,,GB,SM1 1EZ
Purepay Retail,,,,,,Manchester,,GB,M2 3DE
Purflux Filtration,,,,,,Tredgar,,GB,NP22 4EF
Purity Soft Drinks,,,,,,Wednesbury,,GB,WS10 0BU
Purple Moose Brewery,,,,,,Porthmadog,,GB,LL49 9DB
Pusterla 1880,,,,,,Dover,,GB,CT17 0XB
Pyronix,,,,,,Rotherham,,GB,S66 8QY
Q.E.P. Co. U.K,,,,,,Burton-on-Trent,,GB,DE14 3PD
Tile Accessories,,,,,,Burton-On-Trent,,GB,DE14 3PD
XPS Foam,,,,,,Burton-On-Trent,,GB,DE14 3PD
QD Commercial Group Holdings,,,,,,Bradmore,,GB,NG11 6PQ
QUALITEX SUPPLIES,,,,,,Aylesford,,GB,ME20 7SP
QUALTEX,,,,,,DENTON,,GB,M34 2SX
QVC UK,,,,,,London,,GB,W4 5XU
Qbridge,,,,,,Hassocks,,GB,BN6 8TP
Quadpack,,,,,,Leek,,GB,ST13 7AP
Qualasept Pharmaxo Holdings,,,,,,Corsham,,GB,SN13 9FU
Pharmaxo Pharmacy Services,,,,,,Corsham,,GB,SN13 9FU
Qualasept,,,,,,Corsham,,GB,SN13 9FU
Quality Food Products (Aberdeen),,,,,,Aberdeen,,GB,AB12 3BE
Quality Pack,,,,,,Harlow,,GB,CM19 5FE
Qualvis Print & Packaging,,,,,,Leicester,,GB,LE4 8BT
Quanex Extruded Solutions,,,,,,Denby,,GB,DE5 8JX
Bilco UK,,,,,,Wolverhampton,,GB,WV9 5GA
ERA Home Security,,,,,,Coven,,GB,WV9 5GB
Quanex Access Solutions,,,,,,Coven,,GB,WV9 5GB
Schlegel,,,,,,Denby,,GB,DE5 8JX
Quantil,,,,,,Ormskirk,,GB,L40 9RT
Quantrelle Packaging Solutions,,,,,,Enfield,,GB,EN3 7PG
Quattro Foods,,,,,,Portsmouth,,GB,PO3 5SF
Quest Personal Care Global,,,,,,Manchester,,GB,M3 5JZ
Quickbox Manufacturing,,,,,,Stallingborough,,GB,DN41 8DN
Quooker,,,,,,Manchester,,GB,M3 1PQ
R & M Electrical Group,,,,,,Chandlers Ford,,GB,SO53 3TG
R&M (Fixings & Supports),,,,,,Chandlers Ford,,GB,SO53 3TG
R & R W Bartlett,,,,,,Lichfield,,GB,WS14 0PZ
R & W Scott,,,,,,Newcastle Upon Tyne,,GB,NE1 3PA
R CAMPBELL & SONS,,,,,,Stockton-On-Tees,,GB,TS17 6BP
R H Packaging,,,,,,High Wycombe,,GB,HP13 5HJ
R K & J JONES,,,,,,Thetford,,GB,IP26 4EH
R K Wholesale,,,,,,Stoke on Trent,,GB,ST4 2NL
R Realisations 2026,,,,,,London,,GB,EC1A 4HD
R&G Fluid Power Group,,,,,,London,,GB,EC1M 6EE
AMG Sealing,,,,,,London,,GB,EC1M 6EE
Abbey Hose Company,,,,,,London,,GB,EC1M 6EE
Century Hose & Couplings,,,,,,London,,GB,EC1M 6EE
FPE Seals,,,,,,London,,GB,EC1M 6EE
Fast Gaskets and Parts,,,,,,London,,GB,EC1M 6EE
Fluid Power Services,,,,,,London,,GB,EC1M 6EE
Global Hydraulic Services,,,,,,London,,GB,EC1M 6EE
Hedley Hydraulics,,,,,,London,,GB,EC1M 6EE
Henry Gallacher,,,,,,London,,GB,EC1M 6EE
Hydraproducts,,,,,,London,,GB,EC1M 6EE
Hydraulic & Offshore Supplies,,,,,,London,,GB,EC1M 6EE
Hyphose,,,,,,London,,GB,EC1M 6EE
Industrial Hose & Pipe Fittings,,,,,,London,,GB,EC1M 6EE
Integraflex,,,,,,London,,GB,EC1M 6EE
Lancashire Hose and Fittings,,,,,,London,,GB,EC1M 6EE
Lantech Solutions,,,,,,London,,GB,EC1M 6EE
Merseyflex,,,,,,London,,GB,EC1M 6EE
Millennium Engineering (2012),,,,,,London,,GB,EC1M 6EE
One Stop Fluid Power,,,,,,London,,GB,EC1M 6EE
Plastic and Rubber Group,,,,,,London,,GB,EC1M 6EE
Ptfeflex,,,,,,London,,GB,EC1M 6EE
R&G Fluid Power Group (Hydraulics Division)Limited,,,,,,London,,GB,EC1M 6EE
Rubberfast,,,,,,London,,GB,EC1M 6EE
Rubberlast Group,,,,,,London,,GB,EC1M 6EE
Valves Online,,,,,,London,,GB,EC1M 6EE
R-Tek Manufacturing,,,,,,Dungannon,,GB,BT71 7NP
R. Plevin & Sons,,,,,,Hazlehead,,GB,S36 4HG
R. Thompson & Son (Armagh),,,,,,Armagh,,GB,BT60 1HW
R.& J.M.Place,,,,,,Norwich,,GB,NR12 8RQ
Phaseolus,,,,,,Norwich,,GB,NR12 8RQ
Place,,,,,,Norwich,,GB,NR12 8RQ
R.A. TRADING,,,,,,LONDON,,GB,N17 0QJ
R.H.Amar & Co,,,,,,High Wycombe,,GB,HP12 3TA
R.H.S. Enterprises,,,,,,,,GB,SW1P 2PE
R.J.STOKES & CO,,,,,,SHEFFIELD,,GB,S20 3RW
R.M. Curtis & Co,,,,,,London,,GB,SE5 9JJ
R.T.D. Crawford,,,,,,Lisbellaw,,GB,BT945ES
R.Twining and Company,,,,,,London,,GB,W1K 4QY
RAINBOW DESIGNS,,,,,,GOSPORT,,GB,PO13 0FW
RAJAPACK,,,,,,Bedford,,GB,MK43 0AR
RANK LEISURE HOLDINGS,,,,,,Maidenhead,,GB,SL6 8BN
GROSVENOR CASINOS,,,,,,Maidenhead,,GB,SL6 8BN
GROSVENOR CASINOS (GC),,,,,,Maidenhead,,GB,SL6 8BN
MECCA BINGO,,,,,,Maidenhead,,GB,SL6 8BN
RANKINS PARTNERS,,,,,,LONG CRENDON,,GB,HP18 9BA
PLASMOTEC,,,,,,Brackley,,GB,NN13 7LE
RAPIER STAR HOLDINGS,,,,,,Macclesfield,,GB,SK11 9JA
RAPIER STAR,,,,,,Macclesfield,,GB,SK11 9JA
RAPIER STAR (IMPORTS),,,,,,Macclesfield,,GB,SK11 9JA
RASHMIAN,,,,,,Ruislip,,GB,HA4 0EJ
RAVENSBURGER,,,,,,Bicester,,GB,OX26 2UA
RAVENSDEN,,,,,,Rushden,,GB,NN10 0SQ
RDIL 2021,,,,,,Dorking,,GB,RH4 2HF
RDM Wines,,,,,,Cardiff,,GB,CF11 8TU
REALLY COMFY BEDS,,,,,,London,,GB,W10 6JG
RECTELLA INTERNATIONAL,,,,,,Manchester,,GB,M3 7BG
RECYCLED PLASTICS (UK),,,,,,Wolverhampton,,GB,WV10 0ES
RED ARROW ELECTRICAL,,,,,,Barnsley,,GB,S73 0UF
RELIANT T.V. (ST. ANNES),,,,,,Blackpool,,GB,FY4 4XB
RELX GROUP,,,,,,London,,GB,WC2N 5JR
ELSEVIER,,,,,,London,,GB,EC2Y 5AS
REMEDY DRINKS UK,,,,,,London,,GB,WC2B 5AH
RENOURISH,,,,,,Guildford,,GB,gu3 3bh
REPRESENT CLOTHING,,,,,,Bolton,,GB,BL6 6PQ
REXEL UK,,,,,,Sheldon,,GB,B26 3RZ
RHOMBI HOLDINGS,,,,,,Chelmsford,,GB,CM1 2QU
QIOPTIQ,,,,,,Denbighshire,,GB,LL17 0LL
TELEDYNE GAS MEASUREMENT INSTRUMENTS,,,,,,Renfrew,,GB,PA4 9RG
TELEDYNE UK,,,,,,Essex,,GB,CM1 2QU
TELEDYNE VALEPORT,,,,,,Chelmsford,,GB,CM1 2QU
RHYTHM & BLUE INC. LIMITED,,,,,,West Sussex,,GB,PO19 1DP
RICH PRODUCTS,,,,,,Andover,,GB,SP11 8EZ
RICHER SOUNDS,,,,,,London,,GB,SE1 4BB
RITTAL,,,,,,Hellaby,,GB,S66 8QY
RITZ HOTEL (LONDON) LIMITED(THE),,,,,,London,,GB,W1V 9DG
RLM Packaging,,,,,,Hull,,GB,HU4 6PA
RM Educational Resources,,,,,,Abingdon,,GB,OX14 4SE
RMS International,,,,,,Manchester,,GB,M27 4EQ
ROBERTS RADIO,,,,,,Chertsey,,GB,KT16 9JX
ROBINSON HEALTHCARE,,,,,,Buckshaw Village,,GB,PR7 7NB
EXMOOR PLASTICS,,,,,,Buckshaw Village,,GB,PR7 7NB
ROBINSON YOUNG HOLDINGS,,,,,,Bury St. Edmunds,,GB,IP32 7AB
BRIGHT IDEAS MARKETING,,,,,,Bury St. Edmunds,,GB,IP32 7AB
ROBINSON YOUNG,,,,,,Bury St Edmunds,,GB,IP32 7AB
ROCA,,,,,,Coalville,,GB,LE67 1LD
ROCHE PRODUCTS,,,,,,Welwyn Garden City,,GB,AL7 1TW
RODANTO,,,,,,Sidcup,,GB,DA14 5AW
ROLAWN,,,,,,York,,GB,YO42 4NF
ROLLS-ROYCE MOTOR CARS,,,,,,Farnborough,,GB,GU14 0FB
ROSE MARKETING UK,,,,,,Kirkcaldy,,GB,KY2 6QJ
ROTATIONAL MOULDING GROUP,,,,,,Furness Vale High Peak,,GB,SK23 7PH
HALDO DEVELOPMENTS,,,,,,High Peak,,GB,SK23 7PH
HAYWOOD ROTO MOULDING,,,,,,High Peak,,GB,SK23 7PH
ROTATIONAL MOULDINGS,,,,,,Furness Vale High Peak,,GB,SK23 7PH
ROWDA GROUP,,,,,,Leicester,,GB,LE2 7SQ
ROWSE HONEY,,,,,,London,,GB,E2 8DD
BAKERY FOODS,,,,,,London,,GB,E2 8DD
ROXOR GROUP,,,,,,Halifax,,GB,HX2 0AX
NIKO (INT),,,,,,Halifax,,GB,HX2 0AX
ULTRA FINISHING,,,,,,Halifax,,GB,HX2 0AX
ROYAL MAIL GROUP,,,,,,London,,GB,EC1A 1AA
ROYAL SANDERS (UK),,,,,,Preston,,GB,PR2 5NA
RPC Group,,,,,,Corby,,GB,NN17 5JX
Berry UK Containers,,,,,,Corby,,GB,NN17 5JX
Massmould,,,,,,Corby,,GB,NN17 5JX
Maynard & Harris Plastics,,,,,,Corby,,GB,NN17 5JX
Plasgran,,,,,,Leamington Spa,,GB,CV31 3SS
RPC Containers,,,,,,Corby,,GB,NN17 5JX
RPFC Group,,,,,,North Chailey,,GB,TN22 3FB
RSBP,,,,,,Stoke on Trent,,GB,ST4 8HX
Venesta Washroom Systems,,,,,,Stoke on Trent,,GB,ST4 8HX
RSPB Sales,,,,,,Sandy,,GB,SG19 2DL
RUBIE'S MASQUERADE COMPANY (UK),,,,,,Bristol,,GB,BS1 6NL
RUIA GROUP,,,,,,Manchester,,GB,M26 1RH
DREW BRADY & CO,,,,,,Manchester,,GB,M26 1RH
OSAN,,,,,,Crewe,,GB,CW1 6BZ
RICHARD HAWORTH,,,,,,Manchester,,GB,M26 1RH
RV Packaging,,,,,,Watford,,GB,WD19 6TT
Radius Systems,,,,,,Alfreton,,GB,DE55 2JJ
Radius Plastics,,,,,,Lurgan,,GB,BT66 8TP
Radnor Hills Mineral Water Company,,,,,,Powys,,GB,LD7 1LU
Raeburn Fine Wines,,,,,,Midlothian,,GB,EH4 1DS
Rail Gourmet,,,,,,London,,GB,NW1 7HW
Rainbow Cosmetics (Manchester),,,,,,Manchester,,GB,M45 8GZ
Rakusen's,,,,,,Ring Road,,GB,LS16 6QN
Ralph Lauren,,,,,,London,,GB,W1S 1BJ
Ramon Holdings,,,,,,Southend-on-Sea,,GB,SS3 9FL
Randa UK,,,,,,London,,GB,NW1 5DH
Randox Laboratories,,,,,,Crumlin,,GB,BT29 4QY
Ranson NV UK,,,,,,Stanford-Le-Hope,,GB,SS17 9FN
Rapesco Group Holdings,,,,,,Otford Road Sevenoaks,,GB,TN14 5DF
Rapesco Office Products,,,,,,Sevenoaks,,GB,TN14 5DF
Tacwise Group,,,,,,Otford Road Sevenoaks,,GB,TN14 5DF
Rapid Access,,,,,,Nuneaton,,GB,CV11 5EL
Rapid Electronics,,,,,,Colchester,,GB,CO4 5JS
Rapid Racking,,,,,,Cirencester,,GB,GL7 6BQ
Rascal Confectionery,,,,,,Enfield,,GB,EN2 8AS
Rathfinny Wine Estate,,,,,,Lewes,,GB,BN7 1UP
Rawlings & Son (Bristol) Holdings,,,,,,Bristol,,GB,BS30 8JJ
Nichesolutions (GB),,,,,,Milton Malsor,,GB,NN7 3AB
Paper Bag Co (South West),,,,,,Westbury,,GB,BA13 3QS
Rawlings & Son(Bristol)Limited,,,,,,Warmley,,GB,BS30 8JJ
Vigo,,,,,,Honiton,,GB,EX14 4LF
Rayburn Trading Company,,,,,,Salford,,GB,M3 5FS
Raynor Foods,,,,,,Chelmsford,,GB,CM1 3TH
Rayware,,,,,,Liverpool,,GB,L24 9BF
Reabrook,,,,,,Swadlincote,,GB,DE12 6DA
Reach,,,,,,Canary Wharf,,GB,E14 5AP
Ready Case,,,,,,Woking,,GB,GU24 0JY
Ready Egg Products,,,,,,Enniskillen,,GB,BT92 0BN
Ready Foods,,,,,,Oswestry,,GB,SY10 8BH
Readytrade,,,,,,Northwood,,GB,HA6 2EH
Rebellion Beer Company,,,,,,Marlow,,GB,SL7 3LT
Reckitt Benckiser Health,,,,,,Slough,,GB,SL1 3UH
RB UK Commercial,,,,,,Slough,,GB,SL1 3UH
Recordati Pharmaceuticals,,,,,,Hemel Hempstead,,GB,HP2 4TZ
Recticel Insulation,,,,,,Stoke on Trent,,GB,ST3 7UN
Red Bull Company,,,,,,London,,GB,WC2H 9LA
Red Star Brands,,,,,,Belfast,,GB,BT1 2LG
Red Star Growers,,,,,,Pershore,,GB,WR10 3AG
Reddiplex Group,,,,,,Droitwich,,GB,WR9 9BG
Pyroplex,,,,,,Droitwich,,GB,WR9 9BG
Reddiplex,,,,,,Droitwich,,GB,WR9 9BG
Reddiseals,,,,,,Droitwich,,GB,WR9 9BG
Refined Brands,,,,,,St. Columb,,GB,TR9 6TF
Celtic Sheepskin & Co,,,,,,Columb,,GB,TR9 6TF
Frugi,,,,,,St. Columb,,GB,TR9 6TF
Kettlewell Colours,,,,,,St. Columb,,GB,TR9 6TF
Turtle Doves (Not just Gloves),,,,,,St. Columb,,GB,TR9 6TF
Refresco Beverages,,,,,,Derby,,GB,DE74 2FJ
Refresco Drinks,,,,,,Derby,,GB,DE74 2FJ
Refreshment Systems,,,,,,Bradford,,GB,BD4 7HN
Regal Polythene,,,,,,Widnes,,GB,WA8 0GW
Regalead,,,,,,Manchester,,GB,M22 9AF
Regatta,,,,,,Manchester,,GB,M41 7RR
Regency Carpet Manufacturing,,,,,,Bangor,,GB,BT19 7RT
Reliance Worldwide Corporation (UK),,,,,,West Drayton,,GB,UB7 8JL
Relyon Beds,,,,,,Wellington,,GB,TA21 8NN
Rema Tip Top Holdings UK,,,,,,Leeds,,GB,LS11 5XS
Abracs,,,,,,Leeds,,GB,LS11 5XS
Auto-4,,,,,,Leeds,,GB,LS11 5XS
Clampco (UK),,,,,,Leeds,,GB,LS11 5XS
Harvie Tyres,,,,,,Leeds,,GB,LS11 5XS
Quest Consumables,,,,,,Leeds,,GB,LS11 5XS
Rema Tip Top Automotive UK,,,,,,Leeds,,GB,LS11 5XS
Rema Tip Top Industry UK,,,,,,Leeds,,GB,LS11 5XS
Van-line,,,,,,Leeds,,GB,LS11 5XS
Remix Dry Mortar,,,,,,Fareham,,GB,PO14 1TY
Remy Cointreau UK Distribution,,,,,,London,,GB,W1T 3NA
Renishaw,,,,,,Wotton Under Edge,,GB,GL12 8JR
Renishaw Neuro Solutions,,,,,,Wotton-Under-Edge,,GB,GL12 8SP
Renishaw UK Sales,,,,,,Wotton Under Edge,,GB,GL12 8JR
Rentokil Initial 1927,,,,,,Crawley,,GB,RH10 9PY
Dudley Industries,,,,,,Crawley,,GB,RH10 9PY
Rentokil Initial,,,,,,Crawley,,GB,RH10 9PY
Republic Technologies,,,,,,High Wycombe,,GB,HP13 6DG
Resmed (UK),,,,,,Didcot,,GB,OX11 0RA
Result Clothing,,,,,,Colchester,,GB,CO2 8HY
Retail Equipment,,,,,,London,,GB,SW13 0ND
Greenkey Garden & Home,,,,,,Lydney,,GB,GL15 4EJ
The Shopfitting Shop,,,,,,Holmes Chapel,,GB,CW4 8AF
Revlon International Corporation,,,,,,London,,GB,NW1 7QX
Revolution Beauty Group,,,,,,London,,GB,EC4Y 0DT
Revolution Beauty,,,,,,Kent,,GB,ME11 5JS
Revolution Beauty Labs,,,,,,Kent,,GB,ME11 5JS
Reydon Group,,,,,,Nottingham,,GB,NG16 2AR
Reynolds Catering Supplies,,,,,,Waltham Cross,,GB,EN8 7RQ
Braehead Foods,,,,,,Kilmarnock,,GB,KA2 0FE
CARNIVORE FMC,,,,,,Waltham Cross,,GB,EN8 7RQ
DAVIN FOODS,,,,,,Waltham Cross,,GB,EN8 7RQ
SELECT POULTRY & MEAT,,,,,,Waltham Cross,,GB,EN8 7RQ
SHOAL SEAFOOD,,,,,,Waltham Cross,,GB,EN8 7RQ
SOLSTICE,,,,,,Waltham Cross,,GB,EN8 7RQ
Rheal Superfoods,,,,,,Sunderland,,GB,SR5 3NZ
Rhokett,,,,,,Cranbrook,,GB,TN18 5BD
Ribble Packaging,,,,,,Oldham,,GB,OL4 1DF
Richard Hochfeld,,,,,,Borough Green,,GB,TN15 8LW
Richard Lang & Son,,,,,,Derby,,GB,DE21 4AA
Richdomar,,,,,,Cleckheaton,,GB,BD19 5LJ
Richemont Holdings (UK),,,,,,London,,GB,W1J 5QT
Alfred Dunhill,,,,,,London,,GB,W1J 5QT
Alfred Dunhill Club,,,,,,London,,GB,W1K 3DJ
Cartier,,,,,,London,,GB,W1S 4RN
James Purdey & Sons,,,,,,London,,GB,W1K 2ED
Peter Millar,,,,,,London,,GB,W1J 5QT
Richemont,,,,,,London,,GB,W1J 5QT
Watchfinder.co,,,,,,London,,GB,W1J 5QT
Richmond Containers CTP,,,,,,Glasgow,,GB,G74 5PE
Richmond Marketing (NI),,,,,,Belfast,,GB,BT9 6GH
Richmond Paper Supply Company (Liverpool),,,,,,Birkenhead,,GB,CH41 5EU
Rigby Group (RG),,,,,,Stratford-Upon-Avon,,GB,CV37 6YX
Allect,,,,,,Stratford Upon Avon,,GB,CV37 6YX
BOVEY CASTLE PROPERTY,,,,,,Stratford Upon Avon,,GB,CV37 6YX
BROCKENCOTE HALL HOTEL,,,,,,Leamington Spa,,GB,CV33 9QB
Cloudclevr,,,,,,Cheltenham,,GB,GL52 8YQ
Eden Hotel Collection,,,,,,Leamington Spa,,GB,CV33 9QB
MALLORY COURT HOTEL,,,,,,Leamington Spa,,GB,CV33 9QB
Nuvias UC,,,,,,Torfaen,,GB,NP44 3AB
RESONATE CONSULTANCY,,,,,,Birmingham,,GB,B11 2LE
THE GREENWAY HOTEL & SPA,,,,,,Leamington Spa,,GB,CV33 9QB
Ring Automotive,,,,,,Leeds,,GB,LS12 6NA
Ringtons,,,,,,Newcastle upon Tyne,,GB,NE6 2YN
Rinkit,,,,,,Chichester,,GB,PO19 1BF
Ritcin,,,,,,Belfast,,GB,BT5 5DL
Ritter-Courivaud,,,,,,Leeds,,GB,LS1 5AB
Rituals Cosmetics,,,,,,London,,GB,WC2R 1HH
Riva Foods,,,,,,Kingston Upon Hull,,GB,HU7 0XQ
River Island Clothing Co,,,,,,London,,GB,W5 1DR
Riverford Organic Farmers,,,,,,Buckfastleigh,,GB,TQ11 0JU
Riverway Foods,,,,,,Coventry,,GB,CV2 2QB
Riviera Produce,,,,,,Hayle,,GB,TR27 5JQ
Roach Bros (Curers),,,,,,Kingston upon Hull,,GB,HU3 4JH
RoadChef,,,,,,Cannock,,GB,WS11 9UX
Robert Bosch UK Holdings,,,,,,Uxbridge,,GB,UB9 5HJ
Robert Bosch,,,,,,Glenrothes,,GB,KY6 2RD
Robert Clarke (Keady),,,,,,Keady,,GB,BT60 3AY
Robert Cullen,,,,,,Glasgow,,GB,G20 0TS
Robert Dyas Holdings,,,,,,London,,GB,SW19 3SE
Robert Keys and Company,,,,,,Londonderry,,GB,BT48 7SH
Robert McBride,,,,,,Manchester,,GB,M24 4DP
Robert Scott & Sons,,,,,,Nr. Oldham,,GB,OL3 7HG
Robert Welch Designs,,,,,,Chipping Campden,,GB,GL55 6DY
Roberts Mart & Co,,,,,,Leeds,,GB,LS9 0AN
Roberts Group,,,,,,Flint,,GB,CH6 5XA
Polyroof Products,,,,,,Flint,,GB,CH6 5XA
Restec,,,,,,Flint,,GB,CH6 5XA
Roberts Manufacturing,,,,,,Flint,,GB,CH6 5XA
Robinson Paperbox Packaging,,,,,,Chesterfield,,GB,S40 2AB
Robinson Plastic Packaging,,,,,,Chesterfield,,GB,S40 2AB
Robinson Webster (Holdings),,,,,,Richmond,,GB,TW9 4AW
Robovision,,,,,,Flitwick,,GB,MK45 5BW
Rocaba Packaging,,,,,,London,,GB,N21 1HS
Roche Diagnostics,,,,,,Burgess Hill,,GB,RH15 9RY
Rocialle Healthcare,,,,,,Mountain Ash,,GB,CF45 4ER
Rock Chemicals,,,,,,Warrington,,GB,WA5 1ST
Rocket Medical,,,,,,Washington,,GB,NE38 9BZ
RocketGro,,,,,,Bridgwater,,GB,TA5 2NJ
Rockett St George,,,,,,Croydon,,GB,CR0 0YN
Rockvale Poultry,,,,,,Richhill,,GB,BT61 9ND
Rodo,,,,,,Droylsden,,GB,M43 7BU
Roger Skinner,,,,,,Eye,,GB,IP21 5HL
Roland Europe Group,,,,,,Theale,,GB,RG7 4SA
Rolf C Hagen (U.K.),,,,,,Castleford,,GB,WF10 5QH
Rollins & Sons (London),,,,,,Hertford,,GB,SG13 7TZ
Rolson Tools,,,,,,Twyford,,GB,RG10 9HZ
Roma Medical Aids,,,,,,Bridgend,,GB,CF31 3TB
Roman,,,,,,Newton Aycliffe,,GB,DL5 6YN
Romo,,,,,,Sutton in Ashfield,,GB,NG17 5FB
Ronal Bathrooms,,,,,,Carnforth,,GB,LA6 1RJ
Rondanini UK,,,,,,London,,GB,SE24 0HG
Roofoods,,,,,,London,,GB,EC4R 3TE
Deliveroo Hop,,,,,,London,,GB,EC4R 3TE
Roper Rhodes,,,,,,Bath,,GB,BA1 3JF
Rosefox Paper,,,,,,Blackburn,,GB,BB1 5QB
Rosemont Pharmaceuticals,,,,,,Leeds,,GB,LS11 9XE
Rosewood Pet Products,,,,,,Telford,,GB,TF1 6AH
Rothley,,,,,,Wolverhampton,,GB,WV10 6QJ
Roundel Manufacturing,,,,,,Washington,,GB,NE38 9BZ
Rowan Glen,,,,,,Newton Stewart,,GB,DG87AX
Rowan International,,,,,,Basildon,,GB,SS14 3WF
Rowlinson Consolidated,,,,,,Nantwich,,GB,CW5 6BN
ALEXANDRA RETAIL,,,,,,Crewe,,GB,CW1 6JS
ROWLINSON GARDEN PRODUCTS,,,,,,Nantwich,,GB,CW5 6BN
ROWLINSON PACKAGING,,,,,,Nantwich,,GB,CW5 6BN
ROWLINSON PACKAGING (SOUTH),,,,,,Thetford,,GB,IP24 3RY
Roxane UK,,,,,,Lichfield,,GB,WS13 8EL
Royal Greenland,,,,,,Manchester,,GB,M90 4AB
Roys(Wroxham),,,,,,Wroxham,,GB,NR12 8DB
Broadland Motor Co,,,,,,Norwich,,GB,NR12 8DB
Rug Doctor,,,,,,London,,GB,EC4A 3BZ
Ruggable,,,,,,London,,GB,EC4A 3TW
Rustins,,,,,,London,,GB,NW2 7TX
Rutland Trading Co,,,,,,Holmewood,,GB,S42 5US
Ryedale Printing Works,,,,,,York,,GB,YO62 6YB
Ryman Group,,,,,,Crewe,,GB,CW1 6NA
London Graphic Centre,,,,,,Crewe,,GB,CW1 6NA
Ryman,,,,,,Crewe,,GB,CW1 6NA
Ryohin Keikaku Europe,,,,,,London,,GB,WC1N 2BF
S F C,,,,,,Wymondham,,GB,NR18 9RS
S H Pratt Group,,,,,,Luton,,GB,LU4 8EN
S I S (Science in Sport),,,,,,Blackburn,,GB,BB1 3AL
S Kempner,,,,,,London,,GB,N3 1XW
S&B Herba Foods,,,,,,Fulbourn,,GB,CB21 5ET
S&P UK Ventilation Systems,,,,,,Ipswich,,GB,IP3 9SW
S&PB Retail,,,,,,Leeds,,GB,LS26 8JD
S. Thorogood & Sons (Covent Garden),,,,,,Chelmsford,,GB,CM3 4BQ
Mushroom Man.co,,,,,,Chelmsford,,GB,CM3 4BQ
S.A.Brain & Company,,,,,,Cardiff,,GB,CF24 5HJ
S.Murray & Company,,,,,,Old Woking,,GB,GU22 9LB
S.P.L. Foods,,,,,,Oldham,,GB,OL9 7PH
SABERT,,,,,,Bedfordshire,,GB,MK45 5BW
SABRE RETAIL FASHION,,,,,,High Wycombe,,GB,HP11 1NL
SACLA UK,,,,,,Beaconsfield,,GB,HP9 2PE
SAF,,,,,,Guildford,,GB,GU3 2DX
SAICA Flex UK,,,,,,Manchester,,GB,M31 4QN
SALCOMBE DISTILLING COMPANY,,,,,,Salcombe,,GB,TQ8 8DP
SALISBURY POULTRY (MIDLANDS),,,,,,Bilston,,GB,WV14 7DX
SALON PROMOTIONS,,,,,,Barnoldswick,,GB,BB18 6JZ
SALOP SAND & GRAVEL SUPPLY COMPANY,,,,,,Wellington,,GB,TF5 0AN
SHROPSHIRE SAND & GRAVEL COMPANY,,,,,,Telford,,GB,TF5 0AN
WILDMOOR QUARRY PRODUCTS,,,,,,Shropshire,,GB,TF5 0AN
SALOPIAN BREWING COMPANY,,,,,,SHREWSBURY,,GB,SY43DD
SALT BREWING COMPANY,,,,,,OSSETT,,GB,WF58ND
SAMUEL GRANT GROUP,,,,,,Leeds,,GB,LS90AR
MARMAX PRODUCTS,,,,,,Stanley,,GB,DH9 9QX
SAMUEL GRANT (LEEDS),,,,,,Leeds,,GB,LS90AR
SAMUEL GRANT (NORTH EAST),,,,,,Jarrow,,GB,NE32 3DP
Samson Pallet Stability,,,,,,Sheffield,,GB,S35 1QP
SAMUEL SMITH OLD BREWERY (TADCASTER),,,,,,Tadcaster,,GB,LS24 9SB
SAMWORTH BROTHERS,,,,,,Leicestershire,,GB,LE13 1GA
GIBBS CROFT,,,,,,Melton Mowbray,,GB,LE13 1GA
MANTON WOOD,,,,,,Melton Mowbray,,GB,LE13 1GA
THE REAL WRAP CO,,,,,,Melton Mowbray,,GB,LE13 1GA
SANDFORD ORCHARDS,,,,,,Crediton,,GB,EX17 1HJ
SASA Foods,,,,,,Northwood,,GB,HA6 2EH
SATCO PLASTICS,,,,,,Foster Avenue Dunstable,,GB,LU5 5GN
SAXON QUALITY FOODS,,,,,,Scunthorpe,,GB,DN15 8QJ
SAZERAC UK,,,,,,Kingston Upon Thames,,GB,KT1 4BH
SBM Life Science,,,,,,Newmarket,,GB,CB8 7XN
SBR Retail,,,,,,London,,GB,N4 2LA
SBR South,,,,,,London,,GB,N4 2LA
KZ Catering,,,,,,London,,GB,N4 2LA
SC Johnson,,,,,,Camberley,,GB,GU16 7AJ
SC Johnson Professional,,,,,,Ripley,,GB,DE5 8JZ
SCA Investments,,,,,,London,,GB,W14 0EE
SCHIMMEL DISTRIBUTION,,,,,,Omagh,,GB,BT79 0BU
SCIENSUS PHARMA SERVICES,,,,,,London,,GB,W2 6LG
SCOBIE & JUNOR (ESTD 1919),,,,,,Glasgow,,GB,G2 1AL
SCOTTISH MIDLAND CO-OPERATIVE SOCIETY,,,,,,Edinburgh,,GB,EH28 8QJ
SDEG,,,,,,Great Yarmouth,,GB,NR31 0LS
SEAFOOD AND EAT IT,,,,,,Hounslow,,GB,TW4 5DJ
SEALY UNITED KINGDOM,,,,,,Wigton,,GB,CA7 2AS
SEASALT,,,,,,Falmouth,,GB,TR11 4SZ
SEJ Distribution,,,,,,Hayes,,GB,UB3 1BE
SELECTIVE MARKETPLACE,,,,,,Leicester,,GB,LE7 7NL
SENTURA GROUP,,,,,,Oakham,,GB,LE15 6RB
SEWELL RETAIL,,,,,,Hull,,GB,HU7 0DG
SH Online,,,,,,King's Lynn,,GB,PE30 5DD
SHAKEN UDDER,,,,,,Colchester,,GB,CO5 0PP
SHARP ELECTRONICS (EUROPE),,,,,,Uxbridge,,GB,UB11 1EZ
Sharp Business Systems UK,,,,,,Leeds,,GB,LS11 8PG
SHAWS (HUDDERSFIELD),,,,,,HUDDERSFIELD,,GB,HD5 9AF
SHEIN Distribution UK,,,,,,London,,GB,E14 5HU
SHISEIDO UK,,,,,,London,,GB,WC2B 6AN
SHS GROUP,,,,,,Belfast,,GB,BT3 9ED
MERIDIAN FOODS,,,,,,Gloucester,,GB,GL3 4FE
Merrydown,,,,,,Gloucester,,GB,GL3 4FE
S H S SALES & MARKETING,,,,,,Belfast,,GB,BT3 9ED
SHS DRINKS,,,,,,Edinburgh,,GB,EH2 4JN
SHS SALES & MARKETING (GB),,,,,,Belfast,,GB,BT3 9ED
THE BRITISH PEPPER & SPICE COMPANY,,,,,,Gloucester,,GB,GL3 4FE
THE CRUCIAL SAUCE COMPANY,,,,,,Gloucester,,GB,GL3 4FE
WOODCHESTER ENTERPRISES,,,,,,Gloucester,,GB,GL3 4FE
SIALIONA,,,,,,Grimsby,,GB,DN31 2TG
MARINER INDUSTRIES,,,,,,Grimsby,,GB,DN31 2TG
MARINER PACKAGING CO,,,,,,Grimsby,,GB,DN31 2TG
POWAIR NATURE,,,,,,Grimsby,,GB,DN31 2TG
SIDERISE (HOLDINGS),,,,,,Maesteg,,GB,CF34 0AH
SIDERISE (SPECIAL PRODUCTS),,,,,,Maesteg,,GB,CF34 0AH
SIDERISE INSULATION,,,,,,Maesteg,,GB,CF34 0AH
SIG Trading (Ireland),,,,,,Ballymount Road Lower,,GB,D24 ED81
SIGNATURE FLATBREADS,,,,,,Dunstable,,GB,LU5 4LT
SILENTNIGHT GROUP,,,,,,Barnoldswick,,GB,BB18 6BJ
SILVER CROSS (UK),,,,,,North Yorkshire,,GB,BD23 3JA
SIMBA SMOBY TOYS (UK),,,,,,Bradford,,GB,BD4 7BG
SIMPLY THANK YOU,,,,,,Darlington,,GB,DL1 4PT
SIMPLYCOOK,,,,,,London,,GB,SW18 1UY
SLG Brands,,,,,,Cheltenham,,GB,GL50 3FF
V3 Manufacturing,,,,,,Cheltenham,,GB,GL50 3FF
SME Group,,,,,,Ruislip,,GB,HA4 6SE
Alim Caterers,,,,,,Ruislip,,GB,HA4 6SE
Alim Investments,,,,,,Ruislip,,GB,HA4 6SE
Fazal Fast Foods,,,,,,Ruislip,,GB,HA4 6SE
Mossdyp,,,,,,Ruislip,,GB,HA4 6SE
S M E Enterprise,,,,,,Ruislip,,GB,HA4 6SE
SME (Hammersmith),,,,,,Ruislip,,GB,HA4 6SE
SME Caterers,,,,,,Ruislip,,GB,HA4 6SE
SME Corporation,,,,,,Ruislip,,GB,HA4 6SE
SME Corporation (2),,,,,,Ruislip,,GB,HA4 6SE
SME Fast Foods,,,,,,Ruislip,,GB,HA4 6SE
SME Restaurants,,,,,,Ruislip,,GB,HA4 6SE
SME Trading,,,,,,Ruislip,,GB,HA4 6SE
SMUDGE & FRIENDS PETCARE,,,,,,London,,GB,SE1 3HA
SNACKRUPTORS,,,,,,Salford,,GB,M50 3YJ
SODASTREAM WORLDWIDE TRADING CO,,,,,,,,GB,
SOFINA FOODS,,,,,,Malton,,GB,YO17 9NE
KARRO FOOD,,,,,,Aberdeen,,GB,AB15 4YL
KARRO FOOD FROZEN,,,,,,Malton,,GB,YO17 9HG
KARRO FOOD STOKE,,,,,,Malton,,GB,YO17 9HG
STIRCHLEY BACON CO,,,,,,Malton,,GB,YO17 9NE
T S BLOOR & SONS,,,,,,Malton,,GB,YO17 9NE
YOUNG'S SEAFOOD,,,,,,Grimsby,,GB,DN31 3SW
SOHO COFFEE SHOPS,,,,,,Cheltenham,,GB,GL51 9PT
SOLUTION INTERNATIONAL,,,,,,Leighton Buzzard,,GB,LU7 3RH
SONOVA UK,,,,,,Warrington,,GB,WA1 1RX
SOP International,,,,,,Harlow,,GB,CM19 5AW
SOULFRESH UK,,,,,,Wokingham,,GB,RG41 5TS
SPAR (UK),,,,,,Harrow,,GB,HA1 1BE
SPECIALIST TILING SUPPLIES,,,,,,Leeds,,GB,LS14 1PQ
SPECSAVERS OPTICAL SUPERSTORES,,,,,,Portsmouth,,GB,PO15 7PA
Abbey Centre Visionplus,,,,,,Belfast,,GB,BT37 9UH
Aberdare Specsavers,,,,,,Cardiff,,GB,CF44 7LB
Aberdeen Domiciliary Specsavers,,,,,,Aberdeen,,GB,AB10 1BB
Aberdeen Specsavers Hearcare,,,,,,Aberdeen,,GB,AB10 1BB
Aberdeen Visionplus,,,,,,Aberdeen,,GB,AB10 1BB
Abergavenny Visionplus,,,,,,Newport,,GB,NP7 5AU
Aberystwyth Specsavers,,,,,,Shrewsbury,,GB,SY23 1DE
Aberystwyth Specsavers Hearcare,,,,,,Shrewsbury,,GB,SY23 1DE
Abingdon Visionplus,,,,,,Oxford,,GB,OX14 3QT
Accrington Specsavers Hearcare,,,,,,Blackburn,,GB,BB5 1EX
Accrington Visionplus,,,,,,Blackburn,,GB,BB5 1EY
Acocks Green Specsavers,,,,,,Birmingham,,GB,B27 6BH
Acomb Specsavers,,,,,,Acomb,,GB,YO24 3BW
Acton Specsavers,,,,,,West�London,,GB,W3 6QZ
Addlestone Specsavers,,,,,,Kingston upon Thames,,GB,KT15 2AD
Airdrie Visionplus,,,,,,Motherwell,,GB,ML6 6BU
Albany Road Visionplus,,,,,,Cardiff,,GB,CF24 3LL
Alcester Specsavers,,,,,,Birmingham,,GB,B49 5AA
Aldershot Specsavers,,,,,,Guildford,,GB,GU11 1EP
Aldridge Specsavers,,,,,,Walsall,,GB,WS9 8LZ
Alfreton Specsavers Hearcare,,,,,,Alfreton,,GB,DE55 7BQ
Alfreton Visionplus,,,,,,Derby,,GB,DE55 7BQ
Allerton Specsavers Hearcare,,,,,,Liverpool,,GB,L18 2DH
Allerton Visionplus,,,,,,Liverpool,,GB,L18 2DH
Allestree Specsavers,,,,,,Derby,,GB,DE22 2QQ
Alloa Specsavers,,,,,,Falkirk,,GB,FK10 1JF
SPECTRA PACKAGING SOLUTIONS,,,,,,Holton Halesworth,,GB,IP19 8RX
SPICE HOLDING,,,,,,London,,GB,SE1 3UZ
LAO CAFE,,,,,,London,,GB,SE1 3UZ
ROSA'S LONDON,,,,,,London,,GB,SE1 3UZ
SPIRE TECHNOLOGY,,,,,,Verwood,,GB,BH31 6AX
SPL COMPONENTS,,,,,,LEEDS,,GB,LS11 5UX
SPORTS SUPPLEMENTS,,,,,,Colchester,,GB,CO4 9QX
SPRINGVALE FOODS,,,,,,Ipswich,,GB,�IP3 8AX
SR Mailing,,,,,,Manchester,,GB,M3 1FB
ST EVAL CANDLE CO,,,,,,Wadebridge,,GB,PL27 7UL
ST HELEN'S FARM,,,,,,York,,GB,YO42 4NP
ST. JOHNS PACKAGING (UK),,,,,,Ilkeston,,GB,DE7 4BZ
STAR BRANDS,,,,,,Bristol,,GB,BS13 8FD
STATESIDE FOODS,,,,,,Bolton,,GB,BL5 3XY
STEEPLE LIGHTING,,,,,,Hambrook,,GB,BS16 1GW
ETERNA LIGHTING,,,,,,Wellingborough,,GB,NN8 6AB
PROTOCOL OFFICE,,,,,,Wellingborough,,GB,NN8 6AB
R & S ROBERTSON,,,,,,Wellingborough,,GB,NN8 6AB
STERIMAX GLOBAL,,,,,,Coalville,,GB,LE67 4NA
STEWART BREWING,,,,,,Edinburgh,,GB,EH10 6JN
STIEBEL ELTRON UK,,,,,,Bromborough,,GB,CH62 3RP
STORY HOUSE EGMONT,,,,,,London,,GB,EC3M7HR
STRAUSS U.K,,,,,,Ross-On-Wye,,GB,HR9 7BW
STV International,,,,,,Thetford,,GB,IP25 6ND
SU-BRIDGE PET SUPPLIES,,,,,,Saham Toney,,GB,IP25 7AA
SUMMIT FOODS,,,,,,Preston,,GB,PR4 2DZ
SUNRISE BEVERAGES,,,,,,Bungay,,GB,NR35 1NQ
SUPERMALT UK,,,,,,London,,GB,E1 6QL
SURE-CAN,,,,,,Kettering,,GB,NN16 8PX
SWAROVSKI UK,,,,,,London,,GB,W4 5YE
SWINKELS U.K,,,,,,Nottingham,,GB,DE74 2TZ
SWIZZELS MATLOW,,,,,,New Mills,,GB,SK22 3HA
SYSCO GUEST SUPPLY EUROPE,,,,,,Reading,,GB,RG7 8DA
Sabre Triad,,,,,,Preston,,GB,PR2 5BD
Sachets,,,,,,Chadderton,,GB,OL9 9FX
Safeguard Europe,,,,,,Horsham,,GB,RH13 5QL
Safety First Aid Group,,,,,,Letchworth Garden City,,GB,SG6 2WW
Saica Pack UK,,,,,,Manchester,,GB,M31 4QN
Sainsbury's Supermarkets,,,,,,London,,GB,EC1M 6HA
Saint-Gobain Construction Products UK,,,,,,Loughborough,,GB,LE12 6JU
Brickspan Developments,,,,,,Tamworth,,GB,B78 3HL
Okarno,,,,,,Loughborough,,GB,LE12 6JU
Saint-Gobain Isover UK,,,,,,Loughborough,,GB,LE12 6JU
Saint-Gobain,,,,,,Loughborough,,GB,LE12 6JU
Saint-Gobain Glass (United Kingdom),,,,,,Loughborough,,GB,LE12 6JU
Saint-Gobain High Performance Solutions,,,,,,Loughborough,,GB,LE12 6JU
Sally Salon Services,,,,,,Bracknell,,GB,RG12 1YQ
Salon Europe,,,,,,London,,GB,EC4A 1JQ
Saltrock Surfwear,,,,,,Kingston upon Thames,,GB,KT1 2BQ
Salts Healthcare,,,,,,Birmingham,,GB,B7 4AA
Salus (U.K.),,,,,,St. Helens,,GB,WA9 4TR
Samsonite,,,,,,Uxbridge,,GB,UB11 1ET
Samsung Electronics,,,,,,Chertsey,,GB,KT16 0RS
Sanderson Design Group Brands,,,,,,London,,GB,W4 4DS
Sandoz,,,,,,Bracknell,,GB,RG12 1RF
Sandvik Holdings,,,,,,Halesowen,,GB,B62 8QZ
Dormer Pramet,,,,,,Halesowen,,GB,B62 8QZ
Sandvik,,,,,,Halesowen,,GB,B62 8QZ
Sandvik Osprey,,,,,,Neath,,GB,SA11 1NJ
Seco Tools (U.K.),,,,,,Alcester,,GB,B49 6PU
Walter GB,,,,,,Bromsgrove,,GB,B60 3DJ
Sangers (Northern Ireland),,,,,,Belfast,,GB,BT5 6SR
Santa Maria,,,,,,Milton Keynes,,GB,MK10 0BD
Saraco Industries,,,,,,Bolton,,GB,BL1 4RA
Saria,,,,,,Doncaster,,GB,DN5 9TL
APC (GB),,,,,,Doncaster,,GB,DN5 9TL
Nortech Foods,,,,,,Doncaster,,GB,DN5 9TL
Sarval,,,,,,Doncaster,,GB,DN5 9TL
Sarval (Hartshill),,,,,,Doncaster,,GB,DN5 9TL
T. Quality,,,,,,Doncaster,,GB,DN5 9TL
Saul D Harrison & Sons,,,,,,Romford,,GB,RM3 8XB
Savage & Whitten Wholesale,,,,,,Newry,,GB,BT35 6FY
Savaria Lifts (UK),,,,,,Kingswinford,,GB,DY6 7FJ
Savencia Fromage & Dairy,,,,,,Westbury,,GB,BA13 4HA
Savoursmiths,,,,,,Royston,,GB,SG8 9JN
Scamp and Dude,,,,,,MARLOW,,GB,SL7 3HH
Scandinavian Tobacco Group United Kingdom,,,,,,St Albans,,GB,AL1 3HL
Scangrit,,,,,,South Killingholme,,GB,DN40 3NF
Scania (Great Britain),,,,,,Milton Keynes,,GB,MK15 8HB
Schaeffler,,,,,,Fort Parkway,,GB,B24 9FD
Schaeffler Vehicle Lifetime Solutions,,,,,,Hereford,,GB,HR2 6BQ
Schluter-Systems,,,,,,Coalville,,GB,LE67 1TE
Schneider Electric,,,,,,Telford,,GB,TF3 3BL
Scholastic,,,,,,Warwick,,GB,CV34 6UQ
Scholastic Book Clubs,,,,,,Warwick,,GB,CV34 6UQ
Scholl's Wellness Company,,,,,,Bracknell,,GB,RG12 1WA
Schuh,,,,,,Livingston,,GB,EH54 8RQ
Schulke & Mayr,,,,,,SHEFFIELD,,GB,S9 1AT
Schweppes International,,,,,,London,,GB,W1S 4HQ
Scientific Laboratory Supplies,,,,,,Hessle,,GB,HU13 0AE
Sco-Fro Group,,,,,,Glasgow,,GB,G2 5QY
Scolmore (International),,,,,,Tamworth,,GB,B79 7UL
Elite Security Products,,,,,,Redditch,,GB,B98 8YN
Ovia,,,,,,Tamworth,,GB,B79 7UL
Sangamo,,,,,,Tamworth,,GB,B79 7UL
Unicrimp,,,,,,Tamworth,,GB,B79 7UL
Scotsdale Nursery and Garden Centre,,,,,,Cambridge,,GB,CB22 5JT
Scott & Fyfe,,,,,,Tayport,,GB,DD69EE
Scottish Sea Farms,,,,,,London,,GB,EC3V 9AA
Scotts_bakery_limited,,,,,,Fivemiletown,,GB,BT75 0QP
Screwfix Direct,,,,,,Yeovil,,GB,BA22 8RT
Screwfix Spares,,,,,,Yeovil,,GB,BA22 8RT
Scrub Daddy UK,,,,,,Tiverton,,GB,EX16 6TW
Scruffs Workwear,,,,,,Yeovil,,GB,BA22 8UY
Seachill UK,,,,,,Huntingdon,,GB,PE29 6YE
Seafresh Group (Holdings),,,,,,Redditch,,GB,B98 0RE
Seagold,,,,,,Hessle,,GB,HU13 0LH
Collins Seafoods North East,,,,,,Newton Aycliffe,,GB,DL5 6AR
Ice Fresh Seafood,,,,,,Hessle,,GB,HU13 0LH
Seal It Services,,,,,,Elland,,GB,HX5 9DN
Sealed Air,,,,,,St. Neots,,GB,PE19 1QN
Searchlight Electric,,,,,,Manchester,,GB,M40 2BS
Seawhite of Brighton,,,,,,Worthing,,GB,BN11 1RL
Seca,,,,,,Birmingham,,GB,B5 5QB
Seckford Agencies,,,,,,Colchester,,GB,CO7 7XQ
Seconique Furniture,,,,,,Wolverhampton,,GB,WV9 5EY
Secretlab,,,,,,London,,GB,EC2A 2AP
Secure Meters (UK),,,,,,Eastleigh,,GB,SO53 3TL
Seetall Furniture,,,,,,Swansea,,GB,SA4 9DZ
Selden Research,,,,,,Buxton,,GB,SK17 9RZ
Select Catering Solutions,,,,,,Market Harborough,,GB,LE16 7UL
Select Hardware,,,,,,Stourbridge,,GB,DY9 8RS
Select Service Partner,,,,,,London,,GB,NW1 7HW
Selecta U.K,,,,,,Hemel Hempstead,,GB,HP2 7PT
Selfridges Retail,,,,,,London,,GB,W1A 1AB
Senator International,,,,,,Accrington,,GB,BB5 5YE
Senior,,,,,,Rickmansworth,,GB,WD3 1RH
Lymington Precision Engineers Co,,,,,,Rickmansworth,,GB,WD3 1RH
Sensio,,,,,,Castleford,,GB,WF10 5PY
Senza Group,,,,,,London,,GB,E1W 1YW
Serco Group,,,,,,Hook,,GB,RG27 9UY
Serious Brands,,,,,,Aylesbury,,GB,HP19 8RY
Serious Pig,,,,,,London,,GB,WC2A 2JR
Services Machinery & Trucks,,,,,,Cambridge,,GB,CB22 4QX
Severn Valley Woodworks,,,,,,Westbury on Severn,,GB,GL14 1ND
Shalam Packaging,,,,,,Chelmsford,,GB,CM2 0AW
Shana Foods,,,,,,Wembley,,GB,HA9 0YJ
Shaneel Enterprises,,,,,,Wembley,,GB,HA9 8HB
S A Designer Parfums,,,,,,Watford,,GB,WD24 7JG
Sharkninja Europe,,,,,,Leeds,,GB,LS15 8ZB
Sharpak Aylesham,,,,,,Canterbury,,GB,CT3 3EF
Sharpak Bridgwater,,,,,,Bridgwater,,GB,TA6 5YS
Sharpak Yate,,,,,,Bristol,,GB,BS37 7AA
Sharps Bedrooms,,,,,,Bilston,,GB,WV14 0QL
Clever Closet,,,,,,Bilston,,GB,WV14 0QL
Sharrocks Fresh Produce,,,,,,Preston,,GB,PR2 5LX
Shaws Since1897,,,,,,Wolverhampton,,GB,WV9 5FH
Shazan Foods,,,,,,Birmingham,,GB,B3 2BJ
Shell Holdings (U.K.),,,,,,London,,GB,SE1 7NA
SHELL U.K,,,,,,London,,GB,SE1 7NA
SHELL U.K. OIL PRODUCTS,,,,,,LONDON,,GB,SE1 7NA
Shepherd Foods Holdings,,,,,,London,,GB,SW7 4PL
Partridges of Sloane Square,,,,,,London,,GB,SW7 4PL
Partridges of Sloane Street,,,,,,London,,GB,SW7 4PL
Shepherd Foods (London),,,,,,London,,GB,SW7 4PL
Shepherd Neame,,,,,,Faversham,,GB,ME13 7AX
Shepley Spring,,,,,,Huddersfield,,GB,HD8 8EA
Sheppy's Cider,,,,,,Taunton,,GB,TA4 1ER
Sherwin-Williams,,,,,,Witney,,GB,OX28 4XR
Sherwood Farms,,,,,,Leicester,,GB,LE14 3AR
Shin Etsu Handotai Europe,,,,,,Livingston,,GB,EH547DA
Shiner,,,,,,Bristol,,GB,BS32 4UA
Ship It Appliances,,,,,,Greater Manchester,,GB,M50 1RE
Shire Foods,,,,,,Leamington Spa,,GB,CV31 3SF
Shoal Group,,,,,,London,,GB,EC1M 6EE
Shoda Sauces Europe Company,,,,,,Abertillery,,GB,NP13 3JW
Shoe Zone Retail,,,,,,Leicester,,GB,LE1 2LH
Shop Direct Home Shopping,,,,,,Liverpool,,GB,L70 1AB
Shop TJC,,,,,,Feltham,,GB,TW13 7HF
Shore Laminates,,,,,,Wellingborough,,GB,NN8 4BA
Shure,,,,,,Waltham Abbey,,GB,EN9 1AS
Shurtape,,,,,,London,,GB,SW1H 0DB
Shuttercraft,,,,,,Winchester,,GB,SO21 3BT
Sian Wholesale,,,,,,Ockley,,GB,RH5 5PE
Siemens Holdings,,,,,,Farnborough,,GB,GU14 7BF
Electrium Sales,,,,,,Farnborough,,GB,GU14 7BF
Siemens,,,,,,Farnborough,,GB,GU14 7BF
Sifcon International,,,,,,Waltham Cross,,GB,EN8 7PG
Sigma 3 (Kitchens),,,,,,Pontyclun,,GB,CF72 8LF
Sigma Sports,,,,,,Kingston Upon Thames,,GB,KT1 4HG
Signet Trading,,,,,,Birmingham,,GB,B19 1DS
Signify Commercial UK,,,,,,Guildford,,GB,GU2 8XG
Sika,,,,,,Welwyn Garden City,,GB,AL7 1BQ
Silbury Marketing,,,,,,Banbury,,GB,OX16 1RH
Silent Gliss,,,,,,Broadstairs,,GB,CT10 2PT
Silgan Closures,,,,,,Doncaster,,GB,DN4 5NT
Silverhook,,,,,,Harold Wood Romford,,GB,RM3 0JH
Ware Motorama,,,,,,Romford,,GB,RM3 0JH
Silverline Office Equipment,,,,,,Bury St Edmunds,,GB,IP28 7DE
Simba Sleep,,,,,,Bristol,,GB,BS1 6AJ
Simon Howie Foods,,,,,,Dunning,,GB,PH2 ORA
Simple Online Healthcare,,,,,,Glasgow,,GB,G40 3PA
Simplehuman,,,,,,London,,GB,E1 6RB
Simply Cartons,,,,,,Nottingham,,GB,NG5 1GQ
Simply Lunch,,,,,,Croydon,,GB,CR0 4ZS
Simply Luxe,,,,,,Nottingham,,GB,NG5 1GQ
Simpson Label Company Ltd (The),,,,,,Dalkeith,,GB,EH22 4AF
Simpson Strong-Tie International Inc,,,,,,Tamworth,,GB,B78 3HG
Simpsons Wine Estate,,,,,,London,,GB,W1J 5HS
Singleton Birch,,,,,,Barnetby,,GB,DN38 6AE
Birch Chemicals,,,,,,Barnetby,,GB,DN38 6AE
Sipcam Home and Garden,,,,,,Royston,,GB,SG8 7BX
Sipsmith,,,,,,London,,GB,W4 2LJ
Sir Jacob Behrens and Sons,,,,,,MANCHESTER,,GB,M17 1PP
Siren Furniture,,,,,,Nottingham,,GB,NG10 4QE
Siroflex,,,,,,Barnsley,,GB,S75 3SP
Sisemen,,,,,,Worcester,,GB,WR5 2QR
Lyte,,,,,,Broomhall,,GB,WR5 2QR
Nemesis,,,,,,Worcester,,GB,WR5 2QR
Siva Plastics,,,,,,Southampton,,GB,SO19 7GB
Skea Egg Farms,,,,,,Enniskillen,,GB,BT920BN
Skoulikas Bedford,,,,,,Spalding,,GB,PE11 3YR
Sky,,,,,,Isleworth,,GB,TW7 5QD
Sky CP,,,,,,Isleworth,,GB,TW7 5QD
Slater Menswear,,,,,,Glasgow,,GB,G1 4HF
Sleepeezee,,,,,,Rochester,,GB,ME2 2BP
Smart Garden Products,,,,,,Abingdon,,GB,OX14 3PZ
Smartwares Safety & Lighting,,,,,,Halesowen,,GB,B62 8DY
Smeg (UK),,,,,,Abingdon,,GB,OX14 1DZ
Smiffys II,,,,,,Gainsborough,,GB,DN21 1DY
Smiggle,,,,,,London,,GB,WC1N 2EB
Smilde Food Group,,,,,,Redhill,,GB,RH1 6RW
Smith Anderson Group,,,,,,Kirkcaldy,,GB,KY1 3NA
Smithers-Oasis U.K,,,,,,Washington,,GB,NE38 0AQ
Smol,,,,,,Brighton,,GB,BN1 1RB
Smurfit Westrock,,,,,,Liverpool,,GB,L3 1SF
Smyth's Eurospar,,,,,,Ballymoney,,GB,BT53 6DS
Smyths Toys NI,,,,,,Belfast,,GB,BT3 9LE
Smyths Toys,,,,,,London,,GB,EC4V 5EQ
Snag Group,,,,,,Livingston,,GB,EH54 9DF
Snap-On U.K. Holdings,,,,,,Kettering,,GB,NN16 8SN
Snapfish,,,,,,Taunton,,GB,TA1 2PF
Sneak Energy,,,,,,Manchester,,GB,M2 5HT
Soabar,,,,,,Leicester,,GB,LE8 6NU
Soanes Poultry,,,,,,Driffield,,GB,YO25 9UG
Sodexo Holdings,,,,,,London,,GB,WC1B 5HA
Alliance in Partnership,,,,,,London,,GB,WC1B 5HA
Class Catering Services,,,,,,London,,GB,WC1B 5HA
Heritage Portfolio,,,,,,Edinburgh,,GB,EH6 4HJ
Sodexo,,,,,,London,,GB,WC1B 5HA
Sodexo Live UK,,,,,,London,,GB,WC1B 5HA
The Contract Dining Company,,,,,,London,,GB,WC1B 5HA
The Good Eating Company,,,,,,London,,GB,WC1B 5HA
Sodiaal UK,,,,,,Milton Keynes,,GB,MK12 5NN
Sofa Brands International,,,,,,Melksham,,GB,SN12 6GU
Collins and Hayes Furniture,,,,,,Melksham,,GB,SN12 6GU
Duresta Upholstery,,,,,,Melksham,,GB,SN12 6GU
G Plan Upholstery,,,,,,Melksham,,GB,SN12 6GU
Parker Knoll Upholstery,,,,,,Melksham,,GB,SN12 6GU
The Lounge Co. (Furniture),,,,,,Melksham,,GB,SN12 6GU
Sofidel,,,,,,Neath,,GB,SA11 2FP
Soho Flordis UK,,,,,,Wigan,,GB,WN1 2TB
Sol de Janeiro USA Inc,,,,,,New York,,GB,10165
Solent Global Holdings,,,,,,Lymington,,GB,SO41 9GA
Retail Brands,,,,,,Lymington,,GB,SO41 9GA
Solent Brands,,,,,,Lymington,,GB,SO41 9GA
Solent Homecare,,,,,,Lymington,,GB,SO41 9GA
Solent International,,,,,,Lymington,,GB,SO41 9GA
Xpel Marketing,,,,,,Lymington,,GB,SO41 9GA
Solina UK Trading,,,,,,Elland,,GB,HX5 9JP
Solvay UK Holding Company,,,,,,Warrington,,GB,WA4 6HA
Solvay Interox,,,,,,Warrington,,GB,WA4 6HA
Something Different Wholesale,,,,,,Swansea,,GB,SA7 9LA
Somfy,,,,,,Yeadon,,GB,LS19 7ZA
Sone Products,,,,,,Stanley,,GB,DH9 9QX
Sonoco,,,,,,Halifax,,GB,HX4 9PY
Sonos Atlantic,,,,,,London,,GB,EC2Y 5EB
Sony Europe B.V,,,,,,Weybridge,,GB,KT13 0XW
Sony Interactive Entertainment Europe,,,,,,London,,GB,W1F 7LP
Sony Interactive Entertainment Direct Europe,,,,,,London,,GB,W1F 7LP
Sony Interactive Entertainment Network Europe,,,,,,London,,GB,W1F 7LP
Sony Interactive Entertainment UK,,,,,,London,,GB,W1F 7LP
Sony Music Entertainment,,,,,,London,,GB,N1C 4DB
Sophie Allport,,,,,,Bourne,,GB,PE10 9WG
Soudal,,,,,,Tamworth,,GB,B77 5PN
Soul Coffee House (Central),,,,,,Northwood,,GB,HA6 2EH
Soul Coffee House (East),,,,,,Northwood,,GB,HA6 2EH
Soul Coffee House (London),,,,,,Northwood,,GB,HA6 2EH
Soul Coffee House (South),,,,,,Northwood,,GB,HA6 2EH
Soul Coffee House (West),,,,,,Northwood,,GB,HA6 2EH
Sourcebynet UK,,,,,,Shrewsbury,,GB,SY1 3FJ
Sourceful,,,,,,Manchester,,GB,M13BR
South Caernarvon Creameries,,,,,,Pwllheli,,GB,LL53 6SB
South West Packaging,,,,,,Gillingham,,GB,SP8 4LT
Southern Cross Packaging,,,,,,Waterlooville,,GB,PO7 7XX
Southwestern Distillery,,,,,,Wadebridge,,GB,PL27 7SH
Space NK,,,,,,London,,GB,WC1E 6JA
Spaceright Europe,,,,,,Glasgow,,GB,G68 0LW
Spaldings,,,,,,Lincoln,,GB,LN6 3XJ
Spark Etail,,,,,,Marlow,,GB,SL7 1EY
Spear & Jackson,,,,,,Sheffield,,GB,S4 7QQ
Eclipse Magnetics,,,,,,Sheffield,,GB,S4 7QQ
Neill Tools,,,,,,Sheffield,,GB,S4 7QQ
Specialist Computer Centres,,,,,,Birmingham,,GB,B11 2LE
E-Plenish,,,,,,Fareham,,GB,PO15 5TT
Quadra Concepts (UK),,,,,,Birmingham,,GB,B11 2LE
Visavvi,,,,,,Birmingham,,GB,B11 2LE
Vohkus,,,,,,Segensworth,,GB,PO15 5TT
Specialist Pet Group,,,,,,Nottingham,,GB,NG2 6NQ
PSR Trading,,,,,,Nottingham,,GB,NG2 6NQ
Pedigree Wholesale,,,,,,Nottingham,,GB,NG2 6NQ
Pets and Friends Trading,,,,,,Nottingham,,GB,NG2 6NQ
Speciality Brands,,,,,,London,,GB,NW10 7LQ
Speciality Breads,,,,,,Worthing,,GB,BN11 1QR
Speciality Cooking Supplies,,,,,,London,,GB,N8 9DJ
Specialty Electronic Materials UK,,,,,,Stevenage,,GB,SG1 2NG
Spectrum Brands,,,,,,Manchester,,GB,M35 0HS
Spectrum Brands EMEA,,,,,,Nottingham,,GB,NG8 6AS
Speedy Products,,,,,,Manchester,,GB,M6 6WY
Sphere Consolidated Holdings U.K,,,,,,Colchester,,GB,CO2 7GL
Alfaplas,,,,,,Baglan,,GB,SA12 7EZ
Sphere Consumer Products,,,,,,Warrington,,GB,WA3 6AE
Spin Master Toys,,,,,,Marlow,,GB,SL7 1NT
Spiral Packs (London),,,,,,Sevenoaks,,GB,TN15 6AR
Spirit Healthcare,,,,,,Leicester,,GB,LE2 6UP
Spirited Wines & Co,,,,,,London,,GB,W1W 6QR
Spiritmen,,,,,,Guildford,,GB,GU5 9BW
Splash About International,,,,,,Grimsby,,GB,DN41 8DY
Splendid Hospitality Group,,,,,,Watford,,GB,WD24 4YJ
Splendid Restaurants (Colonel),,,,,,Watford,,GB,WD24 4YJ
Splendid Restaurants (Harland),,,,,,Watford,,GB,WD24 4YJ
Spon Global,,,,,,Liverpool,,GB,L24 9PB
Sportpursuit,,,,,,London,,GB,SW9 6DE
Sportswift,,,,,,Wakefield,,GB,WF2 0XG
Printcraft,,,,,,Wakefield,,GB,WF2 0XG
Springfarm Architectural Mouldings,,,,,,Antrim,,GB,BT41 2RU
Springfield Solutions,,,,,,Hull,,GB,HU9 1EH
Springhill Farms (Pershore),,,,,,Evesham,,GB,WR11 7TD
Sprite Labels,,,,,,Nottingham,,GB,NG8 4GP
St Ewe Free Range Eggs,,,,,,Truro,,GB,TR2 4EF
St James Smokehouse(Scotland),,,,,,Annan,,GB,DG12 6BA
St.Austell Brewery Company,,,,,,St. Austell,,GB,PL25 4BY
Stabilo International GmbH,,,,,,Maidenhead,,GB,SL6 4BY
Staedtler (U.K.),,,,,,Bridgend,,GB,CF35 5LJ
Stamford Products,,,,,,Stalybridge,,GB,SK15 1QQ
Standard Motor Products Europe,,,,,,Annesley,,GB,NG15 0DR
Stanilod Group,,,,,,Evesham,,GB,WR11 1LB
BW Catering Products,,,,,,Evesham,,GB,WR11 1LB
BW Ireland,,,,,,Belfast,,GB,BT8 8DN
Barnes Williams (UK & Far East),,,,,,Worcestershire,,GB,WR11 1LB
The Chilli Doctor,,,,,,Evesham,,GB,WR11 1LB
Stanley Black & Decker,,,,,,Northampton,,GB,NN4 7PW
Stans Superstore,,,,,,Oswestry,,GB,SY11 3AY
Star Oriental Trading,,,,,,Southampton,,GB,SO18 1UB
Starbucks Coffee Company (UK),,,,,,London,,GB,W4 5YE
Stark Building Materials UK,,,,,,Coventry,,GB,CV3 2TT
Start-Rite Shoes,,,,,,Norwich,,GB,NR7 0WF
Status International,,,,,,Bradford,,GB,BD11 2HW
Staveley's Eggs,,,,,,Chorley,,GB,PR7 5EB
Stax Trade Centres,,,,,,Manchester,,GB,M28 2LA
Steelcase Holding,,,,,,London,,GB,EC1M 3JU
Steelcase,,,,,,London,,GB,EC1M 3JU
Steelcase (South- East),,,,,,London,,GB,EC1M 3JU
Steelite International,,,,,,Burslem,,GB,ST6 3RB
Stellantis UK,,,,,,Coventry,,GB,CV3 1ND
Stelrad,,,,,,Newcastle Upon Tyne,,GB,NE1 3JE
Step2 Discovery,,,,,,Altrincham,,GB,WA14 2DT
Stephens and George,,,,,,Merthyr Tydfil,,GB,CF48 3TD
Sterling Furniture Group,,,,,,Tillicoultry,,GB,FK13 6NS
Sterling Press,,,,,,Kettering,,GB,NN15 6XU
Steroplast Healthcare,,,,,,Manchester,,GB,M22 4TE
Stewart Packaging,,,,,,Stevenage,,GB,SG1 3EE
Easy Liners,,,,,,Stevenage,,GB,SG1 3EE
Stevenage Packaging,,,,,,Stevenage,,GB,SG1 3EE
Stewarts (Scotland),,,,,,Perth,,GB,PH1 3FL
Stiga,,,,,,Bishops Stortford,,GB,CM22 6PU
Stiltz,,,,,,Kingswinford,,GB,DY6 7TD
Stoelzle Flaconnage,,,,,,Knottingley,,GB,WF11 8AP
Stokes Sauces,,,,,,Woodbridge,,GB,IP12 2RG
Stone Island (UK) Retail,,,,,,Altrincham,,GB,WA14 2DT
Stone Technologies,,,,,,Stafford,,GB,ST18 9AA
Stonegate Farmers,,,,,,Chippenham,,GB,SN15 2LZ
Stonegate Pub Company,,,,,,Grand Cayman,,GB,KY1-1111
Storck,,,,,,Basingstoke,,GB,RG24 8QZ
Storm Trading Group,,,,,,Bradford,,GB,BD1 4RU
Storopack UK,,,,,,Sheffield,,GB,S9 1FZ
Stott O'Connel and Company,,,,,,Keighley,,GB,BD21 4NS
Strachans,,,,,,Peterhead,,GB,AB42 1UE
Strathmore Foods,,,,,,Forfar,,GB,DD8 3NG
Strathroy Dairy,,,,,,Omagh,,GB,BT79 7JD
Strawson Produce,,,,,,Newark,,GB,NG22 8RD
Strong Roots Food Company,,,,,,London,,GB,EC2A 3HN
Stuart Turner,,,,,,Henley on Thames,,GB,RG9 2AD
Dutypoint,,,,,,Hardwicke,,GB,GL2 4PA
Mikrofill Systems,,,,,,Henley-On-Thames,,GB,RG9 2AD
Subcold,,,,,,Livingston,,GB,EH54 5DJ
Sucafina,,,,,,Croydon,,GB,CR0 2BX
Summit Medical,,,,,,Cheltenham,,GB,GL54 2HQ
Marlux Medical,,,,,,Cheltenham,,GB,GL54 2HQ
Sun Europa,,,,,,SHEPTON MALLET,,GB,BA4 5QQ
Suncream Dairies,,,,,,Tamworth,,GB,B77 5DQ
Sundown Products,,,,,,Huntingdon,,GB,PE28 0JY
Sunmagic Juices,,,,,,London,,GB,SE5 9JJ
Sunny Fields Enterprise,,,,,,Luton,,GB,LU2 8DL
Sunrise Poultry Farms,,,,,,Loughborough,,GB,LE11 3NP
Super Smart Service,,,,,,Cannock,,GB,WS11 1SL
Superdry,,,,,,Cheltenham,,GB,GL51 9NW
C-Retail,,,,,,Cheltenham,,GB,GL51 9NW
DHK Retail,,,,,,Cheltenham,,GB,GL51 9NW
Supergroup Internet,,,,,,Cheltenham,,GB,GL51 9NW
Superfine Manufacturing,,,,,,Forfar,,GB,DD8 1TD
Supervalu Aughnacloy,,,,,,Co. Tyrone,,GB,BT69 6AY
Supplies For Candles,,,,,,Swinton,,GB,S64 8BH
Supply Technologies (UKGRP),,,,,,Preston,,GB,PR5 8AX
Hydrapower Dynamics,,,,,,Birmingham,,GB,B1 2UN
Langstone Supplies,,,,,,Llansamlet,,GB,SA6 8QQ
Supreme Imports,,,,,,Manchester,,GB,M17 1AF
Supreme Petfoods,,,,,,Ipswich,,GB,IP7 6DN
Supremo,,,,,,Telford,,GB,TF3 3AT
Sureflap,,,,,,Cambourne,,GB,CB23 6DW
Sussex Bakes,,,,,,Chichester,,GB,PO19 7RT
Swallow Dental Supplies,,,,,,KEIGHLEY,,GB,BD20 0EF
Swan Mill (Holdings),,,,,,Swanley,,GB,BR8 8EU
Swan Products,,,,,,Stoke-On-Trent,,GB,ST4 2NL
Sweet Freedom,,,,,,Kettering,,GB,NN16 8NQ
Sweet Squared,,,,,,Leeds,,GB,LS14 1FB
Swell UK,,,,,,Hyde,,GB,SK14 4QF
Swift Group,,,,,,Cottingham,,GB,HU16 4JX
Swiftpak,,,,,,Reading,,GB,RG7 4AH
Swifts Supermarkets,,,,,,Lisnaskea,,GB,BT92 0JB
Swoon Editions,,,,,,London,,GB,WC2A 2JR
Sybron (UK),,,,,,Harlow,,GB,CM19 5TF
Sykes Seafoods Holdings,,,,,,Warrington,,GB,WA5 3ZL
Sykes Seafood,,,,,,Warrington,,GB,WA5 3ZL
Sylvamo UK,,,,,,Aberdeen,,GB,AB10 1YL
Symply Pet Foods,,,,,,Watford,,GB,WD17 1HP
TRIBAL PET FOODS,,,,,,High Wycombe,,GB,HP10 0PE
Symprove,,,,,,Farnham,,GB,GU10 1PX
Synchemicals,,,,,,Coalville,,GB,LE67 3DE
Nutrel Products,,,,,,Coalville,,GB,LE67 3DE
Vitax,,,,,,Coalville,,GB,LE67 3DE
Synergy Packaging Solutions,,,,,,Corby,,GB,NN17 5XH
Syngenta Holdings,,,,,,Bracknell,,GB,RG42 6EY
Syngenta,,,,,,Bracknell,,GB,RG42 6EY
Synthomer,,,,,,Harlow,,GB,CM20 2BH
Sysco GB,,,,,,Ashford,,GB,TN25 4AG
S�dzucker United Kingdom,,,,,,Edinburgh,,GB,EH3 8HE
T I Midwood & Co,,,,,,Chester,,GB,CH1 1QY
T J Morris Group,,,,,,Liverpool,,GB,L11 0JA
T J Morris Brewing,,,,,,Liverpool,,GB,L11 0JA
T J Morris Converting,,,,,,Liverpool,,GB,L11 0JA
T. J. Morris,,,,,,Liverpool,,GB,L11 0JA
T S I Packing,,,,,,Telford,,GB,TF7 4NX
T&L Sugars,,,,,,London,,GB,E16 2EW
T.&R. THEAKSTON,,,,,,Ripon,,GB,HG4 4YD
T.H.Clements & Son,,,,,,Boston,,GB,PE22 0EJ
T.J.Smith and Nephew,,,,,,Hull,,GB,HU3 2BN
T.K. Components,,,,,,Manchester,,GB,M34 3UL
TANGERINE HOLDINGS,,,,,,Lytham St. Annes,,GB,FY8 5LT
VET PLUS,,,,,,Lytham,,GB,FY8 5LT
TARMAC CEMENT,,,,,,Birmingham,,GB,B37 7ES
TATA Consumer Products GB,,,,,,Greenford,,GB,UB6 0AZ
TBG Furniture,,,,,,Ilkeston,,GB,DE7 4AZ
Clinchplain Foam And Fibre,,,,,,Ilkeston,,GB,DE7 4AZ
Tetrad Furniture,,,,,,Ilkeston,,GB,DE7 4AZ
TCE GROUP,,,,,,Northwich,,GB,CW8 4GW
BRITISH SALT,,,,,,Northwich,,GB,CW8 4GW
TATA CHEMICALS EUROPE,,,,,,Northwich,,GB,CW8 4GW
TCL Electronics,,,,,,Maidenhead,,GB,SL6 1AF
TCL Manufacturing,,,,,,Rainham,,GB,RM13 9JY
TCL Packaging,,,,,,Telford,,GB,TF3 3AT
TCMM Shutter Group,,,,,,BASIN ROAD SOUTH,,GB,BN41 1WF
Calfiornia Shutters,,,,,,BASIN ROAD SOUTH,,GB,BN41 1WF
Do It Yourself Shutters,,,,,,BASIN ROAD SOUTH,,GB,BN41 1WF
Make My Blinds,,,,,,BASIN ROAD SOUTH,,GB,BN41 1WF
Shutterly Fabulous Retail,,,,,,BASIN ROAD SOUTH,,GB,BN41 1WF
Swift Direct Blinds,,,,,,BASIN ROAD SOUTH,,GB,BN41 1WF
The Shutter Store,,,,,,BASIN ROAD SOUTH,,GB,BN41 1WF
Trade Shutters wholesale,,,,,,BASIN ROAD SOUTH,,GB,BN41 1WF
TECHNOGYM U.K,,,,,,BRACKNELL,,GB,RG12 1WP
TEE-KAY PACKAGING (PETERBOROUGH),,,,,,Peterborough,,GB,PE1 5XG
TENNENT CALEDONIAN BREWERIES WHOLESALE,,,,,,Glasgow,,GB,G31 1JD
TERRADACE HOLDINGS,,,,,,London,,GB,W1G 0PW
TERRY’S CHOCOLATE CO,,,,,,London,,GB,N3 1XW
TEX GROUP,,,,,,IPSWICH,,GB,IP6 0NL
TFX Group,,,,,,Amersham,,GB,HP6 5BX
TG JONES HIGH STREET,,,,,,Swindon,,GB,SN3 3RX
TGC (2015),,,,,,Bradford,,GB,BD4 0RY
TGTC,,,,,,Swindon,,GB,SN25 5AZ
TH UK & Ireland,,,,,,Egham,,GB,TW20 8RY
THALES DIS UK,,,,,,Reading,,GB,RG2 6GF
THAM BROTHERS,,,,,,Liverpool,,GB,L18 1DG
THE ACE SUPPLY COMPANY,,,,,,Sale,,GB,M33 3AQ
THE BRANNERSON COMPANY HOLDINGS,,,,,,Glasgow,,GB,G2 1BP
BO AND TEE,,,,,,Glasgow,,GB,G2 1BP
OH POLLY,,,,,,Glasgow,,GB,G2 1BP
THE COTSWOLD BREWING COMPANY,,,,,,Cheltenham,,GB,GL54 2HN
THE COTSWOLD COMPANY (UK),,,,,,Norwich,,GB,NR1 3PA
THE DISNEY STORE,,,,,,London,,GB,W69PE
THE DRINKS COMPANY,,,,,,HORSHAM,,GB,RH122RG
THE FINE BEDDING COMPANY,,,,,,Manchester,,GB,M32 0QY
THE HEIRLOOM SAUCE COMPANY,,,,,,Poole,,GB,BH16 6FA
THE HELPING HAND COMPANY (LEDBURY),,,,,,Ledbury,,GB,HR8 1NS
THE HOUSE OF SARUNDS,,,,,,Blandford Forum,,GB,DT11 7SX
THE KENDON ROPE & TWINE CO,,,,,,London,,GB,EN3 7FL
THE KERNEL BREWERY,,,,,,London,,GB,SE16 4QT
THE LONDON OIL REFINING CO,,,,,,Bradford,,GB,BD3 7AF
THE MOSAIC TILE COMPANY,,,,,,Leeds,,GB,LS15 8GB
THE ORIGINAL DRINKS AND FOOD COMPANY,,,,,,Gravesend,,GB,DA12 5HA
THE SOCIETY OF VINTNERS,,,,,,Chichester,,GB,PO19 1UZ
THE TOOL CONNECTION,,,,,,Walsall,,GB,WS1 1TJ
ELDON TOOL AND ENGINEERING,,,,,,Walsall,,GB,WS1 1TJ
THE TRACKLEMENT COMPANY,,,,,,Malmesbury,,GB,SN16 0RD
THE WORKS STORES,,,,,,Birmingham,,GB,B46 1AL
THEA PHARMACEUTICALS,,,,,,Newcastle,,GB,ST5 5NT
THF Holdings,,,,,,Gateshead,,GB,NE9 5BF
COLORLITES,,,,,,Gateshead,,GB,NE9 5BF
Contract Candles & Diffusers,,,,,,Gateshead,,GB,NE9 5BF
THG,,,,,,Altrincham,,GB,WA15 0AF
Acheson & Acheson,,,,,,Altrincham,,GB,WA15 0AF
Brighter Foods,,,,,,Altrincham,,GB,WA15 0AF
Cult Beauty,,,,,,Manchester,,GB,WA15 0AF
David Berryman,,,,,,Altrincham,,GB,WA15 0AF
ESPA International,,,,,,Altrincham,,GB,WA15 0AF
Illamasqua,,,,,,Altrincham,,GB,WA15 0AF
Mama Mio,,,,,,Altrincham,,GB,WA15 0AF
THG Beauty,,,,,,Manchester,,GB,WA15 0AF
THG Nutrition,,,,,,Manchester,,GB,WA15 0AF
The Protein Lab,,,,,,Altrincham,,GB,WA15 0AF
THOMAS ARMSTRONG (HOLDINGS),,,,,,Maryport,,GB,CA15 8RY
FOAMED GLASS (UK),,,,,,Maryport,,GB,CA15 8RY
THOMAS ARMSTRONG (AGGREGATES),,,,,,Maryport,,GB,CA15 8RY
THOMAS ARMSTRONG (CONCRETE BLOCKS),,,,,,Maryport,,GB,CA15 8RY
THOMAS ARMSTRONG (TIMBER),,,,,,Maryport,,GB,CA15 8RY
THULE OUTDOOR,,,,,,Haverhill,,GB,CB9 7XZ
TIFFIN SANDWICHES,,,,,,Bradford,,GB,BD4 6SF
TIGER FEET,,,,,,Manchester,,GB,M40 2BF
TIKTOK INFORMATION TECHNOLOGIES UK,,,,,,London,,GB,EC1A 9HP
TILE MOUNTAIN,,,,,,Stoke On Trent,,GB,ST6 5TQ
TILL AND WHITEHEAD,,,,,,Bolton,,GB,BL1 4PW
TIMPSON GROUP,,,,,,Manchester,,GB,M23 9TT
JOHNSON CLEANERS UK,,,,,,Manchester,,GB,M23 9TT
MAX SPIELMANN,,,,,,Manchester,,GB,M23 9TT
TIMPSON,,,,,,Manchester,,GB,M23 9TT
TINWARE DIRECT,,,,,,Bedford,,GB,MK44 2QS
TITE FIX,,,,,,Skipton,,GB,BD23 2DD
TITHEBARN,,,,,,Winsford,,GB,CW7 3PG
TJ Clays,,,,,,Sufolk,,GB,NR35 1ED
TJX UK,,,,,,Watford,,GB,WD17 1TX
TK PACKAGING,,,,,,LONDON,,GB,N13 4XS
TLC (Southern),,,,,,Crawley,,GB,RH10 9TS
TMD Friction UK,,,,,,Hartlepool,,GB,TS24 0RE
TOAST (MAIL ORDER),,,,,,Swansea,,GB,SA6 8RE
TOLCHARDS,,,,,,Torquay,,GB,TQ2 7AX
STEWART WINES,,,,,,Torquay,,GB,TQ2 7AX
TOLSA UK,,,,,,Scunthorpe,,GB,DN15 8SD
TOM HANNAH AGENCIES,,,,,,JOHNSTONE,,GB,PA5 8AB
TOM PARKER CREAMERY,,,,,,Wincanton,,GB,BA9 9DT
TOM WALKER AND SONS,,,,,,Leeds,,GB,LS10 2JH
TONIES UK,,,,,,Bishops Stortford,,GB,CM23 3BT
TOP SPIRITS,,,,,,Leicester,,GB,LE5 4LE
TOPPS EUROPE,,,,,,London,,GB,E14 5HU
TOTALENERGIES MARKETING UK,,,,,,London,,GB,E14 5BF
TOWN HEAD FARM PRODUCTS,,,,,,Skipton,,GB,BD23 5BL
TOYOTA(G.B.),,,,,,Epsom,,GB,KT18 5UX
TP-Link,,,,,,Thatcham,,GB,RG19 6AE
TPBI UK,,,,,,Newcastle-under-Lyme,,GB,ST5 7UB
TPH (UK),,,,,,Liverpool,,GB,L7 9NJ
Burbank Produce,,,,,,Bradford,,GB,BD4 7PW
Dole,,,,,,Liverpool,,GB,L7 9NJ
Dole UK,,,,,,Liverpool,,GB,L7 9NJ
Four Seasons Harvest,,,,,,Liverpool,,GB,L7 9NJ
Provenance Partners,,,,,,Liverpool,,GB,L7 9NJ
Redbridge Produce & Flowers,,,,,,Liverpool,,GB,L7 9NJ
Redeva,,,,,,Liverpool,,GB,L7 9NJ
TRAFFI SAFE,,,,,,Alton,,GB,GU34 2QA
TRC Realty,,,,,,Hove,,GB,BN3 2DL
Ozland,,,,,,Hove,,GB,BN3 2DL
TREASURY WINE ESTATES EMEA,,,,,,Twickenham,,GB,TW1 3QS
TRFF,,,,,,,,GB,W1T 1PH
TRG (Holdings),,,,,,London,,GB,SE1 1EP
Brunning and Price,,,,,,London,,GB,SE1 1EP
TRG Concessions,,,,,,London,,GB,SE1 1EP
TRG Leisure,,,,,,London,,GB,SE1 1EP
Wagamama,,,,,,London,,GB,SE1 1EP
TRINNY LONDON,,,,,,Chelsea,,GB,SW3 3TD
TRIP DRINK,,,,,,London,,GB,W8 7SP
TRIXIE UK PET PRODUCTS,,,,,,Northampton,,GB,NN3 6RZ
TROPICAL MARINE CENTRE,,,,,,Chorleywood,,GB,WD3 5SX
TROPICANA PRODUCTS,,,,,,London,,GB,EC4A 1BR
TRULIFE,,,,,,SHEFFIELD,,GB,S9 1BX
TRUTEX,,,,,,Clitheroe,,GB,BB7 1NL
TS (UK),,,,,,Middleton,,GB,M24 2SJ
TSL Healthcare,,,,,,CRIGGLESTONE,,GB,WF4 3HT
SANPRO PRODUCTION,,,,,,Wakefield,,GB,WF4 3HT
TULLIS RUSSELL GROUP,,,,,,Edinburgh,,GB,EH2 4AN
TULLIS RUSSELL COATED PAPERS,,,,,,Edinburgh,,GB,EH2 4AN
TULLIS RUSSELL COATERS,,,,,,Macclesfield,,GB,SK10 5QF
TURTLE BEACH EUROPE,,,,,,Basingstoke,,GB,RG24 8GU
TURTLE WAX EUROPE,,,,,,Liverpool,,GB,L30 4AB
TWO COUNTIES FOODS,,,,,,Canterbury,,GB,CT1 2YA
TY UK,,,,,,Portsmouth,,GB,PO3 5SA
Taco Bell UK and Europe,,,,,,Woking,,GB,GU22 7NJ
Live Mas UK,,,,,,Woking,,GB,GU22 7NJ
Tafs Food,,,,,,London,,GB,E15 2JA
Tailsco,,,,,,London,,GB,TW9 1BN
Taj Foods,,,,,,Woodford Green,,GB,IG8 8HD
Take Stock Foods,,,,,,London,,GB,EC2R 5AR
TalkTalk Telecom,,,,,,Salford,,GB,M5 3TT
Talking Tables,,,,,,London,,GB,SW4 6JP
Tallon International,,,,,,Coventry,,GB,CV2 4QP
Tam Hangers (UK) Trading,,,,,,Sheffield,,GB,S9 4WN
Tamar Packaging,,,,,,Tavistock,,GB,PL19 8JE
Tamar Selections,,,,,,London,,GB,WC1N 3AX
Tan Y Castell (Foods),,,,,,Narberth,,GB,SA677ES
Tandem Group Trading,,,,,,Birmingham,,GB,B35 7AG
Tangle Teezer,,,,,,London,,GB,SE1 0LH
Tanners Wines,,,,,,Shrewsbury,,GB,SY1 1XD
Target Components,,,,,,Castelford,,GB,WF10 5QU
Targus Europe,,,,,,Guildford,,GB,GU1 1UN
Tarka Springs,,,,,,Torrington,,GB,EX38 8NY
Tarkett,,,,,,Kent,,GB,TN23 1FB
Tarmac Building Products,,,,,,Birmingham,,GB,B37 7ES
Task Consumer Products,,,,,,Wolverhampton,,GB,WV1 4DG
Tasty Foods Cuisine,,,,,,BELFAST,,GB,BT17 0QL
Tate Bros,,,,,,Newhaven,,GB,BN9 0DH
Portslade Garages,,,,,,Portslade,,GB,BN41 1TA
Tates of Pyecombe,,,,,,Newhaven,,GB,BN9 0DH
Tate Enterprises,,,,,,London,,GB,SW1P 4RG
Taylor Maxwell Group,,,,,,Bristol,,GB,BS8 3NW
SBS Cladding,,,,,,Bristol,,GB,BS8 3NW
Taylor Maxwell & Co,,,,,,Bristol,,GB,BS8 3NW
Taylor Maxwell Timber,,,,,,Bristol,,GB,BS8 3NW
The Vobster Cast Stone Company,,,,,,Bristol,,GB,BS8 3NW
Taylor Packaging (Bishop Auckland),,,,,,Spennymoor,,GB,DL16 6YJ
Taylor's Eye Witness,,,,,,Sheffield,,GB,S9 4WJ
Taylors Snacks,,,,,,Errol,,GB,PH2 7RB
Tayto Group,,,,,,Corby,,GB,NN17 4AP
CTO Holdings,,,,,,Tandragee,,GB,BT62 2AB
GW Trading,,,,,,Corby,,GB,NN17 4AP
Red Mill Snack Foods,,,,,,Corby,,GB,NN17 4AP
The Real Pork Crackling Company,,,,,,Corby,,GB,NN17 4AP
Tazaki Foods,,,,,,Enfield,,GB,EN3 7FL
Tazaki Cash & Carry,,,,,,Enfield,,GB,EN3 7FL
TePe Oral Hygiene Products,,,,,,Wells,,GB,BA5 1FD
Teakcroft,,,,,,Saxmundham,,GB,IP17 2NL
Teal & Mackrill,,,,,,Hull,,GB,HU2 0HN
Teal Group Holdings,,,,,,Amersham,,GB,HP7 9FB
Addo Play,,,,,,Amersham,,GB,HP7 9FB
Teal Brands,,,,,,Amersham,,GB,HP7 9FB
The Entertainer (Amersham),,,,,,Amersham,,GB,HP7 9FB
Tech Tube,,,,,,Mansfield,,GB,NG21 0HJ
Technical Consumer Products,,,,,,Corby,,GB,NN17 1TY
Technical Fire Safety Group,,,,,,Haydock,,GB,WA11 9GA
Fire Glass,,,,,,Haydock,,GB,WA11 9GA
Kuhnodice UK,,,,,,Haydock,,GB,WA11 9GA
Pyroguard,,,,,,Haydock,,GB,WA11 9GA
Techtronic Industries (UK),,,,,,Parkway,,GB,SL7 1YL
Teemill Tech,,,,,,Freshwater,,GB,PO40 9BG
Teknos (UK),,,,,,Bicester,,GB,OX26 5AH
Teknos Ireland,,,,,,Magherafelt,,GB,BT45 6HN
Telefonica,,,,,,Reading,,GB,RG2 6UU
Tempur,,,,,,Hayes,,GB,UB3 1AP
Tennants Textile Colours,,,,,,London,,GB,W1G 9HZ
Tenpin,,,,,,Bedford,,GB,MK43 0EQ
Terumo,,,,,,Camberley,,GB,GU17 9AB
Tesa,,,,,,Milton Keynes,,GB,MK14 6LY
Tesco Stores,,,,,,Welwyn Garden City,,GB,AL7 1GA
Tesla Motors,,,,,,Manchester,,GB,M11 3DX
Tesla UK,,,,,,Sutton Coldfield,,GB,B76 1BA
Tetra Pak,,,,,,Paddington,,GB,W2 1AY
Teva,,,,,,Castleford,,GB,WF10 5HX
Thane Direct UK,,,,,,Portsmouth,,GB,PO6 3TH
Thatchers Cider Company,,,,,,Winscombe Avon,,GB,BS25 5RA
The Alchemist Bar & Restaurant,,,,,,Handforth,,GB,SK9 3HP
The Ames Companies UK,,,,,,Pollington,,GB,DN14 0BA
The Amtico Company,,,,,,Coventry,,GB,CV6 5AA
The Avec Corporation,,,,,,Brighton,,GB,BN1 8AP
The Avocet Hardware Group,,,,,,Brighouse,,GB,HD6 2RW
The Barcode Warehouse,,,,,,Newark,,GB,NG24 2DX
The Bart Ingredients Co,,,,,,Bristol,,GB,BS35 4GH
The Barton Grange Group,,,,,,Preston,,GB,PR3 0BT
The BenRiach Distillery Company,,,,,,Edinburgh,,GB,EH3 9WJ
The Bio-D Company,,,,,,Hull,,GB,HU9 5LW
The Body Shop International,,,,,,Brighton,,GB,BN17 6LS
The Booja Booja Company,,,,,,Norwich,,GB,NR9 3NP
The Brecks Company,,,,,,Selby,,GB,YO8 6DJ
Harvest Moon Confectionery,,,,,,York,,GB,YO41 4XW
Monster Brands,,,,,,Selby,,GB,YO8 6DJ
The British Hamper Company,,,,,,Lincoln,,GB,LN1 1XG
The Bury Black Pudding Co,,,,,,Bury,,GB,BL9 7NY
The CDA Group,,,,,,Langar,,GB,NG139HY
The Cake Crew,,,,,,Bala,,GB,LL23 7NL
The Cardboard Box Company,,,,,,Coalville,,GB,LE67 1TT
The Celtic Manor Resort,,,,,,Newport,,GB,NP18 1HQ
The Cheeky Panda,,,,,,London,,GB,EC3R 6EN
The Clinkard Group,,,,,,Middlesbrough,,GB,TS1 5JU
The Compleat Food Group (Holdings),,,,,,Nottingham,,GB,NG2 1LU
HARVEY & BROCKLESS,,,,,,Nottingham,,GB,NG2 1LU
PORK FARMS,,,,,,Nottingham,,GB,NG2 1LU
Pork Farms Caspian,,,,,,Nottingham,,GB,NG2 1LU
S.K. CHILLED FOODS,,,,,,Nottingham,,GB,NG2 1LU
THE REAL YORKSHIRE PUDDING CO,,,,,,Nottingham,,GB,NG2 1LU
Winterbotham Darby & Co,,,,,,Nottingham,,GB,NG2 1LU
Winterbotham Darby Bicester,,,,,,Nottingham,,GB,NG2 1LU
Winterbotham Darby Clitheroe,,,,,,Nottingham,,GB,NG2 1LU
Wright's Pies (Shelton),,,,,,Nottingham,,GB,NG2 1LU
ZORBA DELICACIES,,,,,,Nottingham,,GB,NG2 1LU
The Conair Group,,,,,,Basingstoke,,GB,RG24 8YB
The Conran Shop,,,,,,London,,GB,EC1Y 0UL
The Cookware Company UK & Ireland,,,,,,Ely,,GB,CB6 3NW
The Cornish Bakery Shops,,,,,,Bristol,,GB,BS39 7SX
The Cotswold Distilling Company,,,,,,Shipston-on-Stour,,GB,CV36 5EX
The Country Range Group,,,,,,Accrington,,GB,BB5 5BY
The Coventry Group,,,,,,Coventry,,GB,CV3 4FX
Coventry Chemicals,,,,,,Coventry,,GB,CV3 4FX
The DMC Group Holdings,,,,,,London,,GB,SW1W 0DH
Sirdar Holdings,,,,,,Wakefield,,GB,WF2 9ND
Tilsatec,,,,,,Wakefield,,GB,WF2 9ND
Wool and the Gang,,,,,,London,,GB,EC2A 4EG
The Daly Partners,,,,,,Waterlooville,,GB,PO7 7YH
The Darent Wax Company,,,,,,South Darenth,,GB,DA4 9BD
The Darling Experiment,,,,,,London,,GB,WC2B 5AH
The Edrington Group,,,,,,Glasgow,,GB,G1 3DN
The English Cheesecake Company,,,,,,Maidenhead,,GB,SL6 7TU
The Enterprise Department,,,,,,Bishop's Stortford,,GB,CM23 2JU
The Essential Housewares Company,,,,,,London,,GB,NW7 2DQ
The Estate Dairy,,,,,,Chorley,,GB,CW5 8JR
The Fine Cheese Co,,,,,,Bath,,GB,BA1 5BN
The Five Points Brewing Company,,,,,,London,,GB,E8 4RG
The Fulham Shore,,,,,,London,,GB,W1F 8SJ
Franco Manca 2,,,,,,London,,GB,W1F 8SJ
The Real Greek Food Company,,,,,,Brighton,,GB,BN41 1DH
The Gardens Group,,,,,,Dorchester,,GB,DT1 1UR
Brimsmore Gardens,,,,,,Dorchester,,GB,DT1 1UR
Castle Gardens Sherborne,,,,,,Dorchester,,GB,DT1 1UR
Poundbury Gardens,,,,,,Dorchester,,GB,DT1 1UR
The Gibson O'Neill Company,,,,,,Middlesbrough,,GB,TS2 1PS
Bulkhaul,,,,,,Middlesbrough,,GB,TS2 1PS
Middlesbrough Football & Athletic Company (1986) L,,,,,,Middlesbrough,,GB,TS3 6RS
Rockliffe Hall,,,,,,Darlington,,GB,DL2 2DU
The Hadleigh Timber Group,,,,,,Stoke-On-Trent,,GB,ST11 9LW
Meyer Timber,,,,,,Stoke-On-Trent,,GB,ST11 9LW
Panelco,,,,,,Stoke-On-Trent,,GB,ST11 9LW
Timbmet,,,,,,Stoke-On-Trent,,GB,ST11 9LW
The Handmade Cake Company,,,,,,Maidenhead,,GB,SL6 7TU
The Harbour Brewing Company,,,,,,Wallingford,,GB,OX10 0EY
The Hill Brush Company,,,,,,Mere,,GB,BA12 6FE
The Hobby Company,,,,,,Milton Keynes,,GB,MK5 8PG
The House of Bruar,,,,,,Pitlochry,,GB,PH18 5TW
The Ilchester Cheese Co,,,,,,Yeovil,,GB,BA22 8JL
The Kay Group,,,,,,Blackburn,,GB,BB1 1DG
The Kids Food Company,,,,,,St Albans,,GB,AL1 3AW
The L.S. Starrett Company,,,,,,Jedburgh,,GB,TD8 6LR
The Lakes Distillery Company,,,,,,London,,GB,SW1H 0AD
The Lakes Freerange Egg Company,,,,,,Penrith,,GB,CA11 0EE
The Lancaster Landmark Hotel Company,,,,,,London,,GB,W2 2TY
Basil Street Apartments London,,,,,,London,,GB,W2 2TY
K West Hotel London,,,,,,London,,GB,W2 2TY
Landmark Hotel London,,,,,,London,,GB,W2 2TY
The Linwood Fabric Company,,,,,,Ringwood,,GB,BH24 3PB
The Lions Prep,,,,,,London,,GB,E14 9XH
The Little Greene Paint Company,,,,,,Openshaw,,GB,M11 2DT
The Little Group,,,,,,Eastbourne,,GB,BN23 6QH
A.T. Little & Sons,,,,,,Melton,,GB,HU14 3RS
Askews and Holts Libary Services,,,,,,Eastbourne,,GB,BN23 6QH
Baker & Taylor,,,,,,Eastbourne,,GB,BN23 6QH
Book Protectors & Co,,,,,,Eastbourne,,GB,BN23 6QH
Gardners Books,,,,,,Eastbourne,,GB,BN23 6QH
Hive Store,,,,,,Eastbourne,,GB,BN23 6QH
Lasgo Chrysalis,,,,,,Eastbourne,,GB,BN23 6QH
The Littleover Group,,,,,,Derby,,GB,DE23 8NL
Littleover Apiaries,,,,,,Derby,,GB,DE23 8NL
Littleover Forestry,,,,,,Derby,,GB,DE23 8NL
The Liverpool Football Club And Athletic Grounds,,,,,,Liverpool,,GB,L4 0TH
The Mad Group (HQ),,,,,,Evesham,,GB,WR11 1AD
The Mansion House Bedding Company,,,,,,Ipswich,,GB,IP2 0UH
The Meliora Group,,,,,,Rochester,,GB,ME2 4DP
Collector Set Printers,,,,,,Rochester,,GB,ME2 4DP
Delga Press,,,,,,Rochester,,GB,ME2 4DP
Martin Paper Sales,,,,,,Rochester,,GB,ME2 4DP
The Millboard Company,,,,,,Coventry,,GB,CV3 4GA
The Modular Heating Group,,,,,,Basildon,,GB,SS14 3WF
MHS Radiators,,,,,,Basildon,,GB,SS14 3WF
Modutherm,,,,,,Basildon,,GB,SS14 3WF
The Monty Bojangles Co,,,,,,Kenley,,GB,CR8 5NH
The Mountain Boot Company,,,,,,Newcastle Upon Tyne,,GB,NE27 0QF
The National Trust (Enterprises),,,,,,Swindon,,GB,SN2 2NA
The Natural Dispensary,,,,,,Stroud,,GB,GL5 1RN
The Natural Fruit and Beverage Company,,,,,,Largs,,GB,KA30 8EQ
The Net-a-Porter Group,,,,,,London,,GB,W12 7GF
The Old Bushmills Distillery Company,,,,,,Bushmills,,GB,BT57 8XH
The Orange Square Company,,,,,,London,,GB,EC1A 4HD
The Organic Family,,,,,,London,,GB,N1 3DF
The Oxford Wine Company,,,,,,Witney,,GB,OX29 7PR
The Parently Group,,,,,,Bredbury,,GB,SK6 2SN
David Luke,,,,,,Bredbury,,GB,SK6 2SN
Grass and Air,,,,,,Bredbury,,GB,SK6 2SN
New Brands,,,,,,Wimborne,,GB,BH21 1JH
The Perfume Shop,,,,,,London,,GB,SW11 4AN
The Pilot Pen Company (U.K.),,,,,,Bourne End,,GB,SL8 5XF
The Puzzle Group,,,,,,Twickenham,,GB,TW1 4DP
Ginger Fox Games,,,,,,Twickenham,,GB,TW1 4DP
Professor Puzzle,,,,,,Twickenham,,GB,TW1 4DP
The Random House Group,,,,,,London,,GB,SW11 7BW
Dorling Kindersley,,,,,,London,,GB,SW1V 2SA
PRH International Services,,,,,,London,,GB,SW11 7BW
Penguin Books,,,,,,London,,GB,SW11 7BW
The Book Service,,,,,,London,,GB,SW1V 2SA
The Reflex Group,,,,,,Mansfield,,GB,NG18 5BU
Macfarlane Labels,,,,,,Kilmarnock,,GB,KA1 4AS
Reflex Flexible Packaging,,,,,,Mansfield,,GB,NG18 5BU
Reflex Labels,,,,,,Mansfield,,GB,NG18 5BU
Reflex Plus,,,,,,Mansfield,,GB,NG18 5BU
WebFlex,,,,,,Mansfield,,GB,NG18 5BU
The Sausage Man,,,,,,Dartford,,GB,DA4 9LB
The Somerset Toiletry Company,,,,,,Clutton,,GB,BS39 5TA
The Staffordshire Brewery,,,,,,Leek,,GB,ST13 7EF
The Summer Berry Company UK,,,,,,Chichester,,GB,PO20 2DX
The Swedish Cider Company AB,,,,,,Shrewsbury,,GB,SY1 1JF
The Symphony Group,,,,,,Barnsley,,GB,S72 7EZ
The Tofoo Company,,,,,,Malton,,GB,YO17 6YD
The Traditional Welsh Sausage Company,,,,,,Conwy,,GB,LL32 8DE
The Vacuum Pouch Company,,,,,,Bury,,GB,BL8 3AL
The Village Bakery (Wrexham),,,,,,Chester,,GB,CH1 2BQ
The Welsh Whisky Company,,,,,,Penderyn,,GB,CF44 0SX
The White Company (U.K.),,,,,,London,,GB,W12 7FR
The Wool Packaging Company,,,,,,Stone,,GB,ST15 0SS
The Wright Buy,,,,,,Haverhill,,GB,CB9 8QX
The Yattendon Brewing Company,,,,,,Newbury,,GB,RG18 0UX
Thetford,,,,,,Rotherham,,GB,S63 5DL
Think Drinks,,,,,,Bristol,,GB,BS8 2LY
This Works Products,,,,,,London,,GB,WC2N 4JS
Thistle Seafoods,,,,,,Peterhead,,GB,AB42 3AU
Thistly Cross Cider Co,,,,,,Dunbar,,GB,EH42 1UN
Thomas Baty (Newcastle upon Tyne),,,,,,Team Valley Trading Estate,,GB,NE11 0QZ
Thomas Bell & Sons,,,,,,Brigg,,GB,DN20 8RA
Thomas Dudley Group,,,,,,Dudley,,GB,DY1 4SJ
McDonald Diecasting,,,,,,Dudley,,GB,DY1 4SJ
Rugby Plastics,,,,,,Dudley,,GB,DY1 4SJ
Thomas Dudley,,,,,,Dudley,,GB,DY1 4SJ
Thomas Dudley Foundry,,,,,,Dudley,,GB,DY1 4SJ
Waterfit,,,,,,Dudley,,GB,DY1 4SJ
Thomas Hardy Holdings,,,,,,Warrington,,GB,WA5 4TH
Thomas Hardy Burtonwood,,,,,,Warrington,,GB,WA5 4TH
Thomas Hardy Kendal,,,,,,Warrington,,GB,WA5 4TH
Thomas Tunnock,,,,,,Uddingston,,GB,G71 7HH
Thomas of York,,,,,,York,,GB,YO62 4HR
Thompson Bros. (Esher),,,,,,Esher,,GB,KT10 8LS
Thompson Packaging,,,,,,Norwich,,GB,NR7 0HF
Thompson and Capper,,,,,,Runcorn,,GB,WA7 1PH
Thomson & Scott,,,,,,London,,GB,W1U 3BW
Thorlabs,,,,,,Ely,,GB,CB6 3NX
Thorman Hunt & Co,,,,,,London,,GB,SE11 6AR
Thornbridge Brewery Holdings,,,,,,Bakewell,,GB,DE45 1GS
The Thornbridge Hall Country House Brewing Company,,,,,,Bakewell,,GB,DE45 1GS
Thornton & Ross,,,,,,Huddersfield,,GB,HD7 5QH
Thorpe Packaging,,,,,,Leeds,,GB,LS25 6PB
Hurricane Packaging,,,,,,Leeds,,GB,LS25 6PB
Thortful,,,,,,London,,GB,SW1P 2AF
Thread 35,,,,,,Wilmslow,,GB,SK9 5AP
Tidmas Townsend,,,,,,Blackboys,,GB,TN22 5HJ
Tier 1 Asset Management,,,,,,Whitefield,,GB,M45 8GZ
Tiger Tim Products,,,,,,Mold,,GB,CH7 6PZ
Tilda,,,,,,Rainham,,GB,RM13 9YQ
Tildenet Holdings,,,,,,Bristol,,GB,BS3 5RJ
Tildenet,,,,,,Bristol,,GB,BS3 5RJ
Tildenet Gardenware,,,,,,Bristol,,GB,BS3 5RJ
Tileflair,,,,,,Bristol,,GB,BS34 5TQ
Timothy Taylor & Co,,,,,,Keighley,,GB,BD21 1AW
Tims Dairy,,,,,,Gerrards Cross,,GB,SL9 0QH
Tiny Rebel,,,,,,Newport,,GB,NP10 9FQ
Titanic Brewery Co,,,,,,Stoke on Trent,,GB,ST6 1JL
Titon Hardware,,,,,,Colchester,,GB,CO4 9YQ
Tobermore Concrete Products,,,,,,MAGHERAFELT,,GB,BT45 5QF
Tomatin Distillery Company Ltd (The),,,,,,Inverness-Shire,,GB,IV13 7YT
Tomy UK Co,,,,,,Exeter,,GB,EX2 5AZ
Tony's Chocolonely,,,,,,London,,GB,TW9 2SX
Toolstation,,,,,,Northampton,,GB,NN5 7UA
Top Mark Cash & Carry,,,,,,Belfast,,GB,BT13 2EZ
Top-Op (Foods),,,,,,Stanmore,,GB,HA7 1QU
TopSpec Equine,,,,,,Thirsk,,GB,YO7 4JN
Topps Tiles,,,,,,Enderby,,GB,LE191SU
PRO TILER,,,,,,Enderby,,GB,LE19 1SU
TOPPS TILES (UK),,,,,,Enderby,,GB,LE19 1SU
Topseal Systems,,,,,,Wigan,,GB,WN6 8RY
Tor Coatings,,,,,,Bristol,,GB,BS13 8FD
Toro U.K,,,,,,Bishops Stortford,,GB,CM23 4BU
Tortilla Mexican Grill,,,,,,London,,GB,W1W 6YF
Total Asia Food Bristol,,,,,,Bristol,,GB,BS3 2SU
Totes Isotoner (UK),,,,,,Billericay,,GB,CM12 0DN
Toupret (UK),,,,,,South Croydon,,GB,CR2 0BS
Tout,,,,,,Cleeve,,GB,BS49 4NR
Tow-Trust Towbars,,,,,,Atherstone,,GB,CV9 1JE
Towers & Co,,,,,,Hoddesdon,,GB,EN11 8UR
Towy Works,,,,,,Carmarthen,,GB,SA31 3JR
Toy Brokers Holdings,,,,,,Huntingdon,,GB,PE28 4YA
John Adams Leisure,,,,,,Huntingdon,,GB,PE28 4YA
Toyota Motor Manufacturing (UK),,,,,,Derby,,GB,DE1 9TA
Trade Counter Distribution,,,,,,Mendlesham,,GB,IP14 5ND
Tradeprint Distribution,,,,,,London,,GB,EC3N 3AX
Tradestock,,,,,,Wellington,,GB,TA21 9HW
Traditional Norfolk Poultry,,,,,,Attleborough,,GB,NR17 1DS
Trafalgar Scientific,,,,,,Leicester,,GB,LE1 3RW
Trans-Continental Marketing,,,,,,Coalville,,GB,LE67 1FL
Transcend Packaging,,,,,,Caerphilly,,GB,CF82 7TW
Transpennine Trains,,,,,,Manchester,,GB,M1 6LT
Travelodge Hotels,,,,,,Thame,,GB,OX9 3AT
Travis Perkins,,,,,,Northampton,,GB,NN5 7UA
CCF,,,,,,Northampton,,GB,NN5 7UA
Keyline Civils Specialist,,,,,,Glasgow,,GB,G5 8HQ
The BSS Group,,,,,,Northampton,,GB,NN5 7UA
Travis Perkins Trading Company,,,,,,Northampton,,GB,NN5 7UA
Trederwen Springs 2008,,,,,,Llansantffraid Ym Mechain,,GB,SY22 6SY
Trek Bicycle Corporation,,,,,,Milton Keynes,,GB,MK17 8LX
Trelleborg Holdings,,,,,,Tewkesbury,,GB,GL20 8UQ
Gall Thomson Environmental,,,,,,Tewkesbury,,GB,GL20 8UQ
Race-Tec Sealing,,,,,,Tewkesbury,,GB,GL20 8UQ
Trelleborg Industrial Products,,,,,,Tewkesbury,,GB,GL20 8UQ
Trelleborg Marine Systems,,,,,,Tewkesbury,,GB,GL20 8UQ
Trelleborg Nottingham,,,,,,Tewkesbury,,GB,GL20 8UQ
Trelleborg Retford,,,,,,Tewkesbury,,GB,GL20 8UQ
Trelleborg Sealing Solutions,,,,,,Tewkesbury,,GB,GL20 8UQ
Trelleborg Westbury,,,,,,Tewkesbury,,GB,GL20 8UQ
Tremco CPG UK,,,,,,Bristol,,GB,BS13 8FD
Trend Tool Technology,,,,,,Watford,,GB,WD24 7TR
Trends,,,,,,Banbury,,GB,OX17 2DH
Triangle Wholefoods Collective,,,,,,Elland,,GB,HX5 9DB
Triax UK,,,,,,Treorchy,,GB,CF42 6DL
Tributes,,,,,,Arundel,,GB,BN18 9PY
Trifast,,,,,,Walsall,,GB,WS2 8DQ
Lancaster Fastener Company,,,,,,Morecambe,,GB,LA3 3PU
Precision Technology Supplies,,,,,,East Grinstead,,GB,RH19 1XZ
T.R. Fastenings,,,,,,Walsall,,GB,WS2 8DQ
Trigon Snacks Trading,,,,,,Aintree,,GB,L9 7AQ
Triple D,,,,,,London,,GB,W1H 7JG
Tripp,,,,,,London,,GB,EC1M 4DE
Triumph Motorcycles,,,,,,Swadincote,,GB,DE12 7JP
Trivium Packaging UK,,,,,,Sutton-in-Ashfield,,GB,NG17 5LA
Tropic Skincare,,,,,,Croydon,,GB,CR0 4TD
Tropical Blinds,,,,,,Sidcup,,GB,DA14 5AE
Trowbridge Topco,,,,,,Trowbridge,,GB,BA14 8BL
Banner,,,,,,Trowbridge,,GB,BA14 8BL
F.R. Monkhouse,,,,,,Trowbridge,,GB,BA14 8BL
William Turner & Son (Stockport),,,,,,Trowbridge,,GB,BA14 8BL
Troy Foods (Salads),,,,,,Leeds,,GB,LS10 1DF
Truestart Coffee,,,,,,Bristol,,GB,BS1 6AA
Trufflehunter,,,,,,Cirencester,,GB,GL7 5XL
Truma,,,,,,Foston,,GB,DE65 5BG
Trupart,,,,,,Doncaster,,GB,DN4 5JD
Trust Inns,,,,,,Chorley,,GB,PR7 1NY
Trust International B.V,,,,,,Church St,,GB,KT13 8DE
Tudor Drinks,,,,,,London,,GB,W1B 3HH
Tuff Waterproofing,,,,,,Wigan,,GB,WN6 8RY
Tulipland Potatoes,,,,,,Spalding,,GB,PE12 0XL
Tullibardine,,,,,,Edinburgh,,GB,EH12 5HD
Turbo Acquisitions 10 Bidco,,,,,,High Wycombe,,GB,HP12 4AX
Buildit Gloster,,,,,,High Wycombe,,GB,HP12 4AX
Chandlers Building Supplies,,,,,,Polegate,,GB,BN26 6JF
Chandlers Roofing Supplies (Coventry),,,,,,Polegate,,GB,BN26 6JF
Chandlers Roofing Supplies (Halesowen),,,,,,Polegate,,GB,BN26 6JF
Chandlers Roofing Supplies (North London),,,,,,Polegate,,GB,BN26 6JF
Fairalls (Builders Merchants),,,,,,Polegate,,GB,BN26 6JF
Grant & Stone,,,,,,High Wycombe,,GB,HP12 4AX
Hoppings Softwood Products,,,,,,Polegate,,GB,BN26 6JF
Independent Roofing Supplies,,,,,,Polegate,,GB,BN26 6JF
MS Roofing Supplies,,,,,,Polegate,,GB,BN26 6JF
Parker Building Supplies,,,,,,Dittons Road,,GB,BN26 6JF
Pennyhill Timber,,,,,,Polegate,,GB,BN26 6JF
Rawle Gammon & Baker Holdings,,,,,,High Wycombe,,GB,HP12 4AX
Roofing Gear,,,,,,Polegate,,GB,BN26 6JF
Sussex Plumbing Supplies,,,,,,High Wycombe,,GB,HP12 4AX
Sussex Turnery & Moulding Company,,,,,,Polegate,,GB,BN26 6JF
Total Plumbing Supplies,,,,,,High Wycombe,,GB,HP12 4AX
Trading Depot U.K,,,,,,Maidenhead,,GB,SL6 7PR
Turner Bianca,,,,,,Oldham,,GB,OL8 3EJ
Turtle Bay Hospitality,,,,,,Bristol,,GB,BS1 4DA
Tweezerman,,,,,,Nottingham,,GB,NG12 4DG
Twisted Hygiene & Packaging,,,,,,Glasgow,,GB,G53 7NN
Tyler Packaging,,,,,,Leamington Spa,,GB,CV33 9JY
Tyrone Textiles,,,,,,Woodford Green,,GB,IG8 8EY
U-POL,,,,,,Wellingborough,,GB,NN82QH
UCB Pharma,,,,,,Slough,,GB,SL1 3WE
UCC COFFEE UK,,,,,,Milton Keynes,,GB,MK14 6GY
UFP,,,,,,Bradford,,GB,BD4 6SE
UGO FOODS GROUP,,,,,,Hertfordshire,,GB,WD6 1GT
UK Blending,,,,,,CLACTON ON SEA,,GB,CO15 4XD
UK Distributors (Footwear),,,,,,Fleckney,,GB,LE8 8UD
UK EFS,,,,,,London,,GB,W8 5RY
UK Greetings,,,,,,Dewsbury,,GB,WF12 9AW
UK Power Networks Holdings,,,,,,London,,GB,SE1 6NP
UK Power Networks (Operations),,,,,,London,,GB,SE1 6NP
UK Power Networks Services (Commercial),,,,,,London,,GB,SE1 6NP
UK Power Networks Services (Contracting),,,,,,London,,GB,SE1 6NP
UK Radiators,,,,,,Colchester,,GB,CO4 9TG
UK Thermos,,,,,,Leeds,,GB,LS26 0JF
UK Trade Furnishings,,,,,,Leeds,,GB,LS12 2DU
UMIOS FOOD UK,,,,,,Grimsby,,GB,DN31 2TB
UNICORN GROCERY,,,,,,Chorlton,,GB,M21 0BN
UNICORN PRODUCTS,,,,,,EDENBRIDGE,,GB,TN8 6UP
URBN,,,,,,London,,GB,EC2M 7SH
URGO,,,,,,Loughborough,,GB,LE12 9JJ
USBORNE PUBLISHING,,,,,,London,,GB,EC1N 8RT
USN,,,,,,Birmingham,,GB,B31 2UQ
Ulster Carpet Mills (Holdings),,,,,,Portadown,,GB,BT62 1EE
Dan-Floor,,,,,,Bristol,,GB,BS16 7FG
Griffith Textile Machines,,,,,,Washington,,GB,NE38 8QA
Roger Oates Design Company,,,,,,Ledbury,,GB,HR8 1EL
The Alternative Flooring Company,,,,,,Andover,,GB,SP10 3RU
Ulster Yarns,,,,,,Dewsbury,,GB,WF13 3NA
Ulster Weavers Home,,,,,,Lisburn,,GB,BT28 2XF
Ultima Furniture Systems,,,,,,,,GB,W1U 1QY
Ultimate Products UK,,,,,,Oldham,,GB,OL9 0DD
Umberto Giannini Hair Cosmetics,,,,,,London,,GB,W1K 5QF
Under Armour Europe B.V,,,,,,Amsterdam,,GB,1076CM
UA UK Retail,,,,,,London,,GB,E14 5HU
Undercover Brothers,,,,,,London,,GB,W3 0BZ
Crep Protect,,,,,,London,,GB,W3 0BZ
Underwood Meat Company,,,,,,Rotherham,,GB,S60 1RU
Unicorn Brands,,,,,,Luton,,GB,LU4 9UR
Unigloves (UK),,,,,,Gillingham,,GB,ME8 0NJ
Unilever UK,,,,,,Kingston Upon Thames,,GB,KT1 2BA
Unilin Flooring UK,,,,,,Newry,,GB,BT34 2QX
Unilite,,,,,,Hailsham,,GB,BN27 3WA
Unipart Group of Companies,,,,,,Oxford,,GB,OX4 2PG
Comms Design,,,,,,Oxford,,GB,OX4 2PG
Instrumentel,,,,,,Oxford,,GB,OX4 2PG
Kautex Unipart,,,,,,Oxford,,GB,OX4 2PG
Metlase,,,,,,Oxford,,GB,OX4 2PG
Park Signalling,,,,,,Oxford,,GB,OX4 2PG
Serck Services UK,,,,,,Oxford,,GB,OX4 2PG
Unipart Group,,,,,,Oxford,,GB,OX4 2PG
Unipart Logistics,,,,,,Oxford,,GB,OX4 2PG
Unipart Manufacturing,,,,,,Oxford,,GB,OX4 2PG
Unipart Polymer and Composite Solutions,,,,,,Oxford,,GB,OX4 2PG
Unipart Rail Holdings,,,,,,Oxford,,GB,OX4 2PG
Unipet International,,,,,,Sittingbourne,,GB,ME10 2PG
Uniqlo Europe,,,,,,London,,GB,W1B 4HL
Unique Party,,,,,,Scunthorpe,,GB,DN16 1DS
Unitas Wholesale,,,,,,Doncaster,,GB,DN4 5RA
United Farmers,,,,,,Corstorphine,,GB,EH12 6NZ
United Food Brands,,,,,,ALDERSHOT,,GB,GU11 3HU
United Petfood UK,,,,,,Llangadog,,GB,SA19 9LY
United Wholesale (Scotland),,,,,,Glasgow,,GB,G33 4UL
United Wine Merchants,,,,,,Craigavon,,GB,BT66 6SY
Universal Components UK,,,,,,Barnsley,,GB,S74 9SB
Universal Music Holdings,,,,,,London,,GB,N1C 4AG
Universal Music Operations,,,,,,London,,GB,N1C 4AG
Upper Canada UK,,,,,,London,,GB,SE1 3ER
Urban Fresh Foods,,,,,,St Albans,,GB,AL1 3AW
Utopia Furniture,,,,,,Bilston West Midlands,,GB,WV14 0QL
Uzin Utz,,,,,,Rugby,,GB,CV23 0UY
V.A. Whitley & Co,,,,,,Heywood,,GB,OL10 1NW
V.I.P. Computer Centre,,,,,,Warrington,,GB,WA1 4RF
V.N. & Britannic Warehouses,,,,,,Birmingham,,GB,B1 3RJ
V.U.K. Holdings,,,,,,Cambridge,,GB,CB1 2JH
Velux Company,,,,,,Glenrothes East,,GB,KY7 4ND
VALMAS GROUP,,,,,,Brighouse,,GB,HD6 4DJ
VALUELIGHTS,,,,,,MANCHESTER,,GB,M44 5GR
VBH (GB),,,,,,GILLINGHAM,,GB,ME8 0WG
VEETEE FOODS,,,,,,Rochester,,GB,ME2 4DU
VEETEE RICE,,,,,,Medway City Estate,,GB,ME2 4LT
VEH MFG UK,,,,,,Maidenhead,,GB,SL6 2SL
VERALLIA UK,,,,,,West Yorkshire,,GB,LS10 1NQ
VERDANT BREWING COMPANY,,,,,,Penryn,,GB,TR10 9EP
VETROELITE,,,,,,LONDON,,GB,WC2N 5NG
VETUK,,,,,,York,,GB,YO30 4UZ
VF Northern Europe,,,,,,Edinburgh,,GB,EH3 8PB
VF Northern Europe Services,,,,,,Edinburgh,,GB,EH3 8BP
VI - Spring,,,,,,Plymouth,,GB,PL5 2TT
VINEYARD FARMS,,,,,,GRAVESEND,,GB,DA13 0XE
VIP-Polymers,,,,,,Huntingdon,,GB,PE29 7EB
VIPA PACKAGING UK,,,,,,London,,GB,SW1V 1EJ
VIRGIN WINE ONLINE,,,,,,Norwich,,GB,NR3 1TN
VITABIOTICS,,,,,,LONDON,,GB,NW2 7HF
VITACRESS,,,,,,Andover,,GB,SP11 6DB
VITACRESS HERBS,,,,,,Andover,,GB,SP11 6DB
VITACRESS SALADS,,,,,,Andover,,GB,SP11 6DB
VITAL HOLDINGS,,,,,,Blackburn,,GB,BB1 2LD
VITAL ENERGI SOLUTIONS,,,,,,Blackburn,,GB,BB1 2LD
VITAL ENERGI UTILITIES,,,,,,Blackburn,,GB,BB1 2LD
VIVID IMAGINATIONS,,,,,,Guildford,,GB,GU3 1LS
VJ Technology Holdings,,,,,,Ashford,,GB,TN23 1EN
Mainline Products,,,,,,Newcastle Under Lyme,,GB,ST5 6SS
Sinops,,,,,,Ashford,,GB,TN23 1EN
VJ Technology,,,,,,Ashford,,GB,TN23 1EN
VOLKSWAGEN GROUP UNITED KINGDOM,,,,,,Milton Keynes,,GB,MK14 5AN
VSMPO Tirus,,,,,,Redditch,,GB,B98 7AS
VTECH Electronics Europe,,,,,,Abingdon,,GB,OX14 3YT
VUE ENTERTAINMENT,,,,,,London,,GB,W12 7SL
VUR Village Trading No.1,,,,,,Warrington,,GB,WA1 1PP
VW Heritage Parts Centre,,,,,,Shoreham-by-Sea,,GB,BN43 6PB
VWR Holdco,,,,,,Lutterworth,,GB,LE17 4XN
VWR International,,,,,,Lutterworth,,GB,LE17 4XN
VWR International (Northern Ireland),,,,,,Londonderry,,GB,BT48 7ER
VYGON (U.K.),,,,,,Swindon,,GB,SN25 4DL
Vaillant Management,,,,,,Belper,,GB,DE56 1JT
Vaillant,,,,,,Belper,,GB,DE56 1JT
Vaillant Group UK,,,,,,Belper,,GB,DE56 1JT
Vaillant Industrial UK,,,,,,Belper,,GB,DE56 1JT
Vale Labels,,,,,,Wellington,,GB,TA21 9JF
Vale Mill (Rochdale),,,,,,Rochdale,,GB,OL16 1HR
Valeo Confectionary,,,,,,Norwich,,GB,NR5 9JP
Valerio's,,,,,,London,,GB,N7 9BN
Van Guard Accessories,,,,,,Exeter,,GB,EX5 2UL
Vape Club,,,,,,Watford,,GB,WD18 8YB
Varta Consumer Batteries,,,,,,Oldham,,GB,OL8 2PF
Vax,,,,,,Droitwich,,GB,WR9 8YB
Vegetarian Express,,,,,,Watford,,GB,WD24 7RY
Vegware,,,,,,,,GB,EH3 7JF
Velcro,,,,,,Sandbach,,GB,CW11 3AE
Veloris,,,,,,Shrewsbury,,GB,SY1 3TG
Veltech(UK)Co,,,,,,Port Talbot,,GB,SA13 2PE
Venom,,,,,,Royston,,GB,SG8 9RE
Venture Life Group,,,,,,Bracknell,,GB,RG12 1WA
HL Healthcare,,,,,,Bracknell,,GB,RG12 2XB
Health And Her,,,,,,Cardiff,,GB,CF11 6BH
Venture Life Healthcare,,,,,,Bracknell,,GB,RG12 1WA
Venus Wine & Spirit Merchants,,,,,,Wellingborough,,GB,NN8 1LT
Veolia Environmental Services Group (UK),,,,,,London,,GB,N1 9JY
Veolia ES (UK),,,,,,London,,GB,N1 9JY
Veolia ES Birmingham,,,,,,Birmingham,,GB,B11 2BA
Veolia ES Hampshire,,,,,,London,,GB,N1 9JY
Veolia ES Merseyside & Halton,,,,,,London,,GB,N1 9JY
Veolia ES Nottinghamshire,,,,,,London,,GB,N1 9JY
Veolia ES Sheffield,,,,,,London,,GB,N1 9JY
Veolia ES Shropshire,,,,,,London,,GB,N1 9JY
Veolia ES South Downs,,,,,,London,,GB,N1 9JY
Veolia ES Southwark,,,,,,London,,GB,N1 9JY
Veolia ES Telford & Wrekin,,,,,,London,,GB,N1 9JY
Veolia ES West Berkshire,,,,,,London,,GB,N1 9JY
Vernacare International Blackwood,,,,,,Chorley,,GB,PR7 7NB
Vernacare International Chorley & Bolton,,,,,,Chorley,,GB,PR7 7NB
Vestel Holland B.V. UK Branch Office,,,,,,Langley,,GB,SL3 6EZ
Vestey Foods UK,,,,,,London,,GB,SW1P 1BB
Vetoquinol,,,,,,Towcester,,GB,NN12 7LS
Vetroplas Packaging,,,,,,Norwich,,GB,NR7 0HR
Viatris UK Healthcare,,,,,,Potters Bar,,GB,EN6 1TL
Vibrant Foods,,,,,,Watford,,GB,WD18 8YG
Cashew Newco,,,,,,Hertfordshire,,GB,WD18 8YG
Everest Dairies,,,,,,Watford,,GB,WD18 8YG
Vibrant Brands,,,,,,West Bromwich,,GB,B71 4EA
Viciunai UK & Ireland,,,,,,Carlisle,,GB,CA1 1DR
Victorian Plumbing,,,,,,Leyland,,GB,PR26 6TB
ViewSonic Europe,,,,,,London,,GB,SW8 1GX
Viking Office UK,,,,,,Leicester,,GB,LE4 2BN
Vila Clothes,,,,,,London,,GB,E1 6PX
Villeroy & Boch,,,,,,London,,GB,N1 0QH
Vinarchy UK,,,,,,Weybridge,,GB,KT13 8TB
Vink UK,,,,,,Chertsey,,GB,KT16 8LA
Cadillac Plastic,,,,,,Chertsey,,GB,KT16 8LA
IN2 Plastics,,,,,,Chertsey,,GB,KT15 8LA
Innotech Digital & Display,,,,,,Bardon,,GB,LE67 1PG
Vintage Roots,,,,,,Horsham,,GB,RH12 1DQ
VioVet,,,,,,London,,GB,W2 6LG
Vir Health,,,,,,London,,GB,EC1M 3JF
Virani Food Products,,,,,,Wellingborough,,GB,NN8 4AD
Virbac,,,,,,Bury St. Edmunds,,GB,IP30 9UP
Virgin Atlantic Airways,,,,,,Crawley,,GB,RH10 9DF
Virgin Media,,,,,,Reading,,GB,RG2 6UU
Virginia Hayward Holdings,,,,,,SHAFTESBURY,,GB,SP79BT
GI Home And Garden,,,,,,Shaftesbury,,GB,SP79BT
Maxwell & Franks,,,,,,Hirwaun,,GB,CF44 9NY
Virginia Hayward,,,,,,Shaftesbury,,GB,SP79BT
Viridian International,,,,,,Huntingdon,,GB,PE17 4BH
Visican,,,,,,Birmingham,,GB,B6 4PT
Vision Direct Europe,,,,,,London,,GB,W8 5RY
Vision Profiles,,,,,,Gloucester,,GB,GL2 4PA
Visual Foods,,,,,,Birmingham,,GB,B16 8PE
Vit Hit,,,,,,London,,GB,SW8 2LN
Vita Cellular Foams (UK),,,,,,Manchester,,GB,M24 2DB
Vitaflo (International),,,,,,Liverpool,,GB,L3 4BQ
Vitamin Well,,,,,,London,,GB,EC1M 7AN
Vitra (U.K.),,,,,,Didcot,,GB,OX11 7WB
Vivactive,,,,,,Telford,,GB,TF3 3DE
Vivera UK,,,,,,Uxbridge,,GB,UB8 1HE
Vivienne Westwood,,,,,,London,,GB,SW11 4AU
Vocation Brewery,,,,,,Hebden Bridge,,GB,HX7 5TT
Vodafone,,,,,,Newbury,,GB,RG14 2FN
Volcke Aerosol,,,,,,Cwmbran,,GB,NP44 3AW
Volution Ventilation,,,,,,Crawley,,GB,RH10 9YX
Volvo Group UK,,,,,,Warwick,,GB,CV34 5YA
Vranken Pommery UK,,,,,,London,,GB,SW1W 9SA
Vytronix,,,,,,Luton,,GB,LU2 8DL
W & J Linney,,,,,,Mansfield,,GB,NG18 4FW
Linney Activate,,,,,,Mansfield,,GB,NG18 4FW
Linney Make,,,,,,Mansfield,,GB,NG18 4FW
Quadrant Offset,,,,,,Mansfield,,GB,NG18 4FW
W. Crowder & Sons,,,,,,Helsby,,GB,WA6 0AR
W. G. Buchanan & Son,,,,,,Carrickfergus,,GB,BT38 8GX
W. Gadsby and Son,,,,,,Bridgwater,,GB,TA6 6TS
W. Wing Yip & Brothers Trading Group,,,,,,Birmingham,,GB,B7 5NT
W. Wing Yip (London),,,,,,Birmingham,,GB,B7 5NT
W. Wing Yip (Manchester),,,,,,Birmingham,,GB,B7 5NT
W.Wing Yip,,,,,,Birmingham,,GB,B7 5NT
WY DIDI,,,,,,Birmingham,,GB,B7 5NT
W.& H.Marriage & Sons,,,,,,Chelmsford,,GB,CM1 1PN
WHM Pet Group,,,,,,Chelmsford,,GB,CM1 1PN
W.C. Rowe (Falmouth),,,,,,Falmouth,,GB,TR11 4TA
W.D. Irwin & Sons,,,,,,Craigavon,,GB,BT63 5WE
W.D. Meats,,,,,,Londonderry,,GB,BT52 2JR
W.D.Smith & Son,,,,,,Battlesbridge,,GB,SS11 7QU
W.E. Roberts (Holdings),,,,,,Northfleet,,GB,DA11 9AX
W.E. Roberts,,,,,,Northfleet,,GB,DA11 9AX
W.H.Palmer & Co.(Industries)Ltd,,,,,,Rugby,,GB,CV23 0AJ
Alcohols,,,,,,Rugby,,GB,CV23 0AJ
W.L. Coller,,,,,,Worsley,,GB,M28 2LA
W.MCCLURE,,,,,,Cumbria,,GB,LA23 1BX
W.S. BENTLEY (GROWERS),,,,,,Gomersal Cleckheaton,,GB,BD19 4SX
WALKERS CHOCOLATES,,,,,,Birmingham,,GB,B25 8HE
WALKERS SNACK FOODS,,,,,,Reading,,GB,RG2 6UW
WALTER & WILD,,,,,,London,,GB,W1B 1DY
WALTER TIPPER,,,,,,Lichfield,,GB,WS14 9TZ
WANIS,,,,,,Orient Way,,GB,E10 7FE
WARNER BROS. ENTERTAINMENT UK,,,,,,London,,GB,W4 5YB
WARNER BROS. STUDIOS LEAVESDEN,,,,,,London,,GB,W4 5YB
WARNERS (MIDLANDS)PUBLIC LIMITED COMPANY,,,,,,Bourne,,GB,PE109PH
WATER TREATMENT PRODUCTS,,,,,,Newport,,GB,NP20 2DW
WAVIN,,,,,,Doncaster,,GB,DN12 1BY
WCF,,,,,,Brampton,,GB,CA8 1TN
WD-40 Company,,,,,,Milton Keynes,,GB,MK9 1DZ
WDFG,,,,,,Feltham,,GB,TW14 8HA
WEALMOOR,,,,,,Greenford,,GB,UB6 0TP
WEBER-STEPHEN PRODUCTS (U.K.),,,,,,Reading,,GB,RG2 6DA
WEG,,,,,,Redditch,,GB,B98 8YP
WELBILT UK,,,,,,Newcastle Upon Tyne,,GB,NE4 5DE
WELLS FARM DAIRY,,,,,,Staffs,,GB,ST18 9EE
WELTON BIBBY AND BARON,,,,,,Westbury,,GB,BA13 4JT
WEPA PROFESSIONAL,,,,,,Blackburn,,GB,BB2 2BN
WEPA,,,,,,Maesteg,,GB,CF34 9RS
WESTBRIDGE FOODS,,,,,,Malvern,,GB,WR14 1JJ
WH Smith,,,,,,Swindon,,GB,SN5 6PB
THE SQL WORKSHOP,,,,,,Tiverton,,GB,EX16 6SB
WH SMITH GROUP,,,,,,Swindon,,GB,SN5 6PB
WH SMITH HOSPITALS,,,,,,Swindon,,GB,SN5 6PB
WH SMITH TRAVEL,,,,,,Swindon,,GB,SN5 6PB
WHICH?,,,,,,London,,GB,NW1 4DF
WHISPER INTERNATIONAL 2007,,,,,,Manchester,,GB,M27 9SA
WHITAKERS CHOCOLATES,,,,,,Skipton,,GB,BD23 2NA
WHITBY SEAFOODS,,,,,,Whitby,,GB,YO22 4PU
WHO GIVES A CRAP,,,,,,London,,GB,EC2Y 5AU
WHOLEBAKE,,,,,,Wrexham,,GB,LL13 9XS
9BRAND FOODS,,,,,,Wrexham,,GB,LL13 9XS
WHS Central Services,,,,,,Sutton Coldfield,,GB,B76 9BG
WHS Canning Brett,,,,,,Swansea,,GB,SA8 4EP
WHS Plastics Brierley Hill,,,,,,Brierley Hill,,GB,DY5 2LA
WHS Plastics Larkhall,,,,,,Pickering,,GB,YO18 8LX
WHS Plastics Pickering,,,,,,Pickering,,GB,YO18 8LX
WIGHTMAN & PARRISH,,,,,,East Sussex,,GB,BN27 2QA
WILKIE TECHNICAL TEXTILES (HOLDING COMPANY),,,,,,Kirriemuir,,GB,DD8 4BJ
J. & D. Wilkie (Holding Company),,,,,,Kirriemuir,,GB,DD8 4BJ
WILLIAM CROXSON & SON,,,,,,Tunbridge Wells,,GB,TN4 8BS
WILLIAM GIBBONS & SONS,,,,,,Willenhall,,GB,WV13 3XA
WILLIAM HAYES,,,,,,Sowerby Bridge,,GB,HX6 2WA
WILLIAM JACKSON FOOD GROUP,,,,,,Hessle,,GB,HU13 0DZ
Abel & Cole,,,,,,Hessle,,GB,HU13 0DZ
Jackson's Bakery,,,,,,Hessle,,GB,HU13 0DZ
Lottie Shaw's,,,,,,Hessle,,GB,HU13 0DZ
The Fresh Olive Company,,,,,,Hessle,,GB,HU13 0DZ
WILLIAM SWORD,,,,,,Cumbernauld,,GB,G67 2TX
WILLIAMS MEDICAL SUPPLIES,,,,,,Tredegar,,GB,NP22 5PY
WINERY EXCHANGE LLC,,,,,,WILMINGTON,,GB,19808
WINETRADERS (UK),,,,,,Witney,,GB,OX29 8LJ
WISMETTAC HARRO FOODS,,,,,,Chessington,,GB,KT9 1RH
WLS (2020),,,,,,Aylesford,,GB,ME20 7BT
Saracen Horse Feeds,,,,,,Aylesford,,GB,ME20 7BT
WM.Lillico & Son,,,,,,Aylesford,,GB,ME20 7BT
Wildoatdrink,,,,,,Aylesford,,GB,ME20 7BT
WM Morrison Supermarkets,,,,,,Bradford,,GB,BD3 7DL
Chippindale Foods,,,,,,Bradford,,GB,BD3 7DL
Falfish,,,,,,Bradford,,GB,BD3 7DL
Farmers Boy,,,,,,Bradford,,GB,BD3 7DL
International Seafoods,,,,,,Bradford,,GB,BD3 7DL
Lowlands Nursery,,,,,,Bradford,,GB,BD3 7DL
Neerock,,,,,,Bradford,,GB,BD3 7DL
Rathbone Kear,,,,,,Bradford,,GB,BD3 7DL
WM Morrison Produce,,,,,,Bradford,,GB,BD3 7DL
WM STEPHENS (BAKERS),,,,,,Dunfermline,,GB,KY11 2RN
WM. Nelstrop & Co,,,,,,Stockport,,GB,SK4 1TZ
WOCKHARDT UK,,,,,,Wrexham,,GB,LL13 9UF
WOLSELEY UK,,,,,,Warwick,,GB,CV34 6DY
BASSETTS (WOLSELEY),,,,,,Portadown,,GB,BT62 3EH
C.P. HART & SONS,,,,,,Warwick,,GB,CV34 6DY
CONTINENTAL PRODUCT ENGINEERING,,,,,,Warwick,,GB,CV34 6DY
IDEAL BATHROOMS (WOLSELEY),,,,,,Warwick,,GB,CV34 6DY
WILLIAM WILSON,,,,,,Aberdeen,,GB,AB12 3QA
WOODLAND FURNITURE GROUP,,,,,,Ballymena,,GB,BT44 8SX
WOODS FOODSERVICE,,,,,,Uxbridge,,GB,UB8 2YF
WOOLBRO (DISTRIBUTION),,,,,,Bradford,,GB,BD4 9HZ
WORLD WISE FOODS,,,,,,Ascot,,GB,SL5 9FE
NATURE'S FINEST FOOD PRODUCTS,,,,,,Ascot,,GB,SL5 9FE
WORLDWIDE FRUIT,,,,,,Spalding,,GB,PE11 3BB
WP Industrial,,,,,,Yeovil,,GB,BA22 8RT
WRIGHT HARDWARE,,,,,,Ayrshire,,GB,KA9 1JS
HOME HARDWARE (SCOTLAND),,,,,,Ardrossan,,GB,KA22 7GQ
WS&S Distribution,,,,,,Ashby-De-La-Zouch,,GB,LE65 1JR
WSH International Investments,,,,,,Reading,,GB,RG6 1PT
Bartlett Mitchell,,,,,,Reading,,GB,RG6 1PT
BaxterStorey,,,,,,Reading,,GB,RG6 1PT
BaxterStorey Scotland,,,,,,Livingstone,,GB,EH54 8AF
Benugo,,,,,,Reading,,GB,RG6 1PT
Cater Link,,,,,,Reading,,GB,RG6 1PT
Genuine Dining Co,,,,,,Reading,,GB,RG6 1PT
Holroyd Howe,,,,,,Reading,,GB,RG6 1PT
Notes: Music & Coffee,,,,,,Reading,,GB,RG6 1PT
Searcys Tansley And Company,,,,,,Reading,,GB,RG6 1PT
WSH and Somerset Larder,,,,,,Reading,,GB,RG6 1PT
We Prepare,,,,,,Reading,,GB,RG6 1PT
WZ Packaging,,,,,,Telford,,GB,TF7 4JS
Wacoal EMEA,,,,,,Desborough,,GB,NN14 2PG
Wadworth and Company,,,,,,Devizes,,GB,SN10 2HT
Wago,,,,,,Rugby,,GB,CV23 1GA
Wahl,,,,,,Ramsgate,,GB,CT12 5GG
Walker's Nonsuch,,,,,,Stoke On Trent,,GB,ST3 1QS
Walker's Shortbread,,,,,,Aberlour-On-Spey,,GB,AB38 9LD
Walls and Floors,,,,,,Kettering,,GB,NN16 8TD
Walsh Mushrooms,,,,,,Evesham,,GB,WR11 1GY
Walstead Press Group,,,,,,Colchester,,GB,CO3 8PH
Walstead Bicester,,,,,,Colchester,,GB,CO3 8PH
Walstead Peterborough,,,,,,Colchester,,GB,CO3 8PH
Walstead Roche,,,,,,Colchester,,GB,CO3 8PH
Walter Black Foods,,,,,,Glasgow,,GB,G32 8EX
Wanderlust Wine,,,,,,Waltham Cross,,GB,EN8 7AP
Wannabeco,,,,,,Oval,,GB,SW9 6DE
Warburtons,,,,,,Bolton,,GB,BL1 8HJ
Warehouse Express,,,,,,Norwich,,GB,NR3 2BT
Warmup,,,,,,London,,GB,NW10 7UW
Warner's Distillery,,,,,,London,,GB,EC4R 9AN
Warpaint London,,,,,,Iver,,GB,SL0 9HW
BADGEQUO,,,,,,Iver,,GB,SL0 9HW
WARPAINT COSMETICS (2014),,,,,,Iver,,GB,SL0 9HW
Wasabi Co,,,,,,London,,GB,NW10 7FW
Wasdell Holdings,,,,,,Swindon,,GB,SN5 8YW
Wasdell Manufacturing,,,,,,Swindon,,GB,SN5 8YW
Wasdell Packaging,,,,,,Swindon,,GB,SN5 8YW
Watches of Switzerland Company,,,,,,Leicester,,GB,LE3 1TT
Waterfields (Leigh),,,,,,Leigh,,GB,WN7 2LX
Waterstones Booksellers,,,,,,London,,GB,W1J 9HD
Watts Farms Fresh Produce Holdings,,,,,,Aylesford,,GB,ME20 7NA
Watts Farms Catering,,,,,,Aylesford,,GB,ME20 7NA
Watts Farms Packers,,,,,,Aylesford,,GB,ME20 7NA
Wax Art,,,,,,Hornchurch,,GB,RM11 1JS
Wax Lyrical,,,,,,Ulverston,,GB,LA12 0LD
Waxman Group,,,,,,Elland,,GB,HX5 9DZ
Waxman Ceramics,,,,,,Elland,,GB,HX5 9DZ
Waxman Energy,,,,,,Elland,,GB,HX5 9DZ
Waxman Fibres,,,,,,Elland,,GB,HX5 9DZ
Waxman International,,,,,,Elland,,GB,HX5 9DZ
Waxman Speciality Products,,,,,,Elland,,GB,HX5 9DZ
Waymade,,,,,,Basildon,,GB,SS14 3RW
We are Rise Brands,,,,,,Newton Aycliffe,,GB,DL5 6EA
We hae meat,,,,,,Girvan,,GB,KA26 9RE
Webbs Garden Centres,,,,,,Droitwich,,GB,WR9 0DG
Weetabix,,,,,,Kettering,,GB,NN15 5JR
Ryecroft Foods,,,,,,Kettering,,GB,NN15 5JR
Weird Fish,,,,,,Tewkesbury,,GB,GL20 8DN
Welbilt (Halesowen),,,,,,Newcastle Upon Tyne,,GB,NE4 5DE
Welcome Break Holdings,,,,,,Newport Pagnell,,GB,MK16 9EZ
Weleda,,,,,,Ilkeston,,GB,DE7 8FU
Well Street Pizza Company,,,,,,London,,GB,EC2A 4NE
Wella,,,,,,Wimbledon,,GB,SW19 4DR
Weller Packaging,,,,,,Shenstone,,GB,WS14 0DJ
Wellspect,,,,,,Stonehouse,,GB,GL10 3GB
Welspun UK,,,,,,Stockport,,GB,SK4 1BS
Wendy's Restaurants of U.K,,,,,,London,,GB,NW1 7PN
Wenlock Spring Water,,,,,,Church Stretton,,GB,SY6 6RR
Werner UK Sales & Distribution,,,,,,Maldon,,GB,CM9 4LJ
West Design Products,,,,,,Folkestone,,GB,CT19 4RJ
Westcoast,,,,,,Reading,,GB,RG7 4AH
Western Brand Poultry Products,,,,,,Enniskillen,,GB,BT92 0FA
Westfalia Fruit UK,,,,,,West Malling,,GB,ME19 4AJ
Westlab,,,,,,Prescot,,GB,L34 9HY
Westland Horticulture,,,,,,Dungannon,,GB,BT70 1NJ
Westmorland,,,,,,Penrith,,GB,CA11 0DQ
Weston Importers,,,,,,Edinburgh,,GB,EH3 8BP
Westpak Group,,,,,,Orpington,,GB,BR5 3QY
Westward Building Services,,,,,,Saltash,,GB,PL12 6LU
Westway Productions,,,,,,Deeside,,GB,CH5 2DH
Whaleco UK,,,,,,LONDON,,GB,E14 5HU
Whartons Nurseries,,,,,,Diss,,GB,IP21 4RP
What's Cooking Deeside,,,,,,Deeside,,GB,CH5 2UA
Whistles,,,,,,London,,GB,EC2R 7HF
Whitbread Group,,,,,,Dunstable,,GB,LU5 5XE
Premier Inn (UK),,,,,,Dunstable,,GB,LU5 5XE
White Stuff,,,,,,London,,GB,SW9 6DE
Whitefurze,,,,,,Canley Coventry,,GB,CV5 6BT
Whitehall Garden Centres,,,,,,Chippenham,,GB,SN15 2LZ
Whitehouse Leisure International Holdings,,,,,,Basildon,,GB,SS14 3BX
Posh Paws International,,,,,,Basildon,,GB,SS14 3BX
Whitehouse Leisure International,,,,,,Basildon,,GB,SS14 3BX
Whittard Trading,,,,,,Abingdon,,GB,OX14 4SH
Whitworth Bros,,,,,,Wellingborough,,GB,NN8 2DT
Whitworths,,,,,,Wellingborough,,GB,NN9 5DB
Whyte and Mackay,,,,,,Glasgow,,GB,G2 5RG
Wickes Building Supplies,,,,,,Watford,,GB,WD24 4JL
Widdop Bingham & Co,,,,,,Chadderton,,GB,OL9 9XE
Wienerberger,,,,,,Cheadle,,GB,SK8 3SA
Wild Cosmetics,,,,,,London,,GB,SW9 6DE
Wild Nutrition,,,,,,Lewes,,GB,BN7 2FQ
Wilkes Vending Services,,,,,,Wakefield,,GB,WF5 0HP
Wilkin & Sons,,,,,,Tiptree,,GB,CO5 0RF
Cole's Pudding,,,,,,Colchester,,GB,CO5 0RF
Thursday Cottage,,,,,,Colchester,,GB,CO5 0RF
Tiptree Patisserie,,,,,,Colchester,,GB,CO5 0RF
Wilkinson Sword,,,,,,London,,GB,W1W 7NY
Willerby,,,,,,Hull,,GB,HU9 5NA
William Cook Holdings,,,,,,Sheffield,,GB,S9 4UL
William Cook Cast Products,,,,,,Sheffield,,GB,S9 4UL
William Cook Rail,,,,,,Sheffield,,GB,S9 4UL
William Cook Stanhope,,,,,,Bishop Auckland,,GB,DL13 2YR
William Grant & Sons,,,,,,Dufftown,,GB,AB55 4DH
William Grant & Sons Distillers,,,,,,Dufftown,,GB,AB55 4DH
William Grant & Sons UK,,,,,,Hook,,GB,RG27 9XA
William Hackett Holdings,,,,,,Alnwick,,GB,NE66 2EU
William Hackett Chain Products,,,,,,Halesowen,,GB,B63 2QE
William Hackett Lifting Products,,,,,,Alnwick,,GB,NE66 2EU
William Lamb Group,,,,,,Wakefield,,GB,WF3 4AY
William Morton,,,,,,Glasgow,,GB,G46 8HL
William Sinclair & Sons (Stationers),,,,,,Otley,,GB,LS21 1AH
William Wood Designs,,,,,,Rochdale,,GB,OL16 1PJ
Williams Trade Supplies,,,,,,Fareham,,GB,PO16 8XB
Willowbrook Foods,,,,,,Newtownards,,GB,BT23 6PT
Wilson's Country,,,,,,Craigavon,,GB,BT63 5WG
Wilsonart,,,,,,County Durham,,GB,DL4 1PX
Wilton Bradley Holdings,,,,,,Newton Abbot,,GB,TQ12 6TL
This Is It Stores,,,,,,Newton Abbot,,GB,TQ12 6TL
Wimpy Restaurants Group,,,,,,Marlow,,GB,SL7 1BX
Wincanton Holdings,,,,,,Chippenham,,GB,SN14 0WT
Winchester Wines Group,,,,,,Reading,,GB,RG108QS
MILTON SANDFORD WINES,,,,,,Reading,,GB,RG10 8QS
THE SECRET CELLAR,,,,,,Reading,,GB,RG10 8QS
Windmill Organics,,,,,,Kingston upon Thames,,GB,KT1 4ER
Windmill Tapes,,,,,,Stockport,,GB,SK3 0SB
Wine Box Company,,,,,,London,,GB,SE24 0HG
Wine Importers (Edinburgh),,,,,,Edinburgh,,GB,EH1 2AE
WineFlair (Belfast),,,,,,BELFAST,,GB,BT3 9JL
Winning Moves,,,,,,London,,GB,W2 1NJ
Wirquin,,,,,,Doncaster,,GB,DN8 5TZ
Wisden Packaging,,,,,,Hove,,GB,BN3 2BB
Wisdom Toothbrushes,,,,,,Haverhill,,GB,CB9 8DT
Witham Oil & Paint,,,,,,LINCOLN,,GB,LN2 4HL
Wolfworthy,,,,,,Macclesfield,,GB,SK10 4RX
Wolverine Europe,,,,,,London,,GB,N1 9AG
Wolverine Europe Retail,,,,,,London,,GB,N1 9AG
Wolverson Fitness,,,,,,Telford,,GB,TF7 4QT
Wonderfield Group,,,,,,London,,GB,EC2A 2BB
Wood Finishes Direct,,,,,,Folkestone,,GB,CT19 5DS
Woodco Group,,,,,,Hereford,,GB,HR2 6JF
Woodforde's,,,,,,Woodbastwick,,GB,NR13 6SW
Woods Supermarkets (Tandragee),,,,,,Richhill,,GB,BT61 9LG
Woodthorpe Hall Garden Centres,,,,,,Alford,,GB,LN13 0DD
World Brands Duty Free,,,,,,London,,GB,W4 5YG
World of Books,,,,,,Coventry,,GB,CV3 4PW
Worthenshaws,,,,,,Harrogate,,GB,HG3 2SG
Wrafton Laboratories,,,,,,Devon,,GB,EX33 2DL
Wrapex,,,,,,Fishponds,,GB,BS16 3JB
Wrekin Products,,,,,,Lichfield,,GB,WS14 9TZ
Wren Kitchens,,,,,,Barton-Upon-Humber,,GB,DN18 5RL
Wren Laboratories,,,,,,Andover,,GB,SP11 8HU
Wrendale Designs,,,,,,Brigg,,GB,DN20 8NQ
Wrexham Lager Beer Company,,,,,,Wrexham,,GB,LL13 8DB
Writtle Holdings,,,,,,London,,GB,SE1 9EQ
Arken POP International,,,,,,London,,GB,SE1 9EQ
Branded,,,,,,Cowley Uxbridge,,GB,UB8 2JP
FERO Retail Marketing,,,,,,London,,GB,SE1 9EQ
Wye Valley Brewery,,,,,,Stoke Lacy,,GB,HR7 4HG
Wyevale Nurseries,,,,,,Hereford,,GB,HR4 7AY
Wyke Farms,,,,,,Bruton,,GB,BA10 0PU
XTEX POLYTHENE,,,,,,Wilsden,,GB,BD15 0DX
Xerox,,,,,,Uxbridge,,GB,UB8 1DH
Xiaomi Technology UK,,,,,,London,,GB,E15 2ST
Xylem Water Holdings,,,,,,Nottingham,,GB,NG4 2AN
Xylem Dewatering Solutions,,,,,,Cirencester,,GB,GL7 5BX
Xylem Water Solutions,,,,,,Nottingham,,GB,NG4 2AN
YAMAHA MOTOR EUROPE N.V. BRANCH UK,,,,,,,,GB,GU21 5SA
YESSS (B) Electrical,,,,,,Normanton,,GB,WF6 1TN
YESSS (A) Electrical,,,,,,Normanton,,GB,WF6 1TN
YOURS CLOTHING,,,,,,Peterborough,,GB,PE2 6XJ
Yakult,,,,,,London,,GB,W4 5PY
Yamaha Music Europe GmbH (UK),,,,,,Milton Keynes,,GB,MK7 8BL
Yapp Brothers,,,,,,Sparkford,,GB,BA22 7JQ
Yate Disposables,,,,,,Bristol,,GB,BS37 7PA
Ye Olde Oak Foods,,,,,,Corby,,GB,NN17 4DU
Yearntree,,,,,,Newport,,GB,NP19 4SP
Yearsley Food,,,,,,Heywood,,GB,OL10 2TP
Yeo Valley Organic,,,,,,Blagdon,,GB,BS40 7YE
Yeo Valley Production,,,,,,Blagdon,,GB,BS40 7YE
Epicurean Dairy (UK),,,,,,Blagdon,,GB,BS40 7YE
Tideford Organic Foods,,,,,,Blagdon,,GB,BS40 7YE
Yeo Valley Farms (Production),,,,,,Blagdon,,GB,BS40 7YE
Yeo Valley Fruit,,,,,,Bristol,,GB,BS40 7YE
Yeti,,,,,,London,,GB,EC2M 4AG
Yoplait UK,,,,,,Uxbridge,,GB,UB8 1JG
Yorkshire Farmhouse Eggs,,,,,,Thirsk,,GB,YO7 4BZ
Yoto,,,,,,London,,GB,EC1V 2NX
You Garden,,,,,,Market Deeping,,GB,PE6 8FD
Young & Co's Brewery,,,,,,London,,GB,SW18 4AQ
Your Grind,,,,,,London,,GB,SE1 3ER
Your Local Garden Centre Group,,,,,,Ferndown,,GB,BH22 8SJ
Yusen Logistics (UK),,,,,,Northamtpon,,GB,NN7 2FR
ZEBRA PEN (UK),,,,,,Runcorn,,GB,WA7 1TY
ZEINA FOODS,,,,,,Ossett,,GB,WF5 9JE
ZEP UK,,,,,,Widnes,,GB,WA8 0RR
ZOE,,,,,,London,,GB,N13 4BS
ZYRO,,,,,,Darlington,,GB,DL3 0UR
ZYXEL COMMUNICATIONS UK,,,,,,Wokingham,,GB,RG40 1XZ
Zafron Foods,,,,,,Elland,,GB,HX5 9JP
Zapf Creation,,,,,,Milton Keynes,,GB,MK8 0ES
Zebra Logistics UK,,,,,,Brackmills,,GB,NN4 7HT
Zebra MTD,,,,,,Exeter,,GB,EX2 8FD
Otter House,,,,,,Exeter,,GB,EX2 8FD
The Calendar Club,,,,,,Exeter,,GB,EX2 8FD
Vista Stationery & Print,,,,,,Exeter,,GB,EX2 8FD
Zentiva Pharma,,,,,,London,,GB,EC4A 1JP
Zetar,,,,,,Fakenham,,GB,NR21 8AF
HUMDINGER,,,,,,Bromborough,,GB,CH62 3RD
KINNERTON (CONFECTIONERY) CO,,,,,,Fakenham,,GB,NR21 8AF
Zeus Packaging (NI),,,,,,Mallusk,,GB,BT36 4FS
Zeus Packaging Investments,,,,,,Biggleswade,,GB,SG18 8YL
Box - Mart,,,,,,Shenstone,,GB,WS14 0AT
Smith & Bateson,,,,,,Knowsley,,GB,L34 9HQ
Swanline Group,,,,,,Stone,,GB,ST15 8LQ
Weedon Corrugated Products,,,,,,Cannock,,GB,WS12 1NR
Weedon Packaging Solution Centre,,,,,,Cannock,,GB,WS12 1NR
Zeus Packaging,,,,,,Biggleswade,,GB,SG18 8YL
Zoetis UK,,,,,,Leatherhead,,GB,KT22 7LP
Zonin UK,,,,,,London,,GB,SW8 4BG
Zonwering Holdings,,,,,,Nottingham,,GB,NG4 2JR
Apollo Window Blinds,,,,,,Bradford,,GB,BD4 6SE
Customwest Trading,,,,,,Nottingham,,GB,NG4 2JR
Hunter Douglas UK Retail,,,,,,Nottingham,,GB,NG4 2JR
Hunter Douglas UK Trade,,,,,,Nottingham,,GB,NG4 2JY
Zubrance,,,,,,Harrogate,,GB,HG2 8QT
Mallow and Marsh,,,,,,Harrogate,,GB,HG2 8QT
Nom Bites,,,,,,Harrogate,,GB,HG2 8QT
SSC Brands,,,,,,Harrogate,,GB,HG2 8QT
The Real Candy Co,,,,,,Harrogate,,GB,HG2 8QT
The Serious Sweet Company,,,,,,Harrogate,,GB,HG2 8QT
Zwanenberg Food Group,,,,,,Shrewsbury,,GB,SY5 0BD
Zwilling J A Henckels,,,,,,Baldock,,GB,SG7 6QQ
eBay (UK),,,,,,London,,GB,SE1 2AF
iZilla,,,,,,Cambridge,,GB,CB24 9PT
rye oil,,,,,,Rye,,GB,TN317TE
tuffbau,,,,,,Canvey Island,,GB,SS8 0PU
2K Polymer Systems,,,,,,Alfreton,,GB,DE55 7RA
2M Holdings,,,,,,London,,GB,E1W 1YW
2M Equest,,,,,,Consett,,GB,DH8 6BN
Packed Chlorine,,,,,,Runcorn,,GB,WA7 3EH
Prism Chemicals,,,,,,Runcorn,,GB,WA7 3EH
Samuel Banner & Co,,,,,,Runcorn,,GB,WA7 3EH
Stowlin,,,,,,Runcorn,,GB,WA7 3EH
4DegreesC,,,,,,London,,GB,E10 5SQ
A C HULME AND SONS,,,,,,Wingham Canterbury,,GB,CT3 1LP
A D Harvey,,,,,,Norwich,,GB,NR16 1AB
A E Chapman & Son,,,,,,Gatwick,,GB,RH11 0PQ
A-Gas (UK),,,,,,Bristol,,GB,BS20 7XH
A-Gas Electronic Materials,,,,,,Bristol,,GB,BS20 7XH
A-Safe HQ,,,,,,Elland,,GB,HX5 9JP
A. Poortman (London),,,,,,London,,GB,EC2A 4DE
A. Schulman Gainsborough,,,,,,Gainsborough,,GB,DN21 1RZ
A. Schulman Inc,,,,,,Newport,,GB,NP11 3AF
A. Schulman Thermoplastic Compounds,,,,,,Warrington,,GB,WA1 4RA
A. W. Stokes & Son (Drums),,,,,,West Bromwich,,GB,B70 7DN
A.& J.Scott,,,,,,Alnwick,,GB,NE66 4XW
A.B. PRODUCE,,,,,,London,,GB,SE1 9SG
A.C. Worldwide Group,,,,,,High Wycombe,,GB,HP12 4HQ
A.C. Entertainment Technologies,,,,,,High Wycombe,,GB,HP12 4HQ
A.C. Special Projects,,,,,,High Wycombe,,GB,HP12 4HQ
Flashlight,,,,,,High Wycombe,,GB,HP12 4HQ
In-Motion,,,,,,High Wycombe,,GB,HP12 4HQ
LCA Lights Camera Action,,,,,,High Wycombe,,GB,HP12 4HQ
Pro UV Lamps,,,,,,High Wycombe,,GB,HP12 4HQ
A.J.N. Steelstock,,,,,,Newmarket,,GB,CB8 7QT
A.One Feed Supplements,,,,,,Thirsk,,GB,YO7 3DH
A.P. (East Anglia),,,,,,Thetford,,GB,IP25 6QL
A.W.CHAMPION,,,,,,New Malden,,GB,KT3 4NB
A.Warne & Company,,,,,,Wimbledon,,GB,SW19 3BL
AAF McQuay UK,,,,,,Cramlington,,GB,NE23 8AF
AAF,,,,,,Cramlington,,GB,NE23 8AF
Air Filters,,,,,,Cramlington,,GB,NE23 8AF
Daikin Applied (UK),,,,,,Cramlington,,GB,NE23 8AF
ABCO KOVEX (UK),,,,,,LONDON,,GB,W1H 5BT
ABILITY PROJECTS,,,,,,Southampton,,GB,SO30 2DF
ADEXA DIRECT,,,,,,Treorchy,,GB,CF42 6DL
ADM Agriculture,,,,,,Gainsborough,,GB,DN21 5TH
ADT Fire And Security,,,,,,Sunbury On Thames,,GB,TW16 5DB
ADTRAN EUROPE,,,,,,Basingstoke,,GB,RG24 8UT
ADVANCED ELASTOMER SYSTEMS UNLIMITED,,,,,,,,GB,
ADVANCED MEDICAL SOLUTIONS,,,,,,Winsford,,GB,CW7 3RT
RALEIGH ADHESIVE COATINGS,,,,,,Winsford,,GB,CW7 3RT
AEI Cables,,,,,,Washington,,GB,NE38 0AE
AESC UK Plant 1,,,,,,Sunderland,,GB,SR5 3NS
AETC,,,,,,Leeds,,GB,LS19 7AW
AFE Group,,,,,,King's Lynn,,GB,PE30 2HZ
AFL Telecommunications UK,,,,,,Central Milton Keynes,,GB,MK5 8HJ
AFT Aerosols,,,,,,Stoke on Trent,,GB,ST4 2NL
AG Paving And Building Products,,,,,,Fivemiletown,,GB,BT75 0SY
AGC Chemicals Europe,,,,,,Thornton-Cleveleys,,GB,FY5 4QD
AGC Glass,,,,,,Northampton,,GB,NN3 8RG
AGRICULTURAL CENTRAL TRADING,,,,,,Shrewsbury,,GB,SY4 4UG
AIRTECH ADVANCED MATERIALS,,,,,,Oldham,,GB,OL9 9XD
AKS Precision Ball Europe,,,,,,London,,GB,EC2R 7HJ
ALFA LAVAL,,,,,,Surrey,,GB,GU15 3DN
TRANTER,,,,,,Wakefield,,GB,WF2 9FR
ALL ABOUT BRICKS,,,,,,Alfreton,,GB,DE55 2DS
ALLOGA UK,,,,,,Alfreton,,GB,DE55 2FH
ALLPRINT SUPPLIES,,,,,,Slough,,GB,SL1 4PY
ALLWYN ENTERTAINMENT,,,,,,Watford,,GB,WD17 1JA
ALPEK POLYESTER,,,,,,Redcar,,GB,TS10 4XZ
ALTRIPAN UK,,,,,,Abergavenny,,GB,NP7 5NW
AMAZON FILTERS,,,,,,Camberley,,GB,GU16 7PG
AMC Natural Drinks,,,,,,London,,GB,EC4A 3TW
AMCOR PACKAGING UK,,,,,,Bristol,,GB,BS30 8XP
AMG Chrome,,,,,,Rotherham,,GB,S60 1DL
AMG Alpoco,,,,,,Rotherham,,GB,S60 1DL
AMIROSE LONDON,,,,,,Thetford,,GB,IP24 1HZ
AMO United Kingdom,,,,,,Wokingham,,GB,RG40 3EW
AMPHENOL,,,,,,Whitstable,,GB,CT5 3JF
AOC Resins,,,,,,Bury St. Edmunds,,GB,IP28 6JY
APEX STAINLESS FASTENERS,,,,,,Wednesbury,,GB,WS10 7WW
API Transfer Technologies,,,,,,Edinburgh,,GB,EH3 9WJ
ARC Building Solutions,,,,,,Leeds,,GB,LS27 7JZ
ARDEN WOOD SHAVINGS,,,,,,London,,GB,N1 9JY
ARMOUR PLASTICS,,,,,,Sunderland,,GB,SR4 9EN
ARNOLD CLARK AUTOMOBILES,,,,,,Glasgow,,GB,G52 4FH
ARTIFEX INTERIOR SYSTEMS,,,,,,Solihull,,GB,B37 7HE
ASHI GROUP,,,,,,Norwich,,GB,NR6 6EU
ASK CHEMICALS,,,,,,Droitwich,,GB,WR9 0NS
AUTOCRAFT DRIVETRAIN SOLUTIONS,,,,,,Grantham,,GB,NG32 2LY
AUTOMAC (UK),,,,,,Winsford,,GB,CW7 2RH
AVK UK,,,,,,NORTHAMPTON,,GB,NN4 7YB
AXALTA COATING SYSTEMS HUTHWAITE UK,,,,,,Aberdeen,,GB,AB11 5DD
Abacus Playgrounds,,,,,,Dartford,,GB,DA1 1QG
Abbey View Produce,,,,,,Waltham Abbey,,GB,EN9 2AG
Abbeywood Packaging,,,,,,KIRKBY-IN-ASHFIELD,,GB,NG17 7DF
Abcam,,,,,,Cambridge,,GB,CB2 0AX
Accora,,,,,,Orwell Royston,,GB,SG8 5QP
Acorn Mobility Services,,,,,,Steeton,,GB,BD20 6RB
Acorn Packaging Partnership,,,,,,Alton,,GB,GU34 2UD
Acorn Web Offset,,,,,,Wakefield,,GB,WF6 1TW
ActicareUK,,,,,,HEREFORD,,GB,HR2 6FN
Adama Agricultural Solutions,,,,,,Reading,,GB,RG7 4SA
Addagrip Terraco,,,,,,Uckfield,,GB,TN22 1QL
Adelphi Holdings,,,,,,Haywards Heath,,GB,RH161XQ
Adelphi (Tubes),,,,,,Haywards Heath,,GB,RH16 1XQ
Adelphi Manufacturing Company,,,,,,Haywards Heath,,GB,RH16 1XQ
Adelphi Masterfil,,,,,,Haywards Heath,,GB,RH16 1XQ
PHARMA HYGIENE PRODUCTS,,,,,,Haywards Heath,,GB,RH16 1XQ
Adient Seating,,,,,,London,,GB,WC1N 3AX
Adshead Ratcliffe & Co,,,,,,Belper,,GB,DE56 1WJ
Adtran Networks (UK),,,,,,York,,GB,YO30 4RY
Afton Chemical,,,,,,Bracknell,,GB,RG12 2UW
Agco,,,,,,Kenilworth,,GB,CV8 2TQ
Agile Box,,,,,,Aylsham,,GB,NR11 6FD
Agilent Technologies LDA UK,,,,,,Cheadle,,GB,SK8 3GR
Agrihealth (N.I.),,,,,,Craigavon,,GB,BT66 6LN
Ahlstrom Chirnside,,,,,,London,,GB,EC3M 7AF
Airedale Chemical Company,,,,,,Keighley,,GB,BD20 7BX
Airedale International Air Conditioning,,,,,,Leeds,,GB,LS19 6JY
Aisin Europe Manufacturing (UK),,,,,,Birmingham,,GB,B32 3BZ
Akzo Nobel Aerospace Coatings,,,,,,Slough,,GB,SL2 5DS
Akzo Nobel Coatings,,,,,,Slough,,GB,SL2 5DS
Akzo Nobel Industrial Coatings,,,,,,Slough,,GB,SL2 5DS
Akzo Nobel Packaging Coatings,,,,,,Slough,,GB,SL2 5DS
Akzo Nobel Powder Coatings,,,,,,Slough,,GB,SL2 5DS
Albion Fine Foods,,,,,,London,,GB,Sw1P 1BB
Albis (U.K),,,,,,Knutsford,,GB,WA16 8GS
Alfa Chemicals,,,,,,Bracknell,,GB,RG42 4PZ
Alfred G Pearce,,,,,,King's Lynn,,GB,PE33 0BE
All Metal Services,,,,,,Sutton Coldfield,,GB,B76 1AF
All Pallets,,,,,,Lewes,,GB,BN7 1JU
All Purpose Cleaning and Catering Supplies,,,,,,Wartnaby,,GB,LE14 3HQ
Allflex UK Group,,,,,,Stanley,,GB,DH9 7YA
Alliance Disposables,,,,,,Crewe,,GB,CW2 8UY
Allied Comline,,,,,,Bedford,,GB,MK43 9ST
Allied International Trading,,,,,,Smethwick,,GB,B66 2NN
Allmanhall,,,,,,Corsham,,GB,SN13 0NY
Allnex Resins UK,,,,,,London,,GB,W1S 4HQ
Allpack Packaging,,,,,,Kingswood Lakeside,,GB,WS11 8LD
Alltech (U.K.),,,,,,Stamford,,GB,PE9 1TZ
Alpha 3 Manufacturing,,,,,,Scunthorpe,,GB,DN15 8RF
Tekdata Interconnections,,,,,,Scunthorpe,,GB,DN15 8RF
Alpha Coatings,,,,,,Sheerness,,GB,ME12 3XS
Alpha Laboratories,,,,,,London,,GB,EC1M 6EE
Alpro,,,,,,Kettering,,GB,NN15 5YT
Alstom Engineering And Services,,,,,,Derby,,GB,DE24 8AD
Alstons (Upholstery),,,,,,Colchester,,GB,CO2 9JU
Altair,,,,,,Hemel Hempstead,,GB,HP2 4TZ
Altnet Solutions,,,,,,Brighton,,GB,BN2 5ZB
AluK (GB),,,,,,Chepstow,,GB,NP16 6UD
Aluminium Roofline Products,,,,,,Kettering,,GB,NN15 5JP
Alwayse Engineering,,,,,,Birmingham,,GB,B64NF
Amada United Kingdom,,,,,,Kidderminster,,GB,DY10 1XS
Amann Threads UK,,,,,,Ashton-Under-Lyne,,GB,OL7 0PJ
Amber Taverns,,,,,,Blackpool,,GB,FY1 3NW
Amcol Minerals EU,,,,,,London,,GB,E1 6RS
Amcol Minerals Europe,,,,,,London,,GB,E1 6RS
CETCO (Europe),,,,,,London,,GB,E1 6RS
Amega Sciences,,,,,,Daventry,,GB,NN11 8PH
Amer Sports UK Services,,,,,,Irvine,,GB,KA11 4HU
Amer Sports UK,,,,,,Blackwater,,GB,GU17 9AB
Amnack,,,,,,Doncaster,,GB,DN5 0SJ
Amphenol Invotec,,,,,,Tamworth,,GB,B77 5HH
Amphenol Thermometrics,,,,,,Taunton,,GB,TA2 8QY
Analytichem,,,,,,Bicester,,GB,OX26 4XB
AndersonBrecon (UK)Ltd,,,,,,Cardiff,,GB,CF10 4AZ
Biotec Services International,,,,,,Cardiff,,GB,CF10 4AZ
Penn Pharmaceutical Services,,,,,,Cardiff,,GB,CF10 4AZ
Anderton Board and Packaging,,,,,,Manchester,,GB,M3 7BG
Andrew Design & Integration,,,,,,Malton,,GB,YO17 6AE
Andrew Ingredients,,,,,,Lisburn,,GB,BT28 2EX
Andrew Technologies AG,,,,,,Zurich,,GB,8001
Andrew Technologies UK,,,,,,John Smiths Business Park,,GB,KY2 6NA
Andy Thornton,,,,,,Elland,,GB,HX5 0EE
Anglo-Norden Forest Products,,,,,,Ipswich,,GB,IP3 0BT
Annaghmore Agencies,,,,,,Portadown,,GB,BT62 1NA
Annodata,,,,,,Hemel Hempstead,,GB,HP2 7TG
Anon UK Holding,,,,,,Leeds,,GB,LS10 1SD
Anpario,,,,,,Worksop,,GB,S80 2RS
Antolin Interiors UK,,,,,,Redditch,,GB,B98 9HL
Applied Medical,,,,,,Bootle,,GB,L30 6AD
Aptar,,,,,,Leeds,,GB,LS27 0LL
Aquaspersions,,,,,,Halifax,,GB,HX3 6AQ
Aquilant Northern Ireland,,,,,,Belfast,,GB,BT23 6BL
Arabelle Services,,,,,,Rugby,,GB,CV21 2NH
ArcelorMittal Kent Wire,,,,,,Chatham,,GB,ME5 0AD
Arcelormittal Distribution Solutions UK,,,,,,Willenhall,,GB,WV13 3SE
Archroma,,,,,,London,,GB,E14 5HU
Arconic Manufacturing (GB),,,,,,Birmingham,,GB,B33 9QR
Arcturus Publishing,,,,,,Canterbury,,GB,CT1 3DN
Ardagh Metal Packaging Holdings,,,,,,Deeside,,GB,CH5 2LB
Arden Lea Nurseries,,,,,,Preston,,GB,PR4 6AA
Argolin,,,,,,Liphook,,GB,GU30 7PG
Ariel Plastics,,,,,,Chesterfield,,GB,S43 3JP
Arjo UK,,,,,,Luton,,GB,LU2 0HL
Arkema UK,,,,,,Stafford,,GB,ST16 3EH
Arla Foods Ingredients Taw Valley,,,,,,Leeds,,GB,LS10 1AB
Aromatize,,,,,,Accrington,,GB,BB5 5JW
Arrow Electronics (UK),,,,,,Harlow,,GB,CM17 9NA
Arthrex,,,,,,Sheffield,,GB,S9 1DZ
Arthur David (Food With Service),,,,,,Bristol,,GB,BS39 5XR
Arwem Food Distribution,,,,,,Purley,,GB,CR8 2BR
Aryzta Bakeries,,,,,,Dunstable,,GB,LU5 4TP
Ascot Signs,,,,,,Londonderry,,GB,BT47 6UQ
Ash & Lacy Building Systems,,,,,,Smethwick,,GB,B66 2RL
Ash & Lacy Perforating,,,,,,Smethwich,,GB,B66 2RL
Ash & Lacy Solutions,,,,,,Smethwick,,GB,B66 2RL
Askern UK,,,,,,Pontefract,,GB,WF9 3NR
Assured Solutions,,,,,,Swadlincote,,GB,DE12 7DS
Astemo UK,,,,,,Bolton,,GB,BL6 6JH
Aston Chemicals,,,,,,Aylesbury,,GB,HP19 8AP
Astute Electronics,,,,,,Stevenage,,GB,SG1 2EF
Copper & Optic Terminations,,,,,,Stoke-On-Trent,,GB,ST4 6SR
Atlantic Plastics,,,,,,Bridgend,,GB,CF31 2AX
Atlas Copco IAS,,,,,,Deeside Industrial Park,,GB,CH5 2NS
Atlas Copco,,,,,,Hemel Hempstead,,GB,HP2 7DF
Auger Torque Europe,,,,,,Cheltenham,,GB,GL54 4DX
Augustus Martin,,,,,,BROMLEY-BY-BOW,,GB,E3 3PB
Aura Brand Solutions,,,,,,Lowestoft,,GB,NR33 0EA
Auria Solutions UK I,,,,,,London,,GB,EC4M 7WS
Aurorium UK,,,,,,Newcastle upon Tyne,,GB,NE4 5DE
Autins Group,,,,,,Rugby,,GB,CV23 0WE
Autins,,,,,,Rugby,,GB,CV23 0WE
Solar Nonwovens,,,,,,Rugby,,GB,CV23 0WE
Autoneum Great Britain,,,,,,Stoke-on-Trent,,GB,ST4 8GR
Avdel,,,,,,Warrington,,GB,WA1 4RF
Avery Dennison Materials U.K,,,,,,Cramlington,,GB,NE23 1JR
Avery Dennison Retail Information Services UK,,,,,,Nottingham,,GB,NG7 1LD
Aviagen,,,,,,Stratford upon Avon,,GB,CV37 8BH
Aviagen UK,,,,,,Newbridge,,GB,EH28 8SZ
Avient Colorants,,,,,,Knowsley,,GB,L34 9GT
Avient Material Solutions,,,,,,Knowsley,,GB,L34 9GT
Avnet EMG,,,,,,Stevenage,,GB,SG1 2EF
Avocado Research Chemicals,,,,,,Altrincham,,GB,WA14 2DT
Axalta Powder Coating Systems UK,,,,,,Welwyn Garden City,,GB,AL7 1FS
Axchem,,,,,,Wakefield,,GB,WF1 2DF
Aykroyd & Sons,,,,,,Bala,,GB,LL23 7NJ
Azelis UK,,,,,,Runcorn,,GB,WA7 1BD
B M Packaging,,,,,,Huddersfield,,GB,HD4 7DQ
B. Cookson,,,,,,Preston,,GB,PR2 9ZB
B.S. Labels,,,,,,Leicester,,GB,LE9 7NE
B.W. Industries,,,,,,Bridlington,,GB,YO15 3QY
BAE Systems,,,,,,London,,GB,SW1Y 5AD
Aircraft Research Association,,,,,,Bedford,,GB,MK41 7PF
BAE Systems (Operations),,,,,,Camberley,,GB,GU16 7EX
BAE Systems Applied Intelligence,,,,,,Guildford,,GB,GU2 7RQ
BAE Systems GCS International,,,,,,Camberley,,GB,GU16 7EX
BAE Systems Global Combat Systems Munitions,,,,,,Camberley,,GB,GU16 7EX
BAE Systems Marine,,,,,,Camberley,,GB,GU16 7EX
BAE Systems Surface Ships,,,,,,Camberley,,GB,GU16 7EX
Callen-Lenz Associates,,,,,,Salisbury,,GB,SP3 5AF
Kirintec,,,,,,Ross-on-Wye,,GB,HR9 5PB
Malloy Aeronautics,,,,,,Camberley,,GB,GU16 7EX
Prismatic,,,,,,Alton,,GB,GU34 2QE
Pulse Power and Measurement,,,,,,Swindon,,GB,SN6 8TY
BARCLAY & MATHIESON,,,,,,Glasgow,,GB,G51 4TB
ABRAM PULMAN & SONS,,,,,,West Yorkshire,,GB,HX6 1AN
ANGUS F. GUNN,,,,,,Airdrie,,GB,ML6 7UD
AVON STEEL COMPANY,,,,,,Bath,,GB,BA3 2BB
BARENTZ UK,,,,,,Reigate,,GB,RH2 7LD
BARTH-HAAS UK,,,,,,Tonbridge,,GB,TN12 6DQ
BASELL POLYOLEFINS UK,,,,,,London,,GB,W1J 0AH
BASELL SALES & MARKETING COMPANY B.V,,,,,,London,,GB,W1J 0AH
BAUDER,,,,,,Ipswich,,GB,IP3 0DH
BBI SOLUTIONS OEM,,,,,,Cardiff,,GB,CF10 3GA
BBP MARKETING,,,,,,Mirfield,,GB,WF14 8LY
BDM Logistics And Management,,,,,,London,,GB,WC2B 5AH
BEAVER-VISITEC INTERNATIONAL,,,,,,Bidford-Upon-Avon,,GB,B50 4JH
BERGSTROM (EUROPE),,,,,,Ystrad Mynach,,GB,CF82 7RJ
BERNARD MATTHEWS FOODS (SUNDERLAND),,,,,,Birmingham,,GB,B3 2BJ
BEW Electrical Distributors,,,,,,Chelmsford,,GB,CM2 6UW
BHID Group,,,,,,Manchester,,GB,M17 1RW
Neville Johnson,,,,,,Manchester,,GB,M17 1RW
Tom Howley,,,,,,Manchester,,GB,M17 1RW
BHJ UK,,,,,,Beverley,,GB,HU17 ONP
BHK (UK),,,,,,Peterlee,,GB,SR8 2JF
BIL GROUP,,,,,,Wiltshire,,GB,SN11 9BW
BISCHOF & KLEIN (UK),,,,,,Telford,,GB,TF1 7XX
BLUELEAF,,,,,,Crawley,,GB,RH10 9BT
BMW (UK) MANUFACTURING,,,,,,Farnborough,,GB,GU14 0FB
BMW HAMS HALL MOTOREN GMBH,,,,,,,,GB,
BOAL U.K,,,,,,Loughborough,,GB,LE12 9BS
BOOMER INDUSTRIES,,,,,,Lisburn,,GB,BT28 2FW
BOSCH REXROTH,,,,,,Cambs,,GB,PE19 2ES
BPS REALISATIONS,,,,,,Birmingham,,GB,B6 7EP
BPW,,,,,,Leicester,,GB,LE19 1UZ
EMP-FP&S,,,,,,Leicester,,GB,LE19 1UZ
BRAY CONTROLS (UK),,,,,,Inchinnan,,GB,PA4 9RE 0
BRIDGE JOHNSON,,,,,,Kilmarnock,,GB,KA2 0FJ
BRIDOR FRESHLY BAKED SOLUTION,,,,,,London,,GB,EC3A 7BA
BRODERICK GROUP,,,,,,Manchester,,GB,M22 4TE
BRYAN W. NASH & SONS,,,,,,Dorking,,GB,RH4 2EU
BUFAB (UK),,,,,,High Wycombe,,GB,HP12 3PY
BULTEN,,,,,,Edinburgh,,GB,EH2 4JN
BUMBLE HOLE FOODS,,,,,,Worcestershire,,GB,B61 9JA
BUTTRESS GROUP,,,,,,Brackley,,GB,NN13 7UG
BUZZ GROUP,,,,,,Nottingham,,GB,NG7 1TN
BYK Additives,,,,,,Widnes,,GB,WA8 3AA
Baby Bottles (Wholesale),,,,,,Coventry,,GB,CV7 9NH
Baerlocher,,,,,,Bury,,GB,BL9 7JJ
Bakelite Synthetics,,,,,,Penarth,,GB,CF64 5YU
Baker Hughes Energy Technology,,,,,,Bristol,,GB,BS48 1BS
Baker Hughes,,,,,,London,,GB,W6 8PW
Bakers Basco,,,,,,Northampton,,GB,NN3 6WL
Balfour Beatty VINCI,,,,,,Birmingham,,GB,B24 9FD
Ball Beverage Packaging,,,,,,Luton,,GB,LU1 3LG
Ballward,,,,,,Amersham,,GB,HP6 6AA
Balmoral Comtec,,,,,,Aberdeen,,GB,AB12 3GY
Balmoral Tanks,,,,,,Aberdeen,,GB,AB15 4YE
Bamford Bus Company,,,,,,Oxford,,GB,OX1 2RP
All Service One,,,,,,Oxford,,GB,OX1 2RP
Barker & Stonehouse,,,,,,Stockton on tees,,GB,TS17 7BG
Barrett Steel,,,,,,Bradford,,GB,BD4 9HU
Barry Callebaut Beverages,,,,,,Chester,,GB,CH1 4QJ
Barry Callebaut Manufacturing,,,,,,Banbury,,GB,OX16 3UU
Barton And Redman,,,,,,Manchester,,GB,M11 2WJ
Barton Firtop Engineering Co,,,,,,Kidderminster,,GB,DY11 7DT
Barton Storage Systems,,,,,,Bilston,,GB,WV14 7NG
Basildon Chemical Co,,,,,,Abingdon,,GB,OX14 1RZ
Bathgate Flooring,,,,,,Liverpool,,GB,L3 9QJ
Battle Hayward And Bower,,,,,,Lincoln,,GB,LN3 4NP
Bauer Media Outdoor,,,,,,London,,GB,NW1 2PL
Bayer Cropscience,,,,,,Reading,,GB,RG2 6AD
Beacon Foods,,,,,,Brecon,,GB,LD3 8BT
Beamglow,,,,,,Huntingdon,,GB,PE27 3LP
Becker Industrial Coatings,,,,,,Liverpool,,GB,L24 9HJ
Beckman Coulter United Kingdom,,,,,,Amersham,,GB,HP7 9NA
Beechdean Dairies,,,,,,High Wycombe,,GB,HP14 4NL
Beijer Ref UK,,,,,,Leeds,,GB,LS27 0LL
Bekaert Bradford UK,,,,,,Bradford,,GB,BD12 0QB
Belron,,,,,,Bedford,,GB,MK44 3US
Benvic Dugdale,,,,,,Sowerby Bridge,,GB,HX6 2AA
Berwin Rubber Company,,,,,,Dukinfield,,GB,SK16 4UJ
Bespak Europe,,,,,,Kings Lynn,,GB,PE30 2JJ
Bespak HC,,,,,,Holmes Chapel,,GB,CW4 8BE
Beverage Plastics,,,,,,Craigavon,,GB,BT66 6LN
Bharat Forge International,,,,,,Brentford,,GB,TW8 9JJ
Biesterfeld Petroplas,,,,,,Abingdon,,GB,OX14 4RP
Billions Europe,,,,,,Stockton-On-Tees,,GB,TS18 3EX
Bio Products Laboratory,,,,,,Elstree,,GB,WD6 3BX
Bio-Productions,,,,,,Lewes,,GB,BN7 1JU
Bio-Rad Laboratories,,,,,,Watford,,GB,WD17 1ET
Biological Preparations,,,,,,Caerphilly,,GB,CF83 8DR
Biomar,,,,,,Grangemouth,,GB,FK3 8UL
Birkenstock,,,,,,LONDON,,GB,W1S 1SW
Blachford,,,,,,Chesterfield,,GB,S42 5UY
Black & Decker Ltd BV - UK Branch,,,,,,Northampton,,GB,NN4 7PW
Blackburn Chemicals,,,,,,Blackburn,,GB,BB1 5SX
Blackwood Engineering,,,,,,Aberbeeg,,GB,NP13 2LN
Blagden Specialty Chemicals,,,,,,Westerham,,GB,TN16 1PA
Blakley Electrics,,,,,,Crayford,,GB,DA1 4QX
Blink Medical,,,,,,Cheltenham,,GB,GL50 1TA
Blue Diamond (CP),,,,,,Royal Hillsborough,,GB,BT26 6AJ
Blue Machinery (Spares),,,,,,Warrington,,GB,WA4 4SN
Blue Skies Holdings,,,,,,Northampton,,GB,NN6 9AA
Blue Skies (UK),,,,,,Northampton,,GB,NN6 9AA
Blueprint Operations,,,,,,Newark On Trent,,GB,NG24 2EU
Blum UK,,,,,,Milton Keynes,,GB,MK10 0AW
Bodypak,,,,,,Diss,,GB,IP22 4GT
Boningale,,,,,,Wolverhampton,,GB,WV7 3AT
Bonus Electrical Group,,,,,,Hull,,GB,HU7 3AP
Bonus Accessories,,,,,,Hull,,GB,HU7 3AP
Bonus Electrical,,,,,,Hull,,GB,HU7 3AP
Electricalstock.com,,,,,,Hull,,GB,HU7 3AP
Motorcycle Electrical Services,,,,,,Hull,,GB,HU7 3AP
Bootyman Printers,,,,,,Hull,,GB,HU5 4HF
Borealis,,,,,,Manchester,,GB,M2 3DE
BorgWarner,,,,,,Bradford,,GB,BD4 6SE
Borregaard,,,,,,Warrington,,GB,WA3 6QQ
Boston Scientific,,,,,,Hemel Hempstead,,GB,HP2 4TZ
Bowmed Ibisqus,,,,,,Manchester,,GB,M15 4PY
Bowmer and Kirkland,,,,,,Belper,,GB,DE56 2BW
B&K Hybrid Solutions,,,,,,Belper,,GB,DE56 2BW
Design IT Solutions,,,,,,Belper,,GB,DE56 2BW
Innovare Offsite,,,,,,Belper,,GB,DE56 2BW
Integrated Building Management Systems,,,,,,Belper,,GB,DE56 2BW
Sonic Communications (International),,,,,,Belper,,GB,DE56 2BW
Box-It Ireland,,,,,,Newry,,GB,BT35 6QH
Bradshaws Driffield (Holdings),,,,,,Skerne Road,,GB,YO25 6EF
E.B.Bradshaw & Sons,,,,,,Driffield,,GB,YO25 6XL
Breedon Group,,,,,,Derby,,GB,DE73 8AP
Brett Martin Daylight Systems,,,,,,Coventry,,GB,CV2 2QU
Brett Martin,,,,,,Mallusk,,GB,BT36 4RB
Bri-Ton Fine Foods,,,,,,Newcastle,,GB,ST5 6BE
Bridge Farm Horticulture,,,,,,Spalding,,GB,PE11 2TA
Bridgnorth Aluminium,,,,,,Bridgnorth,,GB,WV15 6AU
Bridon International,,,,,,Doncaster,,GB,DN4 8DG
Brightgreen Plastics,,,,,,Castleford,,GB,WF10 2AL
Brightwell Dosing,,,,,,Newhaven,,GB,BN9 0DQ
Brinkman (Horticultural Service) U.K,,,,,,Beverley,,GB,HU17 0RT
Brita Vivreau,,,,,,Bicester,,GB,OX26 4JT
British Cables Company,,,,,,Blackley,,GB,M9 8ES
British Engines (UK),,,,,,Newcastle upon Tyne,,GB,NE61BS
BEL ENGINEERING (UK),,,,,,St Peters,,GB,NE6 1BS
BEL VALVES,,,,,,St Peters,,GB,NE6 1BS
CMP,,,,,,Bishopton,,GB,CV37 0RN
MICHELL BEARINGS,,,,,,St Peters,,GB,NE6 1BS
ROTARY POWER,,,,,,St Peters,,GB,NE6 1BS
STADIUM EXPORT SERVICES,,,,,,St Peters,,GB,NE6 1BS
STEPHENSON GOBIN,,,,,,Newcastle Upon Tyne,,GB,NE6 1BS
TYNE PRESSURE TESTING,,,,,,Newcastle Upon Tyne,,GB,NE6 1BS
British Steel,,,,,,Scunthorpe,,GB,DN16 1XA
British Wool Marketing Board,,,,,,Bradford,,GB,BD2 1AZ
Wool Growers (Great Britain),,,,,,Bradford,,GB,BD2 1AZ
Brokk UK,,,,,,Milnthorpe,,GB,LA7 7NU
Brooks Bros. (UK),,,,,,Maldon,,GB,CM9 4GG
Brose,,,,,,Coventry,,GB,CV7 9NW
Broughton Plant Hire and Sales,,,,,,Brentwood,,GB,CM13 1XD
Browns Bedrooms & Kitchens,,,,,,Cramlington,,GB,NE23 1WD
Browns Builders Merchants,,,,,,Derby,,GB,DE1 3QQ
Broxburn Bottlers,,,,,,Broxburn,,GB,EH52 5ND
Bucher Municipal,,,,,,Dorking,,GB,RH4 1XF
Butterfly Poultry,,,,,,Newark,,GB,NG24 2EG
B�hler,,,,,,London,,GB,E16 2BF
C & D Foods (Larkshall) Unlimited,,,,,,Thetford,,GB,IP24 1QY
C & W BERRY,,,,,,Leyland Preston,,GB,PR25 2LE
C&D Foods (Driffield) Unlimited,,,,,,Driffield,,GB,YO25 9DJ
C.A. Group,,,,,,Evenwood,,GB,DL14 9SF
C.G.Hacking & Sons,,,,,,London,,GB,SE1 1XW
C.R.T. Packaging (U.K.),,,,,,Cramlington,,GB,NE23 7RZ
CABLE SERVICES,,,,,,Wrexham,,GB,LL13 9PS
CAMFIL,,,,,,Lancashire,,GB,BB4 4EG
CAMVAC ROCKWELL,,,,,,Dundee,,GB,dd2 4tg
CANPACK UK,,,,,,Scunthorpe,,GB,DN15 8NN
CARTONAGE,,,,,,Leeds,,GB,BD11 1DR
CARVER GROUP,,,,,,Walsall,,GB,WS9 8QD
CARVER INTERNATIONAL,,,,,,Walsall,,GB,WS9 8QD
CASTINGS PUBLIC LIMITED COMPANY,,,,,,West Midlands,,GB,WS8 6JZ
DUCTILE CASTINGS,,,,,,Brownhills,,GB,WS8 6JZ
WILLIAM LEE,,,,,,Derbyshire,,GB,S18 2XU
CAWINGREDIENTS,,,,,,Northallerton,,GB,DL7 9FD
CCL Industries,,,,,,Castleford,,GB,WF10 5QU
CCL Label,,,,,,Castleford,,GB,WF10 5QU
CCL Label (Ashford),,,,,,Ashford,,GB,TN24 0SH
CCS McLays,,,,,,Cardiff,,GB,CF23 8RB
CD WINES AND FOODS,,,,,,London,,GB,SE26 5BW
CDW,,,,,,London,,GB,EC4M 9AF
CENTRAL CHEMICAL SUPPLIES,,,,,,Craigavon,,GB,BT66 7LJ
CF FERTILISERS UK,,,,,,Billingham,,GB,TS23 1PY
CHARLES FARAM & CO,,,,,,Malvern,,GB,WR13 5BB
CHH Conex,,,,,,Birmingham,,GB,B6 7AX
CHR. HANSEN (UK),,,,,,Hungerford,,GB,RG17 0YT
CHT UK Bridgwater,,,,,,Bridgwater,,GB,TA6 6AJ
CIRCON,,,,,,Newbury,,GB,RG14 2TF
CLAAS UK,,,,,,Bury St Edmunds,,GB,IP28 6QZ
CLAYTON GLASS,,,,,,STANLEY,,GB,DH9 8UX
CLEAN TECH U.K,,,,,,Hemswell,,GB,DN21 5TU
CLEENOL GROUP,,,,,,Banbury,,GB,OX16 1RB
CLEVELAND CABLE COMPANY,,,,,,Cleveland,,GB,TS2 1QW
CLIFTON PACKAGING GROUP,,,,,,Leicester,,GB,LE19 1WH
CMS Cepcor (Holdings),,,,,,Coalville,,GB,LE67 3AP
CMS Cepcor,,,,,,Coalville,,GB,LE67 3AP
CNH Industrial N.V,,,,,,Basildon,,GB,SS14 3AD
COFCO International,,,,,,Ipswich,,GB,IP3 9SJ
COLLOIDS,,,,,,Kirkby,,GB,L33 7SY
PERFORMANCE MASTERBATCHES,,,,,,Liverpool,,GB,L33 7SY
COMPUTACENTER (UK),,,,,,Hatfield,,GB,AL10 9TW
CONCENTRIC BIRMINGHAM,,,,,,Birmingham,,GB,B24 8HW
CONDALE PLASTICS,,,,,,East Grinstead,,GB,RH19 1TU
COUNTY BUILDING SUPPLIES (HOLDINGS),,,,,,Malvern,,GB,WR14 3PP
COVESTRO UK,,,,,,Cheadle Hulme,,GB,SK8 6PT
CPK REALISATIONS,,,,,,London,,GB,EC1M 4JN
CPL Aromas,,,,,,Northampton,,GB,NN6 9UB
CRL Foods,,,,,,Newcastle Upon Tyne,,GB,NE3 1XD
CRODA INTERNATIONAL PUBLIC LIMITED COMPANY,,,,,,Goole,,GB,DN14 9AA
CRP Subsea,,,,,,Gloucester,,GB,GL2 4PA
CSG Global Education,,,,,,West Malling,,GB,ME19 4YT
CSL Behring UK,,,,,,Haywards Heath,,GB,RH16 1AH
CTEC (NI),,,,,,Newry,,GB,BT34 1BY
CUMMINS EMEA HOLDINGS,,,,,,London,,GB,W2 6LG
Cabot Carbon,,,,,,Penarth,,GB,CF64 5RP
Calder Industrial Materials,,,,,,Chester,,GB,CH1 4EX
Calders & Grandidge (Boston),,,,,,Boston,,GB,PE21 7HJ
Calderys NGJ,,,,,,Ellesemere Port,,GB,CH66 1ST
Caldic,,,,,,Chesterfield,,GB,S42 5UG
Caldic Ingredients UK,,,,,,Chesterfield,,GB,SG42 5UG
Caledonian Alloys,,,,,,Livingston,,GB,EH54 5BZ
Caledonian Plywood Company,,,,,,Glasgow,,GB,G71 5PF
Calor Gas,,,,,,Warwick,,GB,CV34 5AH
Capita Managed IT Solutions,,,,,,Newtownabbey,,GB,BT36 7LQ
Capital Coated Steel,,,,,,Newport,,GB,NP11 7PX
Brunel Steel Services,,,,,,Newport,,GB,NP11 7PX
Macward Steel Slitting Services,,,,,,Newport,,GB,NP11 7PX
Capital Refractories,,,,,,Chesterfield,,GB,S43 4AB
Cargill Bioindustrial UK,,,,,,London,,GB,EC4R 9AT
Cargill,,,,,,London,,GB,EC4R 9AT
Carpenter & Paterson,,,,,,Welshpool,,GB,SY21 7BE
Carpenter,,,,,,Glossop,,GB,SK13 6LE
Carrick Holdings,,,,,,Glasgow,,GB,G21 4PB
James G Carrick & Company,,,,,,Glasgow,,GB,G21 4PB
Plastic Closures,,,,,,Woolston,,GB,WA1 4AG
Carron Bathrooms,,,,,,Falkirk,,GB,FK2 8UW
Carron Lodge,,,,,,Preston,,GB,PR3 2LN
Carrs Coatings,,,,,,Redditch,,GB,B98 9HF
Cartonplast,,,,,,Barrow Upon Humber,,GB,DN19 7DJ
Carver (Wolverhampton),,,,,,Wolverhampton,,GB,WV1 1JY
Carwood Motor Units,,,,,,Coventry,,GB,CV3 2RQ
Cascade (U.K.),,,,,,Openshaw,,GB,M11 2DD
Caswick,,,,,,Doncaster,,GB,DN9 1PN
Catalent U.K. Swindon Zydis,,,,,,Glasgow,,GB,G2 1AL
Caterpillar (NI),,,,,,Larne,,GB,BT40 1EJ
Caterpillar UK Group,,,,,,Peterborough,,GB,PE1 5FQ
Caterpillar,,,,,,Desford,,GB,LE9 9JT
Caterpillar Marine Power,,,,,,Wimborne,,GB,BH21 7PW
Caterpillar Shrewsbury,,,,,,Shrewsbury,,GB,SY1 3NX
Cavalier Carpets,,,,,,Blackburn,,GB,BB2 1TX
Cedesa,,,,,,Letchworth,,GB,SG6 1WT
Celli Group,,,,,,Thirsk,,GB,YO7 3BX
Celtic Chemicals,,,,,,Port Talbot,,GB,SA13 2PE
Central Foods,,,,,,Northampton,,GB,NN4 0NB
Centriforce Products,,,,,,Liverpool,,GB,L20 8EE
Cereform,,,,,,London,,GB,W1K 4QY
Romix Foods,,,,,,Bright Street,,GB,WN7 5QH
Certis Belchim BV,,,,,,Great Abington,,GB,CB21 6AD
Champion Technologies,,,,,,Aberdeen,,GB,AB12 3HT
Chapelton Board Sales,,,,,,Aylesford,,GB,ME20 7AU
Chargemaster,,,,,,Sunbury-On-Thames,,GB,TW16 7BP
Charles Ransford & Son,,,,,,Salop,,GB,SY9 5AQ
Charles Tennant & Company,,,,,,Glasgow,,GB,G72 0TH
Checkfire,,,,,,Caerphilly,,GB,CF38 8DR
Chemetall,,,,,,Milton Keynes,,GB,MK1 1BU
Chemique Adhesives and Sealants,,,,,,Aldridge,,GB,WS9 8UR
Chemoxy International,,,,,,Middlesbrough,,GB,TS3 6AF
Chemviron Carbon,,,,,,Ashton-In-Makerfield,,GB,WN4 8DE
Chep,,,,,,Addlestone,,GB,KT15 2HJ
Cherry Pipes,,,,,,Dungannon,,GB,BT716NH
Cherwell Packaging,,,,,,Southham,,GB,CV47 0FB
Chevron Phillips Chemicals,,,,,,Manchester,,GB,M2 3AE
China Cash And Carry,,,,,,Heron Road,,GB,BT3 9LE
China Enterprise UK,,,,,,Lichfield,,GB,WS13 6QZ
Christeyns Food Hygiene,,,,,,Warrington,,GB,WA2 8RE
Christeyns Professional Hygiene,,,,,,High Peak,,GB,SK23 7DQ
Christeyns,,,,,,Bradford,,GB,BD4 7EA
Oscrete,,,,,,Bradford,,GB,BD4 7EA
Chubb Fire & Security,,,,,,Blackburn,,GB,BB1 2PR
Circle Foods,,,,,,Redhill,,GB,RH1 1LQ
City Technology,,,,,,Bracknell,,GB,RG12 1EB
Clarendon Specialty Fasteners,,,,,,London,,GB,EC1M 6EE
Classic Cuisine of Northampton,,,,,,Nottingham,,GB,NG1 6GN
Classic Fine Foods UK,,,,,,London,,GB,NW10 7SA
Clean Linen Services,,,,,,Camberley,,GB,GU15 3DB
Cleaning and Paper Disposables,,,,,,Hull,,GB,HU5 1SG
Cleanux Chemicals,,,,,,Waltham Abbey,,GB,EN9 1AF
Cleland Mciver,,,,,,Rochdale,,GB,OL16 4GW
Cleveland Cascades,,,,,,THORNABY,,GB,TS17 9LT
Climax Molybdenum U.K,,,,,,Stowmarket,,GB,IP14 2AE
Clipper Retail,,,,,,Colchester,,GB,CO4 9QR
Colas,,,,,,Birmingham,,GB,B37 7YB
Coldstores,,,,,,Downham Market,,GB,PE38 9BJ
Collins Aerospace,,,,,,Leighton Buzzard,,GB,LU7 4TB
Colombier,,,,,,Sittingbourne,,GB,ME10 3RN
ColorMatrix Europe,,,,,,Knowsley,,GB,L34 9GT
Colorcon,,,,,,Dartford Kent,,GB,DA2 6QD
Colorplas,,,,,,Stockport,,GB,SK4 2HD
Colt International,,,,,,Petersfield,,GB,GU32 3QF
Com Dev Europe,,,,,,Bracknell,,GB,RG12 1EB
Commercial Body Fittings,,,,,,Welwyn Garden City,,GB,AL7 1JY
Commercial Services Education,,,,,,West Malling,,GB,ME19 4YT
Commscope Connectivity,,,,,,London,,GB,EC4A 1JP
Community Products (UK),,,,,,Roberts Bridge,,GB,TN32 5DR
Compagnie Fruitiere UK,,,,,,West Malling,,GB,ME19 4UY
Compugraphics International,,,,,,Woking,,GB,GU21 5RW
Conica,,,,,,Newark,,GB,NG24 2ER
Connect Chemicals (UK),,,,,,Northwich,,GB,CW8 4DU
Consort Frozen Foods,,,,,,Burgess Hill,,GB,RH15 9TJ
Direct Wholesale Foods (London),,,,,,Burgess Hill,,GB,RH15 9TJ
Constantia Sittingbourne,,,,,,Sittingbourne,,GB,ME10 3RY
Control Techniques Dynamics,,,,,,Andover,,GB,SP10 5AB
Conway Packing Services,,,,,,Tipton,,GB,DY4 7UD
Cook,,,,,,Altrincham,,GB,WA14 2DT
Cooke Aquaculture Scotland,,,,,,Glasgow,,GB,G1 3BX
Cooldelight Desserts,,,,,,Bury,,GB,BL0 9DJ
Cooper Coated Coil,,,,,,Willenhall,,GB,WV13 3XB
Copeland,,,,,,Cooks Town,,GB,BT80 9DG
Coperion UK,,,,,,Peterborough,,GB,PE4 7AP
Copperweld Bimetallics,,,,,,Telford,,GB,TF7 4NZ
Coram UK Holding,,,,,,Ilton,,GB,TA19 9EA
Corcoran Chemicals,,,,,,Wilmslow,,GB,SK9 4LD
Cordis Medical UK,,,,,,Warrington,,GB,WA3 6AE
Cordstrap,,,,,,Skelmersdale,,GB,WN8 9PL
Corespec,,,,,,Stanley,,GB,DH9 7YB
Corex (Wigan),,,,,,Manchester,,GB,M2 3DE
Corinthian Brands (CBL),,,,,,Knaresborough,,GB,HG5 9AY
Cornelius Group,,,,,,Bishops Stortford,,GB,CM23 5RG
Cornelius Specialties,,,,,,Haverhill,,GB,CB9 8PB
Corning,,,,,,Ewloe,,GB,CH5 3XD
Cornish Concrete Products,,,,,,Truro,,GB,TR4 8QZ
Corrboard,,,,,,Scunthorpe,,GB,DN15 9GE
Corrugated Box Supplies,,,,,,West Bromwich,,GB,B70 8JF
Corteva Agriscience UK,,,,,,Cambridge Road,,GB,SG8 6HB
Coryton Advanced Fuels,,,,,,Stanford Le Hope,,GB,SS17 9LN
Coster Aerosols,,,,,,Chesterfield,,GB,S43 4XE
Cotek Papers,,,,,,Moreton-in-Marsh,,GB,GL56 9JU
Counterplas,,,,,,Walsall,,GB,WS6 7AL
Coverworld UK,,,,,,Chesterfield,,GB,S44 5GA
Craemer UK,,,,,,Telford,,GB,TF1 7GN
Crane,,,,,,Ipswich,,GB,IP3 9FJ
Crane Process Flow Technologies,,,,,,Cwmbran,,GB,NP44 3XX
Cranswick Country Foods (Ballymena),,,,,,Ballymena,,GB,BT42 1EA
Creative Composites,,,,,,Lisburn,,GB,BT282FW
Creative Foods Europe,,,,,,Burton-on-Trent,,GB,DE14 1DS
Crediton Dairy,,,,,,Crediton,,GB,EX17 2AH
Creed Foodservice,,,,,,North Shields,,GB,NE29 7XJ
Crop's Foods,,,,,,Luton,,GB,LU1 3LU
Crown UK Holdings,,,,,,Wantage,,GB,OX12 9BP
Crown Packaging Manufacturing UK,,,,,,Carlisle,,GB,CA1 2TL
Cube6,,,,,,Earls Colne,,GB,CO6 2NS
Cumberland Meat Packers,,,,,,Coventry,,GB,CV2 2LD
Cumberland Packaging,,,,,,Hadleigh,,GB,SS7 2RF
Custom Powders,,,,,,Crewe,,GB,CW1 6YT
Cytec Engineered Materials,,,,,,Wrexham,,GB,LL13 9UZ
Cytec industrial Materials (Derby),,,,,,Heanor,,GB,DE75 7SP
D. & F. MCCARTHY,,,,,,Norwich,,GB,NR7 0WH
D.A. Pak,,,,,,Stoke-On-Trent,,GB,ST4 8HX
D.B. Ramsden & Company,,,,,,,,GB,NW10 7BW
D.R.WAKEFIELD & COMPANY,,,,,,London,,GB,SE10UQ
D.W. Windsor,,,,,,Telford,,GB,TF3 3BD
DAIMLER TRUCK UK,,,,,,Milton Keynes,,GB,MK15 0YS
DALESMAN (NEWCASTLE),,,,,,Bradford,,GB,BD5 8HW
DAU DRAEXLMAIER AUTOMOTIVE UK,,,,,,Tamworth,,GB,B78 1SE
DAVENPORT PAPER CO,,,,,,Derby,,GB,DE1 3DE
DAVID COVER AND SON,,,,,,Chichester,,GB,PO19 8PE
DE SANGOSSE,,,,,,Newmarket,,GB,CB8 7SQ
DELIFRESH,,,,,,Leeds,,GB,LS1 5AB
DEREK LAMBERT POLYTHENE,,,,,,Bingley,,GB,BD16 2RD
DESIGN PACKAGING GROUP,,,,,,LITTLEHAMPTON,,GB,BN17 7AU
DHL Supply Chain,,,,,,Milton Keynes,,GB,MK9 1EA
Brandpath UK,,,,,,Milton Keynes,,GB,MK9 1EA
DIMENSION DEVELOPMENT,,,,,,Leicester,,GB,LE1 3RW
DIXON CHEW (BATLEY),,,,,,Dewsbury,,GB,WF13 3LA
DKSH Great Britain,,,,,,London,,GB,EC4M 7AN
DMD (2000),,,,,,Aberdeen,,GB,AB23 8EF
DMG Mori UK,,,,,,Coventry,,GB,CV3 4PE
DN Automotive VMS,,,,,,Trowbridge,,GB,BA14 0XB
DOW CHEMICAL COMPANY,,,,,,Cheadle,,GB,SK8 3SR
DOW SILICONES UK,,,,,,Barry,,GB,CF63 2YL
DSF Refractories & Minerals,,,,,,Edinburgh,,GB,EH3 9WJ
DSM Nutritional Products,,,,,,Southall,,GB,UB2 5NN
DUGDALE NUTRITION,,,,,,Clitheroe,,GB,BB7 1QW
DWK Life Sciences,,,,,,Stoke- On- Trent,,GB,ST4 4TW
Dairi-Pak,,,,,,Shrewsbury,,GB,SY4 1LS
Dairy Partners,,,,,,Stonehouse,,GB,GL10 3RL
Dairy Partners (Cymru Wales),,,,,,Stonehouse,,GB,GL10 3RL
Dairygold Food Ingredients (UK),,,,,,Crewe,,GB,CW1 6FU
Dalter,,,,,,Exeter,,GB,EX5 1FY
Dana UK Axle,,,,,,Stratford-Upon-Avon,,GB,CV37 6YX
Dandy Lions,,,,,,London,,GB,W1B 1DY
Daniel Thwaites Public Limited Company,,,,,,Blackburn,,GB,BB2 7LB
Darcy Products,,,,,,Larkfield,,GB,ME20 6GN
Daregal Gourmet,,,,,,Long Stratton,,GB,NR15 2YA
Darley,,,,,,Burton Upon Trent,,GB,DE14 2AD
Darta Yorkshire,,,,,,Driffield,,GB,YO25 9DR
Dartmouth Foods,,,,,,Plymouth,,GB,PL7 5HH
Datim,,,,,,Chesterfield,,GB,S41 9RN
Davis & Moore,,,,,,Trafford Park,,GB,M17 1NJ
Davis Schottlander & Davis,,,,,,Letchworth Garden City,,GB,SG6 2WD
Davy's of London (Wine Merchants),,,,,,London,,GB,SE10 8JA
Dawn Foods,,,,,,Evesham,,GB,WR11 4QU
Day International (U.K.),,,,,,Glasgow,,GB,G2 1BP
Dayla,,,,,,Aylesbury,,GB,HP22 5AH
Daymer Ingredients,,,,,,Shipston On Stour,,GB,CV36 4FF
De Groot Fresh Produce,,,,,,Eastleigh,,GB,SO53 3LG
Dean Packaging,,,,,,Huntingdon,,GB,PE19 2HF
Decora Blind Systems,,,,,,Lisburn,,GB,BT28 2FL
Deeside Cereals I,,,,,,Kettering,,GB,NN15 5JR
Delimport,,,,,,London,,GB,SW64HH
Dellner Ferrabyrne,,,,,,Littlehampton,,GB,BN17 7QU
Dellner Glass Solutions,,,,,,Tamworth,,GB,B79 7TL
Dellner Polymer Solutions,,,,,,Burton-On-Trent,,GB,DE14 2AP
Delta Display,,,,,,London,,GB,E11 1GA
Odessa UK,,,,,,London,,GB,E11 1GA
Superior Creative Services,,,,,,London,,GB,E11 1GA
Denmaur Independent Papers,,,,,,Sittingbourne,,GB,ME10 3RY
Dennis Eagle,,,,,,Warwick,,GB,CV34 6TE
Denroy Group,,,,,,Belfast,,GB,BT20 3JH
Denman International,,,,,,Belfast,,GB,BT20 3JH
Denroy,,,,,,Belfast,,GB,BT20 3JH
Denso Automotive UK,,,,,,Coventry,,GB,CV2 2TB
Denso Manufacturing UK,,,,,,Telford,,GB,TF1 7FS
Denso Marston,,,,,,Bradford,,GB,BD17 7JR
Dentsply IH,,,,,,Stonehouse,,GB,GL10 3GB
Dentsply Sirona Repair Centre (UK),,,,,,Weybridge,,GB,KT13 0NY
Derryadd Pallets,,,,,,Armagh,,GB,BT66 7AT
Designplan Lighting,,,,,,Sutton,,GB,SM3 9QS
Devenish Nutrition,,,,,,Belfast,,GB,BT3 9AR
Devro (Scotland),,,,,,Chryston,,GB,G69 0JE
Dextra Group,,,,,,Gillingham,,GB,SP8 4PX
Dexeco,,,,,,Gillingham,,GB,SP8 4PX
Dexretail,,,,,,Gillingham,,GB,SP8 4PX
Dextra Lighting,,,,,,Gillingham,,GB,SP8 4PX
LEDextra,,,,,,Gillingham,,GB,SP8 4PX
Ledex,,,,,,Gillingham,,GB,SP8 4PX
Diamond Corrugated Cases,,,,,,Derry,,GB,BT48 0LU
Didsbury Engineering Co,,,,,,Handforth,,GB,SK9 3LP
Direct Food Ingredients,,,,,,Macclesfield,,GB,SK11 6QJ
Direct Healthcare Group,,,,,,Caerphilly,,GB,CF83 1BF
Direct Packaging Solutions,,,,,,Stockport,,GB,SK4 3EA
Direct Foam and Packaging,,,,,,Blackburn,,GB,BB1 5DN
Distinction Doors,,,,,,Tankersley,,GB,S75 3DH
Distrupol,,,,,,Chertsey,,GB,KT16 9AP
Diva Europe,,,,,,Crawley,,GB,RH10 9QR
Papergraphics,,,,,,CRAWLEY,,GB,RH10 9QR
Dnata Catering,,,,,,Manchester,,GB,M90 5EX
Dohler (UK),,,,,,Milton Keynes,,GB,MK15 0DF
Dolphin Solutions,,,,,,Robertsbridge,,GB,TN32 5BS
Donaldson Filter Components,,,,,,Hull,,GB,HU1 1QE
Donaldson Filtration (GB),,,,,,Hull,,GB,HU1 1QE
Donaldson Timber Systems,,,,,,Witney,,GB,OX29 7WJ
Doncasters,,,,,,Leeds,,GB,LS1 5AB
Chard Precision Castings,,,,,,Leeds,,GB,LS1 5AB
Ross & Catherall,,,,,,Leeds,,GB,LS1 5AB
Trucast,,,,,,Leeds,,GB,LS1 5AB
Dover Fueling Solutions UK,,,,,,Edinburgh,,GB,EH2 1AF
Draeger Medical,,,,,,Hemel Hempstead,,GB,HP2 7BW
Draeger Safety,,,,,,Blyth,,GB,NE24 4RG
Dragon Packaging,,,,,,,,GB,N3 3LF
Drinks Wholesale Group,,,,,,Mitcham,,GB,CR4 3HG
Du Pont (U.K.),,,,,,Stevenage,,GB,SG1 2NG
Duferco UK,,,,,,Bromsgrove,,GB,B60 3DX
Duni Poppies,,,,,,St Helens,,GB,WA9 1QT
Dunlop Oil & Marine,,,,,,Grimsby,,GB,DN31 2SY
E.A. Ellison & Co,,,,,,Coventry,,GB,CV7 9EF
E.Park & Sons,,,,,,Macclesfield,,GB,SK10 4LL
EBAC,,,,,,County Durham,,GB,DL5 6SR
ECORRUGATED,,,,,,Ellesmere Port,,GB,CH66 1ST
ECUBE SOLUTIONS,,,,,,Barry,,GB,CF62 4AF
EDBRO HYDRAULICS,,,,,,Bolton,,GB,BL3 2JJ
EDMI Europe,,,,,,Hook,,GB,RG27 9XA
EDWARDS LIFESCIENCES,,,,,,London,,GB,EC4N 6AF
EFKA FRAME SOLUTIONS,,,,,,Castle Donington,,GB,DE74 2NP
EGLINTON (TIMBER PRODUCTS),,,,,,,,GB,BT473PY
EJ UK FABRICATION & ACCESS SOLUTIONS,,,,,,Attleborough Nuneaton,,GB,CV11 6RZ
EJOT U.K,,,,,,Glasgow,,GB,G46 6JQ
ELIOR UK HOLDINGS,,,,,,Cheshire,,GB,SK11 6ET
CATERPLUS SERVICES,,,,,,Macclesfield,,GB,SK11 6ET
EDWARDS AND BLAKE,,,,,,Macclesfield,,GB,SK11 6ET
ELIOR UK,,,,,,Cheshire,,GB,SK11 6ET
LEXINGTON CATERING,,,,,,Macclesfield,,GB,SK11 6ET
TAYLOR SHAW,,,,,,Macclesfield,,GB,SK11 6ET
ELIS UK,,,,,,Basingstoke,,GB,RG24 8NA
ELLPRO TIMBER,,,,,,ipswich,,GB,ip10 0eu
EMR Polymers,,,,,,Warrington,,GB,WA5 7NS
EMS-Chemie,,,,,,Dunston,,GB,ST18 9AB
EMTELLE UK,,,,,,Hawick,,GB,TD9 8LF
Ridgemount Technologies,,,,,,Bicester,,GB,OX26 5EL
ENCON INSULATION,,,,,,Wetherby,,GB,LS22 7GZ
ENVIRO-CAP,,,,,,Huddersfield,,GB,HD5 0BL
EPSOTECH,,,,,,Edinburgh,,GB,EH28 8PW
EQUIP4WORK,,,,,,Stafford,,GB,ST16 3DR
ERIKS INDUSTRIAL SERVICES,,,,,,Oldbury,,GB,B69 4JR
ESSECO UK,,,,,,West Yorkshire,,GB,WF1 5PH
ESSENTIA PROTEIN SOLUTIONS,,,,,,Tipton,,GB,DY4 9DU
ESSENTIAL FRUIT,,,,,,Leamington Spa,,GB,CV32 4EA
ESTERCHEM,,,,,,Leekbrook Leek,,GB,ST13 7QF
ETERNIS FINE CHEMICALS UK,,,,,,LEEK,,GB,ST13 8LD
EUROPEAN POLYTHENE INDUSTRIES,,,,,,Bedford,,GB,MK42 0LF
EV Cargo Global Forwarding,,,,,,Southall,,GB,UB2 5ND
EVENT WINE SOLUTIONS,,,,,,Yeovil,,GB,BA22 7HY
Earth's Bounty,,,,,,Nottingham,,GB,NG13 8BQ
East Riding Sacks,,,,,,Scarborough,,GB,YO11 3TU
Eastbrook,,,,,,Gloucester,,GB,GL4 3DB
Eastman Company,,,,,,Newport,,GB,NP19 4XF
Eaton Electrical Products,,,,,,Slough,,GB,SL1 4DX
Eaton Industries (U.K.),,,,,,Slough,,GB,SL1 4DX
Eaton Electrical Systems,,,,,,Slough,,GB,SL1 4DX
Eaton MEDC,,,,,,Sutton-In-Ashfield,,GB,NG17 5FB
Ecco Safety Group (UK),,,,,,Leeds,,GB,LS14 1FB
Ecolab,,,,,,Northwich,,GB,CW8 4DX
Edgetech (UK),,,,,,Coventry,,GB,CV3 4FG
Edmundson Electrical,,,,,,Knutsford,,GB,WA16 6AY
Edwards,,,,,,West Sussex,,GB,RH15 9TW
Eftec,,,,,,Aberdare,,GB,CF44 9UE
Egreen International,,,,,,Sutton,,GB,SM1 1JB
Eland Cables,,,,,,London,,GB,NW1 7HW
Elanders,,,,,,Newcastle upon Tyne,,GB,NE27 0QG
Electric Mobility Euro,,,,,,Ilminster,,GB,TA19 9DL
Electrosteel Castings,,,,,,Chesterfield,,GB,S41 9QJ
Elekta,,,,,,Crawley,,GB,RH10 9BL
Elkem Silicones,,,,,,Bordon,,GB,GU35 0NH
Elliott Baxter & Company,,,,,,Farnborough,,GB,GU12 5QE
Ellsworth Adhesives,,,,,,Glasgow,,GB,G75 0YG
Robnor Resinlab,,,,,,Swindon,,GB,SN2 8EJ
Elmdene International,,,,,,Portsmouth,,GB,PO3 5QD
Elopak UK,,,,,,Cheadle,,GB,SK8 2EA
Elring Klinger (Great Britain),,,,,,Cleveland,,GB,TS10 5RX
Elster Metering,,,,,,Bracknell,,GB,RG12 1EB
Elster Water Metering,,,,,,Bracknell,,GB,RG12 1EB
Eltherington Group,,,,,,Hull,,GB,HU9 5QD
Eltherington Aluminium,,,,,,Hull,,GB,HU9 5QD
Eltherington Industries,,,,,,Hull,,GB,HU9 5QD
Emplas Window Systems,,,,,,Wellingborough,,GB,NN8 6AB
Energizer Auto,,,,,,High Wycombe,,GB,HP13 6DG
Energizer Trading,,,,,,High Wycombe,,GB,HP13 6DG
Enersys,,,,,,Newport,,GB,NP19 4XJ
Entek International,,,,,,Newcastle upon Tyne,,GB,NE12 5XG
Enterfoods (FR),,,,,,Fraserburgh,,GB,AB43 9TD
Enva Battery Recycling,,,,,,Newark,,GB,NG22 8UA
Enva England,,,,,,Colwick Nottingham,,GB,NG4 2JT
Enva England Specialist Waste,,,,,,Newark,,GB,NG22 8UA
Enva Plastics,,,,,,Newark,,GB,NG22 8UA
Enva Scotland,,,,,,Paisley,,GB,PA3 3BD
Envases Liverpool,,,,,,Bootle,,GB,L20 6BP
Envigo RMS,,,,,,Loughborough,,GB,LE12 9TE
Envirolead Distribution,,,,,,St Albans,,GB,AL1 3SE
Associated Lead Mills,,,,,,Hoddesdon,,GB,EN11 0NX
Jamestown Industries,,,,,,St Albans,,GB,AL1 3SE
Royston Lead,,,,,,Barnsley,,GB,S75 2DS
Envirostik Holdings (UK),,,,,,Stone,,GB,ST15 0SS
Epicurium,,,,,,Consett,,GB,DH8 9HU
Epson Telford,,,,,,Telford,,GB,TF1 7YD
Epta,,,,,,Bradford,,GB,BD10 8RU
Equilibrium Chemical Services,,,,,,Malvern,,GB,WR13 6NP
Ericsson,,,,,,Reading,,GB,RG1 1LX
Etex (Exteriors) UK,,,,,,Burton on Trent,,GB,DE14 2AP
Etex Building Performance,,,,,,Bristol,,GB,BS20 0NE
Ethiprint,,,,,,Derby,,GB,DE24 8SR
Eurocaps,,,,,,Tredegar,,GB,NP22 4EF
Euroclad Group,,,,,,Cardiff,,GB,CF3 0EY
Eurocraft Technologies,,,,,,Dudley,,GB,DY2 9AE
Europa Components & Equipment,,,,,,Luton,,GB,LU2 9NH
European Braking Systems,,,,,,Trafford Park Manchester,,GB,M17 1QS
European Flavours & Fragrances,,,,,,Ware,,GB,SG12 9QL
Evans Vanodine International,,,,,,Preston,,GB,PR5 8AH
Evonik Chemicals,,,,,,Manchester,,GB,M11 4SR
Evtec Automotive,,,,,,Coventry,,GB,CV4 9AQ
Ewos,,,,,,London,,GB,EC4R 9AT
Expac (Preston),,,,,,SHEFFIELD,,GB,S8 0TB
Exporta Global,,,,,,Kinross,,GB,KY13 8GD
Express Engineering (Gateshead),,,,,,Gateshead,,GB,NE11 0EG
F. Smales & Son (Fish Merchants),,,,,,Hull,,GB,HU3 4HL
F.D.Copeland & Sons,,,,,,London,,GB,SE18 5TL
F.D.L. Packaging,,,,,,St Helens,,GB,WA11 0RW
FAERCH LONDON,,,,,,Sutton,,GB,SM2 5DA
FERGUSON & MENZIES,,,,,,GLASGOW,,GB,G51 2JW
FIBRESTAR DRUMS,,,,,,Stockport,,GB,SK7 5AS
FIFE CREAMERY,,,,,,Kirkaldy,,GB,KY1 2YX
FILOFORM,,,,,,Reading,,GB,RG7 4AB
FILON PRODUCTS,,,,,,BURNTWOOD,,GB,WS7 3JQ
FILTROX Carlson,,,,,,Barnoldswick,,GB,BB18 5HP
FIRST CIRCLE PACKAGING,,,,,,Newport Pagnell,,GB,MK16 9QJ
FLEXCON EUROPE,,,,,,Glenrothes,,GB,KY6 2TF
FLEXTEX,,,,,,preston,,GB,pr4 3rb
FMC Agro,,,,,,Pentre,,GB,CH5 2DH
FORGEWAY,,,,,,NEWTON ABBOT,,GB,TQ12 4PH
FORT VALE ENGINEERING,,,,,,Burnley,,GB,BB12 7ND
FORTERRA,,,,,,Northampton,,GB,NN4 5EA
FOUR CROSSES NURSERY,,,,,,FOUR CROSSES LLANYMYNECH,,GB,SY22 6SL
FPS Flexibles,,,,,,Thirsk,,GB,YO7 3HE
FREDDY HIRSCH GROUP UK,,,,,,Milton Keynes,,GB,MK9 1FF
FROMM PACKAGING,,,,,,TAPLOW,,GB,SL6 0FE
FUJITSU SERVICES,,,,,,Bracknell,,GB,RG12 8SN
FYTERTECH NONWOVENS,,,,,,London,,GB,WC2H 7DQ
Fabrikat (Nottingham),,,,,,Nottingham,,GB,NG17 5LN
Faci UK Chemicals,,,,,,Liverpool,,GB,L33 7TW
Fairview Europe,,,,,,Bridgwater,,GB,TA6 4FJ
Faltec Europe,,,,,,Sunderland,,GB,SR5 3FH
Fannin,,,,,,Swadlincote,,GB,DE12 7DT
Fast-Pak Packaging,,,,,,Altrincham,,GB,WA14 1AU
Fastbox,,,,,,Leeds,,GB,LS10 1RT
Faurecia Automotive Seating UK,,,,,,London,,GB,EC3M 3BY
Faurecia Emissions Control Technologies UK,,,,,,London,,GB,EC3M 3BY
Fenton Packaging,,,,,,Leeds,,GB,LS9 0SH
Feralco,,,,,,Widnes,,GB,WA8 0PH
Fernco,,,,,,Barnsley,,GB,S73 0UW
Fernox,,,,,,Woking,,GB,GU21 5RW
Fiberweb Geosynthetics,,,,,,Norwich,,GB,NR3 1RU
Fibre Drums,,,,,,St Helens,,GB,WA11 0RW
Cases for Industry,,,,,,St Helens,,GB,WA11 0RW
Fibregrid,,,,,,Bristol,,GB,BS13 8FD
Fibrisol Service,,,,,,Acton,,GB,W3 8TE
Fillcare,,,,,,Pontyclun,,GB,CF72 8TZ
Fine Organics,,,,,,Middlesbrough,,GB,TS2 1UB
FineCal Group,,,,,,Bristol,,GB,BS8 3RA
FineCal Labels,,,,,,Bristol,,GB,BS8 3RA
Finelite,,,,,,Penkridge,,GB,ST19 5RZ
Finishing Line Limited(THE),,,,,,Epping,,GB,CM16 7EY
Finlay Beverages,,,,,,Pontefract,,GB,WF9 2XS
Finning (UK),,,,,,Cannock,,GB,WS11 8LL
Sitech Technology Systems,,,,,,Bridgtown,,GB,WS11 8LL
Firmenich UK,,,,,,Southall,,GB,UB2 5NN
First Line,,,,,,Banbury,,GB,OX16 4XD
Firth Steels,,,,,,Brighouse,,GB,HD6 1LU
Fit Out (U.K.),,,,,,London,,GB,NW10 7SJ
Flakt Woods,,,,,,Colchester,,GB,CO4 5ZD
Flame Homeware,,,,,,Sandycroft Deeside,,GB,CH5 2QE
Flavours and Essences UK,,,,,,Blackburn,,GB,BB1 2QD
Flint Ink (U.K.),,,,,,Irlam,,GB,M44 5BL
Flint CPS Inks,,,,,,Irlam,,GB,M44 5BL
Flokk,,,,,,Mirfield,,GB,WF14 0DE
Flowmax,,,,,,Puma Way,,GB,CV1 2TT
Action-Sealtite,,,,,,Puma Way,,GB,CV1 2TT
Alpeco,,,,,,Coventry,,GB,CV1 2TT
Anglo-Nordic Burner Products,,,,,,Coventry,,GB,CV1 2TT
B & D Plastics Group,,,,,,Coventry,,GB,CV1 2TT
Biopharma Dynamics,,,,,,Coventry,,GB,CV1 2TT
Buckley Industrial,,,,,,Coventry,,GB,CV1 2TT
Castle Pumps,,,,,,Coventry,,GB,CV1 2TT
Centre Tank Services,,,,,,Coventry,,GB,CV1 2TT
Essco Controls,,,,,,Coventry,,GB,CV1 2TT
Hytek (GB),,,,,,Coventry,,GB,CV1 2TT
Industrial Flow Control,,,,,,Coventry,,GB,CV1 2TT
Rob Pond,,,,,,Coventry,,GB,CV1 2TT
Whisper Pumps,,,,,,Coventry,,GB,CV1 2TT
Flowserve GB,,,,,,Manchester,,GB,M2 3DE
Fluidpower Group,,,,,,Wilmslow,,GB,SK9 1DP
Foleshill Plating Co,,,,,,Coventry,,GB,CV7 9EJ
Fonthill Waters,,,,,,Kempston,,GB,MK42 7PN
Foodnet,,,,,,Amersham,,GB,HP7 0DF
Foodspeed,,,,,,Hayes,,GB,UB4 0TH
Forbo Flooring UK,,,,,,Ripley,,GB,DE5 3NT
Foremost Pro,,,,,,Bognor Regis,,GB,PO22 9SE
Forfarmers UK,,,,,,Bury St. Edmunds,,GB,IP30 9ND
Form (Midlands),,,,,,Bedford,,GB,MK43 7ST
Formatt,,,,,,Altrincham,,GB,WA15 9HW
Forteq (UK),,,,,,Huddersfield,,GB,HD5 0QR
Forza Doors,,,,,,Horsham,,GB,RH13 8RA
Fosroc International,,,,,,Tamworth,,GB,B78 3XN
Fountain Foods,,,,,,Wisbech,,GB,PE14 9AB
Fountain Frozen,,,,,,Wisbech,,GB,PE13 3AD
Fourayes Farm,,,,,,Sittingbourne,,GB,ME9 8BJ
Fourstones Paper Mill Company,,,,,,Hexham,,GB,NE46 3SD
Fragrance Oils (International),,,,,,Manchester,,GB,M26 2FR
Frank Bird (Poultry),,,,,,Penrith,,GB,CA10 1NB
Frank Mercer & Sons,,,,,,Bolton,,GB,BL5 3JF
Frank Wright,,,,,,Ashbourne,,GB,DE6 1HA
Fred C Robinson,,,,,,Ballyclare,,GB,BT39 9DS
Freemans Event Partners Holdings,,,,,,Hardwicke,,GB,GL2 2RN
Freeman Event Partners (Catering),,,,,,Hardwicke,,GB,GL2 2RN
Freeman Event Partners (Logistics),,,,,,Hardwicke,,GB,GL2 2RN
Freemans Event Partners (Bars),,,,,,Hardwicke,,GB,GL2 2RN
Freeworld Foods,,,,,,Spalding,,GB,PE11 2TA
FreiLacke,,,,,,Birmingham,,GB,B15 3BH
Freudenberg Performance Materials,,,,,,Littleborough,,GB,OL15 9AH
Freudenberg Sealing Technologies,,,,,,Leicester,,GB,LE1 1QH
Fridge Spares Wholesale,,,,,,Cannock,,GB,WS11 0DJ
BEACON DESIGN & ENGINEERING,,,,,,Cannock,,GB,WS11 0DJ
EQUIPMENT SPARE PARTS,,,,,,Cannock,,GB,WS11 0DJ
Frimpeks,,,,,,Market Harborough,,GB,LE16 7QF
Frontier Therapeutics,,,,,,Tredegar,,GB,NP22 3EL
Fruitful Office,,,,,,Borehamwood,,GB,WD6 1JD
Fuerst Day Lawson,,,,,,London,,GB,E1W 3SS
Fuji Seal Europe,,,,,,Gillingham,,GB,ME8 0RJ
Fujichem Sonneborn,,,,,,Ilford,,GB,IG6 3XH
Fujifilm Electronic Materials,,,,,,Bedford,,GB,MK42 0ZE
Fujifilm Europe B.V,,,,,,Tilburg,,GB,5047 TK
Fujifilm Speciality Ink Systems,,,,,,Broadstairs,,GB,CT10 2LE
Fuller Smith & Turner,,,,,,London,,GB,W4 3NN
Furndeco,,,,,,Gloucester,,GB,GL2 2AH
Fusion Group,,,,,,Chesterfield,,GB,S41 9PZ
Future Electronics,,,,,,Egham,,GB,TW20 9AH
Future Garments,,,,,,Warley,,GB,B66 3DL
G - Tuft,,,,,,Dewsbury,,GB,WF12 9QT
G.C. Birchall,,,,,,Burnley,,GB,BB12 7BF
G.I.S. Industrial Supply Co,,,,,,St. Albans,,GB,AL1 1NS
GCB Cocoa UK,,,,,,Sudbury,,GB,CO10 7QR
GE Aviation Systems,,,,,,Cheltenham,,GB,GL52 8SF
GE ENERGY POWER CONVERSION UK,,,,,,Rugby,,GB,CV21 1BD
GE Healthcare,,,,,,Chalfont St. Giles,,GB,HP8 4SP
GE Medical Systems,,,,,,Chalfont St. Giles,,GB,HP8 4SP
GEA Farm Technologies,,,,,,Warminster,,GB,BA12 9HT
GIORGIO'S CONTINENTAL,,,,,,NOTTINGHAM,,GB,NG16 3PX
GLOBAL CHAIR COMPONENTS,,,,,,Southwold,,GB,IP18 6SY
GMA Garnet (Europe) GmbH,,,,,,Hamburg,,GB,20459
GNB Industrial Power,,,,,,Bolton,,GB,BL6 6QQ
GPA Global,,,,,,Royston,,GB,SG8 0SS
GPI Cambridge,,,,,,London,,GB,E14 5HU
GPI Rotherham,,,,,,London,,GB,E14 5HU
GXO Logistics Drinks,,,,,,Northampton,,GB,NN1 5GE
GXO Logistics FST,,,,,,Northampton,,GB,NN1 5GE
GYMAX,,,,,,Ipswich,,GB,IP1 1UR
Gafoor Pure Halal,,,,,,Preston,,GB,PR1 5AJ
Galgorm Catering,,,,,,Ballymena,,GB,BT421JQ
Gardner Aerospace Operations UK,,,,,,Derby,,GB,DE24 8ZF
Gardner Denver,,,,,,Bradford,,GB,BD4 0SG
Garthwest,,,,,,Hull,,GB,HU7 0XA
Gazechim Composites,,,,,,Oxford,,GB,OX11 8XD
Gemcom,,,,,,London,,GB,W1W 5DD
Generation Phoenix,,,,,,Peterborough,,GB,PE7 3HH
Genta Environmental,,,,,,York,,GB,YO26 7QF
Genting Casinos UK,,,,,,Birmingham,,GB,B40 1PU
Geo Specialty Chemicals,,,,,,Southampton,,GB,SO45 3ZG
Geofabrics,,,,,,Leeds,,GB,LS10 1RZ
George Fischer Sales,,,,,,Coventry,,GB,CV2 2ST
George Morris and Sons,,,,,,Norwich,,GB,NR4 6EQ
George Walker Transport,,,,,,Leeds,,GB,LS27 0BN
Gerald McDonald & Company,,,,,,Basildon,,GB,SS14 3GT
Gerald McDonald (Herbs & Spices),,,,,,Basildon,,GB,SS14 3GT
Getinge,,,,,,Derby,,GB,DE21 6YH
Quadralene,,,,,,Derby,,GB,DE21 6YH
Geze UK,,,,,,Lichfield,,GB,WS13 8SX
Gill Aggregates,,,,,,Kent,,GB,DA11 9BB
Giro Food,,,,,,Birmingham,,GB,B9 4EP
Givaudan,,,,,,Ashford,,GB,TN24 0LT
Glanbia Performance Nutrition (UK Sales Division),,,,,,Harrogate,,GB,HG1 5PA
Glatfelter Lydney,,,,,,Norwich,,GB,NR3 1RU
Glazpart,,,,,,Banbury,,GB,OX16 3JU
Glennon Brothers (UK),,,,,,Troon,,GB,KA10 6DN
Glinwell Marketing,,,,,,Milton Keynes,,GB,MK9 1FF
Global Invacom Manufacturing (UK),,,,,,Whitstable,,GB,CT5 3BJ
Global Stone (Colchester),,,,,,Colchester,,GB,CO6 1HX
Glossop Carton and Print,,,,,,Stockport,,GB,SK4 1NU
Gluecom,,,,,,Walsall,,GB,WS9 8TP
Ace Adhesives,,,,,,Walsall,,GB,WS9 8TP
Adhesives Direct,,,,,,Walsall,,GB,WS9 8TP
Aztec Adhesives,,,,,,Hyde,,GB,SK14 4QN
Enterprise Adhesives & Chemicals,,,,,,Basildon,,GB,SS15 6SD
Pafra Adhesives,,,,,,Basildon,,GB,SS14 3BU
Go Inspire Group,,,,,,Leicester,,GB,LE3 1UQ
Eclipse Colour Print,,,,,,Leicester,,GB,LE3 1UQ
GI Solutions Group,,,,,,Leicester,,GB,LE3 1UQ
Golf Holdings,,,,,,Belfast,,GB,BT3 9BU
James E. McCabe,,,,,,Craigavon,,GB,BT63 5WF
Philip Russell,,,,,,Belfast,,GB,BT6 9PR
Property Management Services (N.I.),,,,,,Craigavon,,GB,BT63 5WF
Regency Hotel (Northern Ireland),,,,,,Belfast,,GB,BT3 9BU
Wine Inns,,,,,,Belfast,,GB,BT3 9BU
Winemark the Wine Merchants,,,,,,Belfast,,GB,BT3 9BU
Good Food Wines,,,,,,Worksop,,GB,S81 7QF
Gordian Strapping,,,,,,Basingstoke,,GB,RG21 6XX
Gould International UK,,,,,,Leatherhead,,GB,KT22 7SL
Grant Engineering (UK),,,,,,Swindon,,GB,SN5 8YG
Grapes Direct,,,,,,Maidstone,,GB,ME18 6ET
Graphic Image Films,,,,,,Banbury,,GB,OX16 3TB
Graphic Packaging International Foodservice Europe,,,,,,London,,GB,E14 5HU
Gratnells,,,,,,Cambridge,,GB,CB23 8AG
Green Gourmet,,,,,,Stroud,,GB,GL6 6NU
Green Rock Group,,,,,,Wrexham,,GB,LL13 8UG
Greencroft Bottling Company,,,,,,Annfield Plain,,GB,DH9 7XP
Greenfields Ireland,,,,,,Belfast,,GB,BT3 9JP
Gregal (UK),,,,,,Spalding,,GB,PE11 3SW
Greif Delta Plastics,,,,,,Ellesmere Port,,GB,CH65 4EZ
Greif,,,,,,South Wirral,,GB,CH65 4EZ
Greif UK Plastics,,,,,,Crewe,,GB,CW1 6YA
Greiner Bio-One,,,,,,Stonehouse,,GB,GL10 3XG
Greiner Packaging,,,,,,Dungannon,,GB,BT71 6LN
Gretsch-Unitas,,,,,,Coventry,,GB,CV5 6UR
Greyland,,,,,,Dukinfield,,GB,SK16 4PP
Griffith Foods,,,,,,Alfreton,,GB,DE55 4NN
Griffith Foods Wincanton,,,,,,Alfreton,,GB,DE55 4NN
Gripple,,,,,,Sheffield,,GB,S4 7UQ
Grolman,,,,,,Portskewett,,GB,NP26 5PY
Grupo Antolin Leamington,,,,,,Leamington Spa,,GB,CV34 6RH
Guala Closures U.K,,,,,,Glasgow,,GB,G69 8GQ
Guala Closures UCP,,,,,,Glasgow,,GB,G69 8GQ
Guardian Glass,,,,,,Goole,,GB,DN14 8GA
Guardian Industries U.K,,,,,,Goole,,GB,DN14 8GA
Guenther Bakeries UK,,,,,,Heywood,,GB,OL10 2TN
H & K Distribution,,,,,,Rugby,,GB,CV21 1QN
H H ASSOCIATES,,,,,,London,,GB,EC2N 4AY
H N Nuttall,,,,,,Hyde,,GB,SK14 4LF
H&R Chempharm (UK),,,,,,Tipton,,GB,DY4 8EH
H. BUTTERFIELD,,,,,,Beds,,GB,LU4 8QF
H.B. FOOD SERVICES,,,,,,DEWSBURY,,GB,WF13 2NA
H.G. Stephenson,,,,,,Stockport,,GB,SK2 6EQ
H.GEDDES & SONS,,,,,,Walsall,,GB,WS9 0DH
H.J. Heinz Manufacturing UK,,,,,,London,,GB,SE1 9SG
H.J. Langdon & Co (UK),,,,,,London,,GB,SE1 0BE
H.M.G Powder Coatings,,,,,,BELFAST,,GB,BT6 9HU
HABASIT (UK),,,,,,Elland,,GB,HX5 9AF
HALLITE SEALS INTERNATIONAL,,,,,,Staffordshire,,GB,ST4 4EY
HAMPTON STEEL,,,,,,Wellingborough,,GB,NN8 4NL
HARKE UK MANAGEMENT,,,,,,Manchester,,GB,M41 9JQ
HARROW BUSINESS SERVICES,,,,,,Colchester,,GB,CO4 9BP
HAWORTH SCOURING COMPANY,,,,,,West Yorkshire,,GB,BD3 9SX
HAWORTH COMBING COMPANY,,,,,,Bradford,,GB,BD3 9SX
HB RTS UK,,,,,,Droitwich,,GB,WR9 0NR
HC Innovations,,,,,,Perth,,GB,PH1 3TS
HERBERT WALKERS,,,,,,Shipley,,GB,BD17 7AR
HEXCEL COMPOSITES,,,,,,Cambridge,,GB,CB22 4QB
HEXCEL REINFORCEMENTS UK,,,,,,Duxford,,GB,CB22 4QB
HI-LEX Act Wales,,,,,,Ammanford,,GB,SA18 3BL
HILL-ROM,,,,,,Thetford,,GB,IP24 3SE
WELCH ALLYN (U.K.),,,,,,Thetford,,GB,IP24 3SE
HILLCROFT SURGERY SUPPLIES,,,,,,YEOVIL,,GB,BA22 8RT
HITACHI HIGH-TECH EUROPE GMBH,,,,,,Daresbury,,GB,WA4 4AB
HJE,,,,,,Matlock,,GB,DE4 2LP
HMY UK Innovation in Retail,,,,,,Newcastle Upon Tyne,,GB,NE16 6EA
HOLROSE,,,,,,Ashton Road Golborne Warrington,,GB,WA3 3UL
HOUGHTON,,,,,,Manchester,,GB,M17 1AF
HPC,,,,,,Burgess Hill,,GB,RH15 9RQ
HPREF II UK HOTEL MANAGEMENT,,,,,,London,,GB,SW1W 0EB
HUBBELL,,,,,,London,,GB,EC4N 6AF
HUNTERS & FRANKAU,,,,,,London,,GB,SW6 3DU
HYGIENE DISPOSABLES GROUP,,,,,,EXETER,,GB,EX2 8TS
Hach Lange,,,,,,Manchester,,GB,M50 3XW
Hadley Industries Holdings,,,,,,Smethwick,,GB,B66 2PA
Hall & Pickles 1812,,,,,,Poynton Stockport,,GB,SK12 1NB
Hall & Roberts (Holdings),,,,,,Widnes,,GB,WA8 0QN
Hall & Roberts (Provisions),,,,,,Widnes,,GB,WA8 0QN
Heathfield Provisions,,,,,,Widnes,,GB,WA8 8RA
Halliburton Manufacturing and Services,,,,,,London,,GB,W4 5RP
Haltermann Carless UK,,,,,,Leatherhead,,GB,KT22 9RX
Hambleside Danelaw,,,,,,Daventry,,GB,NN11 4NR
Hammond Chemicals,,,,,,Brierley Hill,,GB,DY5 1JR
Hammond Produce,,,,,,Nottingham,,GB,NG5 8PB
Hammonds Furniture,,,,,,Hinckley,,GB,LE10 3QQ
Handmade Speciality Products,,,,,,Ingatestone,,GB,CM4 9DW
Hanmere Polythene,,,,,,Letchworth,,GB,SG6 1HD
Hanson Plywood,,,,,,Halifax,,GB,HX3 6RL
Harada Industries (Europe),,,,,,Birmingham,,GB,B32 3BZ
Harlech Foodservice,,,,,,Criccieth,,GB,LL52 0LJ
Harlequinn,,,,,,Pontyclun,,GB,CF72 9EW
Harleys Corrugated Cases,,,,,,Leicester,,GB,LE4 8JF
Harp International,,,,,,Pontypridd,,GB,CF37 5SX
Harper's Home Mix,,,,,,Holsworthy,,GB,EX22 6ER
Hastings Hotels Management,,,,,,Belfast,,GB,BT4 3LP
Hayley Group,,,,,,Halesowen,,GB,B63 3XL
Advanced Maintenance Supplies,,,,,,Halesowen,,GB,B63 3XL
Bearing Man,,,,,,Halesowen,,GB,B63 3XL
Hayley-DIRS,,,,,,Halesowen,,GB,B63 3XL
Mercury Bearings,,,,,,Halesowen,,GB,B63 3XL
Haynes International,,,,,,Manchester,,GB,M11 2ER
Healthcare 21,,,,,,Basingstoke,,GB,RG24 8PZ
Healy Chemicals,,,,,,Bardon Hill,,GB,LE67 1HH
Heataction,,,,,,Manchester,,GB,M18 8DB
Heatons (NI),,,,,,Belfast,,GB,BT1 4NX
Heavy Duty Parts,,,,,,Retford,,GB,DN22 7PX
Heidelberg Graphic Equipment,,,,,,Uxbridge,,GB,UB11 1EZ
Helical Technology,,,,,,Lytham,,GB,FY8 5AQ
Helm Great Britain,,,,,,London,,GB,WC2B 5AH
Hempel UK,,,,,,Cwmbran,,GB,NP44 3FD
Hen House (Wholesale),,,,,,Preston,,GB,PR1 7XN
The Fresh Chicken Company,,,,,,Preston,,GB,PR1 7XN
Henley Bridge Ingredients,,,,,,Leeds,,GB,LS10 2JH
Henllan Bread (UK),,,,,,Denbigh,,GB,LL16 5TA
Henry Alty,,,,,,Preston,,GB,PR4 5JT
Henry Colbeck,,,,,,Gateshead,,GB,NE11 0HG
Heraeus Electro-Nite,,,,,,Chesterfield,,GB,S41 9ED
Hereford Contract Canning (HCC),,,,,,Hereford,,GB,HR1 1JT
Hermes Abrasives,,,,,,Colchester,,GB,CO4 9LW
Hexadex,,,,,,Gainsborough,,GB,DN21 2BE
CWM Automation,,,,,,Gainsborough,,GB,DN21 2BE
Eminox,,,,,,Gainsborough,,GB,DN21 2BE
Teconnex,,,,,,Gainsborough,,GB,DN21 2BE
Hexpol TPE,,,,,,Manchester,,GB,M24 2GG
Hi-Tech Mouldings,,,,,,Waterlooville,,GB,PO7 7XY
Highbury Poultry Farm Produce,,,,,,Oswestry,,GB,SY10 8BH
Highland Retail,,,,,,Dundee,,GB,DD2 3TN
Highly Marelli UK,,,,,,Washington,,GB,NE37 3HR
Hikvision UK,,,,,,London,,GB,UB11 1ET
Hillebrand Bulk Logistics,,,,,,Southampton,,GB,SO30 2AF
Hills Numberplates,,,,,,Birmingham,,GB,B6 7JJ
Hinton Perry & Davenhill,,,,,,Brierley Hill,,GB,DY5 4TH
Ketley Brick Company,,,,,,Brierley Hill,,GB,DY5 4TH
Hitachi Energy,,,,,,Birmingham,,GB,B1 1TT
Hitachi Rail,,,,,,London,,GB,EC4M 7AW
Hitachi Rail GTS UK,,,,,,London,,GB,E1W 1YW
Hochiki Europe (U.K.),,,,,,London,,GB,WC2B 5AH
Hodge Clemco,,,,,,Sheffield,,GB,S13 9NR
Holchem Laboratories,,,,,,Bury,,GB,BL9 8RD
Holmen Board and Paper,,,,,,Workington,,GB,CA14 1JX
Holophane Europe,,,,,,Milton Keynes,,GB,MK1 1JG
Honeywell Analytics,,,,,,Bracknell,,GB,RG12 1EB
Honeywell Productivity Solutions,,,,,,Bracknell,,GB,RG12 1EB
Honeywell UK,,,,,,Bracknell,,GB,RG12 1EB
Horsleys International,,,,,,Wimborne,,GB,BH21 1BW
Hoshizaki Europe,,,,,,Telford,,GB,TF3 3BQ
Hovat,,,,,,Larkfield,,GB,ME20 6XJ
Howco Group,,,,,,Glasgow,,GB,G3 7UL
Howmet Fastening Systems,,,,,,Telford,,GB,TF3 3BQ
Howmet,,,,,,Exeter,,GB,EX2 7LG
Hub Packaging,,,,,,Newry,,GB,BT34 5AL
Huber + Suhner (UK),,,,,,Bicester,,GB,OX26 4LA
Hubron (International),,,,,,Liverpool,,GB,L8 7BA
Huhtamaki India,,,,,,Thane,,GB,400 607
Huntapac Produce,,,,,,Preston,,GB,PR4 6JJ
Huntsman (Holdings) UK,,,,,,Cambridge,,GB,CB22 4XQ
Huntsman Corporation UK,,,,,,Llanelli,,GB,SA14 9TE
Huntsman IFS Polyurethanes,,,,,,Wilton,,GB,TS10 4RG
Huntsman Polyurethanes,,,,,,Cambridge,,GB,CB22 4XQ
Husco International Partners,,,,,,Runcorn,,GB,WA7 3DT
Hydac Technology,,,,,,Beaconsfield,,GB,HP9 1QL
Hydes' Brewery,,,,,,Salford,,GB,M50 2GL
Hydraforce Hydraulics,,,,,,Birmingham,,GB,B6 7FE
Hydro Aluminium Deeside,,,,,,Wrexham,,GB,LL13 9PS
Hydro Aluminium,,,,,,Alfreton,,GB,DE55 5NH
Hydro Building Systems,,,,,,Tewkesbury,,GB,GL20 8SF
Hydropac,,,,,,London,,GB,W1H 7JT
Hyster-Yale UK,,,,,,Frimley,,GB,GU16 7SG
Hyve Solutions Europe,,,,,,Basingstoke,,GB,RG24 8YB
I.G. Doors,,,,,,Blackwood,,GB,NP12 4AE
I.M. PARTS AND SERVICE,,,,,,Solihull,,GB,B90 4WA
IBIS Packaging Solutions,,,,,,Thatcham,,GB,RG19 4NB
ICEFRESH FOODS,,,,,,Norwich,,GB,NR11 6RR
IFCO Systems,,,,,,Princes Risborough,,GB,HP27 9LE
IFG Drake,,,,,,Huddersfield,,GB,HD7 4JG
IHSS,,,,,,London,,GB,NW10 7NZ
IMCD,,,,,,Sutton,,GB,SM1 4AF
O&3,,,,,,Sutton,,GB,SM1 4AF
IMI Precision Engineering,,,,,,Birmingham,,GB,B37 7XZ
IMK Automotive,,,,,,Kettering,,GB,NN14 1UD
I M Kelly R & A,,,,,,Kettering,,GB,NN14 1UD
IMPERIAL POLYTHENE PRODUCTS,,,,,,Slough,,GB,SL30ED
INDUSTRIAL CLEANING EQUIPMENT (SOUTHAMPTON),,,,,,Southampton,,GB,SO40 9AH
INEOS Grangemouth,,,,,,Lyndhurst,,GB,SO43 7FG
Ineos Commercial Services UK,,,,,,Lyndhurst,,GB,SO43 7FG
INGRAM BROTHERS,,,,,,Paisley,,GB,PA1 1QA
INGRAM CONTENT GROUP UK,,,,,,London,,GB,EC4A 3TW
INGREDION UK,,,,,,Manchester,,GB,M22 5LW
INKTECH,,,,,,Lancashire,,GB,OL16 5NU
INNOVIA FILMS,,,,,,Wigton,,GB,CA7 9XX
INTERKET,,,,,,Adlington,,GB,SK10 4ZN
INTERNATIONAL PLASTIC SYSTEMS,,,,,,County Durham,,GB,SR7 0PT
INTERNATIONAL PLYWOOD (IMPORTERS),,,,,,Stonehouse,,GB,GL10 3WT
INTERNORM WINDOWS UK,,,,,,Ascot,,GB,SL5 9QJ
INTERSURGICAL,,,,,,Wokingham Berkshire,,GB,RG41 2RZ
INX International UK,,,,,,Heywood,,GB,OL10 2TW
IPP Logipal,,,,,,Coventry,,GB,CV5 9RG
IS-Rayfast,,,,,,London,,GB,EC1M 6EE
ITAB,,,,,,Hemel Hempstead,,GB,HP2 7EA
ITAC,,,,,,Castleford,,GB,WF10 5HW
ITP Aero,,,,,,Hucknall,,GB,NG15 6YG
Ian Smith Group,,,,,,West Bromwich,,GB,B70 0DJ
Idemia,,,,,,Tewkesbury,,GB,GL20 8GA
Idexx Laboratories,,,,,,Wetherby,,GB,LS22 7DN
Illumina Cambridge,,,,,,Cambridge,,GB,CB21 6DF
Image Data Group,,,,,,Willerby,,GB,HU10 6EB
Imerys Aluminates,,,,,,Purfleet,,GB,RM19 1NZ
Imerys Minerals,,,,,,Par,,GB,PL24 2SQ
Impact Retail,,,,,,Leicester,,GB,LE19 1WY
Imperial Office Furniture,,,,,,Bury,,GB,BL9 0DN
Incorez,,,,,,Preston,,GB,PR1 1EA
Indasa Abrasives,,,,,,Colchester,,GB,CO1 2ST
Independent Fertilisers,,,,,,Belfast,,GB,BT15 3GW
Independent Glass Company,,,,,,Glasgow,,GB,G73 1LD
IGHW,,,,,,Mansfield,,GB,NG19 7JZ
Strathclyde Insulating Glass,,,,,,Hamilton,,GB,ML3 9SY
Indica Industries UK,,,,,,Wellington,,GB,TA21 8FQ
Indica Automotive,,,,,,Wellington,,GB,TA21 8FQ
Pritex,,,,,,Wellington,,GB,TA21 8FQ
Industrial Chemicals,,,,,,Brentwood,,GB,CM13 3BE
Industrial Pallet and Transport Services,,,,,,Harworth,,GB,DN11 8SP
Ineos Compounds Aycliffe,,,,,,Newton Aycliffe,,GB,DL5 6EA
Ineos European Holdings,,,,,,Lyndhurst,,GB,SO43 7FG
Ineos Sales (UK),,,,,,Lyndhurst,,GB,SO43 7FG
Ingenico,,,,,,Leeds,,GB,LS1 5AB
Ingram Micro (UK),,,,,,Milton Keynes,,GB,MK9 2EA
Innerglass,,,,,,Peterlee,,GB,SR8 2JH
Innovative Technology,,,,,,Oldham,,GB,OL1 4EQ
Insight Direct,,,,,,Sheffield,,GB,S1 2JF
Insta (International),,,,,,Wokingham,,GB,RG40 4PZ
Enviroform Solutions,,,,,,Newry,,GB,BT34 3PN
Insta Coustic,,,,,,Wokingham,,GB,RG40 4PZ
Instagroup,,,,,,Wokingham,,GB,RG40 4PZ
Integrated Doorset Solutions,,,,,,Rugby,,GB,CV23 0UZ
Integrated Service Solutions,,,,,,Sittingbourne,,GB,ME9 9PR
Intelliconnect (Europe),,,,,,Corby,,GB,NN17 1NN
Interface Europe,,,,,,BIRMINGHAM,,GB,B4 6AT
Interflex Scotland,,,,,,Dalkeith,,GB,EH22 4AE
International Flavours & Fragrances I.F.F.(Great Britain),,,,,,Haverhill,,GB,CB9 8LG
Invacare UK Operations,,,,,,Bridgend,,GB,CF35 5AQ
Invacare,,,,,,Bridgend,,GB,CF35 5AQ
Invertek Drives,,,,,,Welshpool,,GB,SY21 8JF
Invista Textiles (U.K.),,,,,,London,,GB,EC2V 7AF
Involvement,,,,,,Banbury,,GB,OX16 9SA
Iracroft,,,,,,Blandford Forum,,GB,DT11 7TE
Ironsides Lubricants Ltd(The),,,,,,Stockport,,GB,SK3 0DS
Isaac Wholesale,,,,,,Peterborough,,GB,PE3 7PH
Ishida Europe,,,,,,Birmingham,,GB,B32 3DB
Isoclad,,,,,,North Shields,,GB,NE29 8SD
Isopartner UK Fabrication,,,,,,Manchester,,GB,M17 1SB
Isothane,,,,,,Accrington,,GB,BB5 6NT
Italmatch Chemicals GB,,,,,,Manchester,,GB,M17 1SX
Itochu Europe,,,,,,London,,GB,EC2A 2EW
Ivor Rose,,,,,,Colchester,,GB,CO4 9QT
Allan & Bertram,,,,,,London,,GB,EC2Y 5EA
Novercal,,,,,,Bristol,,GB,BS30 8XT
Rose of Colchester,,,,,,Colchester,,GB,CO4 9QT
J & E Hall,,,,,,Dartford,,GB,DA1 1PU
J & J Ormerod,,,,,,Bacap,,GB,OL13 0EA
J N Fox and Sons UK,,,,,,Datchet,,GB,SL3 9JT
J R Holland Produce Ltd Liability Partnership,,,,,,Gateshead,,GB,NE11 0RF
J R Industries,,,,,,Caerphilly,,GB,CF83 3HU
J T ATKINSON & SONS,,,,,,Middlesbrough,,GB,TS3 8DE
J. AND A. YOUNG (LEICESTER),,,,,,Corby,,GB,NN18 9EY
J. Medler,,,,,,Norwich,,GB,NR10 4DT
J. R. Holland (Food Services),,,,,,Gateshead,,GB,NE11 0PZ
J.C. DUDLEY & CO,,,,,,Chesham,,GB,HP5 1DG
J.C.B. SERVICE,,,,,,Uttoxeter Staffs,,GB,ST14 5JP
J.C. BAMFORD EXCAVATORS,,,,,,Uttoxeter,,GB,ST14 5JP
J.C.B. EARTHMOVERS,,,,,,Staffordshire,,GB,ST14 5JP
JCB CAB SYSTEMS,,,,,,Staffordshire,,GB,ST14 5JP
JCB COMPACT PRODUCTS,,,,,,Cheadle,,GB,ST10 2JU
JCB Heavy Products,,,,,,Staffordshire,,GB,ST14 5JP
JCB LANDPOWER,,,,,,Staffordshire,,GB,ST14 5JP
JCB POWER PRODUCTS,,,,,,Uttoxeter,,GB,ST14 5JP
JCB POWER SYSTEMS,,,,,,Uttoxeter,,GB,ST14 5JP
JCB Transmissions,,,,,,Staffordshire,,GB,ST14 5JP
J.E. & V.M. Dalton,,,,,,Peterborough,,GB,PE6 7UD
J.E.Hartley,,,,,,York,,GB,YO19 6DJ
J.F.B. Cores,,,,,,Runcorn,,GB,WA7 3DU
J.L. Priestley & Co,,,,,,Sleaford,,GB,NG34 8GL
J.T. PRODUCE,,,,,,London,,GB,E10 5SQ
JAMES DAWSON & SON,,,,,,Staffordshire,,GB,ST4 4EY
JAMES DEWHURST,,,,,,Accrington,,GB,BB5 5YA
JAMES DURRANS & SONS,,,,,,Sheffield,,GB,S36 9QU
CARBON INTERNATIONAL,,,,,,Sheffield,,GB,S36 9QU
JAMES HARGREAVES(PLUMBERS'MERCHANTS)LIMITED,,,,,,Burnley,,GB,BB11 3JT
JANUS INTERNATIONAL EUROPE,,,,,,Twickenham,,GB,TW2 5AG
JCC Lighting Products,,,,,,Chichester,,GB,PO20 2FT
JCCO Healthcare,,,,,,Skelmersdale,,GB,WN8 9QX
Innox Trading,,,,,,Skelmersdale,,GB,WN8 9QX
My Health Digital,,,,,,Craigavon,,GB,BT65 5HU
My Health Online,,,,,,Skelmersdale,,GB,WN8 9QX
JEMMTEC,,,,,,Dewsbury,,GB,WF12 8BU
MAGMA CERAMICS,,,,,,Dewsbury,,GB,WF12 8BU
MAGMA COMBUSTION ENGINEERING,,,,,,Dewsbury,,GB,WF12 8BU
JIFFY PACKAGING COMPANY,,,,,,Winsford,,GB,CW7 3QR
JLA,,,,,,Halifax,,GB,HX6 4AJ
JOHN A. STEPHENS,,,,,,Nottingham,,GB,NG2 1AG
JOHN HOGG TECHNICAL SOLUTIONS,,,,,,Trafford Park,,GB,M17 1PB
JOHN WILEY & SONS,,,,,,Bognor Regis,,GB,PO22 9NQ
JOINERY AND TIMBER CREATIONS (65),,,,,,Dundee,,GB,DD2 3SN
JSM Group Services,,,,,,Potters Bar,,GB,EN6 3AR
JUICEWORKS,,,,,,Manchester,,GB,M22 4RX
JUST 1 SOURCE AND SUPPLY,,,,,,York,,GB,YO60 7JX
JV Foods,,,,,,Reading,,GB,RG7 4PF
JXP REALISATIONS,,,,,,London,,GB,EC1M 4JN
Jack Brand,,,,,,London,,GB,W1W 8BD
Jacobi Carbons,,,,,,Leigh,,GB,WN7 3PT
James A. Jobling and Company,,,,,,Newcastle upon Tyne,,GB,NE15 6BZ
James Boylan Safety (NI),,,,,,Omagh,,GB,BT79 0AG
Romar Innovate,,,,,,Cleator Moor,,GB,CA25 5QB
James F. Kidd & Son,,,,,,Edinburgh,,GB,EH9 3DP
James Jones & Sons,,,,,,Larbert,,GB,FK5 4NQ
James M.Brown,,,,,,Stoke-On-Trent,,GB,ST4 4NX
James P Sim & Co,,,,,,Glasgow,,GB,G46 8NL
James Walker (Leith),,,,,,Livingston,,GB,EH54 7AW
Walker Timber Engineering,,,,,,Livingston,,GB,EH54 7AW
Woodbridge Timber,,,,,,Livingston,,GB,EH54 7AW
Jangro,,,,,,Lostock,,GB,BL6 4SD
Jasun Envirocare,,,,,,Bridgwater,,GB,TA6 5LB
Jaylow Supplies,,,,,,London,,GB,NW11 7RJ
Jfc Plastics,,,,,,Startford Upon Avon,,GB,CV37 7NB
Jigsaw Foods,,,,,,West Yorkshire,,GB,WF5 9AX
Jodal,,,,,,Haverhill,,GB,CB9 7XU
John Deere,,,,,,Edinburgh,,GB,EH3 8RY
John Gordon & Son,,,,,,Nairn,,GB,IV12 5LY
John Harrison (Stockton),,,,,,Thornaby,,GB,TS17 9NT
John Hellyar And Company,,,,,,Whitstable,,GB,CT5 2RX
John Menzies,,,,,,Edinburgh Park,,GB,EH12 9DT
John Palin Fresh Produce,,,,,,Matlock,,GB,DE4 5ND
John Roberts Holdings,,,,,,Settle,,GB,BD24 9LX
Johnson Controls Building Efficiency,,,,,,Waterlooville,,GB,PO7 7YH
H & C Contracts,,,,,,Waterlooville,,GB,PO7 7YH
Sabroe,,,,,,Waterlooville,,GB,PO7 7YH
Johnson Health Tech UK,,,,,,Stoke-On-Trent,,GB,ST4 2LW
Johnson Matthey,,,,,,Royston,,GB,SG8 5HE
Johnsons Textile Services,,,,,,Preston Brook,,GB,WA7 3GH
Jonesco (Preston),,,,,,Preston,,GB,PR2 9ZD
Junckers,,,,,,Milton Keynes,,GB,MK12 5NW
Just Paper Tubes,,,,,,Selby,,GB,YO8 6EF
K J Flanagan & Co,,,,,,Saintfield,,GB,BT24 7EP
K PACKAGING,,,,,,ROTHERHAM,,GB,S62 6EG
K.R.M. BUILDING SUPPLIES,,,,,,Derbyshire,,GB,DE7 5BN
KAEMINGK B.V,,,,,,AALTEN,,GB,7122MN
KANDYTOYS,,,,,,EXETER,,GB,EX5 1DR
KARL STORZ Endoscopy (UK),,,,,,Dundee,,GB,DD2 1UB
KDC/One Swallowfield,,,,,,Wellington,,GB,TA21 8NL
KDM INTERNATIONAL,,,,,,Ipswich,,GB,IP3 9SJ
KDR Resin Systems,,,,,,Brierley Hill,,GB,DY5 3AW
KELMORE,,,,,,CHORLEY,,GB,PR7 6RA
KEP Print Group,,,,,,Tamworth,,GB,B77 5AE
KILLER INK,,,,,,Liverpool,,GB,L24 9PB
KIRWIN BROTHERS,,,,,,Grimsby,,GB,DN31 3SY
KLINGER,,,,,,Euroway Trading Estate Bradford,,GB,BD4 6SG
KME Service Centre UK,,,,,,Smethwick,,GB,B66 2NN
KMF Group,,,,,,Newcastle under Lyme,,GB,ST5 7FU
KNORR-BREMSE SYSTEMS FOR COMMERCIAL VEHICLES,,,,,,Bristol,,GB,BS16 7FE
KONE PUBLIC LIMITED COMPANY,,,,,,Woking,,GB,GU21 5BJ
KONE (NI),,,,,,Bt3 9le,,GB,BT3 9LE
KOOKABURRA,,,,,,Co Durham,,GB,SR8 5AE
KOSNIC LIGHTING,,,,,,Newbury,,GB,RG14 5PX
KSG (2011),,,,,,Manchester,,GB,M1 4PB
A2M Safety,,,,,,Cradley Heath,,GB,B64 7DW
APS Safety Systems,,,,,,Glasgow,,GB,G51 2JR
Barton Industrial Services,,,,,,Belfast,,GB,BT3 9LE
Fisher Alvin,,,,,,Cradley Heath,,GB,B64 7DW
Harcon Services,,,,,,Cradley Heath,,GB,B64 7DW
Heightsafe Systems,,,,,,Cradley Heath,,GB,B64 7DW
Highwire,,,,,,Cradley Heath,,GB,B64 7DW
Kee Safety Logistics,,,,,,Cradley Heath,,GB,B64 7DW
Kee Systems,,,,,,Cradley Heath,,GB,B64 7DW
Mantech (Safety Systems),,,,,,Cradley Heath,,GB,B64 7DW
Oxford Safety Components,,,,,,Cradley Heath,,GB,B64 7DW
Planet Platforms,,,,,,Cradley Heath,,GB,B64 7DW
Portaramp (UK),,,,,,Cradley Heath,,GB,B64 7DW
Safesite,,,,,,Cradley Heath,,GB,B64 7DW
Safety Engineering Products,,,,,,Cradley Heath,,GB,B64 7DW
Simplified Safety,,,,,,Cradley Heath,,GB,B64 7DW
Skyway Safe Access Equipment (NI),,,,,,Belfast,,GB,BT2 8GD
Steadfast (Anglia),,,,,,Cradley Heath,,GB,B64 7DW
Kab Seating,,,,,,Northampton,,GB,NN3 8RS
Kaba,,,,,,Tiverton,,GB,EX16 6SS
Kahrs (UK),,,,,,Bognor Regis,,GB,PO21 1EU
Kaifa Technology,,,,,,London,,GB,WC2R 0LR
Kaiser + Kraft,,,,,,Gloucester,,GB,GL2 5DH
Kalsi Plastics,,,,,,Birmingham,,GB,B11 2NJ
Kasai,,,,,,Washington,,GB,NE37 3HR
Kawasaki Precision Machinery (UK),,,,,,Plymouth,,GB,PL5 2SA
Kay Premium Marking Films,,,,,,London,,GB,EC3M 5JG
Keelings International,,,,,,Kettering,,GB,NN9 5NQ
Keen Meadows Foods,,,,,,Ashford,,GB,TN24 8DH
Kellogg Company of Great Britain,,,,,,Manchester,,GB,M50 2HF
Kelvion,,,,,,Fareham,,GB,PO15 5TT
Kemira Chemicals,,,,,,Bradford,,GB,BD4 7TT
Kemper System,,,,,,Warrington,,GB,WA1 4RW
Ken Wilkins Print,,,,,,Nottingham,,GB,NG4 2JQ
Kennedy Hygiene Products,,,,,,Uckfield,,GB,TN22 1YA
Kennedysmith (Press),,,,,,Irvine,,GB,KA11 5DD
Kenross Containers,,,,,,Rossendale,,GB,BB4 8QW
Kent Foods,,,,,,Paisley,,GB,PA3 2RB
Kepak Convenience Foods,,,,,,Kirkham,,GB,PR4 2DZ
Kernow Coatings,,,,,,Penryn,,GB,TR10 9DQ
Kevin Nash Group,,,,,,Burnham,,GB,CM0 8TE
Key Promotions (UK),,,,,,Rochester,,GB,ME2 4EZ
KeyMed (Medical & Industrial Equipment),,,,,,Southend-on-Sea,,GB,SS2 5QH
Algram Group,,,,,,Plymouth,,GB,PL7 5ET
Keystone Lintels,,,,,,Cookstown,,GB,BT80 9DG
Kier Integrated Services,,,,,,Salford,,GB,M50 3XP
Kilco (International),,,,,,Newtownabbey,,GB,BT36 4TY
Kingspan Group,,,,,,Holywell,,GB,CH8 7GJ
Kingspan,,,,,,Holywell,,GB,CH8 7GJ
Kingspan Insulation,,,,,,,,GB,HR6 9LA
Kingspan Timber Solutions,,,,,,Sandy,,GB,SG19 3AR
Kingspan Water & Energy,,,,,,Portadown,,GB,BT63 5LE
Tate Global Solutions,,,,,,Hull,,GB,HU9 5SG
Kingston Carton Company Limited(The),,,,,,Hull,,GB,HU2 0PS
Kinshofer UK,,,,,,Cheltenham,,GB,GL54 4DX
Kitchenmaster (N.I.),,,,,,Carryduff,,GB,BT8 8AN
Klasmann-Deilmann Ireland,,,,,,Mullingar,,GB,N91 WK64
Kleiberit SE & Co KG,,,,,,Coalville,,GB,LE67 3HF
Klockner Pentaplast,,,,,,Crumlin,,GB,NP11 3EH
Kluman and Balter,,,,,,Leeds,,GB,LS16 6QY
Knorr-Bremse Rail Systems,,,,,,Melksham,,GB,SN12 6TL
Kodak,,,,,,Watford,,GB,WD18 8PX
Kolorcraft Holdings,,,,,,Ossett,,GB,WF5 9JE
K Displays,,,,,,Ossett,,GB,WF5 9JE
Konecranes Demag UK,,,,,,Ashby De La Zouch,,GB,LE65 1NF
Konica Minolta Business Solutions,,,,,,Basildon,,GB,SS14 3AR
Koppers Performance Chemicals UK,,,,,,Darlington,,GB,DL1 4QA
Krempel UK,,,,,,Preston,,GB,PR3 3BS
Kronos,,,,,,London,,GB,EC4N 6AF
Kubota (U.K.),,,,,,Thame,,GB,OX9 3UN
Kudos Blends,,,,,,Kidderminster,,GB,DY14 8SY
Kuehne + Nagel,,,,,,Feltham,,GB,TW14 0PH
L. & S. Middleton,,,,,,Willenhall,,GB,WV13 3LH
L.F.I. (U.K.),,,,,,Kidderminster,,GB,DY10 4EU
LAMINAR MEDICA,,,,,,London,,GB,WC1N 3AX
LANDG LONDON,,,,,,London,,GB,E14 9DG
LANDIS + GYR,,,,,,Manchester,,GB,M22 5XB
LEAR CORPORATION (UK),,,,,,London,,GB,EC2R 7HJ
LECTA PAPER UK,,,,,,MILTON KEYNES,,GB,MK5 6LB
LEGGETT & PLATT COMPONENTS EUROPE,,,,,,London,,GB,WC1V 6BX
LEHVOSS UK,,,,,,Macclesfield,,GB,SK10 1BX
LESJOFORS SPRINGS (UK),,,,,,Huddersfield,,GB,HD3 3TD
LEVERTONHELM,,,,,,Basingstoke,,GB,RG22 4DQ
LFF Holdings,,,,,,London,,GB,W1T 7NF
LFF (Scotland),,,,,,London,,GB,W1T 7NF
LFF Glamal,,,,,,London,,GB,W1T 7NF
LFF Glamal Holdings,,,,,,London,,GB,W1T 7NF
LIBRA SEAFOOD PROCESSING,,,,,,Jarrow,,GB,NE32 3DP
LINAK UK,,,,,,Smethwick,,GB,B66 1RJ
LKAB Minerals,,,,,,Derby,,GB,DE21 7BE
LMA Services,,,,,,Pocklington,,GB,YO42 1NR
LNS TURBO,,,,,,Barnsley,,GB,S73 0BB
LOCHINVAR,,,,,,London,,GB,EC4M 9AF
LOMOND FINE FOODS,,,,,,Glasgow,,GB,G21 1HX
LOWE RENTAL,,,,,,Lisburn,,GB,BT28 2LU
LPR - LA PALETTE ROUGE (GB),,,,,,STUDLEY,,GB,B80 7AS
LUBRIZOL,,,,,,Derby,,GB,DE56 4AN
LUVATA WELWYN GARDEN,,,,,,Welwyn Garden City,,GB,AL7 1HT
Labelneeds,,,,,,Cardiff,,GB,CF5 4AQ
Lactosan-Ovodan UK,,,,,,Braintree,,GB,CM7 2YP
Laleham Health and Beauty,,,,,,Alton,,GB,GU34 2PR
Lamex Foods Europe,,,,,,Broxbourne,,GB,EN10 6NH
Lancashire Board & Paper Co,,,,,,Burnley,,GB,BB10 2AL
Lander Automotive,,,,,,Birmingham,,GB,B32 3ED
Lanxess Chemical,,,,,,Widnes,,GB,WA8 0RF
Lanxess,,,,,,Manchester,,GB,M17 1WT
Lanxess Solutions,,,,,,Manchester,,GB,M17 1WT
Larson-Juhl,,,,,,Bedford,,GB,MK43 9SS
Latchways,,,,,,Yate,,GB,BS37 5QT
Lathams,,,,,,Hemel Hempstead,,GB,HP2 4TZ
Lattice Labels,,,,,,St Neots,,GB,PE19 8YT
Lawrence Industries,,,,,,Tamworth,,GB,B79 7TA
Lawton Tube Company Limited(The),,,,,,Coventry,,GB,CV4 9AB
Lea Boxes,,,,,,Luton,,GB,LU3 3HP
Leading Edge Labels,,,,,,Gravesend,,GB,DA11 0DQ
Lechler Coatings,,,,,,Middlewich,,GB,CW10 0GY
Leeson Polyurethanes,,,,,,Altrincham,,GB,WA14 2DT
Leigh Spinners,,,,,,Leigh,,GB,WN7 2LB
Len Wright Salads,,,,,,Preston,,GB,PR4 6XB
Lenovo Global Technology,,,,,,Farnborough,,GB,GU14 6FE
Lenzing Fibers Grimsby,,,,,,Grimsby,,GB,DN31 2TT
Leo Textiles,,,,,,,,GB,EX32 8RY
Leonard Gould & Company,,,,,,Maidstone,,GB,ME15 9XT
Leonardo,,,,,,London,,GB,SW1Y 6AF
Leoni Wiring Systems,,,,,,Newcastle,,GB,ST5 9BT
Leprino Foods,,,,,,Northwich,,GB,CW9 7UD
Leviat,,,,,,Sheffield,,GB,S4 7UR
Leviton Manufacturing,,,,,,London,,GB,EC4N 6AF
Leyland Trucks,,,,,,Oxford,,GB,OX4 2HN
Lhoist,,,,,,Buxton,,GB,SK17 0EL
Libra Speciality Chemicals,,,,,,Sheffield,,GB,S8 0TB
Libra Systems,,,,,,Telford,,GB,TF7 4QP
Lidget,,,,,,Bradford,,GB,BD7 2NF
Life Fitness (UK),,,,,,Ely,,GB,CB6 3NX
Life Technologies BPD UK,,,,,,Altrincham,,GB,WA14 2DT
Life Technologies,,,,,,Paisley,,GB,PA4 9RF
Lifescan Scotland,,,,,,Inverness,,GB,IV2 3ED
Lignacite,,,,,,Brandon,,GB,IP27 0AX
Limagrain,,,,,,Market Rasen,,GB,LN7 6DT
Lime Green Products,,,,,,Much Wenlock,,GB,TF13 6DG
Lincat Group,,,,,,Lincoln,,GB,LN6 3QZ
Lincat,,,,,,Lincoln,,GB,LN6 3QZ
Lincoln & York,,,,,,Elsham Brigg,,GB,DN20 0SP
Lincoln Electric (U.K.),,,,,,Sheffield,,GB,S26 2BS
Lindab,,,,,,Northampton,,GB,NN3 9HG
Disys Technologies,,,,,,Llanelli,,GB,SA14 6RE
Ductmann,,,,,,Northampton,,GB,NN3 9HG
Lindal Valve Company,,,,,,Leighton Buzzard,,GB,LU7 4UH
Linde Material Handling (UK),,,,,,Basingstoke,,GB,RG21 6XJ
Line Mark,,,,,,Royston,,GB,SG8 5HW
Linecross,,,,,,Oakham,,GB,LE15 8NG
Liniar,,,,,,Denby,,GB,DE5 8JX
Linread,,,,,,Redditch,,GB,B98 7TD
Linx Printing Technologies,,,,,,St Ives,,GB,PE27 5JL
Lionel Hitchen,,,,,,Andover,,GB,SP10 4JX
Liquiform,,,,,,Newcastle upon Tyne,,GB,NE12 9SZ
Liquitherm Technologies Group,,,,,,Swansea,,GB,SA5 4AJ
Litecast,,,,,,Nuneaton,,GB,CV10 0RG
Litho Supplies,,,,,,Ilkeston,,GB,DE7 8EF
Little & Cull,,,,,,Newton Abbot,,GB,TQ12 6RY
Livent Lithium,,,,,,Wirral,,GB,CH62 3NL
Llewellyn Ryland,,,,,,Birmingham,,GB,B12 9DB
Loader Chemicals & Plastics,,,,,,Brentwood,,GB,CM14 4DR
Loadhog,,,,,,Sheffield,,GB,S9 2SU
Logoplaste UK,,,,,,London,,GB,EC2A 4NE
Logtek,,,,,,Birmingham,,GB,B32 1AF
Lohmann Technologies U.K,,,,,,Milton Keynes,,GB,MK9 1NA
London EV Company,,,,,,Coventry,,GB,CV7 9RF
Longfield Chemicals,,,,,,Manchester,,GB,M4 5DL
Lookers Motor Group,,,,,,Stoke-on-Trent,,GB,ST4 4GU
Lothian Electric Machines,,,,,,,,GB,EH41 3PD
Lucart Hygiene,,,,,,Worcester,,GB,WR8 0EF
Lucchini Unipart Rail,,,,,,Manchester,,GB,M17 1EH
Lush,,,,,,Poole,,GB,BH15 1AB
Lush Manufacturing,,,,,,Poole,,GB,BH15 1AB
Luxfer Group,,,,,,Manchester,,GB,M27 8LN
LUXFER GAS CYLINDERS,,,,,,Manchester,,GB,M27 8LN
Magnesium Elektron,,,,,,Manchester,,GB,M27 8LN
Luxus,,,,,,Louth,,GB,LN11 0LQ
Colour Tone Masterbatch,,,,,,High Peak,,GB,SK22 1AH
Lyburn Supplies,,,,,,Stoke-On-Trent,,GB,ST1 5SQ
Lyreco UK,,,,,,Telford,,GB,TF2 7NB
M J Petfoods & Proteins,,,,,,Leeds,,GB,LS16 6QW
M Seals UK,,,,,,London,,GB,EC1M 6EE
M Seals UK (Engineered Seals Division),,,,,,London,,GB,EC1M 6EE
M Seals UK (Technical Distribution),,,,,,London,,GB,EC1M 6EE
M. D. Import-Export,,,,,,Leicester,,GB,LE2 7SR
M. Leggate & Sons (Produce),,,,,,Boston,,GB,PE22 9AA
M.E. Muller,,,,,,Witney,,GB,OX29 7RJ
M.P. MORAN & SONS,,,,,,London,,GB,NW6 7JR
M.P.V Packaging,,,,,,Wigan,,GB,WN2 4AU
MACDERMID PERFORMANCE SOLUTIONS UK,,,,,,WOKING,,GB,GU21 5RW
MALLINCKRODT CHEMICAL,,,,,,Chesterfield,,GB,S41 8ND
MANNINGHAM CONCRETE,,,,,,Bradford,,GB,BD8 9RY
MARCEGAGLIA (UK),,,,,,Dudley,,GB,DY2 8TA
MARCEGAGLIA STAINLESS SHEFFIELD,,,,,,Sheffield,,GB,S91TZ
MARLETON CROSS,,,,,,Sywell,,GB,NN6 0BG
MARPAK EXTRUSIONS,,,,,,Shipley,,GB,BD18 3DZ
MCC Cardiff,,,,,,Leeds,,GB,LS1 5AB
MCLAREN AUTOMOTIVE,,,,,,Woking,,GB,GU21 4YH
MEGA FORTRIS (UK),,,,,,Burntwood,,GB,WS7 3FS
MEGACHEM (UK),,,,,,Monmouthshire,,GB,NP26 5AD
MEIYUME (UK),,,,,,TROWBRIDGE,,GB,BA14 0XB
MENZOLIT,,,,,,Burnley,,GB,BB11 5DB
MEON,,,,,,Portsmouth,,GB,PO6 3TU
MERITOR HEAVY VEHICLE BRAKING SYSTEMS (UK),,,,,,Cwmbran,,GB,NP44 3XU
MERRITT & FRYERS,,,,,,Skipton,,GB,BD23 2PX
METAL DRUM COMPANY LIMITED(THE),,,,,,Co Durham,,GB,DL17 0NU
METALWEB,,,,,,London,,GB,EC1Y 4AG
METOKOTE UK,,,,,,Daventry,,GB,NN11 4ES
MEYLE UK,,,,,,Shoreham-By-Sea,,GB,BN43 6PB
MG Motor,,,,,,Birmingham,,GB,B31 2BQ
MINTEQ UK,,,,,,London,,GB,E1 6RS
MM NEWPORT,,,,,,Bradford,,GB,BD10 9TE
MM Packaging Deeside,,,,,,Deeside,,GB,CH5 2NS
MM Packaging,,,,,,Bradford,,GB,BD10 9TE
MMPI Manufacturing,,,,,,Farnham,,GB,GU10 3AT
MOCKINGBIRD RAW PRESS,,,,,,London,,GB,EC1M 4JN
MODUL-SYSTEM,,,,,,High Wycombe,,GB,HP10 0PE
MODUS FURNITURE,,,,,,Taunton,,GB,TA1 2PX
MOSCA DIRECT,,,,,,Cotgrave,,GB,NG12 3HA
MOSDORFER CCL SYSTEMS,,,,,,Oakham,,GB,LE15 7TP
MOULDED FIBRE PRODUCTS,,,,,,Scunthorpe,,GB,DN15 8SD
MOULTON BULB COMPANY,,,,,,Spalding,,GB,PE12 6PP
MOULTON BULB IMPORTS,,,,,,Spalding,,GB,PE12 6PP
MULTIPLASTICS (EUROPE),,,,,,Northwich,,GB,CW9 5ND
MURDOCK BUILDERS MERCHANTS,,,,,,Newry,,GB,BT34 2QU
MYLAR SPECIALTY FILMS UK,,,,,,Redcar,,GB,TS10 4RF
MacDermid Autotype,,,,,,Wantage,,GB,OX12 7BZ
MacLean International Group,,,,,,Aberdeen,,GB,AB12 3HT
Macdermid Canning,,,,,,Wigan,,GB,WN2 1JR
Macron Safety Systems,,,,,,Great Yarmouth,,GB,NR31 0NN
Magna Exteriors (Banbury),,,,,,Banbury,,GB,OX16 1TR
Magrini (UK),,,,,,Stoke-on-Trent,,GB,ST7 1XW
Maier U.K,,,,,,Burntwood,,GB,WS7 3GJ
Make Believe Ideas,,,,,,Berkhamstead,,GB,HP4 2AZ
Man Truck and Bus,,,,,,Swindon,,GB,SN5 8YU
Mannok Build,,,,,,,,GB,BT92 9GP
Mannok Cement (GB),,,,,,Rochester,,GB,ME2 4EW
Mannok Insulation (GB),,,,,,Rochester,,GB,ME2 4EW
Mannok Pack (GB),,,,,,Rochester,,GB,ME2 4EW
Manor Coating Systems,,,,,,Baildon,,GB,BD17 7DP
Manupackaging U.K,,,,,,Corsham,,GB,SN13 9SW
March Foods,,,,,,March,,GB,PE15 0AY
Marelli Automotive Systems UK,,,,,,Llanelli,,GB,SA14 8HU
Marlin Industries (Wrexham),,,,,,Wrexham,,GB,LL12 0PJ
Marlowe Environmental Services,,,,,,London,,GB,SE1 9SG
Atana,,,,,,London,,GB,SW1X 7HN
Clearwater Technology,,,,,,London,,GB,SW1X 7HN
Guardian Water Treatment,,,,,,London,,GB,SW1X 7HN
Hydro-X Water Treatment,,,,,,London,,GB,SW1X 7HN
Sterling Hydrotech,,,,,,London,,GB,SW1X 7HN
WCS Environmental Engineering,,,,,,London,,GB,SW1X 7HN
WCS Services,,,,,,London,,GB,SW1X 7HN
Marsden Weighing Machine Group,,,,,,Rotherham,,GB,S60 1DX
Marshall-Tufflex,,,,,,St. Leonards-On-Sea,,GB,TN38 9NU
Marston Foods,,,,,,Frome,,GB,BA11 5BS
Martin-Brower,,,,,,Hemel Hempstead,,GB,HP2 4YJ
Marubeni Europe,,,,,,London,,GB,EC2V 7AB
Marubeni International (Europe) GmbH,,,,,,London,,GB,EC2V 7AB
Massey Bros,,,,,,Crewe,,GB,CW4 8EE
Masstock Arable,,,,,,Cheltenham,,GB,GL54 4LZ
Master Builders Solutions,,,,,,Manchester,,GB,M27 4EU
Matki,,,,,,Bristol,,GB,BS37 5PL
Matrix Polymers,,,,,,Liverpool,,GB,L24 1YA
Matsuura Machinery,,,,,,Coalville,,GB,LE67 4NH
Mauri Products,,,,,,London,,GB,W1K 4QY
Mauveworx,,,,,,Wimborne,,GB,BH21 7SH
Maximover,,,,,,Scothern,,GB,LN2 2UZ
Mayflex,,,,,,Birmingham,,GB,B6 7JJ
Mayflower Hygiene Supplies (London),,,,,,Caerphilly,,GB,CF83 1XH
Mazda Motors UK,,,,,,Dartford,,GB,DA2 6DT
McHale Komatsu,,,,,,Redditch,,GB,B98 0RT
Meade-King Robinson & Company,,,,,,Liverpool,,GB,L2 3YL
Crestchem,,,,,,Liverpool,,GB,L2 3YL
H Plus,,,,,,Liverpool,,GB,L2 3YL
Oleo Solutions,,,,,,Liverpool,,GB,L2 3YL
Meadow Foods,,,,,,Chester,,GB,CH4 9JS
Meadow Inclusions,,,,,,Chester,,GB,CH4 9JS
Mecalac Construction Equipment UK,,,,,,Coventry,,GB,CV6 6PB
Mega-Pak,,,,,,Beaconsfield,,GB,HP9 1NB
Meggitt,,,,,,Coventry,,GB,CV7 9JU
Meggitt Aerospace,,,,,,Coventry,,GB,CV7 9JU
Melon&Co,,,,,,London,,GB,WC2B 5AH
Memo Fashions,,,,,,London,,GB,W5 1UA
Mercedes AMG High Performance Powertrains,,,,,,Brixworth,,GB,NN6 9GZ
Mercona (G.B.),,,,,,Basingstoke,,GB,RG25 2JB
Mergon UK,,,,,,Blackburn,,GB,BB1 2LD
Meridian Steel,,,,,,Dudley,,GB,DY2 0XW
Merley Paper Converters,,,,,,Corby Northants,,GB,NN17 5YH
Merton Group (UK),,,,,,Leicester,,GB,LE3 1TH
Metal Agencies,,,,,,London,,GB,WC2R 0EX
Metal Technology,,,,,,Antrim,,GB,BT41 1AB
Metaldyne International,,,,,,Halifax,,GB,HX1 3RD
Metpro,,,,,,Ebbw Vale,,GB,NP23 5SD
Metsä Board Oyj,,,,,,02100 Espoo,,GB,2100
Mettis Aerospace,,,,,,Redditch,,GB,B97 6EF
Mettler-Toledo Safeline,,,,,,Salford,,GB,M50 2XD
Mexichem Specialty Compounds,,,,,,Melton Mowbray,,GB,LE13 0DG
Mexichem,,,,,,Runcorn,,GB,WA7 4QX
Micronclean,,,,,,,,GB,PE251SQ
Micropress Printers,,,,,,Southwold,,GB,IP18 6SZ
Microsoft,,,,,,Reading,,GB,RG6 1WG
Middleby,,,,,,Stonecross Park,,GB,WA3 3JD
Midland Fixings,,,,,,Nottingham,,GB,NG7 2UG
Midland Paper Products,,,,,,Stoke Prior,,GB,B60 4EA
Midland Regional Printers,,,,,,Nottingham,,GB,NG7 7BT
Millennium Dough Company,,,,,,Watford,,GB,WD17 1AP
Millers Bespoke Bakery,,,,,,,,GB,HA1 2BQ
Milliken Industrials,,,,,,Wigan,,GB,WN6 8RN
Mirage Inks,,,,,,Frome,,GB,BA11 2FD
Mitchell Potatoes,,,,,,Rugby,,GB,CV23 9QQ
Mitek Industries,,,,,,Worcester,,GB,WR4 0AP
Mitsubishi Chemical,,,,,,Hull,,GB,HU12 8DS
Mitsubishi Electric Europe B.V,,,,,,Hatfield,,GB,AL10 8XB
Moderna Biotech Distributor,,,,,,London,,GB,W1B 1DY
Momentive Performance Materials,,,,,,Bolton,,GB,BL6 4SB
Monaghan Mushrooms,,,,,,Langford,,GB,BS40 5ES
Drimbawn (UK),,,,,,Langford,,GB,BS40 5ES
Tunnel Tech,,,,,,Stockbridge,,GB,SO20 6DD
Tunnel Tech North,,,,,,Stockbridge,,GB,SO20 6JF
Monocon International Refractories,,,,,,Doncaster,,GB,DN12 4LQ
Moog Controls,,,,,,Tewkesbury,,GB,GL20 8NA
Moog Reading,,,,,,Reading,,GB,RG6 1AW
Moog Wolverhampton,,,,,,Wolverhampton,,GB,WV9 5GB
Morgan Advanced Materials,,,,,,Windsor,,GB,SL4 1DD
Morgan Technical Ceramics,,,,,,Stourport-On-Severn,,GB,DY13 8DW
Morganite Electrical Carbon,,,,,,Swansea,,GB,SA6 8PP
Thermal Ceramics UK,,,,,,Wirral,,GB,CH62 3PH
Morsapack,,,,,,Worsley Manchester,,GB,M28 2LA
Motor Parts Direct,,,,,,Braintree,,GB,CM7 2YN
Mowi Scotland,,,,,,Rosyth,,GB,KY11 2YW
Mueller Europe,,,,,,Bilston,,GB,WV14 7DS
Multifix Supply Company,,,,,,Maidstone,,GB,ME15 6YE
Multimatic,,,,,,Norwich,,GB,NR3 1UB
Multipanel UK,,,,,,London,,GB,EC4A3TW
Multisol,,,,,,Leeds,,GB,LS16 6QY
Multivac U.K,,,,,,Swindon,,GB,SN5 7UY
Munster Joinery (U.K.),,,,,,Warwick,,GB,CV35 9RY
Murfitts Industries,,,,,,Letchworth Garden City,,GB,SG6 2HU
N W T Distribution,,,,,,Ipswich,,GB,IP9 2BB
N&B FOODS EXETER,,,,,,EXETER,,GB,EX2 7LS
N.H. CASE,,,,,,Somerset,,GB,BA9 9Dt
N.Smith & Company,,,,,,Oldbury,,GB,B69 2NZ
NACTAROME,,,,,,Clevedon,,GB,BS21 6SR
Claremont Ingredients,,,,,,Clevedon,,GB,BS21 6SR
NANDO'S CHICKENLAND,,,,,,London,,GB,SW11 3LD
NASON DAVIS,,,,,,Cambridge,,GB,CB22 4QH
NATIONAL FLEXIBLE,,,,,,Bradford,,GB,BD11 2PT
NATIONAL TUBE STOCKHOLDERS,,,,,,Nr Thirsk,,GB,YO7 3HE
JOHN BELL PIPELINE EQUIPMENT COMPANY,,,,,,Thainstone Inverurie,,GB,AB51 5GT
NATUREN,,,,,,Wirral,,GB,CH47 4AZ
NAYLOR COMMERCIAL PROPERTIES,,,,,,Barnsley,,GB,S73 0BS
NAYLOR CONCRETE PRODUCTS,,,,,,Barnsley,,GB,S75 1HT
NAYLOR DRAINAGE,,,,,,Barnsley,,GB,S75 4AD
NAYLOR TECHNICAL SOLUTIONS,,,,,,Barnsley,,GB,S73 0BS
NCCO International,,,,,,Burton-On-Trent,,GB,DE13 0BB
NCR,,,,,,London,,GB,NW1 5DS
NEDERMAN,,,,,,Preston,,GB,PR5 8AE
NELIPAK ELSHAM,,,,,,Brigg,,GB,DN20 0SP
NEWLY WEDS FOODS,,,,,,West Yorkshire,,GB,WF5 9AX
NGF EUROPE,,,,,,St. Helens,,GB,WA9 4PR
NICKLIN TRANSIT PACKAGING,,,,,,Wednesbury,,GB,WS10 7SU
NNB Generation Company (HPC),,,,,,Bristol,,GB,BS32 4SQ
NNZ,,,,,,Prescot,,GB,L34 9FB
NOLATO JAYCARE,,,,,,Newcastle Upon Tyne,,GB,NE27 0QF
NOMOQ,,,,,,Warwick,,GB,CV34 6QP
NP Aerospace,,,,,,Coventry,,GB,CV6 5AQ
NU-COAT,,,,,,Slough,,GB,SL1 4PY
NVC Lighting,,,,,,Birmingham,,GB,B31 5HE
Naked Foods,,,,,,Chester,,GB,CH4 9JS
Nantwich Cheese Company,,,,,,Whitchurch,,GB,SY13 1TT
National Floorcoverings,,,,,,Liversedge,,GB,WF15 7FH
National Oilwell Varco,,,,,,Stonehouse,,GB,GL10 3RQ
NOV Process & Flow Technologies,,,,,,Stonehouse,,GB,GL10 3RQ
Nov Downhole Eurasia,,,,,,Stonehouse,,GB,GL10 3RQ
Naue Geosynthetics,,,,,,Warrington,,GB,WA3 7BH
Nectar Imports,,,,,,Chiswick,,GB,W4 2QB
Nelipak Healthcare Packaging,,,,,,Derry,,GB,BT473GQ
Nenplas,,,,,,Ashbourne,,GB,DE6 1HA
NeoNickel (Blackburn),,,,,,Milton Keynes,,GB,MK7 8AT
Neovia Logistics Services (U.K.),,,,,,Hinckley,,GB,LE10 3BQ
Neville UK,,,,,,Kent,,GB,DA8 1EW
New World Developments,,,,,,Ballymena,,GB,BT42 4HX
Newberry International Produce,,,,,,Ledbury,,GB,HR8 2JQ
Newcel Paper Converters,,,,,,Newry,,GB,BT34 3FN
Newell Group,,,,,,Dungannon,,GB,BT70 1EG
Newell Stores,,,,,,Dungannon,,GB,BT70 1EG
Newell Stores (Coalisland),,,,,,Dungannon,,GB,BT70 1EG
Newhall Janitorial,,,,,,Leckwith Industrial Estate,,GB,CF11 8BS
Newlay Concrete,,,,,,Dewsbury,,GB,WF12 9HY
Nexans Logistics,,,,,,Milton Keynes,,GB,MK6 1LA
Nicholas Packaging,,,,,,Kingswinford,,GB,DY6 7JJ
Nidec Control Techniques,,,,,,Newtown,,GB,SY16 3BE
Nifco UK,,,,,,Stockton-on-Tees,,GB,TS16 0PS
Nimlok,,,,,,Wellingborough,,GB,NN8 6NL
Nippon Gases UK,,,,,,Immingham,,GB,DN40 2NT
Nippon Paint Automotive,,,,,,Swindon,,GB,SN3 4ND
Nissan Trading Europe,,,,,,Sunderland,,GB,SR5 3NS
Nivek Catering Supplies,,,,,,West Malling,,GB,ME19 6JU
Nokia UK,,,,,,Bristol,,GB,BS32 4UF
Norbev,,,,,,Ballymena,,GB,BT42 2AF
Nordic Seafood A/S,,,,,,Hirtshals,,GB,9850
Norgine Pharmaceuticals,,,,,,Uxbridge,,GB,UB8 1DH
Norgren,,,,,,Lichfield,,GB,WS14 0QP
Norkem,,,,,,Knutsford,,GB,WA16 9FB
Normet UK,,,,,,Coventry,,GB,CV3 4LA
Northeast Nutrition Scotland,,,,,,Glasgow,,GB,G1 3BX
Northern Ireland Electricity Networks,,,,,,Belfast,,GB,BT9 5HT
Northern Ireland Plastics,,,,,,Belfast,,GB,BT1 4GA
Northumbria Blow Mouldings,,,,,,Newcastle upon Tyne,,GB,NE12 9SZ
Northwood Hygiene Products,,,,,,Telford,,GB,TF3 3AB
Northwood Paper Sales,,,,,,Harrow,,GB,HA1 3EX
Northwood Recycling,,,,,,Stockport,,GB,SK12 2HW
Northwood Tissue (Disley),,,,,,Stockport,,GB,SK12 2HW
Norton Healthcare,,,,,,Castleford,,GB,WF10 5HX
Norty,,,,,,Carpenders Park,,GB,WD19 5EF
Notedome,,,,,,Coventry,,GB,CV3 2RT
Now Plastics UK Inc,,,,,,East Longmeadow,,GB,010 28
Nu-Swift (Engineering),,,,,,Elland,,GB,HX5 9DY
Nufarm,,,,,,Bradford,,GB,BD12 9EJ
O'neill GmbH,,,,,,Wollaston,,GB,NN29 7RW
ODEON CINEMAS,,,,,,London,,GB,W1T 1AT
ODEON CINEMAS (RL),,,,,,London,,GB,W1T 1AT
OGM Moulding,,,,,,Oxford,,GB,OX5 1QU
OGM (SW),,,,,,Kidlington,,GB,OX5 1QU
Owen Greenings & Mumford,,,,,,Kidlington,,GB,OX5 1QU
OLAM FOOD INGREDIENTS UK,,,,,,London,,GB,WC2N 6HT
OLYMPIC OILS,,,,,,Whiston,,GB,L35 1RZ
OMEX AGRIFLUIDS,,,,,,Kings Lynn,,GB,PE34 3JA
OMEX Agriculture,,,,,,Bardney,,GB,LN3 5TP
OPAK,,,,,,Ashford,,GB,TN24 0GR
OPMobility Exterior UK,,,,,,Swadlincote,,GB,DE12 7DS
OREAN PERSONAL CARE,,,,,,Cleckheaton,,GB,BD19 4TT
ORONA,,,,,,Sheffield,,GB,S9 1XH
OSI Electronics,,,,,,London,,GB,EC4M 9AF
OSI FOOD SOLUTIONS UK,,,,,,Scunthorpe,,GB,DN15 8LP
OSL GROUP HOLDINGS,,,,,,Sheffield,,GB,S9 3WD
CQR SECURITY,,,,,,Sheffield,,GB,S9 3WD
OSL CUTTING TECHNOLOGIES,,,,,,Sheffield,,GB,S9 3WD
OWEN SPRINGS,,,,,,Sheffield,,GB,S9 3WD
OTFORD BUILDERS MERCHANTS,,,,,,Sevenoaks,,GB,TN14 5PH
OUTOKUMPU STAINLESS,,,,,,Sheffield,,GB,S9 1TZ
Oakwood Distribution,,,,,,Welwyn Garden City,,GB,AL7 1GA
Oakwood Door Designs,,,,,,Co Antrim,,GB,BT41 3UF
Obex Protection,,,,,,Worcester,,GB,WR5 2QR
Oldbury Energy Solutions,,,,,,Oldbury,,GB,B69 4LN
Olive Catering Services,,,,,,Atherstone,,GB,CV9 3PH
Olleco,,,,,,Shrewsbury,,GB,SY1 4AH
Olympic Fixings Ireland,,,,,,Newbury,,GB,RG14 5TN
Olympus Distribution,,,,,,Tipton,,GB,DY4 7HY
Omron Electronics,,,,,,Milton Keynes,,GB,MK5 8FR
Omya,,,,,,North Ferriby,,GB,HU14 3HU
Optimas Oe Solutions,,,,,,Gloucester,,GB,GL2 2FR
Optos,,,,,,Dunfermline,,GB,KY11 8GR
Oqema,,,,,,Carterton,,GB,OX18 3EZ
Oracle Corporation UK,,,,,,Reading,,GB,RG6 1RA
Orapi Maintenance UK,,,,,,Wednesbury,,GB,WS10 7XB
Origin Amenity Solutions,,,,,,Royston,,GB,SG8 5HW
Origin Frames,,,,,,High Wycombe,,GB,HP12 3TA
Origin Northern Ireland,,,,,,Royston,,GB,SG8 5HW
Origin UK Operations,,,,,,Royston,,GB,SG8 5HW
Ornua Ingredients Europe,,,,,,Nantwich,,GB,CW5 6DN
Ornua Nutrition Ingredients UK,,,,,,Nantwich,,GB,CW5 6DN
Ortho-Clinical Diagnostics,,,,,,Bridgend,,GB,CF35 5PZ
Ossur,,,,,,Manchester,,GB,SK1 2AE
Ovenden Papers,,,,,,Harlow,,GB,CM20 2DP
Owens-Corning Veil U.K,,,,,,Liversedge,,GB,WF15 8EP
Oxoid,,,,,,Altrincham,,GB,WA14 2DT
G. & M. Procter,,,,,,Paisley,,GB,PA4 9RF
P & I FRUITS,,,,,,London,,GB,SW8 5EL
P and A Fencing and Sheds,,,,,,Mold,,GB,CH7 1HE
PAL Group (Operations),,,,,,Wednesbury,,GB,WS10 7TN
PAN ARTISAN,,,,,,Midhurst,,GB,GU29 9HX
PAPIER-METTLER UK,,,,,,Stevenage,,GB,SG1 2FP
PEAK PACKAGING,,,,,,Ilkeston,,GB,DE7 8EF
PEARCE SEEDS,,,,,,SHERBORNE,,GB,DT9 4SX
PENTAGON SECURE PACKAGING,,,,,,Nantwich,,GB,CW5 6PQ
PIDY,,,,,,Northampton,,GB,NN4 0NB
PLASMECH PACKAGING,,,,,,Letchworth Garden City,,GB,SG6 1HD
PLASSON U.K,,,,,,Burgess Hill,,GB,RH15 9TN
PLASTIC PRODUCTS,,,,,,South Croydon,,GB,CR2 0BS
PLASTIPAK,,,,,,Wrexham,,GB,LL12 8LX
PLASTRIBUTION,,,,,,Ashby-De-La-Zouch,,GB,LE65 1NF
PLATINUM STAIRLIFTS,,,,,,KEIGHLEY,,GB,BD20 7BW
PLATTS AGRICULTURE,,,,,,Llay,,GB,LL12 0PJ
PMC Polythene,,,,,,Buntingford,,GB,SG9 9AZ
POLYCOPY,,,,,,Loughborough,,GB,LE11 1QD
POLYFOAM XPS,,,,,,Hartlepool,,GB,TS25 2BE
POLYNT UK,,,,,,Near Leek,,GB,ST13 7EF
POLYSTAR PLASTICS,,,,,,SOUTHAMPTON,,GB,SO14 5QT
POLYTEC CAR STYLING UK,,,,,,Herefordshire,,GB,HR7 4NS
POSTPACK,,,,,,Lincolnshire,,GB,NG31 7QH
PPB,,,,,,Birmingham,,GB,B76 1AF
PQ Silicas,,,,,,Warrington,,GB,WA5 1AQ
PREMDOR CROSBY,,,,,,Darton Barnsley,,GB,S75 5JS
PREMIER FRUIT & NUT,,,,,,Croydon,,GB,CR0 6TP
PRESTWICK AEROSYSTEMS,,,,,,Bristol,,GB,BS34 7PA
PRIMA TAPES & LABELS,,,,,,Orpington,,GB,BR5 3QW
PRINOVA EUROPE,,,,,,London,,GB,E14 5HU
PRO CAM CP,,,,,,Cambridge,,GB,CB23 6DW
PROFINE,,,,,,Sutton-In-Ashfield,,GB,NG17 6AD
PRYSMIAN CABLES & SYSTEMS,,,,,,Hampshire,,GB,SO50 6YU
PSV GLASS & GLAZING,,,,,,High Wycombe,,GB,HP12 4HJ
PULLMAFLEX U.K,,,,,,London,,GB,WC1V 6BX
PULSE PRINTING PRODUCTS,,,,,,Bristol,,GB,BS30 5PE
PWG Trading,,,,,,Watchfield,,GB,SN6 8TY
Packaging First,,,,,,High Ongar,,GB,CM5 9NL
Packaging Innovations,,,,,,Maidstone,,GB,ME14 5EG
Packaging One,,,,,,Nantwich,,GB,CW5 7ED
Pakway,,,,,,Houghton Le Spring,,GB,DH4 5RJ
Pal International,,,,,,Coalville,,GB,LE67 1FA
Palace Chemicals,,,,,,Liverpool,,GB,L24 1YA
Pall Manufacturing UK,,,,,,Portsmouth,,GB,PO6 4BQ
Pallet Centre Limited-The,,,,,,Newtonabbey,,GB,BT1 4GA
Pallite Group,,,,,,Wellingborough,,GB,NN8 6UY
Palm Paper,,,,,,Kings Lynn,,GB,PE34 3AL
John Hargreaves (Collyhurst and Stalybridge)Limited,,,,,,Stalybridge,,GB,SK15 3AJ
Palram Polycarb,,,,,,London,,GB,N3 1LQ
Panasonic Manufacturing U.K,,,,,,Cardiff,,GB,CF23 7XB
Pandrol International,,,,,,Worksop,,GB,S81 7AX
Pandrol,,,,,,Worksop,,GB,S81 7AX
Pandrol (Vortok),,,,,,Worksop,,GB,S81 7AX
Paper Tech,,,,,,Portsmouth,,GB,PO3 5LF
Par-Pak Europe,,,,,,London,,GB,EC3N 3AX
Deltaform,,,,,,London,,GB,EC3N 3AX
Paragon Property Investments,,,,,,Doncaster,,GB,DN4 8WA
Paragon Food Service,,,,,,Doncaster,,GB,DN4 8WA
Paragon Quality Foods,,,,,,Doncaster,,GB,DN3 3FB
Paramount 21,,,,,,Newton Abbot,,GB,TQ12 6RA
Park Holidays UK,,,,,,Bexhill on Sea,,GB,TN39 5ES
Park Inn by Radisson,,,,,,Manchester,,GB,M90 3RA
Ability Hotels (Peterborough),,,,,,Brentford,,GB,TW8 8JF
Belfcard,,,,,,Cardiff,,GB,CF10 2JH
Octagon Pier,,,,,,London,,GB,NW3 5JJ
Park Inn by Radisson Hotel Heathrow,,,,,,Manchester,,GB,M90 3RA
Radisson Hotels Management,,,,,,Manchester,,GB,M90 3RA
Parker Hannifin (Holdings),,,,,,Hemel Hempstead,,GB,HP24TZ
Parts Town UK,,,,,,Cannock,,GB,WS11 8LD
Pattersons (Holdings),,,,,,Bristol,,GB,BS3 2NS
Pattersons (Bristol),,,,,,Bristol,,GB,BS3 2NS
Paul s Fruit & Veg. (Western International),,,,,,Leicester,,GB,LE2 7SR
Pavestone UK,,,,,,Brize Norton,,GB,OX18 3WN
Paxton Access Group,,,,,,Brighton,,GB,BN1 9HU
General Distribution,,,,,,Brighton,,GB,BN1 9HU
Paxton Access,,,,,,Brighton,,GB,BN1 9HU
Pelagia Shetland,,,,,,Lerwick,,GB,ZE1 0PX
Peli Biothermal,,,,,,Leighton Buzzard,,GB,LU7 4QQ
Pendragon Management Services,,,,,,Nottingham,,GB,NG15 0DR
Penn Elcom,,,,,,London,,GB,EC3M 6BN
Penthouse Carpets,,,,,,Rochdale,,GB,OL12 9DU
Perkins Engines Company,,,,,,Peterborough,,GB,PE1 5FQ
Permanoid,,,,,,Manchester,,GB,M40 8HH
Permastore,,,,,,Eye,,GB,IP23 7HS
Perspex Distribution,,,,,,Blackburn,,GB,BB1 2QE
Perspex International,,,,,,Blackburn,,GB,BB1 2QE
Peter H Smith,,,,,,Preston,,GB,PR2 2YL
Peter Hogarth and Sons,,,,,,Grimsby,,GB,DN31 3ER
Peter Marsh & Sons,,,,,,Liverpool,,GB,L20 8AE
Petrofer U.K,,,,,,Telford,,GB,TF7 4PW
Petrow Food Industries,,,,,,Haverhill,,GB,CB9 7AE
Pharmapac (U.K.),,,,,,Wirral,,GB,CH41 7EL
Philip Dennis Foodservice,,,,,,Ilfracombe,,GB,EX34 8PL
Phoenix Contact,,,,,,Telford,,GB,TF7 4PG
Pickstock Foods,,,,,,Hartshorne,,GB,DE11 7FN
Pickstock Telford,,,,,,Telford,,GB,TF1 7FA
Pineapple Contracts Unlimited,,,,,,Maidstone,,GB,ME20 6XJ
Pioneer Hi-Bred Northern Europe Sales Division GMBH,,,,,,Melbourn,,GB,SG8 6HB
Piramal Healthcare UK,,,,,,Morpeth,,GB,NE61 3YA
Pirelli Tyres,,,,,,Burton-on-Trent,,GB,DE13 0BH
Piroto Labelling,,,,,,Northampton,,GB,NN3 6RT
Pizzasi Distribution UK,,,,,,Slough,,GB,SL3 0DF
Plasmor,,,,,,Knottingley,,GB,WF11 0DL
Plasmor (Halton),,,,,,Knottingley,,GB,WF11 0DL
Plasmor (Sabey Kirby),,,,,,Knottingley,,GB,WF11 0DL
Plastek,,,,,,Mansfield,,GB,NG19 0FT
Plastic Extruders,,,,,,Wickford,,GB,SS11 8DN
Plastic and Metal Profiles,,,,,,Newcastle Upon Tyne,,GB,NE12 9SZ
Plastivaloire Northampton,,,,,,Northampton,,GB,NN3 8RE
Polarseal Tapes And Conversions,,,,,,Farnham,,GB,GU9 9PZ
Polly Print and Packaging,,,,,,Crewe,,GB,CW1 6NG
Polyart Metallised,,,,,,Wales,,GB,CF83 3HU
Polyblend UK,,,,,,Widnes,,GB,WA8 8PT
Polybrook,,,,,,London,,GB,NW1 3AD
Polyclear,,,,,,Southampton,,GB,SO15 0LG
Amberdale Manufacturing,,,,,,Southampton,,GB,SO15 0LG
Polyflor,,,,,,Radcliffe,,GB,M26 1JN
Polynt Composites UK,,,,,,Nr Grimsby,,GB,DN41 8DR
Polyplas Extrusions,,,,,,Derbyshire,,GB,DE6 1HA
Polyram U.K,,,,,,Gloucester,,GB,GL1 2EH
Polyseam,,,,,,Huddersfield,,GB,HD1 6SB
Polytech Liquid Polymers,,,,,,Macclesfield,,GB,SK10 5SD
Polythene (UK),,,,,,Witney,,GB,OX28 4FH
Portsmouth Aviation,,,,,,Portsmouth,,GB,PO3 5PF
Powervamp,,,,,,Guildford,,GB,GU1 1UN
Powrmatic,,,,,,Aldridge,,GB,WS9 8QD
Precision Hydraulic Cylinders (UK),,,,,,Cramlington,,GB,NE23 8AE
Preformed Line Products (Great Britain),,,,,,Andover,,GB,SP10 3LH
Premier Cement,,,,,,Belfast,,GB,BT17 9NU
Southern Cement,,,,,,Suffolk,,GB,IP3 0BS
Premier Coatings,,,,,,Smarden,,GB,TN27 8PJ
Premier Foods Wholesale,,,,,,London,,GB,SW8 5EQ
Primeur London,,,,,,London,,GB,SW8 5EQ
The Menu Partners,,,,,,Bicester,,GB,OX26 4SS
Premier Forest Products,,,,,,Newport,,GB,NP20 2PQ
Prestige Leisure,,,,,,Carpenders Park,,GB,WD19 5EF
Prestige Touch,,,,,,Southampton,,GB,SO50 9PD
Prestolite Electric,,,,,,Greenford,,GB,UB6 8UP
Preston Board and Packaging,,,,,,Preston,,GB,PR1 7JS
Pride Mobility Products,,,,,,Bicester,,GB,OX26 4UL
Sitting Pretty By Pride Mobility,,,,,,Bicester,,GB,OX26 4UL
Prima Foods U.K,,,,,,Llanelli,,GB,SA14 8PD
Prime Source Foods,,,,,,London,,GB,EC2A 4NE
Primex Plastics,,,,,,Newton Aycliffe,,GB,DL5 6SN
Prinova Solutions Europe,,,,,,London,,GB,E14 5HU
Printed Polythene,,,,,,Bolton,,GB,BL5 3XP
Printing & Packaging Co,,,,,,Hinckley,,GB,LE10 3BS
Priory Business Group,,,,,,Aylesford,,GB,ME20 7FE
Prismatape U.K,,,,,,Winsford,,GB,CW7 3RW
Pro Print Group Cartons,,,,,,Wellingborough,,GB,NN8 6XF
Pro Print Group,,,,,,Wellingborough,,GB,NN8 6XF
ProCare,,,,,,Bristol,,GB,BS16 3JB
Proampac AC,,,,,,Wrexham,,GB,LL13 9UF
Progress Rail Services,,,,,,Nottingham,,GB,NG10 5AN
Prolec,,,,,,Poole,,GB,BH17 0GB
Promat,,,,,,Heywood,,GB,OL10 2TS
Promethean,,,,,,Clitheroe,,GB,BB7 1EB
Propet,,,,,,Colchester,,GB,CO7 8LG
Protektor Group UK,,,,,,Stourbridge,,GB,DY8 1LU
Provimi,,,,,,Thirsk,,GB,YO7 3HE
Pukka Pads 2000,,,,,,Poole,,GB,BH15 2PW
Pulse Roll Label Products,,,,,,Bristol,,GB,BS37 5PG
Punch Taverns,,,,,,Burton Upon Trent,,GB,DE14 2WF
Punch Taverns (Branston),,,,,,Burton Upon Trent,,GB,DE14 2WF
Pura Foods,,,,,,Erith,,GB,DA8 1DL
Puragen,,,,,,Sheffield,,GB,S21 1TZ
Puratos,,,,,,Buckingham,,GB,MK18 1XT
Pure Innovations Group,,,,,,Brighouse,,GB,HD6 1LU
Purmo Group,,,,,,Gateshead,,GB,NE11 0PG
Purolite,,,,,,Llantrisant,,GB,CF72 8LF
QUAT-CHEM,,,,,,Rochdale,,GB,OL16 5SJ
Qiagen,,,,,,Manchester,,GB,M13 0BH
Qualitops,,,,,,King's Lynn,,GB,PE30 1HJ
Quality Kernels,,,,,,Haverhill,,GB,CB9 7AE
Quantum Profile Systems,,,,,,Oldham,,GB,OL2 6JG
Quin Global (UK),,,,,,Perth,,GB,PH1 3WB
R. A. Irwin & Company,,,,,,Craigavon,,GB,BT66 7NF
R. HOWARD,,,,,,Peterborough,,GB,PE3 8YQ
R.A.LABONE & CO,,,,,,Ilkeston,,GB,DE7 5TN
R.C.Treatt & Co,,,,,,Bury St Edmunds,,GB,IP32 7FR
R.D.Trading,,,,,,Braintree,,GB,CM7 2YN
R.F.S. (UK),,,,,,Aylesbury,,GB,HP178LJ
R.R. Flexo,,,,,,Desborough,,GB,NN14 2SR
R.S. Clare & Co,,,,,,Liverpool,,GB,L8 5RQ
R.W.Simon,,,,,,Torrington,,GB,EX38 7HP
RAI Polymers,,,,,,Burton on Trent,,GB,DE14 1DU
RAINBOW PROFESSIONAL,,,,,,East Yorkshire,,GB,HU2 0PP
RATIONAL UK,,,,,,Luton,,GB,LU4 8EF
RAVAGO BUILDING SOLUTIONS UK,,,,,,Warrington,,GB,WA4 2TG
RBH Repacking Services,,,,,,Liverpool,,GB,L8 7BA
RCR Flooring Products,,,,,,Ivybridge,,GB,PL21 9GL
RDA BULK PACKAGING,,,,,,Berkeley,,GB,GL13 9UQ
REED THERMOFORMED PACKAGING,,,,,,Newcastle Upon Tyne,,GB,NE8 3AT
REIDS OF NORWICH,,,,,,Norwich,,GB,NR2 1DN
RENAULT U.K,,,,,,Rickmansworth,,GB,WD3 9YS
RENNER COATINGS UK,,,,,,Wellingborough,,GB,NN9 6GR
RENOLD POWER TRANSMISSION,,,,,,Wythenshawe,,GB,M22 5XB
RESOURCE CHEMICALS,,,,,,Brackley,,GB,NN13 7DS
RHI Refractories UK,,,,,,Bonnybridge,,GB,FK4 2EH
RHINO FRUIT COMPANY,,,,,,Leeds,,GB,LS9 0PX
RICHARD WELLOCK & SONS,,,,,,Hessle,,GB,HU13 0DZ
RICHARDSON MILLING (UK),,,,,,BEDFORD,,GB,MK42 9TB
RIMEX METALS (U.K.),,,,,,Enfield,,GB,EN3 7SU
RIPON SELECT FOODS,,,,,,RIPON,,GB,HG4 1TL
RITTAL-C S M,,,,,,Plymouth,,GB,PL6 7EZ
RLC (UK),,,,,,Accrington,,GB,BB5 5AY
RMD Kwikform,,,,,,Walsall,,GB,WS9 8BW
ROBERT POCHIN,,,,,,Leicester,,GB,LE3 1UW
ROCCO FORTE & FAMILY (HOTEL MANAGEMENT),,,,,,London,,GB,SW1A 1JB
THE BALMORAL HOTEL EDINBURGH,,,,,,London,,GB,SW1A 1JB
ROCKLINE INDUSTRIES,,,,,,Redditch,,GB,B98 0DH
ROCKWOOL,,,,,,Bridgend,,GB,CF35 6NY
ROSENFLEX (UK),,,,,,Ipswich,,GB,IP1 2HA
RS Components,,,,,,Corby,,GB,NN17 9RS
RSM Lining Supplies Global,,,,,,Doncaster,,GB,DN4 8GE
RTI Europe,,,,,,London,,GB,EC2R 7HJ
RTI International Metals,,,,,,Tamworth,,GB,B78 2EX
RTS Textiles,,,,,,Chorley,,GB,PR7 4HJ
Carrington Textiles,,,,,,Adlington,,GB,PR7 4HJ
RUMENCO,,,,,,Burton on Trent,,GB,DE13 0DW
RUSDENE SERVICES,,,,,,Droxford,,GB,SO32 3QY
Rackham Housefloors,,,,,,Dewsbury,,GB,WF12 9TA
Radisson Hotels,,,,,,Manchester,,GB,M90 3RA
BHBL 2011,,,,,,Glossop,,GB,SK13 8AR
Blue Liverpool,,,,,,London,,GB,NW3 5JJ
Closegate Hotel Development (Durham),,,,,,Newcastle Upon Tyne,,GB,NE1 6SQ
Forrest Hotels,,,,,,Glasgow,,GB,G41 1HJ
Inislyn,,,,,,Belfast,,GB,BT9 6EU
Pandox UK Opco,,,,,,Hatton Cross,,GB,TW6 2SQ
Radisson Collection Hotel Edinburgh,,,,,,Manchester,,GB,M90 3RA
Radisson Hotel Edinburgh,,,,,,Manchester,,GB,M90 3RA
Radisson Hotel Leeds,,,,,,Manchester,,GB,M90 3RA
Radisson Hotel Manchester,,,,,,Manchester,,GB,M90 3RA
Radisson Hotel Stansted Airport,,,,,,Manchester,,GB,M90 3RA
St Wulfstan,,,,,,Rochdale,,GB,OL16 5QR
Ragus Sugars (Manufacturing),,,,,,Slough,,GB,SL1 4JG
Rakem Group,,,,,,Bury,,GB,BL8 2BD
Maker Industrial Products,,,,,,Bury,,GB,BL8 2BD
Rakem,,,,,,Bury,,GB,BL8 2BD
Ralawise Group Holdings,,,,,,Deeside,,GB,CH5 2UA
Premier Clothing,,,,,,Deeside,,GB,CH5 2UA
Ralawise,,,,,,Deeside,,GB,CH5 2UA
Ramsden Steel Drums,,,,,,Cannock,,GB,WS11 7XT
Randall Parker Food Group,,,,,,Towcester,,GB,NN12 8LR
Weddel Swift,,,,,,Towcester,,GB,NN12 8LR
Weddel Swift Distribution,,,,,,Towcester,,GB,NN12 8LR
Ransom Naturals,,,,,,Liverpool,,GB,L8 7BA
Ransomes Jacobsen,,,,,,Ipswich,,GB,IP3 9TT
Ranwick,,,,,,Wellsbourne,,GB,CV35 9RY
Rapidrop Global,,,,,,Peterborough,,GB,PE1 5WA
Rapiscan Systems,,,,,,London,,GB,EC4M 9AF
Raventree,,,,,,Gloucester,,GB,GL2 2RN
Reagens,,,,,,Altrincham,,GB,WA14 5UA
Reagent Chemical Services,,,,,,Runcorn,,GB,WA7 3DL
Reca-UK,,,,,,Birmingham,,GB,B71 4LU
Reddipak,,,,,,Stratford-Upon-Avon,,GB,CV37 8QR
Redwood global,,,,,,Andover,,GB,SP10 5NS
Reedbut Group,,,,,,Alton,,GB,GU34 1HG
Reel Service,,,,,,Glenrothes,,GB,KY6 2SD
ReelVision Print,,,,,,Rossendale,,GB,BB4 5JT
Reesink,,,,,,St. Neots,,GB,PE19 1QF
Rehau,,,,,,Ross-on-Wye,,GB,HR9 5QN
Remmers,,,,,,Coleshill,,GB,B46 1DL
Rendac Packaging Solutions,,,,,,Bristol,,GB,BS9 2DR
Renolit,,,,,,Cramlington,,GB,NE23 8AQ
Renray Healthcare,,,,,,Winsford,,GB,CW7 3RB
Resdev,,,,,,Elland,,GB,HX5 9JP
Resincoat,,,,,,Featherstone,,GB,WF7 6TA
Resinex,,,,,,High Wycombe,,GB,HP13 6EQ
Reynaers Aluminium,,,,,,Birmingham,,GB,B31 5HE
Rhino Products Holdings,,,,,,Ellesmere Port,,GB,CH65 4DR
AVS Steps,,,,,,Ellesmere Port,,GB,CH65 4DR
Hubb Systems,,,,,,Ellesmere Port,,GB,CH65 4DR
Rhino Products,,,,,,Ellesmere Port,,GB,CH65 4DR
Richard Baker Harrison,,,,,,Liverpool,,GB,L8 7BA
Richardson Maltings,,,,,,Fakenham,,GB,NR21 7AS
Ricoh,,,,,,Northampton,,GB,NN4 7RG
Ricoh UK Products,,,,,,Telford,,GB,TF2 9NS
Riftward,,,,,,Wrexham,,GB,LL13 9JT
Ring Containers,,,,,,London,,GB,WC1N 3AX
Ritrama (U.K.),,,,,,Manchester,,GB,SK16 4PP
Riverside Flooring,,,,,,Radcliffe,,GB,M26 1JN
Riverside Medical Packaging Company,,,,,,Derby,,GB,DE24 8SW
Robert Lickley Refractories,,,,,,Dudley,,GB,DY1 2UF
Roberts Metal Packaging,,,,,,London,,GB,SE28 0AF
Robeslee Concrete Company,,,,,,Kirkintilloch,,GB,G66 1UB
Robinson Brothers,,,,,,West Bromwich,,GB,B70 0AH
Rocal Insulating Panels,,,,,,Brigg,,GB,DN20 8AR
Rockwell Automation,,,,,,Milton Keynes,,GB,MK11 3DR
Rolls-Royce Group,,,,,,London,,GB,N1 9FX
Rolls-Royce,,,,,,London,,GB,N1 9FX
Rolls-Royce Solutions UK,,,,,,Derby,,GB,DE24 8BJ
Rolls-Royce Submarines,,,,,,Derby,,GB,DE21 7BE
Vinters Engineering,,,,,,Derby,,GB,DE24 8BJ
Romil,,,,,,Cambridge,,GB,CB25 9QT
Rose Plastic,,,,,,Sheffield,,GB,S9 1XU
Rose Roofing,,,,,,Castleford,,GB,WF10 5JW
Rosehill Polymers,,,,,,Sowerby Bridge,,GB,HX6 2JT
Rotork,,,,,,Bath,,GB,BA1 3JQ
Bifold Fluidpower,,,,,,Bath,,GB,BA1 3JQ
Rotork Controls,,,,,,Bath,,GB,BA1 3JQ
Rotork Midland,,,,,,Bath,,GB,BA1 3JQ
Routeco,,,,,,Milton Keynes,,GB,MK5 8HJ
Royal Vaassen UK,,,,,,Bury,,GB,BL9 6BS
Rubix U.K,,,,,,Manchester,,GB,M22 0RR
Rushtons The Chef's Greengrocers,,,,,,Chelmsford,,GB,CM3 4BQ
Russell Building Products,,,,,,Burton On Trent,,GB,DE14 1RH
Rutland Plastics,,,,,,Rutland,,GB,LE15 6NU
S & A Produce,,,,,,HEREFORD,,GB,HR1 3ET
S & J DISTRIBUTION,,,,,,Skipton,,GB,BD23 2FJ
S And B EPS,,,,,,Tyne & Wear,,GB,NE23 7PY
S J A Film Technologies,,,,,,Accrington,,GB,BB5 5TU
S Morris,,,,,,Charlton Adam,,GB,TA11 7AN
S. Lester Packing Materials,,,,,,Burntwood,,GB,WS7 0AJ
S. Sheard & Son,,,,,,Halifax,,GB,HX4 8AQ
S.A.V. United Kingdom,,,,,,Woking,,GB,GU21 5BX
SAI Automotive Fradley,,,,,,London,,GB,EC3M 3BY
SAICA Natur UK,,,,,,Manchester,,GB,M31 4QN
SAICA Paper UK,,,,,,Manchester,,GB,M31 4QN
SAS International,,,,,,Reading,,GB,RG6 1AZ
Truline Systems,,,,,,Reading,,GB,RG6 1AZ
SBM Scotgrain,,,,,,Witham,,GB,CM8 2DU
SCAPA UK,,,,,,Manchester,,GB,OL7 0ED
SCHUECO UK,,,,,,Milton Keynes,,GB,MK10 0AL
SD Guthrie International Liverpool Refinery,,,,,,Liverpool,,GB,L20 8DY
SDC Trailers,,,,,,Toomebridge,,GB,BT41 3SS
SDI Displays,,,,,,Copt Oak,,GB,LE12 9YE
SEAFISH U.K,,,,,,Aberdeen,,GB,AB10 1UR
SEALOCK,,,,,,Andover,,GB,SP10 5NU
SEB Professional,,,,,,Uxbridge,,GB,UB8 2YF
SEDA UK,,,,,,Blackwood,,GB,NP12 2EU
SEDAMYL UK,,,,,,North Yorkshire,,GB,YO8 8AN
UNIGLAD INGREDIENTS UK,,,,,,York,,GB,YO8 8AN
SEGEN,,,,,,Farnborough,,GB,GU14 7JP
SEKISUI JUSHI STRAPPING BV,,,,,,OLNEY,,GB,MK46 5HR
SENIOR ARCHITECTURAL SYSTEMS,,,,,,Willenhall,,GB,WV13 3PW
SGL Carbon Fibers,,,,,,Muir Of Ord,,GB,IV6 7UA
SHD COMPOSITE MATERIALS,,,,,,Sleaford,,GB,NG34 7BY
SICAME UK,,,,,,Hoo,,GB,ME3 9GX
SIG Trading,,,,,,Sheffield,,GB,S9 1XH
SILVENT UK,,,,,,Birmingham,,GB,B4 6GA
SIMON JERSEY,,,,,,Stockport,,GB,SK3 0UX
SIMPSONS MALT,,,,,,Ord Road,,GB,TD15 2UZ
SKF (U.K.),,,,,,Luton,,GB,LU1 3LU
Cooper Roller Bearings Company,,,,,,Kings Lynn,,GB,PE30 5JX
SKYMARK PACKAGING INTERNATIONAL,,,,,,SCUNTHORPE,,GB,DN15 8XF
SMARTLIFT BULK PACKAGING,,,,,,King's Lynn,,GB,PE34 4FR
SMC Corporation (U.K.),,,,,,Milton Keynes,,GB,MK8 0AN
SMITHFIELD MURRAY,,,,,,Pontefract,,GB,WF9 3NR
SMP Group,,,,,,London,,GB,SE18 5TT
SMR Automotive Mirrors,,,,,,Portchester,,GB,PO16 9SD
SNF,,,,,,Wakefield,,GB,WF1 2DF
SNF Oil and Gas,,,,,,Wakefield,,GB,WF1 2DF
SODRA WOOD,,,,,,Cirencester,,GB,GL7 6JJ
SOLENIS UK INDUSTRIES,,,,,,Bradford,,GB,BD12 0JZ
SOLIDUS PACKAGING SOLUTIONS,,,,,,Skipton,,GB,BD23 1TX
SOLVENTIS,,,,,,Leeds,,GB,LS16 6QY
SOLVENOX,,,,,,Leeds,,GB,LS16 6QY
SOLVENTIS SOLUTIONS,,,,,,Leeds,,GB,LS16 6QY
SOMERLAP FOREST PRODUCTS,,,,,,Higbridge,,GB,TA9 4NR
SPECIALIST ALARM SERVICES,,,,,,Newcastle upon Tyne,,GB,NE4 7LJ
SPP Pumps,,,,,,Coleford,,GB,GL16 8PS
SPRINGFIELD BUSINESS PAPERS,,,,,,Bristol,,GB,BS30 8TY
SPS Technologies,,,,,,Leicester,,GB,LE4 9HX
K G Coating,,,,,,Wrexham,,GB,LL13 8UG
SPS Aerostructures,,,,,,Annesley,,GB,NG15 0DP
SSAB SWEDISH STEEL,,,,,,Brierley Hill,,GB,DY5 1UF
STAIRRODS (UK),,,,,,Blackhill Consett,,GB,DH8 5UN
STEMCOR DISTRIBUTION,,,,,,London,,GB,EC1Y 4TW
STI Line,,,,,,Gillingham,,GB,ME8 0SA
STORM ENVIRONMENTAL,,,,,,KIDDERMINSTER,,GB,DY11 7PZ
SURTECO UK,,,,,,Burnley,,GB,BB10 2TB
SWINDON PRESSINGS,,,,,,Farnborough,,GB,GU14 0FB
SYNERGY FLAVOURS,,,,,,High Wycombe,,GB,HP12 4HJ
SYNERGY HEALTH MANAGED SERVICES,,,,,,Derby,,GB,DE24 8HE
SYSMEX UK,,,,,,Milton Keynes,,GB,MK8 8DF
Sabic,,,,,,Wilton,,GB,TS10 4RF
Sabichi Homewares,,,,,,Perivale,,GB,UB67JD
Safety-Kleen U.K,,,,,,Brentford,,GB,TW8 9ES
Saffil,,,,,,St. Helens,,GB,WA11 8LP
Safic-Alcan,,,,,,Birchwood,,GB,WA3 7QZ
Safran Landing Systems,,,,,,Gloucester,,GB,GL2 9QH
Sahara Presentation Systems,,,,,,Erith,,GB,DA8 1DG
Sai-Pac,,,,,,Romford,,GB,RM1 1DA
Saint-Gobain Construction Chemicals UK,,,,,,Loughborough,,GB,LE12 6JU
Sait Abrasives (UK),,,,,,Leicester,,GB,LE19 1WZ
Sandland Packaging,,,,,,Bilston,,GB,WV14 0PR
Sanko Gosei,,,,,,Skelmersdale,,GB,WN8 8EB
Sansetsu UK,,,,,,Milton Keynes,,GB,MK11 3EW
Sarstedt,,,,,,Leicester,,GB,LE3 8JR
Sasco Sauces,,,,,,Hertford,,GB,SG13 7HJ
Sateba,,,,,,Ilkeston,,GB,DE7 4QW
Sato,,,,,,Harwich,,GB,CO12 4RR
Savona Foodservice,,,,,,Oxford,,GB,OX5 1FP
Schades,,,,,,Ripley,,GB,DE5 3RZ
Scheff Foods,,,,,,Smethwick,,GB,B66 1EL
Schiedel Chimney Systems,,,,,,Washington,,GB,NE38 0AQ
Schindler,,,,,,Addlestone,,GB,KT15 2HJ
Rubax Lifts,,,,,,Warrington,,GB,WA2 0XP
Schlumberger Oilfield,,,,,,Crawley,,GB,RH10 9BU
Schoeller Allibert,,,,,,Tamworth,,GB,B79 7UL
Schutz (U.K.),,,,,,Worksop,,GB,S81 7BE
Scientific Games International,,,,,,Leeds,,GB,LS10 1DJ
Scot Young Research,,,,,,Lye Stourbridge,,GB,DY9 8HG
Scott Bader,,,,,,Wellingborough,,GB,NN29 7FH
Scott Group Investments,,,,,,Dunfermline,,GB,KY11 8RY
Pallet Loop,,,,,,Needham,,GB,IP20 9LB
Scott Timber,,,,,,Dunfermline,,GB,KY11 8RY
Scott Health & Safety,,,,,,Bracknell,,GB,RG12 8HT
Scott Parnell,,,,,,London,,GB,W1W 6AN
Rouden Pipetek,,,,,,London,,GB,W1W 6AN
Scottish Leather Group,,,,,,Bridge of Weir,,GB,PA11 3RN
Scottish Shellfish Marketing Group,,,,,,Bellshill,,GB,ML4 3NZ
Seahawk Marine Foods,,,,,,Trowbridge,,GB,BA14 0SA
Sears Manufacturing Co. (Europe),,,,,,Ebbw Vale,,GB,NP23 5SD
Sebden Steel Service Centres,,,,,,Altrincham,,GB,WA14 5HE
Security Window Shutters,,,,,,Lancaster,,GB,LA2 9LA
Seevent Plastics,,,,,,Lancing,,GB,BN15 8TH
Sekura Global,,,,,,Colchester,,GB,CO4 9QR
Selecta Systems,,,,,,Sutton Coldfield,,GB,B73 5UB
Selig,,,,,,Slough,,GB,SL1 4BH
Sensient Flavors,,,,,,Milton Keynes,,GB,MK1 1HP
Sensus UK Systems,,,,,,London,,GB,EC4A 1AN
Seqirus Vaccines,,,,,,Liverpool,,GB,L24 9GR
Sertec Corporation,,,,,,Birmingham,,GB,B46 1JU
Sertec Aluminium Structures,,,,,,Birmingham,,GB,B46 1JU
Sertec Auto Structures,,,,,,Birmingham,,GB,B46 1JU
Sertec Light Stampings,,,,,,Birmingham,,GB,B46 1JU
Service Graphics,,,,,,London,,GB,EC1N 8AS
Service Timber,,,,,,Bubwith,,GB,YO8 6DJ
Severn & Wye Smokery,,,,,,Westbury on Severn,,GB,GL14 1QW
Shand Higson Holdings,,,,,,Knowsley,,GB,L33 7SE
Shandon Diagnostics,,,,,,Runcorn,,GB,WA7 1TA
Shapers' Technical Solutions,,,,,,Droitwich,,GB,WR9 0QH
Shaw Europe,,,,,,Glasgow,,GB,G2 1AL
Shaw Pallet,,,,,,Huddersfield,,GB,HD7 5JN
Shearline Steel Strip,,,,,,Kingswinford,,GB,DY6 8XF
Sheffield Refractories,,,,,,Sheffield,,GB,S25 2RY
Sherborne Holdings,,,,,,Bournemouth,,GB,BH1 4LG
Sydenhams,,,,,,Bournemouth,,GB,BH1 4LG
Sydenhams Timber Engineering,,,,,,Bournemouth,,GB,BH1 4LG
Sherborne Upholstery,,,,,,Bradford,,GB,BD14 6LT
Sherwood Press (Nottingham) Limited(The),,,,,,Nottingham,,GB,NG8 4GP
Sherwood Stainless and Aluminium,,,,,,Wolverhampton,,GB,WV10 9TF
Short Brothers,,,,,,Belfast,,GB,BT3 9DZ
Sibelco,,,,,,Stoke On Trent,,GB,ST7 1TU
Siddall & Hilton Products,,,,,,Brighouse,,GB,HD6 1LT
Siegwerk,,,,,,Swadlincote,,GB,DE11 9DH
Siemens Energy,,,,,,Newcastle Upon Tyne,,GB,NE6 2YL
Siemens Gamesa Renewable Energy,,,,,,Hull,,GB,HU9 1TA
Siemens Healthcare Diagnostics,,,,,,Camberley,,GB,GU15 3YL
Siemens Healthcare,,,,,,Camberley,,GB,GU15 3YL
Siemens Mobility,,,,,,London,,GB,NW1 2PL
Sigma Pharmaceuticals,,,,,,London,,GB,W1U 7BU
Sigma-Aldrich Company,,,,,,Gillingham,,GB,SP8 4XT
Merck Life Science UK,,,,,,Gillingham,,GB,SP8 4XT
Millipore (U.K.),,,,,,Feltham,,GB,TW14 8HA
Sigmatex,,,,,,Runcorn,,GB,WA7 1TE
Signal Plastics Holdings,,,,,,Gateshead,,GB,NE11 0JL
Omega North East,,,,,,Gateshead,,GB,NE11 0JL
Signal Plastic Components,,,,,,Gateshead,,GB,NE11 0JL
Signode,,,,,,Walsall,,GB,WS9 8UQ
Signwaves,,,,,,Great Yarmouth,,GB,NR31 0NW
Sil-Mid,,,,,,Coleshill,,GB,B46 1HG
Silicone Engineering,,,,,,Blackburn,,GB,BB1 3HU
Silver Fern Farms (UK),,,,,,Newmarket,,GB,CB8 0TN
Silvery Tweed Cereals,,,,,,Berwick upon Tweed,,GB,TD15 2XF
Simona Peak Pipe Systems,,,,,,Chesterfield,,GB,S41 9PZ
Simpson's Beverage Supply Company,,,,,,BLACKPOOL,,GB,FY3 9EU
Sipcam,,,,,,Royston,,GB,SG8 7BX
Sleaford Quality Foods,,,,,,Sleaford,,GB,NG34 7JX
Smart Polymers,,,,,,Ingatestone,,GB,CM4 9DW
Smart Systems,,,,,,Yatton,,GB,BS49 4QN
Smart Aluminium Extrusions,,,,,,Yatton,,GB,BS49 4QN
Smiley Monroe,,,,,,Lisburn,,GB,BT28 2EX
Smith & McLaurin,,,,,,Johnstone,,GB,PA10 2AF
Smith Brothers Stores,,,,,,Blaby,,GB,LE8 4GZ
Smiths Metal Centres,,,,,,Letchworth Garden City,,GB,SG6 3JF
Smiths News Trading,,,,,,Swindon,,GB,SN2 8UH
Smurfit Westrock Bristol,,,,,,Nottingham,,GB,NG8 6AW
Smurfit Westrock Consumer Packaging,,,,,,Nottingham,,GB,NG8 6AW
Multi Packaging Solutions Arbroath,,,,,,Arbroath,,GB,DD11 3LS
Smurfit Westrock Consumer Belfast,,,,,,Belfast,,GB,BT36 4EW
Snack Creations,,,,,,Thorpe St. Andrew,,GB,NR7 0FD
Snowbird Foods,,,,,,Enfield,,GB,EN3 4TD
Soapworks,,,,,,Glasgow,,GB,G33 4JD
Softbox Systems,,,,,,Aylesbury,,GB,HP18 9RW
Softcat,,,,,,Marlow,,GB,SL7 1LW
Solar Inks,,,,,,Teflord,,GB,TF7 4NY
Soleil Foodservice,,,,,,Wrexham,,GB,LL139AE
Solina Coatings,,,,,,Biggleswade,,GB,SG18 8QB
Solutia,,,,,,Newport,,GB,NP19 4XF
Sonoco Cores and Paper,,,,,,Halifax,,GB,HX4 9PY
Sonoco Metal Packaging UK,,,,,,Wantage,,GB,OX12 9BP
Sonoco Metal Packaging Aerosols UK,,,,,,Wantage,,GB,OX12 9BP
Soprema UK Bitumen,,,,,,Ipswich,,GB,IP7 6BA
Soprema,,,,,,Ipswich,,GB,IP7 6BA
Soprema UK Polyiso,,,,,,Ipswich,,GB,IP7 6BA
Southco Manufacturing,,,,,,Worcester,,GB,WR4 9FA
Southern Water Services,,,,,,Worthing,,GB,BN13 3NX
Southgate Global,,,,,,Kings Lynn,,GB,PE30 4NG
Spacelabs Healthcare,,,,,,London,,GB,EC4M 9AF
Spandex,,,,,,Almondsbury,,GB,BS32 4UA
Eikon,,,,,,Lancaster,,GB,LA1 5QP
Sparex,,,,,,Exeter,,GB,EX5 2LJ
Special Melted Products,,,,,,Sheffield,,GB,S4 7UR
Special Metals Wiggin,,,,,,Hereford,,GB,HR4 9SL
Speciality Steel UK,,,,,,Sheffield,,GB,S36 2JA
Spinaclean,,,,,,Altrincham,,GB,WA14 2DT
Spinko,,,,,,Leeds,,GB,LS11 5SB
HS Products,,,,,,Leeds,,GB,LS11 5BP
Spirax Group,,,,,,Cheltenham,,GB,GL53 8ER
Aflex Hose,,,,,,Huddersfield,,GB,HD2 1GZ
BIO PURE TECHNOLOGY,,,,,,Falmouth,,GB,TR11 4RU
Gestra,,,,,,Cheltenham,,GB,GL53 8ER
Spirax-Sarco,,,,,,Cheltenham,,GB,GL53 8ER
Watson-Marlow,,,,,,Falmouth,,GB,TR11 4RU
Spot-On-Supplies (Cleaning and Packaging),,,,,,Burnham on Sea,,GB,TA8 1EF
Spotnails,,,,,,Caerphilly,,GB,CF83 3DR
Springdawn Bolton,,,,,,Bolton,,GB,BL1 8PP
Springpack,,,,,,Worcester,,GB,WR5 1SG
Springvale EPS,,,,,,Belfast,,GB,BT2 7FW
Squareup,,,,,,London,,GB,EC2Y 5EB
Squish Supply,,,,,,London,,GB,SW8 5EL
St. Mickalos Company,,,,,,London,,GB,SE24 0HW
Staircraft Group,,,,,,Ansty,,GB,CV7 9PU
Standard Wool (UK),,,,,,Dewsbury,,GB,WF12 8EH
Stannah Lifts Holdings,,,,,,Andover,,GB,SP10 3SD
3D PLY,,,,,,Andover,,GB,SP10 3SD
Global Upholstery Solutions,,,,,,Andover,,GB,SP10 3SD
STANNAH HOMELIFTS,,,,,,Andover,,GB,SP10 3SD
STANNAH LIFT SERVICES,,,,,,Andover,,GB,SP10 3SD
STANNAH LIFTS,,,,,,Andover,,GB,SP10 3SD
STANNAH MICROLIFTS,,,,,,Andover,,GB,SP10 3SD
STANNAH STAIRLIFTS,,,,,,Andover,,GB,SP10 3SD
Staple Dairy Products,,,,,,Orpington,,GB,BR5 3QY
Staples (Vegetables),,,,,,Boston,,GB,PE22 0SE
Starlab,,,,,,Milton Keynes,,GB,MK14 5BU
Statlab Medical Products Holdings UK,,,,,,Altrincham,,GB,WA14 2DT
Cellpath,,,,,,Altrincham,,GB,WA14 2DT
Pyramid Innovation,,,,,,Altrincham,,GB,WA14 2DT
Steel & Alloy Processing,,,,,,West Bromwich,,GB,B70 6BZ
Steel Processing (Midlands),,,,,,Burntwood,,GB,WS7 3XD
Steelstrip Services,,,,,,Dudley,,GB,DY1 2HA
Stepan,,,,,,Stalybridge,,GB,SK15 1PH
Stephenson Group,,,,,,Leeds,,GB,LS18 5PU
Sterilin,,,,,,Altringham,,GB,WA14 2DT
Sterling Pharma Solutions,,,,,,Cramlington,,GB,NE23 7QG
Stirland Paterson (Printers),,,,,,Ilkeston,,GB,DE7 4RA
Stockmeier Urethanes UK,,,,,,Sowerby Bridge,,GB,HX6 1AA
Stora Enso UK,,,,,,Birmingham,,GB,B4 6GA
Stort Chemicals,,,,,,Bishops Stortford,,GB,CM23 3AR
Stourgarden,,,,,,Colchester,,GB,CO6 4AP
Stovax Gazco,,,,,,Exeter,,GB,EX5 2FR
Stowell Concrete,,,,,,Yatton,,GB,BS49 4QN
Straits Trading Co. Limited(The),,,,,,Accrington,,GB,BB5 5JW
Strand Europe,,,,,,London,,GB,W1B 3HH
Stressline,,,,,,Stoney Stanton,,GB,LE9 4LX
Strongdor,,,,,,Carnforth,,GB,LA5 9FD
Stryker UK,,,,,,Newbury,,GB,RG14 5AW
Sudpack Verpackungen Se & Co. KG,,,,,,Birmingham,,GB,B3 2HB
Sumika Polymer Compounds,,,,,,Havant,,GB,PO9 2NQ
Sumitomo Electric Wiring Systems (Europe),,,,,,Newcastle-under-Lyme,,GB,ST5 6PA
Sun Chemical,,,,,,South Normanton,,GB,DE55 2DT
Sun Valley Foods,,,,,,London,,GB,EC4R 9AT
Suncrop Produce,,,,,,Harlow,,GB,CM18 7EZ
Sundolitt,,,,,,Glasgow,,GB,G33 4AG
Sunrise Medical,,,,,,Brierley Hill,,GB,DY5 2LD
Supermax Healthcare,,,,,,Peterborough,,GB,PE8 4BA
Supply Chain Coordination,,,,,,London,,GB,SE1 8UG
Surfachem Group,,,,,,Leeds,,GB,LS1 4BA
2M Manufacturing,,,,,,RUNCORN,,GB,WA7 3EH
Samplerite,,,,,,West Yorkshire,,GB,HX5 9HD
Surfachem,,,,,,Leeds,,GB,LS1 4BA
Survitec Group,,,,,,Liverpool,,GB,CH65 1AX
RFD Beaufort,,,,,,Ellesmere Port,,GB,CH65 1AX
Survitec Service & Distribution,,,,,,Ellesmere Port,,GB,CH65 1AX
Survitec Survival Craft,,,,,,Portlethen,,GB,AB12 3RL
Survival One,,,,,,Peterhead,,GB,AB42 1QG
Suzuki GB,,,,,,Milton Keynes,,GB,MK4 4AE
Swarco Hitex,,,,,,Ellesmere Port,,GB,CH65 4EL
Swegon Air Management,,,,,,Wednesbury,,GB,WS10 7BU
Symrise,,,,,,Marlow,,GB,SL7 1TB
Synnovia,,,,,,Knaresborough,,GB,HG5 8LF
BNL (UK),,,,,,Knaresborough,,GB,HG5 8LF
Bell Plastics,,,,,,Knaresborough,,GB,HG5 8LF
C & T Matrix,,,,,,Knaresborough,,GB,HG5 8LF
Flexipol Packaging,,,,,,Knaresborough,,GB,HG5 8LF
Synthite,,,,,,Mold,,GB,CH7 1BT
BIP (Oldbury),,,,,,Oldbury,,GB,B69 4NH
Synthite (Mold),,,,,,Mold,,GB,CH7 1BT
TS Resins,,,,,,Mold,,GB,CH7 1BT
Systagenix Wound Management Manufacturing,,,,,,Ashton-Under-Lyne,,GB,OL7 0ED
T G BUILDERS MERCHANTS,,,,,,Shropshire,,GB,SY12 0HY
T G Products,,,,,,Blackburn,,GB,BB1 2QR
T P JORDESON & COMPANY,,,,,,York,,GB,YO10 3WH
T. & B. Containers,,,,,,Boston,,GB,PE22 9DL
T. Freemantle,,,,,,Scunthorpe,,GB,DN15 7PQ
TACLE SEATING UK,,,,,,London,,GB,EC2R 7HJ
TALASEY,,,,,,SCUNTHORPE,,GB,DN15 8QT
TAYLOR ENGINEERING & PLASTICS,,,,,,Lancs,,GB,OL16 2BD
TD Synnex UK Acquisition,,,,,,Basingstoke,,GB,RG24 8YB
TD Synnex UK,,,,,,Basingstoke,,GB,RG24 8YB
TDK-Lambda,,,,,,Ilfracombe,,GB,EX34 8ES
TEVC UK,,,,,,London,,GB,E1 6RS
THE BANNATYNE GROUP,,,,,,Darlington,,GB,DL1 1ST
THE ENVELOPE WORKS,,,,,,Blackburn,,GB,BB1 2QR
THE ROYAL MINT,,,,,,Pontyclun,,GB,CF728YT
THE TRADELINK INTERNATIONAL GROUP,,,,,,Coalville,,GB,LE67 4JP
THE WHITE SEA & BALTIC COMPANY,,,,,,London,,GB,W1W 5PA
THOMAS HOWSE,,,,,,Rowley Regis,,GB,B65 0RD
THOMAS SWAN & CO,,,,,,Consett,,GB,DH8 7ND
THOR SPECIALITIES (UK),,,,,,Northwich,,GB,CW9 6GB
THUMBS-UP (BURY),,,,,,Bury,,GB,BL9 9UT
TI GROUP AUTOMOTIVE SYSTEMS (DEESIDE),,,,,,OXFORD,,GB,OX4 2SU
TI Group Automotive Systems (UK),,,,,,Oxford,,GB,OX4 2SU
TIGERTURF (UK),,,,,,Kidderminster,,GB,DY10 4DX
TM TELFORD DAIRY,,,,,,Market Drayton,,GB,TF9 3SQ
TMI Foods,,,,,,Northampton,,GB,NN5 7US
TONKIN PRODUCTS,,,,,,London,,GB,SW8 5EL
TOYOTA MATERIAL HANDLING UK,,,,,,Slough,,GB,SL1 4DX
TOYOTA TSUSHO U.K,,,,,,London,,GB,EC2V 7DA
TRB,,,,,,St Asaph,,GB,LL17 0JB
TREVES UK,,,,,,London,,GB,EC2V 6EE
TRIMAS PACKAGING,,,,,,Leicester,,GB,LE3 1UQ
TROX UK,,,,,,Norfolk,,GB,IP24 3SQ
TRUFLO AIR MOVEMENT,,,,,,Bristol,,GB,BS1 6FL
TT CONCRETE PRODUCTS,,,,,,Witney,,GB,OX28 6FF
TURNBULL AND COMPANY,,,,,,Lincolnshire,,GB,NG34 7RQ
TVS Supply Chain Solutions,,,,,,Chorley,,GB,PR6 7AJ
TW METALS,,,,,,Nursling,,GB,SO16 0AF
LOCATE SUPPLIES,,,,,,Southampton,,GB,SO16 0AF
TWINPLAST,,,,,,Shefford,,GB,SG17 5LN
Tag Europe,,,,,,London,,GB,NW1 3BF
Takeda UK,,,,,,London,,GB,W2 6BD
Talisman Group Malvern,,,,,,CREWKERNE,,GB,TA18 7HE
Talurit (UK),,,,,,Barnsley,,GB,S70 5SZ
Tama U.K,,,,,,Alton,,GB,GU34 1EF
Tangmere Airfield Nurseries,,,,,,Chichester,,GB,PO20 2FT
Tarff Valley,,,,,,Castle Douglas,,GB,DG7 2AN
Tata Steel,,,,,,London,,GB,SW1X 7HS
Tate & Lyle Mold,,,,,,London,,GB,W1H 7EJ
Tech Folien,,,,,,Liverpool,,GB,L24 9GQ
Technetix,,,,,,Albourne,,GB,BN6 9EB
Technical Textile Services,,,,,,Northwich,,GB,CW8 4DX
Technipfmc Group Holdings,,,,,,Newcastle Upon Tyne,,GB,NE6 3PL
FMC Technologies,,,,,,Newcastle Upon Tyne,,GB,NE6 3PL
Magma Global,,,,,,Portsmouth,,GB,PO6 4PX
TechnipFMC Umbilicals,,,,,,Newcastle Upon Tyne,,GB,NE6 3PL
Technipfmc UK,,,,,,Newcastle Upon Tyne,,GB,NE6 3PL
Techsil,,,,,,London,,GB,EC1M 6EE
Tefcold UK,,,,,,Castle Donnington,,GB,DE74 2HL
Telford Copper & Stainless Cylinders,,,,,,Telford,,GB,TF1 2FE
Templeman Retailing and Vending,,,,,,Cramlington,,GB,NE23 1WG
Tennant UK Cleaning Solutions,,,,,,Edinburgh,,GB,EH2 4JN
Tennants Distribution,,,,,,Manchester,,GB,M8 0GR
Tensar International,,,,,,Blackburn,,GB,BB1 2QX
Ter,,,,,,Ipswich,,GB,IP1 3LG
Tereos UK & Ireland,,,,,,London,,GB,W1F 8GQ
Terex GB,,,,,,Dungannon,,GB,BT71 4DR
Terumo BCT,,,,,,Larne,,GB,BT40 2SH
Thakeham Tiles,,,,,,Storrington,,GB,RH20 3AD
Thanet Earth,,,,,,Birchington,,GB,CT7 0AX
Tharsus Group,,,,,,Blyth,,GB,NE24 5TF
Tharsus,,,,,,Blyth,,GB,NE24 5TF
Universal Wolf,,,,,,Blyth,,GB,NE24 5TF
The Alan Nuttall Partnership,,,,,,Hinkley,,GB,LE10 3BZ
The Alumasc Group,,,,,,Kettering,,GB,NN15 5JP
Alumasc Building Products,,,,,,Kettering,,GB,NN15 5JP
The Authentic Food Company,,,,,,Manchester,,GB,M22 4SW
The Box Factory,,,,,,Leamington Spa,,GB,CV31 1QD
The Burger Manufacturing Company,,,,,,Builth Wells,,GB,LD2 3UA
The Encore Group (Envelopes & Packaging),,,,,,Washington,,GB,NE37 2SA
The Expanded Metal Company,,,,,,Hartlepool,,GB,TS25 1PU
The Food Heroes Marketing,,,,,,Sleaford,,GB,NG34 7BJ
The FoodFellas,,,,,,Malvern,,GB,WR14 1JJ
The Greenfield Food Company,,,,,,Accrington,,GB,BB5 6NT
The Hymatic Engineering Company,,,,,,,,GB,B98 9HJ
The Lycra Company UK,,,,,,Manchester,,GB,M2 3DE
The Original Bowling Company,,,,,,Hemel Hempstead,,GB,HP2 7BW
The Packaging Company (Midlands),,,,,,Coalville,,GB,LE67 1LE
The Real Spirit of Coffee,,,,,,Bolton,,GB,BL5 1FQ
RIJO 42 MACHINES,,,,,,Bolton,,GB,BL5 1FQ
Rijo 42 Ingredients,,,,,,Bolton,,GB,BL5 1FQ
The TPS Healthcare Group,,,,,,Glasgow,,GB,G68 0LL
The Tibbetts Group,,,,,,Banbury,,GB,OX16 1RH
BF CS,,,,,,Banbury,,GB,OX16 1RH
Powell Gee,,,,,,Banbury,,GB,OX16 1RH
The Water Mill Press,,,,,,Bradford,,GB,BD5 7SG
The Westminster Wire Factory,,,,,,Wareham,,GB,BH20 4SN
Thermal Transfer Solutions,,,,,,Redditch,,GB,B98 9HE
Thermaset,,,,,,Tamworth,,GB,B79 7TA
Thermit Welding (GB),,,,,,Rainham,,GB,RM13 9YH
Thermodynamix Thermoforming Specialist Services,,,,,,Gateshead,,GB,NE11 0NF
Thermoseal Group,,,,,,Birmingham,,GB,B6 7AF
Thinventory,,,,,,Slough,,GB,SL1 1FQ
Thomas Kneale & Co,,,,,,Salford,,GB,M3 5JZ
Thompson Valves,,,,,,Poole,,GB,BH17 7EF
Thorn Lighting,,,,,,London,,GB,W1U 7EU
Thorn Security,,,,,,Feltham,,GB,TW13 7BZ
Thornton Print,,,,,,Newcastle Upon Tyne,,GB,NE12 9SZ
Three Oceans Fish Company,,,,,,Hull,,GB,HU3 4TT
Thulecraft,,,,,,Unst,,GB,ZE2 9DS
ThyssenKrupp UK,,,,,,Cradley Heath,,GB,B64 5QU
Polysius,,,,,,Cradley Heath,,GB,B64 5QU
ThyssenKrupp Materials,,,,,,Cradley Heath,,GB,B64 5QU
Thyssenkrupp Rothe Erde,,,,,,Peterlee,,GB,SR8 2HR
Tican (Chilled),,,,,,Walsall,,GB,WS2 8LH
Tiger Retail,,,,,,London,,GB,W1T 1BJ
Tilley Distribution UK,,,,,,Colchester,,GB,CO4 9HU
Timet UK,,,,,,Birmingham,,GB,B42 2TU
Tipografic,,,,,,Birkenhead,,GB,CH41 1LW
Tirlan Animal Nutrition,,,,,,Harrogate,,GB,HG1 5PA
Titan Europe,,,,,,Kidderminster,,GB,DY10 3SD
Titan Distribution (UK),,,,,,St Helens,,GB,WA9 5GG
Titan Steel Wheels,,,,,,Kidderminster,,GB,DY10 3SD
Titan Packaging,,,,,,Northampton,,GB,NN4 7BF
Top Dental (Products),,,,,,Halifax,,GB,HX2 9TN
Top Tubes,,,,,,Wednesbury,,GB,WS10 0PD
Toray International U.K,,,,,,London,,GB,EC2R 7HJ
Toray Textiles Europe,,,,,,Mansfield,,GB,NG19 0FT
Torbay Pharmaceuticals,,,,,,Paignton,,GB,TQ4 7FG
Torin Sifan,,,,,,Crawley,,GB,RH10 9YX
Tornado Wire,,,,,,Crieff,,GB,PH7 4HQ
Toshiba TEC UK Imaging Systems,,,,,,Camberley,,GB,GU17 9AB
Tower Supplies,,,,,,Poole,,GB,BH12 4TS
Town & Country Fine Foods,,,,,,Leeds,,GB,LS1 5AB
Trackwork Moll,,,,,,DONCASTER,,GB,DN4 5HX
Trade Mouldings,,,,,,Cookstown,,GB,BT80 9AR
Tradechoice Distribution,,,,,,Redditch,,GB,B98 0FY
Tratos,,,,,,Prescot,,GB,L34 9HX
Tratos Cavi,,,,,,Swindon,,GB,SN3 4ND
Treelinks (Ingredients),,,,,,Abergavenny,,GB,NP7 5NW
Trend Control Systems,,,,,,Bracknell,,GB,RG12 1EB
Trenton Box Company,,,,,,Huntingdon,,GB,PE19 2HF
Trevor Iles,,,,,,Bradford,,GB,BD1 4RU
Brimaid,,,,,,Bradford,,GB,BD1 4RU
Thomas Owen & Sons(Newcastle-Upon-Tyne)Limited,,,,,,Bradford,,GB,BD1 4RU
Trevors Warehouses,,,,,,Fleetwood,,GB,FY7 6EB
Tri-Pack Packaging Systems,,,,,,Grimsby,,GB,DN31 2TB
Tri-Wall Chesterfield,,,,,,Monmouth,,GB,NP25 5TW
Tri-Wall North East,,,,,,Monmouth,,GB,NP25 5TW
Tri-Wall Swansea,,,,,,Monmouth,,GB,NP25 5TW
Tri-Wall UK,,,,,,Monmouth,,GB,NP25 5TW
Tri-Wall West Midlands,,,,,,Monmouth,,GB,NP25 5TW
Tridium Europe,,,,,,Coolham,,GB,RH13 8GR
Tridonic UK,,,,,,Basingstoke,,GB,RG24 8WF
Trilanco,,,,,,Lincoln,,GB,LN3 4NP
Trillium Flow Technologies Holdings,,,,,,East Kilbride,,GB,G74 5PB
Trillium Flow Services UK,,,,,,Elland,,GB,HX5 9JR
Trillium Flow Technologies UK,,,,,,Elland Halifax,,GB,HX5 9JR
Trioworld,,,,,,Telford,,GB,TF1 7XY
Triple Eight Supplies,,,,,,Trowbridge,,GB,BA14 0SA
Tristel Solutions,,,,,,Newmarket,,GB,CB8 7NY
Troax (U.K.),,,,,,Swindon,,GB,SN3 5HY
Troax Lee Manufacturing,,,,,,Exeter,,GB,EX2 7XE
Tronox Pigment,,,,,,Grimsby,,GB,DN40 2PR
Trousdale,,,,,,Banbury,,GB,OX16 3JU
Trouw (UK),,,,,,Ashbourne,,GB,DE6 1HA
Truck-Lite Europe,,,,,,Harlow,,GB,CM19 5FA
True Refrigeration,,,,,,Rotherham,,GB,S63 9EU
Truflo Marine,,,,,,Birmingham,,GB,B6 7LG
Turner & Price,,,,,,Slough,,GB,SL1 4BD
Turner Packaging,,,,,,Brentwood,,GB,CM13 3HW
Tyco Electronics,,,,,,Swindon,,GB,SN3 5HH
Tyco Fire & Integrated Solutions,,,,,,Manchester,,GB,M40 2WL
Tyrolit,,,,,,Crick,,GB,NN6 7UD
Tyson Foods Products,,,,,,Ashford,,GB,TN25 4AZ
U.K. Packaging Supplies,,,,,,London,,GB,N17 0XY
UBE Urethanes,,,,,,Baxenden Nr Accrington,,GB,BB5 2SL
UK & IE FLORA GROUP,,,,,,Newport,,GB,HU15 2FT
UK GRID SOLUTIONS,,,,,,Stafford,,GB,ST16 1WT
UK PLUMBING SUPPLIES,,,,,,Stockton Heath,,GB,WA4 6HL
UK point of Sale Group,,,,,,Stockport,,GB,SK6 2TD
UK-NSI Co,,,,,,Redditch,,GB,B989HL
ULTRAFRAME (UK),,,,,,Clitheroe,,GB,BB7 1PE
UNILIN INSULATION UK,,,,,,Chesterfield,,GB,S42 5UY
UPL Europe,,,,,,Warrington,,GB,WA3 6YN
UPM Raflatac (UK),,,,,,Scarborough,,GB,YO11 3DX
UPM-KYMMENE (UK),,,,,,Irvine,,GB,KA11 5AT
UREN FOOD GROUP,,,,,,Neston,,GB,CH64 7TB
USS,,,,,,Halesowen,,GB,B63 3JP
Ubbink (U.K.),,,,,,Northampton,,GB,NN5 5DL
Uflex Europe,,,,,,London,,GB,W1J 6BY
Uin Foods,,,,,,Stirling,,GB,FK9 4JX
Ultima Displays,,,,,,Corby,,GB,NN17 4DU
Ultra Electronics,,,,,,London,,GB,SE1 7LY
Ultra Electronics CEMS,,,,,,Wimborne,,GB,BH21 2BJ
Ultra I&C,,,,,,Southampton,,GB,SO31 1BQ
Ultra PCS,,,,,,Wimborne,,GB,BH21 2BJ
Ultra Sonar Systems,,,,,,Loudwater,,GB,HP10 9SD
UltraPolymers,,,,,,Warrington,,GB,WA4 2TG
Uneek Clothing Company,,,,,,London,,GB,NW11 7RJ
Unicorn Group Holdings,,,,,,Lisburn,,GB,BT27 5SR
Unicorn Containers,,,,,,Lisburn,,GB,BT27 5SR
Unicorn Flooring,,,,,,Lisburn,,GB,BT27 5SR
Unicorn Hygienics,,,,,,Lisburn,,GB,BT27 5SR
Unifrax (Derby),,,,,,St. Helens,,GB,WA11 8LP
Unifrax Emission Control Europe,,,,,,St. Helens,,GB,WA11 8LP
Unifrax,,,,,,St. Helens,,GB,WA11 8LP
Unifruit,,,,,,Rickmansworth,,GB,WD3 1AR
Unionburger,,,,,,Llansamlet,,GB,SA7 9FG
Unipres (UK),,,,,,Sunderland,,GB,SR5 3NT
Unistrut,,,,,,West Bromwich,,GB,B70 9PL
Flexicon,,,,,,West Bromwich,,GB,B70 9PL
Unisurge International,,,,,,Newmarket,,GB,CB8 0BF
United Caps Dinnington,,,,,,Sheffield,,GB,S25 3AP
United Machining UK,,,,,,Coventry,,GB,CV2 2SJ
United Wholesale Grocers,,,,,,Glasgow,,GB,G21 4BY
United-UK,,,,,,London,,GB,EC1M 4JN
Univar Solutions UK,,,,,,Bradford,,GB,BD3 7AY
Universal Meat Company,,,,,,Portadown,,GB,BT621LY
Universal Sealants (U.K.),,,,,,Bristol,,GB,BS13 8FD
Urbis Schreder,,,,,,Basingstoke,,GB,RG24 8GG
Usha Martin,,,,,,Worksop,,GB,S80 3ES
VALEO SERVICE UK,,,,,,Redditch,,GB,B98 0DZ
VANTIVE,,,,,,Liverpool,,GB,L7 9PE
VECTAIR SYSTEMS,,,,,,Basingstoke,,GB,RG24 8NU
VEKA,,,,,,Burnley,,GB,BB11 5DA
VESTAS OFFSHORE WIND BLADES,,,,,,Newport,,GB,PO30 5TR
VG MSO,,,,,,Belfast,,GB,BT5 6QP
VG CartonCare,,,,,,Newry,,GB,BT35 6QQ
VIDAFRESH,,,,,,Dartford,,GB,DA2 7QY
VINE MEATS,,,,,,Sevenoaks,,GB,TN15 0LG
VINE TRAIL,,,,,,bristol,,GB,BS8 4HU
VISION LINENS,,,,,,BLACKBURN,,GB,BB1 2QE
VP Packaging,,,,,,Rotherham,,GB,S65 3SH
VPK Packaging,,,,,,Kettering,,GB,NN14 2SR
VWS (UK),,,,,,Bourne End,,GB,SL8 5XF
Vacmet Europe,,,,,,Middlesex,,GB,HA7 1JS
Vale Europe,,,,,,London,,GB,SW1H 0BL
Valley Northern,,,,,,Astonfields,,GB,ST16 3BP
Valmiera Glass,,,,,,Sherborne,,GB,DT9 3RB
Valtris Specialty Chemicals,,,,,,Eccles,,GB,M30 0LX
Vandemoortele Europe NV UK Branch,,,,,,Staines-Upon-Thames,,GB,TW18 4EP
Vandemoortele Worcester,,,,,,Worcester,,GB,WR2 6RF
Vanderlande Industries United Kingdom,,,,,,Birmingham,,GB,B37 7WY
Varian Medical Systems UK,,,,,,Crawley,,GB,RH10 1DT
Varsity Packaging,,,,,,Theale,,GB,RG7 4AB
Vascutek,,,,,,Inchinnan,,GB,PA4 9RR
Vauxhall Motors,,,,,,Coventry,,GB,CV3 1ND
Verdant Specialty Solutions Halifax,,,,,,Halifax,,GB,HX4 9BH
Vertiv Infrastructure,,,,,,Bedford,,GB,MK44 3BF
Vesuvius,,,,,,London,,GB,EC4A 2AE
Vetrotech Saint-Gobain (International) AG,,,,,,Coventry,,GB,CV3 2ZG
Viatec,,,,,,Radstock,,GB,BA3 4XD
Vibrantz Minerals,,,,,,Stoke-on-Trent,,GB,ST4 3NR
Victoria Carpets,,,,,,Kidderminster,,GB,DY10 1JR
Vida Wood,,,,,,Billericay,,GB,CM12 9AH
Vidara,,,,,,Barnsley,,GB,S73 0FJ
Virgin Media Business,,,,,,Reading,,GB,RG2 6UU
Viscofan UK,,,,,,Sevenoaks,,GB,TN15 8JL
Vista Labels,,,,,,Stockport,,GB,SK1 4NB
Vita Liquid Polymers,,,,,,Manchester,,GB,M24 2DB
Voestalpine Bohler Welding,,,,,,Oldbury,,GB,B69 2BN
Voestalpine Metsec,,,,,,Oldbury,,GB,B69 4HF
Voicevale,,,,,,Edgware,,GB,HA8 7EB
Pasteurise,,,,,,Edgware,,GB,HA8 7EB
Volac International,,,,,,Royston,,GB,SG8 5QX
Volvo Car UK,,,,,,Maidenhead,,GB,SL6 4FL
Volz Filters UK,,,,,,Manchester,,GB,M27 8AW
W. RIDLEY & CO,,,,,,Hull,,GB,HU3 2PQ
W.Boyes & Co,,,,,,Scarborough,,GB,YO11 3DT
W.D.L. (Concrete Products),,,,,,Aberdare,,GB,CF44 9JY
W.E. Jameson and Son,,,,,,Masham Ripon,,GB,HG4 4EL
W.E. Rawson,,,,,,Wakefield,,GB,WF1 5PS
W.K.WEST,,,,,,Sheffield,,GB,S6 3AA
W.MADDEN(INSULATION)LIMITED,,,,,,Bramley,,GB,LS13 4TZ
W.R.Swann & Co,,,,,,Sheffield,,GB,S6 2BJ
Jewel Blade,,,,,,Sheffield,,GB,S6 2BJ
Swann-Morton,,,,,,Sheffield,,GB,S6 2BJ
Swann-Morton (Services),,,,,,Sheffield,,GB,S6 2BJ
WARMFLOW ENGINEERING CO,,,,,,LISBURN,,GB,BT28 2RF
WE SEAL,,,,,,Leeds,,GB,LS19 7BD
WEALD PACKAGING SUPPLIES,,,,,,Uckfield,,GB,TN22 4LA
WERIT U.K,,,,,,Manchester,,GB,M44 5BP
WESTCOUNTRY CORPORATE,,,,,,Plymouth,,GB,PL6 7TW
WHS Plastics,,,,,,Sutton Coldfield,,GB,B76 9BG
WIELAND METALS BIRMINGHAM,,,,,,London,,GB,WC2B 5AH
WIELAND NEMCO,,,,,,London,,GB,WC2B 5AH
WILFRID SMITH,,,,,,Old Hatfield,,GB,AL9 5BG
WINDLES GROUP MANUFACTURING,,,,,,Thame,,GB,OX9 3EU
WINKHAUS (U.K.),,,,,,Northants,,GB,NN15 6XZ
WIPER SUPPLY SERVICES,,,,,,LONDON,,GB,N31QA
WIRTGEN,,,,,,Newark,,GB,NG24 2UA
WOOLLEY BROS. (WHOLESALE MEATS),,,,,,Sheffield,,GB,S20 3RW
WWT EMEA,,,,,,London,,GB,EC2R 8DD
Wabtec UK Holdings,,,,,,Barton Under Needwood,,GB,DE13 8EN
Faiveley Transport Birkenhead,,,,,,Birkenhead,,GB,CH41 1LF
Faiveley Transport Tamworth,,,,,,Birkenhead,,GB,CH41 1LF
Wabtec UK,,,,,,Doncaster,,GB,DN4 0BF
Wacker Chemie AG,,,,,,Muchen,,GB,81671
Walker Filtration,,,,,,Washington,,GB,NE38 9DA
Walkerpack,,,,,,Norrthampton,,GB,NN3 6WL
Walraven,,,,,,Banbury,,GB,OX16 3JU
Wanzl,,,,,,Coventry,,GB,CV3 2SU
Wartsila UK,,,,,,Fareham,,GB,PO16 8SD
Waterloo Air Products,,,,,,Wednesbury,,GB,WS10 7BU
Waterside Colours,,,,,,Hull,,GB,HU1 1TJ
Watts of Lydney Group,,,,,,Lydney,,GB,GL15 5DD
Plysolene,,,,,,Lydney,,GB,GL15 5DD
Watts Urethane Products,,,,,,Lydney,,GB,GL15 5DD
Webasto Roof Systems,,,,,,Sutton Coldfield,,GB,B76 9DL
Weber Marking,,,,,,Tranent,,GB,EH33 1HD
Webro Cables and Connectors,,,,,,Nottingham,,GB,NG10 2GD
Weener Plastics Norwich,,,,,,North Walsham,,GB,NR28 0TY
Weir Minerals Europe,,,,,,Todmorden,,GB,OL14 5RT
Weldfast,,,,,,Newcastle,,GB,ST5 7RG
Wells Performance Materials,,,,,,Stone,,GB,ST15 OSR
Wesco Aircraft Emea,,,,,,Derby,,GB,DE24 8UJ
Wesco Anixter,,,,,,Bracknell,,GB,RG12 1YQ
West & Senior,,,,,,Manchester,,GB,M26 1WE
West Fraser Europe,,,,,,London,,GB,EC4M 9AF
West Horsley Dairy,,,,,,Woking,,GB,GU21 5SF
Westbury Packaging,,,,,,Melksham,,GB,SN12 6SS
Westcon Group European Operations,,,,,,Cirencester,,GB,GL7 1YG
Westcountry Fruit Sales,,,,,,North Shields,,GB,NE29 7XJ
Westex (Carpets),,,,,,DEWSBURY,,GB,WF12 9QW
Westfield Medical,,,,,,Radstock,,GB,BA3 4DP
Westgate Global,,,,,,Stafford,,GB,ST16 3EA
Wetherby Stone Products,,,,,,Thirsk,,GB,YO7 3HE
Wetherby Wall Systems,,,,,,Golborne,,GB,WA3 3GS
Whale Tankers,,,,,,Solihull,,GB,B91 2SU
Whistl UK,,,,,,Marlow,,GB,SL7 1EY
Whitecroft Lighting,,,,,,Ashton Under Lyne,,GB,OL7 0AX
Whitehall Box Company,,,,,,Atherstone,,GB,CV9 1LJ
Whitemeadow Furniture,,,,,,Sutton In Ashfield,,GB,NG17 1JU
Whitford,,,,,,Runcorn,,GB,WA7 1TH
Whitman Laboratories,,,,,,Toronto,,GB,M5j 2t3
Whittaker Office Supplies,,,,,,Loughborough,,GB,LE11 5TE
Whittan Industrial,,,,,,Telford,,GB,TF7 4LN
Wholesale Welding Supplies,,,,,,Letchworth Garden City,,GB,SG6 1ET
Widney Manufacturing,,,,,,Birmingham,,GB,B6 7RT
William Blythe,,,,,,Accrington,,GB,BB5 4PD
William King,,,,,,West Bromwich,,GB,B70 9DR
Mi-King,,,,,,West Bromwich,,GB,B70 9DR
William Yule and Son,,,,,,Kirkaldy,,GB,KY1 3ER
Wilmot-Budgen,,,,,,London,,GB,SE11 5EL
Wilson Salt,,,,,,Belfast,,GB,BT3 9AR
Windmill (NI),,,,,,Belfast,,GB,BT1 6PA
Windymains Timber,,,,,,Humbie,,GB,EH36 5PA
Winn & Coales (Denso),,,,,,London,,GB,SE27 0TR
Winoa UK,,,,,,Stockton-on-Tees,,GB,TS21 1LE
Wipak UK,,,,,,Welshpool,,GB,SY21 8SL
Woodbank Timber,,,,,,Ipswich,,GB,IP3 0BT
Woodvale Studios,,,,,,Brighouse,,GB,HD6 4AB
Workwear Uniform Group,,,,,,Oldbury,,GB,B69 3ES
Wrap and Pack,,,,,,Harrow,,GB,HA3 0HD
Wrapid Manufacturing,,,,,,Bradford,,GB,BD1 2LB
Wright Health Group,,,,,,Dundee,,GB,DD2 3QD
Wurth UK,,,,,,Erith,,GB,DA18 4AF
Wyman-Gordon,,,,,,Hereford,,GB,HR4 9SL
Wynnstay Group,,,,,,Llansantffraid ym Mechain,,GB,SY22 6AQ
Glasson Grain,,,,,,Llansantffraid,,GB,SA22 6AQ
Wynnstay (Agricultural Supplies),,,,,,Ym Mechain,,GB,SY22 6AQ
XMA,,,,,,Nottingham,,GB,NG11 7EP
XPO Transport Solutions,,,,,,Crick,,GB,NN6 7SL
XSYS Flexo UK,,,,,,London,,GB,W1B 1DY
Xyntra Chemicals BV,,,,,,Helmond,,GB,5704
YAMAZAKI MAZAK U.K,,,,,,Worcester,,GB,WR4 9NF
YARA UK,,,,,,Pocklington,,GB,YO42 1DN
YB Fixings,,,,,,Glasgow,,GB,G2 1BP
YORKSHIRE PREMIER MEAT,,,,,,South Kirkby Pontefract,,GB,WF9 3NR
Yew Tree Dairy,,,,,,Market Drayton,,GB,TF9 3SQ
Yew Tree Dairy Partco,,,,,,Market Drayton,,GB,TF9 3SQ
York House (Meat Products),,,,,,Sandy,,GB,SG19 2YH
Fresh From Cornwall,,,,,,Sandy,,GB,SG19 2YH
Yorkshire Packaging Systems,,,,,,Brighouse,,GB,HD6 1QF
ZB UK Group Holdings,,,,,,Swindon,,GB,SN5 6NX
Zimmer Biomet UK,,,,,,Swindon,,GB,SN5 6NX
ZF Automotive UK,,,,,,Solihull,,GB,B90 8BG
ZF CV Distribution,,,,,,Batley,,GB,WF17 9LW
ZF Lemforder,,,,,,Wednesbury,,GB,WS10 8XL
ZF Services UK,,,,,,Nottingham,,GB,NG7 2SX
ZG Lighting (UK),,,,,,Chalfont St Peter,,GB,SL9 9FG
Zebra Technologies Europe,,,,,,Bourne End,,GB,SL8 5XF
Zeelandia,,,,,,Colchester,,GB,CO4 5WY
Zehnder Group UK,,,,,,Camberley,,GB,GU15 3AD
Zenith Print and Packaging,,,,,,Pontypridd,,GB,CF37 5SX
Zentia,,,,,,Grey Street,,GB,NE1 6AH
Zentia Profiles,,,,,,Newcastle Upon Tyne,,GB,NE1 6AH
Zeus Packaging Agri,,,,,,Biggleswadestratton Business Park,,GB,SG18 8YL
Zotefoams,,,,,,London,,GB,EC2M 7AQ
ebm-papst UK,,,,,,Chelmsford,,GB,CM2 5EZ
ekeg,,,,,,Rotherham,,GB,S63 0BA
i2r Packaging Solutions,,,,,,Telford,,GB,TF1 6QJ
