companyname,companywebsite,companyemaildomain,linkedincompanypageurl,stocksymbol,industry,city,state,companycountry,zipcode
0404 Investments,,,,,,Burnley,,GB,BB12 7NG
Firststeel,,,,,,Padiham Burnley,,GB,BB12 7NG
The Plastic Box Company,,,,,,Burnley,,GB,BB12 7NG
What More UK,,,,,,Padiham Burnley,,GB,BB12 7NG
10 Motives,,,,,,London,,GB,W4 5YG
151 Products,,,,,,Manchester,,GB,M4 6AF
2K Polymer Systems,,,,,,Alfreton,,GB,DE55 7RA
3M United Kingdom,,,,,,Bracknell,,GB,RG12 8HT
7 Steel (UK) Holdings,,,,,,Cardiff,,GB,CF24 5NN
7 Steel Manufacturing,,,,,,Cardiff,,GB,CF24 5NN
7 Steel Service,,,,,,Cardiff,,GB,CF24 5NN
BRC,,,,,,Cardiff,,GB,CF24 5NN
Rom Group,,,,,,Cardiff,,GB,CF24 5NN
A & B Vintners,,,,,,LONDON,,GB,W1U 7NA
A & D HOPE,,,,,,London,,GB,W1D 1LL
A 1 Bacon Company,,,,,,Harlow,,GB,CM19 5TB
A E Chapman & Son,,,,,,Gatwick,,GB,RH11 0PQ
A E Spink,,,,,,Doncaster,,GB,DN1 3RA
A Nelson & Co,,,,,,London,,GB,SW19 5LP
A S Green,,,,,,Malvern,,GB,WR13 5PR
A-Gas (UK),,,,,,Bristol,,GB,BS20 7XH
A-Gas Electronic Materials,,,,,,Bristol,,GB,BS20 7XH
A. & F.A. Dundee,,,,,,Belfast,,GB,BT6 9HL
A. Camacho U.K,,,,,,Great Cambourne,,GB,CB23 6JN
A. Poortman (London),,,,,,London,,GB,EC2A 4DE
A. Schulman Gainsborough,,,,,,Gainsborough,,GB,DN21 1RZ
A. Schulman Inc,,,,,,Newport,,GB,NP11 3AF
A. Schulman Thermoplastic Compounds,,,,,,Warrington,,GB,WA1 4RA
A. Share & Sons,,,,,,Sunderland,,GB,SR1 1HA
A. Vogel,,,,,,Irvine,,GB,KA11 5DD
A.& J.Scott,,,,,,Alnwick,,GB,NE66 4XW
A.B. Distributors,,,,,,Belfast,,GB,BT7 2JB
A.B. PRODUCE,,,,,,London,,GB,SE1 9SG
A.C. Worldwide Group,,,,,,High Wycombe,,GB,HP12 4HQ
A.C. Entertainment Technologies,,,,,,High Wycombe,,GB,HP12 4HQ
A.C. Special Projects,,,,,,High Wycombe,,GB,HP12 4HQ
Flashlight,,,,,,High Wycombe,,GB,HP12 4HQ
In-Motion,,,,,,High Wycombe,,GB,HP12 4HQ
LCA Lights Camera Action,,,,,,High Wycombe,,GB,HP12 4HQ
Pro UV Lamps,,,,,,High Wycombe,,GB,HP12 4HQ
A.E. Rodda & Son,,,,,,Redruth,,GB,TR16 5BU
A.E.S. Engineering,,,,,,Rotherham,,GB,S60 1BZ
AESSEAL,,,,,,Rotherham,,GB,S60 1BZ
AESSEAL (MCK),,,,,,Lisburn,,GB,BT27 5QE
AESSEAL Marine,,,,,,Rotherham,,GB,S60 1BZ
AVT Reliability,,,,,,Rotherham,,GB,S60 1BZ
AVTPump,,,,,,Rotherham,,GB,S60 1BZ
Vulcan Engineering,,,,,,Sheffield,,GB,S8 0JR
A.F.BLAKEMORE AND SON,,,,,,Willenhall,,GB,WV13 2JP
A.G. Barr,,,,,,Cumbernauld,,GB,G68 9HD
A.G. Parfett and Sons,,,,,,Stockport,,GB,SK4 2JP
A.G. THAMES HOLDINGS,,,,,,Crayford,,GB,DA1 4QP
CHINGFORD FRUIT,,,,,,Crayford,,GB,DA1 4QP
A.J. AND R.G.BARBER,,,,,,Shepton Mallet,,GB,BA4 6PR
A.J. & R.G.BARBER (SALES),,,,,,Shepton Mallet,,GB,BA4 6PR
ASHLEY CHASE ESTATE,,,,,,Ditcheat,,GB,BA4 6PR
A.J. WELLS & SONS,,,,,,Isle Of Wight,,GB,PO30 5WS
A.J.N. Steelstock,,,,,,Newmarket,,GB,CB8 7QT
A.K. Stoddart,,,,,,Broxburn,,GB,EH52 5NN
A.One Feed Supplements,,,,,,Thirsk,,GB,YO7 3DH
A.S. Watson (Health & Beauty UK),,,,,,London,,GB,SW11 4AN
Savers Health and Beauty,,,,,,London,,GB,SW11 4AN
Superdrug Stores,,,,,,Croydon,,GB,CR0 2EU
A.W.CHAMPION,,,,,,New Malden,,GB,KT3 4NB
AAF McQuay UK,,,,,,Cramlington,,GB,NE23 8AF
AAF,,,,,,Cramlington,,GB,NE23 8AF
Air Filters,,,,,,Cramlington,,GB,NE23 8AF
Daikin Applied (UK),,,,,,Cramlington,,GB,NE23 8AF
AAK BD Foods,,,,,,Kingston-Upon-Hull,,GB,HU9 5PX
AAlberts Integrated Piping Systems,,,,,,Doncaster,,GB,DN4 8DF
AB Agri,,,,,,London,,GB,W1K 4QY
Greencoat,,,,,,London,,GB,W1K 4QY
National Milk Records,,,,,,London,,GB,W1K 4QY
AB Inbev UK,,,,,,London,,GB,EC4A 1EN
AB World Foods,,,,,,London,,GB,W1K 4QY
ABB,,,,,,Warrington,,GB,WA4 4BT
ABB Cable Management Products,,,,,,Warrington,,GB,WA4 4BT
ABB Installation Products,,,,,,Warrington,,GB,WA4 4BT
W.J. Furse & Co,,,,,,Warrington,,GB,WA4 4BT
ABCO KOVEX (UK),,,,,,LONDON,,GB,W1H 5BT
ABF Grain Products,,,,,,London,,GB,W1K 4QY
ABILITY PROJECTS,,,,,,Southampton,,GB,SO30 2DF
ABLEBOX,,,,,,Sherborne,,GB,DT9 4JW
ACO Technologies,,,,,,Shefford,,GB,SG17 5TE
ADA Cosmetics International,,,,,,Bedford,,GB,MK40 2BP
ADENA BRANDS,,,,,,London,,GB,W11 4AN
ADEXA DIRECT,,,,,,Treorchy,,GB,CF42 6DL
ADI-Gardiner,,,,,,Oldham,,GB,OL9 9XA
ADIDAS (U.K.),,,,,,Stockport,,GB,SK7 5SA
ADM Agriculture,,,,,,Gainsborough,,GB,DN21 5TH
ADM MILLING,,,,,,Erith,,GB,DA8 1DL
ADM INTERNATIONAL,,,,,,Edinburgh,,GB,EH12 9EG
ADM PROTEXIN,,,,,,Salford,,GB,M3 5GS
ADS Group Holdings,,,,,,Bromborough,,GB,CH62 3RE
A.D.S. Graphics,,,,,,Bromborough,,GB,CH62 3RE
Addition Design,,,,,,Bromborough,,GB,CH62 3RE
ADT Fire And Security,,,,,,Sunbury On Thames,,GB,TW16 5DB
ADTRAN EUROPE,,,,,,Basingstoke,,GB,RG24 8UT
ADVANCED ELASTOMER SYSTEMS UNLIMITED,,,,,,,,GB,
ADVANCED MEDICAL SOLUTIONS,,,,,,Winsford,,GB,CW7 3RT
RALEIGH ADHESIVE COATINGS,,,,,,Winsford,,GB,CW7 3RT
AEI Cables,,,,,,Washington,,GB,NE38 0AE
AESC UK Plant 1,,,,,,Sunderland,,GB,SR5 3NS
AETC,,,,,,Leeds,,GB,LS19 7AW
AFE Group,,,,,,King's Lynn,,GB,PE30 2HZ
AFFCO EUROPE,,,,,,Woodcote,,GB,RG8 0RR
AFH Stores,,,,,,London,,GB,W1J 6BD
AFL Telecommunications UK,,,,,,Central Milton Keynes,,GB,MK5 8HJ
AFT Aerosols,,,,,,Stoke on Trent,,GB,ST4 2NL
AG Paving And Building Products,,,,,,Fivemiletown,,GB,BT75 0SY
AGA Print,,,,,,Southend On Sea,,GB,SS2 5QF
AGA Rangemaster,,,,,,Nottingham,,GB,NG10 2GD
AGC Chemicals Europe,,,,,,Thornton-Cleveleys,,GB,FY5 4QD
AGC Glass,,,,,,Northampton,,GB,NN3 8RG
AGGREGATES R US,,,,,,Doncaster,,GB,DN9 3GA
AGRICULTURAL CENTRAL TRADING,,,,,,Shrewsbury,,GB,SY4 4UG
AH UK Animal Health (PVT),,,,,,London,,GB,W2 1AS
AI Aqua Zip UK,,,,,,Reading,,GB,RG1 3BD
Culligan Water,,,,,,Reading,,GB,RG1 3BD
Zip Heaters,,,,,,Reading,,GB,RG1 3BD
AICO,,,,,,Oswestry,,GB,SY10 8NR
AIRTECH ADVANCED MATERIALS,,,,,,Oldham,,GB,OL9 9XD
AJ Plumbing Supplies,,,,,,Newry,,GB,BT34 2QU
AKS Precision Ball Europe,,,,,,London,,GB,EC2R 7HJ
AKW Medi-Care,,,,,,Droitwich Spa,,GB,WR9 0LR
AL-KO Gardentech,,,,,,Wincanton,,GB,BA9 9RS
ALAN BAYBUTT & SONS,,,,,,Preston,,GB,PR4 6XJ
ALCURA UK,,,,,,Woking,,GB,GU21 5BJ
ALEXANDER DENNIS,,,,,,Larbert,,GB,FK5 4RU
ALFA LAVAL,,,,,,Surrey,,GB,GU15 3DN
TRANTER,,,,,,Wakefield,,GB,WF2 9FR
ALIAXIS UK,,,,,,Huntingdon,,GB,PE29 7DA
ALL ABOUT BRICKS,,,,,,Alfreton,,GB,DE55 2DS
ALL MARKET EUROPE,,,,,,London,,GB,EC1R 4SX
ALL SAINTS RETAIL,,,,,,London,,GB,E1 6NN
JVUK HOLDCO,,,,,,London,,GB,E1 6NN
ALLIANCE SANITARY PRODUCTS,,,,,,EAST KILBRIDE,,GB,G75 0TD
ALLOGA UK,,,,,,Alfreton,,GB,DE55 2FH
ALLPRESS ESPRESSO UK,,,,,,London,,GB,EC1A 7BN
ALLPRINT SUPPLIES,,,,,,Slough,,GB,SL1 4PY
ALPEK POLYESTER,,,,,,Redcar,,GB,TS10 4XZ
ALPLA UK,,,,,,Warrington,,GB,WA3 3JD
ALTRIPAN UK,,,,,,Abergavenny,,GB,NP7 5NW
AM Fresh Group UK,,,,,,London,,GB,N1 9AG
AM Fresh UK,,,,,,Peterborough,,GB,PE7 3HH
AM Freshly Squeezed,,,,,,Skelmersdale,,GB,WN8 9TQ
AMK Peterborough Fruit Services,,,,,,Peterborough,,GB,PE7 3HH
AMT Fresh,,,,,,Peterborough,,GB,PE7 3HH
AMARI METALS ENGINEERING GROUP,,,,,,Wednesbury,,GB,WS10 7WP
ABL (ALUMINIUM COMPONENTS),,,,,,Wednesbury,,GB,WS10 7WP
ALUMINIUM SHAPES,,,,,,Wednesbury,,GB,WS10 7WP
AMARI COPPER ALLOYS,,,,,,Wednesbury,,GB,WS10 7WP
AMARI PRECISION TUBES,,,,,,Wednesbury,,GB,WS10 7WP
ANGLO METAL FORMING,,,,,,Wednesbury,,GB,WS10 7WP
CAPITAL ALUMINIUM EXTRUSIONS,,,,,,Wednesbury,,GB,WS10 7WP
CASHMORES METALS,,,,,,Wednesbury,,GB,WS10 7WP
D H STAINLESS,,,,,,Wednesbury,,GB,WS10 7WP
DURBIN METAL INDUSTRIES,,,,,,Wednesbury,,GB,WS10 7WP
EDMO,,,,,,Wednesbury,,GB,WS10 7WP
ENFIELD TUBES,,,,,,Wednesbury,,GB,WS10 7WP
G AND H STAINLESS,,,,,,Wednesbury,,GB,WS10 7WP
S.S.E. PIPEFITTINGS,,,,,,Wednesbury,,GB,WS10 7WP
STAINLESS METRIC STOCK,,,,,,Wednesbury,,GB,WS10 7WP
THE ALTERNATIVE STEEL COMPANY,,,,,,Wednesbury,,GB,WS10 7WP
YORKSHIRE STAINLESS,,,,,,Wednesbury,,GB,WS10 7WP
AMARI METALS,,,,,,Wednesbury,,GB,WS10 7WP
AALCO METALS,,,,,,Wednesbury,,GB,WS10 7WP
RIGHTON & BLACKBURNS,,,,,,Wednesbury,,GB,WS10 7WP
AMAZON FILTERS,,,,,,Camberley,,GB,GU16 7PG
AMBALA FOODS,,,,,,Enfield,,GB,EN3 7PJ
AMBER BEVERAGE UK,,,,,,London,,GB,WC2E 7PP
AMC Natural Drinks,,,,,,London,,GB,EC4A 3TW
AMCOR FLEXIBLES DISTRIBUTION UK,,,,,,Swansea,,GB,SA7 9BB
AMCOR FLEXIBLES SWANSEA,,,,,,Swansea,,GB,SA7 9BB
AMCOR FLEXIBLES UK,,,,,,Bristol,,GB,BS30 8XP
AMCOR FLEXIBLES WINTERBOURNE,,,,,,Bristol,,GB,BS30 8XP
AMCOR PACKAGING UK,,,,,,Bristol,,GB,BS30 8XP
AMENITY HORTICULTURAL SERVICES,,,,,,Rye,,GB,TN31 6QN
AMG Chrome,,,,,,Rotherham,,GB,S60 1DL
AMG Alpoco,,,,,,Rotherham,,GB,S60 1DL
AMIROSE LONDON,,,,,,Thetford,,GB,IP24 1HZ
AMO United Kingdom,,,,,,Wokingham,,GB,RG40 3EW
ANCIENT WISDOM MARKETING,,,,,,Sheffield,,GB,S9 1XT
ANGLING DIRECT,,,,,,Norwich,,GB,NR13 6LH
ANGLO BEEF PROCESSORS,,,,,,,,GB,
ANGLO BEEF PROCESSORS UK,,,,,,Shrewsbury,,GB,SY1 4AH
KETTYLE FOODS,,,,,,ARMAGH,,GB,BT67 9JD
LINDEN FOODS,,,,,,ARMAGH,,GB,BT67 9JD
ANGUS SOFT FRUITS,,,,,,Arbroath,,GB,DD11 5SD
AO Retail,,,,,,Bolton,,GB,BL6 4SD
AOC Resins,,,,,,Bury St. Edmunds,,GB,IP28 6JY
APAC Group,,,,,,Loughborough,,GB,LE11 3NP
APEX STAINLESS FASTENERS,,,,,,Wednesbury,,GB,WS10 7WW
API Transfer Technologies,,,,,,Edinburgh,,GB,EH3 9WJ
APPLEBY WESTWARD GROUP,,,,,,Saltash,,GB,PL12 6LX
GILLETT'S (CALLINGTON),,,,,,Cornwall,,GB,PL12 6LX
WESSEX RETAIL,,,,,,Saltash,,GB,PL12 6LX
APS GROUP GLOBAL,,,,,,Stockport,,GB,SK3 0ZP
APS Group (Scotland),,,,,,Edinburgh,,GB,EH6 5NA
Allied Publicity Services (Manchester),,,,,,Stockport,,GB,SK3 0ZP
APS Produce,,,,,,Chichester,,GB,PO20 1NW
THE TOMATO STALL,,,,,,Chichester,,GB,PO20 1NW
AQL INTERNATIONAL,,,,,,Bolton,,GB,BL3 3PR
ARC Building Solutions,,,,,,Leeds,,GB,LS27 7JZ
ARCH TIMBER PROTECTION,,,,,,Manchester,,GB,M9 8GQ
ARCH UK BIOCIDES,,,,,,Manchester,,GB,M9 8GQ
ARDEN FINE FOODS (UK),,,,,,Coventry,,GB,CV4 9XA
ARDEN WOOD SHAVINGS,,,,,,London,,GB,N1 9JY
ARMIT WINES,,,,,,London,,GB,W6 0LG
ARMOUR PLASTICS,,,,,,Sunderland,,GB,SR4 9EN
ARNE CLO,,,,,,Warrington,,GB,WA3 6ZN
ARNOLD CLARK AUTOMOBILES,,,,,,Glasgow,,GB,G52 4FH
ARRIS Global,,,,,,London,,GB,WC2B 5AH
ARTIFEX INTERIOR SYSTEMS,,,,,,Solihull,,GB,B37 7HE
ARVATO SCM UK,,,,,,BIRMINGHAM,,GB,b46 1al
ASA UK & Ireland,,,,,,Liverpool,,GB,L2 9TL
ASC REGENITY,,,,,,London,,GB,W1C 2PE
ASCO FOODS,,,,,,Amersham,,GB,HP6 6FT
ASD Lighting,,,,,,Rotherham,,GB,S61 4RJ
ASG Group,,,,,,Derby,,GB,DE24 8PX
ASHI GROUP,,,,,,Norwich,,GB,NR6 6EU
ASK CHEMICALS,,,,,,Droitwich,,GB,WR9 0NS
ASOS.com,,,,,,London,,GB,NW1 7FB
ASPINAL OF LONDON,,,,,,Fernhurst,,GB,GU27 3HA
ASPIRE FURNITURE,,,,,,Barnsley,,GB,S70 6AF
ASSOCIATED INDEPENDENT STORES,,,,,,Solihull,,GB,B90 4LF
ASTON MARTIN LAGONDA,,,,,,Warwick,,GB,CV35 0DB
AU Vodka,,,,,,Swansea,,GB,SA7 0AR
AUTOCRAFT DRIVETRAIN SOLUTIONS,,,,,,Grantham,,GB,NG32 2LY
AVF Group,,,,,,Telford,,GB,TF1 7YE
AVICA,,,,,,Watford,,GB,WD18 8QZ
AVK UK,,,,,,NORTHAMPTON,,GB,NN4 7YB
AVON GROUP MANUFACTURING (HOLDINGS),,,,,,Bristol,,GB,BS3 2TL
A.E.R. STAFFORD,,,,,,Bristol,,GB,BS3 2TL
ACOUSTAPRODUCTS,,,,,,Bristol,,GB,BS3 2TL
AVON ENGINEERED RUBBER,,,,,,Bristol,,GB,BS3 2TL
AVON GROUP MANUFACTURING,,,,,,Bristol,,GB,BS3 2TL
AVON TSA,,,,,,Bristol,,GB,BS3 2TL
EDGEWEST PLASTICS (UK),,,,,,Bristol,,GB,BS3 2TL
FOAM TECHNIQUES,,,,,,Bristol,,GB,BS3 2TL
P & D MANUFACTURING,,,,,,Bristol,,GB,BS3 2TL
SCANDURA,,,,,,Bristol,,GB,BS3 2TL
AXALTA COATING SYSTEMS HUTHWAITE UK,,,,,,Aberdeen,,GB,AB11 5DD
AXTER,,,,,,Ipswich,,GB,IP2 8NJ
Aalberts HFC,,,,,,St Helens,,GB,WA10 6PB
Abbey View Produce,,,,,,Waltham Abbey,,GB,EN9 2AG
Abbott Laboratories,,,,,,Maidenhead,,GB,SL6 4XE
Abbott Diabetes Care,,,,,,Witney,,GB,OX29 0YL
Abbott Medical U.K,,,,,,Solihull,,GB,B90 8AJ
Abbott Toxicology,,,,,,Abingdon,,GB,OX14 1DY
Axis-Shield Diagnostics,,,,,,Dundee,,GB,DD2 1XA
Abbott Rapid Diagnostics,,,,,,Maidenhead,,GB,SL6 4XE
Abbvie,,,,,,Maidenhead,,GB,SL6 4UB
Abcam,,,,,,Cambridge,,GB,CB2 0AX
Abena,,,,,,Coventry,,GB,CV5 6US
Abergavenny Fine Foods,,,,,,Abergavenny,,GB,NP7 7RZ
Acco,,,,,,Aylesbury,,GB,HP21 7QG
Accor Hotelservices UK,,,,,,London,,GB,W6 7AP
Accora,,,,,,Orwell Royston,,GB,SG8 5QP
Accord Healthcare,,,,,,North Harrow,,GB,HA1 4HF
Accord-UK,,,,,,Barnstaple,,GB,EX32 8NS
Acdoco,,,,,,Bolton,,GB,BL1 8PP
Acer U.K,,,,,,West Drayton,,GB,UB7 0DQ
Acesur,,,,,,Ascot,,GB,SL5 9NP
Acme Vape,,,,,,Preston,,GB,PR1 1AF
Acopia Group,,,,,,Littlehampton,,GB,BN16 3BZ
Acorn Mobility Services,,,,,,Steeton,,GB,BD20 6RB
Acorn Web Offset,,,,,,Wakefield,,GB,WF6 1TW
Acosta RH,,,,,,Woking,,GB,GU21 5BH
Dee Set Confectionery,,,,,,Stoke-On-Trent,,GB,ST4 2HX
White Hinge,,,,,,Stoke on Trent,,GB,ST4 2HX
Acqua Di Parma,,,,,,Hersham,,GB,KT12 4NH
ActicareUK,,,,,,HEREFORD,,GB,HR2 6FN
Acushnet Europe,,,,,,St Ives,,GB,PE27 3LU
Adama Agricultural Solutions,,,,,,Reading,,GB,RG7 4SA
Adams Foodservice Trading,,,,,,London,,GB,NW10 7BW
Adapa UK Edinburgh,,,,,,Edinburgh,,GB,EH3 8BP
Addis Housewares,,,,,,Bridgend,,GB,CF31 3US
Adelphi Holdings,,,,,,Haywards Heath,,GB,RH161XQ
Adelphi (Tubes),,,,,,Haywards Heath,,GB,RH16 1XQ
Adelphi Manufacturing Company,,,,,,Haywards Heath,,GB,RH16 1XQ
Adelphi Masterfil,,,,,,Haywards Heath,,GB,RH16 1XQ
PHARMA HYGIENE PRODUCTS,,,,,,Haywards Heath,,GB,RH16 1XQ
Adient Seating,,,,,,London,,GB,WC1N 3AX
Adnams,,,,,,Suffolk,,GB,IP18 6JW
Adshead Ratcliffe & Co,,,,,,Belper,,GB,DE56 1WJ
Adtran Networks (UK),,,,,,York,,GB,YO30 4RY
Advance Tapes International,,,,,,Leicester,,GB,LE4 8PH
Advanced Supply Chain Group,,,,,,Telford,,GB,TF3 3BD
Aegg,,,,,,Yaxley Eye,,GB,IP23 8BW
Aero Forgings Bidco,,,,,,Matlock,,GB,DE4 2JB
Blaenavon Forgings,,,,,,Matlock,,GB,DE4 2JB
Forged Solutions Group,,,,,,Matlock,,GB,DE4 2JB
Aeroplas (U.K),,,,,,Tipton,,GB,DY4 7AB
Aesop,,,,,,London,,GB,SE1 2HD
Affinity Fragrances,,,,,,Iver,,GB,SL0 9JQ
Afton Chemical,,,,,,Bracknell,,GB,RG12 2UW
Agco,,,,,,Kenilworth,,GB,CV8 2TQ
Agilent Technologies LDA UK,,,,,,Cheadle,,GB,SK8 3GR
Agrial Fresh Produce,,,,,,Lichfield,,GB,WS13 8NF
Agrihealth (N.I.),,,,,,Craigavon,,GB,BT66 6LN
Agrovista UK,,,,,,Nottingham,,GB,NG7 2PZ
Ahlstrom Chirnside,,,,,,London,,GB,EC3M 7AF
Ahmad Tea,,,,,,Chandlers Ford,,GB,SO53 2PZ
Aimia Foods,,,,,,Haydock,,GB,WA11 0QZ
Air Business,,,,,,Hatfield,,GB,AL10 9WN
Air Liquide UK,,,,,,Birmingham,,GB,B46 1JY
Air Liquide,,,,,,Birmingham,,GB,B46 1JY
Air Liquide Healthcare,,,,,,Birmingham,,GB,B46 1JY
Calgaz,,,,,,Birmingham,,GB,B46 1JY
Energas,,,,,,Birmingham,,GB,B46 1JY
Air Products Group,,,,,,Chertsey,,GB,KT16 0PS
Air Products,,,,,,Chertsey,,GB,KT16 0PS
Airbus Operations,,,,,,Bristol,,GB,BS34 7PA
Airea,,,,,,Wakefield,,GB,WF5 0AN
Burmatex,,,,,,Ossett,,GB,WF5 0AN
Airedale Chemical Company,,,,,,Keighley,,GB,BD20 7BX
Airedale International Air Conditioning,,,,,,Leeds,,GB,LS19 6JY
Airflow Developments,,,,,,High Wycombe,,GB,HP12 3QP
Airwair International,,,,,,Wollaston,,GB,NN29 7SW
Aisin Europe Manufacturing (UK),,,,,,Birmingham,,GB,B32 3BZ
Akzo Nobel Aerospace Coatings,,,,,,Slough,,GB,SL2 5DS
Akzo Nobel Coatings,,,,,,Slough,,GB,SL2 5DS
Akzo Nobel Industrial Coatings,,,,,,Slough,,GB,SL2 5DS
Akzo Nobel Packaging Coatings,,,,,,Slough,,GB,SL2 5DS
Akzo Nobel Powder Coatings,,,,,,Slough,,GB,SL2 5DS
Alba Trees,,,,,,London,,GB,SW1X 9DQ
Albis (U.K),,,,,,Knutsford,,GB,WA16 8GS
Aldi Stores,,,,,,Atherstone,,GB,CV9 2SQ
Aldridge Security,,,,,,Birmingham,,GB,B11 2BF
Alec Jarrett,,,,,,Bristol,,GB,BS30 9TN
Alexander McQueen Trading,,,,,,Haywards Heath,,GB,RH16 3BW
Alexander Rose,,,,,,Burgess Hill,,GB,RH15 9LE
Alexir Packaging,,,,,,Godalming,,GB,GU7 1XW
Alexir Co-Packers,,,,,,Godalming,,GB,GU7 1XW
Alfa Chemicals,,,,,,Bracknell,,GB,RG42 4PZ
Alfrecell,,,,,,Alfreton,,GB,DE55 4RD
Alfred Franks & Bartlett,,,,,,London,,GB,N3 2JX
AFB Licensing,,,,,,London,,GB,N3 2JX
Alfred G Pearce,,,,,,King's Lynn,,GB,PE33 0BE
Alfred Price and Sons,,,,,,Ormskirk,,GB,L40 8LT
All About Food,,,,,,Manchester,,GB,M1 2EJ
All Metal Services,,,,,,Sutton Coldfield,,GB,B76 1AF
All4Labels,,,,,,Leeds,,GB,LS28 6QW
Allegion (UK),,,,,,Bury,,GB,BL9 9UE
Boss Door Controls,,,,,,Livingstone,,GB,EH54 9ET
Zero Seal Systems,,,,,,Stafford,,GB,ST18 9QG
Allen & Page,,,,,,Thetford,,GB,IP25 7SD
Allensmore Nurseries,,,,,,Hereford,,GB,HR2 9AN
Allflex UK Group,,,,,,Stanley,,GB,DH9 7YA
Alliance Boots Holdings,,,,,,London,,GB,W1C 2JL
Aromatherapy Associates,,,,,,London,,GB,W1C 2JL
Boots International,,,,,,Nottingham,,GB,NG2 3AA
Boots Opticians Professional Services,,,,,,Nottingham,,GB,NG2 3AA
Boots UK,,,,,,Nottingham,,GB,NG2 3AA
Liz Earle Beauty Co,,,,,,London,,GB,W1C 2JL
The Refinery,,,,,,London,,GB,EC3V 3DG
Alliance Disposables,,,,,,Crewe,,GB,CW2 8UY
Alliance Group (NZ),,,,,,London,,GB,N1 7LG
Alliance Healthcare (Distribution),,,,,,Chessington,,GB,KT9 1SN
Alliance Pharmaceuticals,,,,,,Chippenham,,GB,SN15 2BB
Alliance Wine Company,,,,,,,,GB,KA15 1LN
H2Vin,,,,,,,,GB,SE1 3TP
Allied Comline,,,,,,Bedford,,GB,MK43 9ST
Allied International Trading,,,,,,Smethwick,,GB,B66 2NN
Allied Mills,,,,,,London,,GB,W1K 4QY
Allison Baby UK,,,,,,London,,GB,EC4M 7AN
Allmand - Smith,,,,,,Congleton,,GB,CW12 1ET
Allmanhall,,,,,,Corsham,,GB,SN13 0NY
Allnex Resins UK,,,,,,London,,GB,W1S 4HQ
Allpack Packaging,,,,,,Kingswood Lakeside,,GB,WS11 8LD
Alltech (U.K.),,,,,,Stamford,,GB,PE9 1TZ
Allwise Holdings,,,,,,London,,GB,W1U 7EU
Justwise Group,,,,,,London,,GB,W1U 7EU
Justwise International,,,,,,,,GB,W1U 7EU
Almac Group,,,,,,Craigavon,,GB,BT63 5QD
Almac Clinical Services,,,,,,Craigavon,,GB,BT63 5QD
Almac Diagnostic Services,,,,,,Craigavon,,GB,BT63 5QD
Almac Pharma Services,,,,,,Craigavon,,GB,BT63 5QD
Almac Sciences,,,,,,Craigavon,,GB,BT63 5QD
Alpha 3 Manufacturing,,,,,,Scunthorpe,,GB,DN15 8RF
Tekdata Interconnections,,,,,,Scunthorpe,,GB,DN15 8RF
Alpha Coatings,,,,,,Sheerness,,GB,ME12 3XS
Alpha Laboratories,,,,,,London,,GB,EC1M 6EE
Alpha Therm,,,,,,Sevenoaks,,GB,TN15 7RS
Alphatheta EMEA,,,,,,London,,GB,N7 9AH
Alpro,,,,,,Kettering,,GB,NN15 5YT
Alsico Laucuba,,,,,,Preston,,GB,PR2 9ZD
Alstom Engineering And Services,,,,,,Derby,,GB,DE24 8AD
Alstons (Upholstery),,,,,,Colchester,,GB,CO2 9JU
Altair,,,,,,Hemel Hempstead,,GB,HP2 4TZ
Altecnic,,,,,,Stafford,,GB,ST16 1WQ
Altro,,,,,,Letchworth Garden City,,GB,SG6 1NW
AluK (GB),,,,,,Chepstow,,GB,NP16 6UD
Aluminium Roofline Products,,,,,,Kettering,,GB,NN15 5JP
Alvis Brothers,,,,,,Bristol,,GB,BS40 5RH
Amada United Kingdom,,,,,,Kidderminster,,GB,DY10 1XS
Amann Threads UK,,,,,,Ashton-Under-Lyne,,GB,OL7 0PJ
Amathus Drinks,,,,,,London,,GB,NW10 7ST
Amazon EU SARL UK Branch,,,,,,London,,GB,EC2A 2FA
Amber House,,,,,,Lewe,,GB,BN8 5FF
Amber Taverns,,,,,,Blackpool,,GB,FY1 3NW
Amcol Minerals EU,,,,,,London,,GB,E1 6RS
Amcol Minerals Europe,,,,,,London,,GB,E1 6RS
CETCO (Europe),,,,,,London,,GB,E1 6RS
Amega Sciences,,,,,,Daventry,,GB,NN11 8PH
Amelia Knight,,,,,,Knutsford,,GB,WA16 8ZR
Amer Sports UK Services,,,,,,Irvine,,GB,KA11 4HU
Amer Sports UK,,,,,,Blackwater,,GB,GU17 9AB
Ametek European Holdings,,,,,,Leicester,,GB,LE4 9JD
AEM,,,,,,Leicester,,GB,LE4 9JD
AMETEK (GB),,,,,,Leicester,,GB,LE4 9JD
AMETEK Airtechology Group,,,,,,Leicester,,GB,LE4 9JD
Abaco Systems,,,,,,Leicester,,GB,LE4 9JD
Alphasense,,,,,,Leicester,,GB,LE4 9JD
Fine Tubes,,,,,,Leicester,,GB,LE4 9JD
Land Instruments International,,,,,,Leicester,,GB,LE4 9JD
Muirhead Aerospace,,,,,,Leicester,,GB,LE4 9JD
Nu Instruments,,,,,,Leicester,,GB,LE4 9JD
Solartron Metrology,,,,,,Leicester,,GB,LE4 9JD
Taylor Hobson,,,,,,Leicester,,GB,LE4 9JD
Amipak,,,,,,Croydon,,GB,CR0 3RL
Amnack,,,,,,Doncaster,,GB,DN5 0SJ
Amphenol Thermometrics,,,,,,Taunton,,GB,TA2 8QY
Amway,,,,,,Birmingham,,GB,B3 3AX
Analytichem,,,,,,Bicester,,GB,OX26 4XB
Andaray (Holdings),,,,,,Sheffield,,GB,S9 1RS
Beck Prosper,,,,,,Kingswinford,,GB,DY6 7TR
Cooper & Turner,,,,,,Sheffield,,GB,S9 1RS
Cooper and Turner Distribution,,,,,,Rotherham,,GB,S60 2XL
Andreas Stihl,,,,,,Camberley,,GB,GU15 3FG
Andrew Design & Integration,,,,,,Malton,,GB,YO17 6AE
Andrew Ingredients,,,,,,Lisburn,,GB,BT28 2EX
Andrew Marr International,,,,,,Hessle,,GB,HU13 0EE
Fastnet Fish,,,,,,Hull,,GB,HU13 0EE
Marrfish,,,,,,Hessle,,GB,HU13 0EE
Andrew Technologies AG,,,,,,Zurich,,GB,8001
Andros,,,,,,Frome,,GB,BA11 2NQ
Anglo Global Property,,,,,,Manchester,,GB,M2 3DE
Anglo-Norden Forest Products,,,,,,Ipswich,,GB,IP3 0BT
Anikin,,,,,,London,,GB,E1 6JJ
Anker Technology,,,,,,Watford,,GB,WD17 1JA
Ann Summers,,,,,,Whyteleafe,,GB,CR3 0GG
Annaghmore Agencies,,,,,,Portadown,,GB,BT62 1NA
Annodata,,,,,,Hemel Hempstead,,GB,HP2 7TG
Anon UK Holding,,,,,,Leeds,,GB,LS10 1SD
Anpario,,,,,,Worksop,,GB,S80 2RS
Ansell (Sales & Distribution),,,,,,Golborne,,GB,WA3 3JD
Ansell Electrical Products,,,,,,Warrington,,GB,WA3 3JD
Antalis,,,,,,Coalville,,GB,LE67 1LE
Antec International,,,,,,Sudbury,,GB,CO10 2XD
Anthony Rowcliffe And Son,,,,,,Redhill,,GB,RH1 1LQ
Antolin Interiors UK,,,,,,Redditch,,GB,B98 9HL
Apelson Appliances,,,,,,Normanton,,GB,WF6 1TR
Apetito,,,,,,Trowbridge,,GB,BA14 8RJ
Apparel Brands,,,,,,Manchester,,GB,M1 1FR
Bench Fashion,,,,,,Manchester,,GB,M1 1FR
Nicce Fashon,,,,,,Manchester,,GB,M1 1FR
Apple Retail,,,,,,London,,GB,EC2R 7HJ
Applied Nutrition,,,,,,Liverpool,,GB,L33 7UG
Aptar,,,,,,Leeds,,GB,LS27 0LL
Aqua Cure,,,,,,Burscough,,GB,L40 8AF
Aqualisa Products,,,,,,Kent,,GB,TN16 1DE
Aquascot,,,,,,Alness,,GB,IV17 0PJ
Aquaspersions,,,,,,Halifax,,GB,HX3 6AQ
Aquilant Northern Ireland,,,,,,Belfast,,GB,BT23 6BL
Arabelle Services,,,,,,Rugby,,GB,CV21 2NH
Aramark,,,,,,London,,GB,WC1X 8BB
ArcelorMittal Kent Wire,,,,,,Chatham,,GB,ME5 0AD
Arcelormittal Distribution Solutions UK,,,,,,Willenhall,,GB,WV13 3SE
Archroma,,,,,,London,,GB,E14 5HU
Archwood,,,,,,Wrexham,,GB,LL14 5RL
Arco,,,,,,Hull,,GB,HU1 1BH
Arco Professional Safety Services,,,,,,Stafford,,GB,ST21 6JL
Arconic Manufacturing (GB),,,,,,Birmingham,,GB,B33 9QR
Arctic Hayes,,,,,,Leeds,,GB,LS11 0LR
Arcturus Publishing,,,,,,Canterbury,,GB,CT1 3DN
Ardagh Glass,,,,,,Knottingley,,GB,WF11 0HP
Ardagh Metal Packaging Holdings,,,,,,Deeside,,GB,CH5 2LB
Ardale International,,,,,,Knutsford,,GB,WA16 8GS
Ardex UK,,,,,,Haverhill,,GB,CB9 8QP
Arena Online,,,,,,Droitwich,,GB,WR9 9AN
PATCH GARDENS,,,,,,London,,GB,W1S 4JL
Argos,,,,,,London,,GB,EC1M 6HA
Ariat Europe,,,,,,Didcot,,GB,OX11 0LU
Ariel Plastics,,,,,,Chesterfield,,GB,S43 3JP
Arighi Bianchi & Co,,,,,,Macclesfield,,GB,SK10 1LH
Ariston U.K,,,,,,Brentwood,,GB,CM14 4DR
Arjo UK,,,,,,Luton,,GB,LU2 0HL
Arkell's Brewery,,,,,,Swindon,,GB,SN2 7RU
Arkema UK,,,,,,Stafford,,GB,ST16 3EH
Arla Foods Ingredients Taw Valley,,,,,,Leeds,,GB,LS10 1AB
Arla Foods,,,,,,Leeds,,GB,LS10 1AB
Armacell UK,,,,,,Oldham,,GB,OL9 6LY
Armatile,,,,,,Armagh,,GB,BT61 7NP
Arnold Wills And Company,,,,,,Oakham,,GB,LE15 9TZ
Arora Hotels,,,,,,Hounslow,,GB,TW6 2SF
Arora SLG,,,,,,Hounslow,,GB,TW6 2SF
Buckinghamshire Golf Company,,,,,,Hounslow,,GB,TW6 2SF
Excel Hospitality,,,,,,Hounslow,,GB,TW6 2SF
Grove F&B,,,,,,Hounslow,,GB,TW6 2SF
Grove HR,,,,,,Hounslow,,GB,TW6 2SF
Grove T5,,,,,,Hounslow,,GB,TW6 2SF
Grove WP,,,,,,Hounslow,,GB,TW6 2SF
Heathrow T2 Hotel,,,,,,Hounslow,,GB,TW6 2SF
Luton Hoo Park,,,,,,Hounslow,,GB,TW6 2SF
Meridian Hotel Operations,,,,,,Hounslow,,GB,TW6 2SF
Arrow County Supplies,,,,,,London,,GB,W1H 7JT
Arrow Electronics (UK),,,,,,Harlow,,GB,CM17 9NA
Arthrex,,,,,,Sheffield,,GB,S9 1DZ
Arthur David (Food With Service),,,,,,Bristol,,GB,BS39 5XR
Artisan Biscuits,,,,,,Chippenham,,GB,SN14 8HZ
Aryzta Bakeries,,,,,,Dunstable,,GB,LU5 4TP
Asahi,,,,,,London,,GB,W4 2QB
Ascensia Diabetes Care,,,,,,Newbury,,GB,RG14 1JB
Ascot Signs,,,,,,Londonderry,,GB,BT47 6UQ
Asda Stores,,,,,,Leeds,,GB,LS11 5AD
Ash & Lacy Building Systems,,,,,,Smethwick,,GB,B66 2RL
Ash & Lacy Solutions,,,,,,Smethwick,,GB,B66 2RL
Ashley Wilde Group,,,,,,Welham Green,,GB,AL9 7LD
Ashworth and Parker,,,,,,Washington,,GB,NE37 1EZ
Asics,,,,,,Warrington,,GB,WA3 6AE
Askern UK,,,,,,Pontefract,,GB,WF9 3NR
Asmodee UK,,,,,,Bordon,,GB,GU35 9GQ
Aspen Pumps,,,,,,Hailsham,,GB,BN27 3WA
Aspire Pharma,,,,,,Godalming,,GB,GU7 1DS
Assa Abloy,,,,,,Willenhall,,GB,WV13 3PW
Carlisle Brass,,,,,,Willenhall,,GB,WV13 3PW
Heywood Williams Components,,,,,,Willenhall,,GB,WV13 3PW
P.C. Henderson,,,,,,Durham,,GB,DH1 1ST
Assisi Pet Care,,,,,,London,,GB,N1 9BN
Associated Seafoods,,,,,,Edinburgh,,GB,EH3 8BP
Loch Fyne Oysters,,,,,,Argyll,,GB,PA26 8BL
Lossie Seafoods,,,,,,,,GB,AB56 1UX
Moray Seafoods,,,,,,,,GB,AB56 1UX
Astellas Pharma,,,,,,Addlestone,,GB,KT15 2NX
Astemo UK,,,,,,Bolton,,GB,BL6 6JH
Aston & Fincher,,,,,,Birmingham,,GB,B6 7BB
Aston Chemicals,,,,,,Aylesbury,,GB,HP19 8AP
Aston Manor,,,,,,Birmingham,,GB,B6 7BH
AstraZeneca UK,,,,,,Cambridge,,GB,CB2 0AA
Astro Lighting,,,,,,Harlow,,GB,CM20 2GJ
Astroluxe,,,,,,Birmingham,,GB,B29 6LR
Astute Electronics,,,,,,Stevenage,,GB,SG1 2EF
Copper & Optic Terminations,,,,,,Stoke-On-Trent,,GB,ST4 6SR
Atkinson Equipment Group,,,,,,Westbury,,GB,BA13 4JF
Atkinson Equipment,,,,,,Westbury,,GB,BA13 4JF
Patrico,,,,,,Westbury,,GB,BA13 4JF
Taylor-Davis,,,,,,Westbury,,GB,BA13 4JF
Atlantic Acquisition Holdings,,,,,,Hull,,GB,HU5 4JB
ACV U.K,,,,,,Dunfermline,,GB,KY11 9PF
Ideal Boilers,,,,,,Hull,,GB,HU5 4JB
Keston Boilers,,,,,,Hull,,GB,HU5 4JB
Atlantic Plastics,,,,,,Bridgend,,GB,CF31 2AX
Atlas Copco IAS,,,,,,Deeside Industrial Park,,GB,CH5 2NS
Atlas Copco,,,,,,Hemel Hempstead,,GB,HP2 7DF
Atom Supplies,,,,,,Tonbridge,,GB,TN9 1RA
Attends,,,,,,Wakefield,,GB,WF4 3FL
Aubrey Allen,,,,,,Coventry,,GB,CV3 4AD
Audio-Technica,,,,,,Leeds,,GB,LS11 5AL
Auger Torque Europe,,,,,,Cheltenham,,GB,GL54 4DX
Augustus Martin,,,,,,BROMLEY-BY-BOW,,GB,E3 3PB
Aulds Holdings,,,,,,Greenock,,GB,PA16 8LS
Aulds Bakeries,,,,,,Greenock,,GB,PA16 8LS
Aulds Delicious Desserts,,,,,,Greenock,,GB,PA16 8LS
Aulds Oak Mall,,,,,,Greenock,,GB,PA16 8LS
Aulds Piazza,,,,,,Greenock,,GB,PA16 8LS
Aulds Retail,,,,,,Greenock,,GB,PA16 8LS
Aulds St Enochs,,,,,,Greenock,,GB,PA16 8LS
Aura Brand Solutions,,,,,,Lowestoft,,GB,NR33 0EA
Auria Solutions UK I,,,,,,London,,GB,EC4M 7WS
Auriga Holdings,,,,,,London,,GB,E6 1HZ
Nexus Foods,,,,,,London,,GB,E6 1HZ
Orion Foods,,,,,,London,,GB,E6 1HZ
Aurora Lighting UK,,,,,,Welwyn Garden City,,GB,AL7 4SW
Aurora World,,,,,,Basingstoke,,GB,RG24 8WH
Aurorium UK,,,,,,Newcastle upon Tyne,,GB,NE4 5DE
Autins Group,,,,,,Rugby,,GB,CV23 0WE
Autins,,,,,,Rugby,,GB,CV23 0WE
Solar Nonwovens,,,,,,Rugby,,GB,CV23 0WE
Auto Marine Cables,,,,,,Manchester,,GB,M28 3PT
Automotive Distribution Centre,,,,,,Leighton Buzzard,,GB,LU7 4TU
Autoneum Great Britain,,,,,,Stoke-on-Trent,,GB,ST4 8GR
Autosmart International,,,,,,Lichfield,,GB,WS14 0DH
Autosupply Holdings UK,,,,,,London,,GB,SE1 2AU
Avara Foods,,,,,,Northamptonshire,,GB,NN137EX
Faccenda Foods,,,,,,Brackley,,GB,NN13 7EX
Freemans of Newent,,,,,,Hereford,,GB,HR4 9PB
Avdel,,,,,,Warrington,,GB,WA1 4RF
Aventis Pharma,,,,,,Reading,,GB,RG6 1PT
Avery Dennison Materials U.K,,,,,,Cramlington,,GB,NE23 1JR
Avery Dennison Retail Information Services UK,,,,,,Nottingham,,GB,NG7 1LD
Aviagen,,,,,,Stratford upon Avon,,GB,CV37 8BH
Aviagen UK,,,,,,Newbridge,,GB,EH28 8SZ
Avient Colorants,,,,,,Knowsley,,GB,L34 9GT
Avient Material Solutions,,,,,,Knowsley,,GB,L34 9GT
Avnet EMG,,,,,,Stevenage,,GB,SG1 2EF
Avocado Research Chemicals,,,,,,Altrincham,,GB,WA14 2DT
Avon Cosmetics,,,,,,Northampton,,GB,NN1 5PA
Avondale Foods (Craigavon),,,,,,Craigavon,,GB,BT66 8TB
Avonside Insulation Supplies,,,,,,Patchway,,GB,BS34 5TA
Axalta Powder Coating Systems UK,,,,,,Welwyn Garden City,,GB,AL7 1FS
Axchem,,,,,,Wakefield,,GB,WF1 2DF
Axel Arigato London,,,,,,London,,GB,EC1M 3JB
Aykroyd & Sons,,,,,,Bala,,GB,LL23 7NJ
Azelis UK,,,,,,Runcorn,,GB,WA7 1BD
Aztec Oils,,,,,,Chesterfield,,GB,S44 6BB
B & M Retail,,,,,,Liverpool,,GB,L24 8RJ
B - SPORTING,,,,,,Shipley,,GB,BD18 1QG
B M Packaging,,,,,,Huddersfield,,GB,HD4 7DQ
B. Braun Medical,,,,,,Sheffield,,GB,S35 2PW
B.E.S,,,,,,Wolverhampton,,GB,WV1 4EG
B.W. Industries,,,,,,Bridlington,,GB,YO15 3QY
BAE Systems,,,,,,London,,GB,SW1Y 5AD
Aircraft Research Association,,,,,,Bedford,,GB,MK41 7PF
BAE Systems (Operations),,,,,,Camberley,,GB,GU16 7EX
BAE Systems Applied Intelligence,,,,,,Guildford,,GB,GU2 7RQ
BAE Systems GCS International,,,,,,Camberley,,GB,GU16 7EX
BAE Systems Global Combat Systems Munitions,,,,,,Camberley,,GB,GU16 7EX
BAE Systems Marine,,,,,,Camberley,,GB,GU16 7EX
BAE Systems Surface Ships,,,,,,Camberley,,GB,GU16 7EX
Callen-Lenz Associates,,,,,,Salisbury,,GB,SP3 5AF
Kirintec,,,,,,Ross-on-Wye,,GB,HR9 5PB
Malloy Aeronautics,,,,,,Camberley,,GB,GU16 7EX
Prismatic,,,,,,Alton,,GB,GU34 2QE
Pulse Power and Measurement,,,,,,Swindon,,GB,SN6 8TY
BAKKAVOR FOODS,,,,,,London,,GB,W1T 3JJ
BALCAS TIMBER,,,,,,Enniskillen,,GB,BT94 2ES
BAMFORD COLLECTION,,,,,,Moreton-In-Marsh,,GB,GL56 0YG
BAMFORD,,,,,,Moreton-In-Marsh,,GB,GL56 0YG
DAYLESFORD ORGANIC,,,,,,Moreton-In-Marsh,,GB,GL56 0YG
BARCLAY & MATHIESON,,,,,,Glasgow,,GB,G51 4TB
ABRAM PULMAN & SONS,,,,,,West Yorkshire,,GB,HX6 1AN
ANGUS F. GUNN,,,,,,Airdrie,,GB,ML6 7UD
AVON STEEL COMPANY,,,,,,Bath,,GB,BA3 2BB
BARENTZ UK,,,,,,Reigate,,GB,RH2 7LD
BARFOOTS OF BOTLEY,,,,,,Bognor Regis,,GB,PO21 3PX
BARTH-HAAS UK,,,,,,Tonbridge,,GB,TN12 6DQ
BASELL POLYOLEFINS UK,,,,,,London,,GB,W1J 0AH
BASF,,,,,,Stockport,,GB,SK1 3GG
BASF Coatings,,,,,,Milton Keynes,,GB,MK1 1BU
Nunhems,,,,,,Stockport,,GB,SK1 3GG
BAUDER,,,,,,Ipswich,,GB,IP3 0DH
BAXTER HEALTHCARE,,,,,,Norfolk,,GB,IP24 3SE
BAZOOKA CANDY BRANDS INTERNATIONAL,,,,,,Richmond,,GB,TW9 1AG
BB Catering Supplies,,,,,,Blackburn,,GB,BB2 2TA
BB&R,,,,,,London,,GB,SW1A 1EG
BBC Studios Distribution,,,,,,London,,GB,W12 7FA
2 Entertain Video,,,,,,London,,GB,W12 7FA
Demon Music Group,,,,,,London,,GB,W12 7FA
BBI SOLUTIONS OEM,,,,,,Cardiff,,GB,CF10 3GA
BDM Logistics And Management,,,,,,London,,GB,WC2B 5AH
BDP Imports,,,,,,Stroud,,GB,GL6 8GA
BEACHCOURSE,,,,,,Woking,,GB,GU21 5BJ
BEAVER-VISITEC INTERNATIONAL,,,,,,Bidford-Upon-Avon,,GB,B50 4JH
BEECHFIELD BRANDS,,,,,,Bury,,GB,BL9 5AQ
BEESLEY & FILDES,,,,,,Merseyside,,GB,L36 6AF
BEIERSDORF UK,,,,,,Birmingham,,GB,B37 7ES
BELMONT PRESS,,,,,,Northampton,,GB,NN5 7UW
BEMIS,,,,,,Burnley,,GB,BB11 5SW
BENCHMARK DRINKS,,,,,,STEYNING,,GB,BN44 3TN
BENCHMARK DRINKS SERVICES,,,,,,Steyning,,GB,BN44 3TN
BENNETT OPIE,,,,,,Kent,,GB,ME10 2LE
BERGSTROM (EUROPE),,,,,,Ystrad Mynach,,GB,CF82 7RJ
BERICAP U.K. LIMITED,,,,,,Hull,,GB,HU7 0YN
BERKSHIRE MEAT TRADERS,,,,,,Newbury,,GB,RG19 6AB
BERNARD MATTHEWS FOODS (DERBY),,,,,,Birmingham,,GB,B3 2BJ
BERNARD MATTHEWS FOODS (SUNDERLAND),,,,,,Birmingham,,GB,B3 2BJ
BERNARD MATTHEWS FOODS,,,,,,Birmingham,,GB,B3 2BJ
BEST FOODS,,,,,,Harpenden,,GB,AL5 3PR
BEW Electrical Distributors,,,,,,Chelmsford,,GB,CM2 6UW
BFM Europe,,,,,,Stoke-on-Trent,,GB,ST4 4TJ
BFS Group,,,,,,Slough,,GB,SL1 4BD
Bidfresh,,,,,,Southport,,GB,PR8 4HQ
Caterfood (South West),,,,,,Slough,,GB,SL1 4BD
Caterfood Holdings,,,,,,Slough,,GB,SL1 4BD
Elite Fine Foods,,,,,,Slough,,GB,SL1 4BD
Harvest Fine Foods,,,,,,Slough,,GB,SL1 4BD
Nicol Hughes Foodservice,,,,,,Slough,,GB,SL1 4BD
Northern Bloc,,,,,,Slough,,GB,SL1 4BD
Simply Food Solutions,,,,,,Slough,,GB,SL1 4BD
Snowdon & Bridge,,,,,,Southport,,GB,PR8 4HQ
South Lincs Foodservice,,,,,,Slough,,GB,SL1 4BD
Thomas Ridley And Son,,,,,,Slough,,GB,SL1 4BD
Yarde Farm,,,,,,Slough,,GB,SL1 4BD
BGC South,,,,,,Brigg,,GB,DN20 9HE
BGRP,,,,,,Cramlington,,GB,NE23 1WQ
BHF Shops,,,,,,London,,GB,NW1 7AW
BHH,,,,,,Belfast,,GB,BT15 3GW
John Thompson & Sons,,,,,,Belfast,,GB,BT15 3GW
BHID Group,,,,,,Manchester,,GB,M17 1RW
Neville Johnson,,,,,,Manchester,,GB,M17 1RW
Tom Howley,,,,,,Manchester,,GB,M17 1RW
BHK (UK),,,,,,Peterlee,,GB,SR8 2JF
BIGDUG,,,,,,Gloucester,,GB,GL2 5DH
BIGJIGS TOYS,,,,,,Ashford,,GB,TN24 8DH
BIP Candy & Toys UK,,,,,,Edinburgh,,GB,EH6 7BD
BISCHOF & KLEIN (UK),,,,,,Telford,,GB,TF1 7XX
BKUK Group,,,,,,London,,GB,EC4A 3TW
BKUK Bristol,,,,,,London,,GB,EC4A 3TW
BKUK Crown,,,,,,LONDON,,GB,EC4A 3TW
BKUK Crown Leisure,,,,,,LONDON,,GB,EC4A 3TW
BKUK Devco,,,,,,London,,GB,EC4A 3TW
BKUK Flame,,,,,,London,,GB,EC4A 3TW
Caspian Food Retailers,,,,,,LONDON,,GB,EC4A 3TW
Caspian Food Services,,,,,,LONDON,,GB,EC4A 3TW
Teresina,,,,,,LONDON,,GB,EC4A 3TW
Zing Leisure,,,,,,LONDON,,GB,EC4A 3TW
BLANK STREET UK,,,,,,London,,GB,EC4A 3TW
BLUELEAF,,,,,,Crawley,,GB,RH10 9BT
BLUES GROUP (HOLDINGS),,,,,,Maldon,,GB,CM9 4XD
BLUES GROUP,,,,,,Maldon,,GB,CM9 4XD
BMI Group Holdings UK,,,,,,Reading,,GB,RG1 1LX
BMJ PUBLISHING GROUP,,,,,,LONDON,,GB,WC1H 9JR
BMP Europe,,,,,,Accrington,,GB,BB5 5YH
PPC Solutions,,,,,,Accrington,,GB,BB5 5YH
RB Medical Engineering,,,,,,Ross on Wye,,GB,HR9 5NS
BMW (UK),,,,,,Farnborough,,GB,GU14 0FB
BMW (UK) MANUFACTURING,,,,,,Farnborough,,GB,GU14 0FB
BMW HAMS HALL MOTOREN GMBH,,,,,,,,GB,
BOAL U.K,,,,,,Loughborough,,GB,LE12 9BS
BOC,,,,,,Woking,,GB,GU21 6HT
BODYPOWER SPORTS,,,,,,Northampton,,GB,NN3 8RJ
BONNINGTON PLASTICS,,,,,,NOTTINGHAM,,GB,NG10 5AD
BOPARAN HOLDINGS,,,,,,Wakefield,,GB,WF2 8EE
2 SISTERS FOOD GROUP,,,,,,Wakefield,,GB,WF2 8EE
CAVAGHAN & GRAY,,,,,,Wakefield,,GB,WF2 8EE
CONVENIENCE FOODS,,,,,,Wakefield,,GB,WF2 8EE
F.W. FARNSWORTH,,,,,,Wakefield,,GB,WF2 8EE
SOLWAY FOODS,,,,,,Wakefield,,GB,WF2 8EE
BOSCH REXROTH,,,,,,Cambs,,GB,PE19 2ES
BOUTINOT,,,,,,Cheadle,,GB,SK8 2GG
BP Marine,,,,,,Sunbury On Thames,,GB,TW16 7BP
BP Oil,,,,,,Sunbury On Thames,,GB,TW16 7BP
BPW,,,,,,Leicester,,GB,LE19 1UZ
EMP-FP&S,,,,,,Leicester,,GB,LE19 1UZ
BRAND EVANGELISTS FOR BEAUTY,,,,,,Altrincham,,GB,WA14 2DT
BRAVISSIMO,,,,,,Northamptonshire,,GB,NN14 2PG
BRCK Group,,,,,,Bridgend,,GB,CF31 3XG
Brick Services,,,,,,Dunston,,GB,NE11 9JL
Brick-ability,,,,,,Bridgend,,GB,CF31 3XG
Brick-link,,,,,,Bridgend,,GB,CF31 3XG
Crest Brick Slate & Tile,,,,,,Howden,,GB,DN14 7HZ
E.T. Clay Products,,,,,,Bridgend,,GB,CF31 3XG
FSN Doors,,,,,,Bracknell,,GB,RG12 1RB
Forum Tiles,,,,,,Bracknell,,GB,RG12 1RB
Frazer Simpson,,,,,,Bracknell,,GB,RG12 1RB
Heritage Clay Tiles,,,,,,Bridgend,,GB,CF31 3XG
LBT BRICK & FACADES,,,,,,Bridgend,,GB,CF31 3XG
Modular Clay Products,,,,,,Bridgend,,GB,CF31 3XG
ROOFING DISTRIBUTION UK,,,,,,GOOLE,,GB,DN14 7HZ
The Bespoke Brick Co,,,,,,Bridgend,,GB,CF31 3XG
The Matching Brick Company,,,,,,Bridgend,,GB,CF31 3XG
Towelrads.com,,,,,,Bracknell,,GB,RG12 1RB
U PLASTICS,,,,,,Bridgend,,GB,CF31 3XG
Upowa,,,,,,Bracknell,,GB,RG12 1RB
BRETT LANDSCAPING,,,,,,Canterbury,,GB,CT4 7PP
BRG Appliances,,,,,,London,,GB,EC2A 4NE
BRIGHT BLUE FOODS,,,,,,Blackburn,,GB,BB1 2PT
BRINDISA,,,,,,London,,GB,SW12 0LT
BRISTAN GROUP,,,,,,Leeds,,GB,LS1 5AB
BRITISH AIRWAYS,,,,,,Harmondsworth,,GB,UB7 0GB
BA CITYFLYER,,,,,,Harmondsworth,,GB,UB7 0GB
BA EUROFLYER,,,,,,Harmonsworth,,GB,UB7 0GB
BRITISH AIRWAYS AVIONIC ENGINEERING,,,,,,Harmondsworth,,GB,UB7 0GB
BRITISH AIRWAYS INTERIOR ENGINEERING,,,,,,Harmondsworth,,GB,UB7 0GB
British Airways Engineering Wales,,,,,,Harmondsworth,,GB,UB7 0GB
BRITISH ELECTRIC LAMPS,,,,,,NORMANTON,,GB,WF6 1TN
BRITISH TELECOMMUNICATIONS PUBLIC LIMITED COMPANY,,,,,,London,,GB,E1 8EE
EE,,,,,,London,,GB,E1 8EE
OPENREACH,,,,,,London,,GB,EC3V 0AT
PLUSNET,,,,,,Sheffield,,GB,S1 2BJ
BRITVIC,,,,,,Hemel Hempstead,,GB,HP2 4TZ
BRITVIC SOFT DRINKS,,,,,,Hemel Hempstead,,GB,HP2 4TZ
BRODERICK GROUP,,,,,,Manchester,,GB,M22 4TE
BROOM HOUSE INVESTMENTS,,,,,,Brighouse,,GB,HD6 1LU
BRUSH GROUP,,,,,,Loughborough,,GB,LE11 1EX
BRUSH TRANSFORMERS,,,,,,Loughborough,,GB,LE11 1EX
HAWKER SIDDELEY SWITCHGEAR,,,,,,Loughborough,,GB,LE11 1EX
BRYAN W. NASH & SONS,,,,,,Dorking,,GB,RH4 2EU
BS Plastics,,,,,,Birmingham,,GB,B6 7EQ
BSH Home Appliances,,,,,,Wolverton,,GB,MK12 5PT
BSW TIMBER,,,,,,Dunfermline,,GB,KY11 8RY
BSW SAWMILLS,,,,,,Dunfermline,,GB,KY11 8RY
TILHILL FORESTRY,,,,,,Altrincham,,GB,WA14 2DT
BSW Timber Solutions,,,,,,Stoke on Trent,,GB,ST1 5PG
BUCKINGHAM VINTNERS INTERNATIONAL,,,,,,Bracknell,,GB,RG12 1NF
BUFA Composites UK,,,,,,Maningtree,,GB,CO11 1NT
BUFAB (UK),,,,,,High Wycombe,,GB,HP12 3PY
BULTEN,,,,,,Edinburgh,,GB,EH2 4JN
BUMBLE HOLE FOODS,,,,,,Worcestershire,,GB,B61 9JA
BURTS SNACKS,,,,,,London,,GB,NW10 7ST
BUTCHER'S PET CARE,,,,,,Thirsk,,GB,YO7 3HE
BUTCOMBE BREWERY,,,,,,Bristol,,GB,BS40 5PA
BUTTRESS GROUP,,,,,,Brackley,,GB,NN13 7UG
BUZZ GROUP,,,,,,Nottingham,,GB,NG7 1TN
BWT UK,,,,,,High Wycombe,,GB,HP12 4HJ
BYK Additives,,,,,,Widnes,,GB,WA8 3AA
Babcock International Group,,,,,,London,,GB,W1U 1QX
Babcock Integrated Technology,,,,,,London,,GB,W1U 1QX
Babcock Land Defence,,,,,,London,,GB,W1U 1 QX
Cavendish Nuclear,,,,,,London,,GB,W1U 1QX
Devonport Royal Dockyard,,,,,,Plymouth,,GB,PL1 4SG
Rosyth Royal Dockyard,,,,,,Dunfermline,,GB,KY11 2YD
Baby Bottles (Wholesale),,,,,,Coventry,,GB,CV7 9NH
Babystyle UK,,,,,,Loughborough,,GB,LE12 7RJ
Bacardi-Martini,,,,,,London,,GB,SW1P 1QN
Baerlocher,,,,,,Bury,,GB,BL9 7JJ
Bahlsen,,,,,,Chalfont St. Peter,,GB,SL9 9FG
Baker & Baker Products UK,,,,,,Bromborough,,GB,CH62 3NU
Baker Furniture,,,,,,Middlesbrough,,GB,TS2 1ET
Baker Hughes Energy Technology,,,,,,Bristol,,GB,BS48 1BS
Baker Hughes,,,,,,London,,GB,W6 8PW
Baker Ross,,,,,,London,,GB,E1W 9US
Bakkafrost Scotland,,,,,,Edinburgh,,GB,EH3 7RN
Bako Group,,,,,,Preston,,GB,PR2 5BE
Bako,,,,,,Preston,,GB,PR2 5BE
James A. S. Finlay,,,,,,Maghaberry,,GB,BT67 0JF
Balfe's Bikes,,,,,,Crawley,,GB,RH10 9TZ
Balfour Beatty,,,,,,London,,GB,E14 5HU
Balfour Beatty Civil Engineering,,,,,,London,,GB,E14 5HU
Balfour Beatty Construction,,,,,,Holytown,,GB,ML1 4WQ
Balfour Beatty Ground Engineering,,,,,,London,,GB,E14 5HU
Balfour Beatty Kilpatrick,,,,,,Holytown,,GB,ML1 4WQ
Balfour Beatty Plant & Fleet Services,,,,,,Derby,,GB,DE21 7BG
Balfour Beatty Rail,,,,,,London,,GB,E14 5HU
Balfour Beatty Utility Solutions,,,,,,London,,GB,E14 5HU
Painter Brothers,,,,,,Hereford,,GB,HR4 9SW
Ball Aerosol Packaging UK,,,,,,Devizes,,GB,SN10 2HT
Ball Beverage Packaging,,,,,,Luton,,GB,LU1 3LG
Ballygarvey Eggs,,,,,,Ballymena,,GB,BT43 7JX
Balmoral Comtec,,,,,,Aberdeen,,GB,AB12 3GY
Balmoral Tanks,,,,,,Aberdeen,,GB,AB15 4YE
Bamford Bus Company,,,,,,Oxford,,GB,OX1 2RP
All Service One,,,,,,Oxford,,GB,OX1 2RP
Bancroft Wines,,,,,,London,,GB,SE1 0HS
Banham Poultry (2018),,,,,,Birmingham,,GB,B3 2BJ
Bard,,,,,,Crawley,,GB,RH11 9BP
Barenbrug U.K,,,,,,Bury St Edmunds,,GB,IP30 9ND
Barker & Stonehouse,,,,,,Stockton on tees,,GB,TS17 7BG
Barmans,,,,,,Bury St. Edmunds,,GB,IP28 7AS
Baronie UK,,,,,,Corby,,GB,NN17 5EU
Barrett Steel,,,,,,Bradford,,GB,BD4 9HU
Barry Callebaut Beverages,,,,,,Chester,,GB,CH1 4QJ
Barry Callebaut Manufacturing,,,,,,Banbury,,GB,OX16 3UU
Barton And Redman,,,,,,Manchester,,GB,M11 2WJ
Barton Firtop Engineering Co,,,,,,Kidderminster,,GB,DY11 7DT
Basildon Chemical Co,,,,,,Abingdon,,GB,OX14 1RZ
Bates Farms & Dairy,,,,,,Southport,,GB,PR8 4ES
Bathgate Flooring,,,,,,Liverpool,,GB,L3 9QJ
Bathgate Silica Sand,,,,,,Liverpool,,GB,L3 9QJ
Battle Hayward And Bower,,,,,,Lincoln,,GB,LN3 4NP
Bauer Media Outdoor,,,,,,London,,GB,NW1 2PL
Bausch & Lomb U.K,,,,,,London,,GB,EC4M 7WS
Baxi Heating,,,,,,Warwick,,GB,CV34 4LL
Bayer Cropscience,,,,,,Reading,,GB,RG2 6AD
Bayer,,,,,,Reading,,GB,RG2 6AD
Baylis & Harding Public Limited Company,,,,,,Redditch,,GB,B98 7AS
Beacon Foods,,,,,,Brecon,,GB,LD3 8BT
Beam Suntory,,,,,,London,,GB,W1D 1NN
Beamfeature,,,,,,Stretford,,GB,M32 0TP
Beamglow,,,,,,Huntingdon,,GB,PE27 3LP
Beams International,,,,,,Gillingham,,GB,ME8 7EG
Beaphar,,,,,,Haverhill,,GB,CB9 7HD
Bearfields of London,,,,,,Leytonstone,,GB,E11 1HD
Beauty Pie,,,,,,London,,GB,W1T 3PQ
Beaverbrooks The Jewellers,,,,,,St Annes on Sea,,GB,FY8 1RE
Becker Industrial Coatings,,,,,,Liverpool,,GB,L24 9HJ
Beckett's Foods,,,,,,Coventry,,GB,CV2 2QB
Beckman Coulter United Kingdom,,,,,,Amersham,,GB,HP7 9NA
Becton Dickinson U.K,,,,,,Wokingham,,GB,RG41 5TS
Bedmax,,,,,,Belford,,GB,NE70 7PF
Bee Health,,,,,,London,,GB,EC4R 3TT
Beechdean Dairies,,,,,,High Wycombe,,GB,HP14 4NL
Beechdean Manufacturing,,,,,,High Wycombe,,GB,HP14 4NL
Beer52,,,,,,Edinburgh,,GB,EH3 7JA
Beeswift,,,,,,Birmingham,,GB,B6 7EU
Beijer Ref UK,,,,,,Leeds,,GB,LS27 0LL
Bekaert Bradford UK,,,,,,Bradford,,GB,BD12 0QB
Beko,,,,,,Watford,,GB,WD18 8QU
Bel,,,,,,Sevenoaks,,GB,TN13 1BA
Belkin,,,,,,Wellingborough,,GB,NN8 6GR
Bell Brothers Nurseries,,,,,,Boston,,GB,PE21 6NA
Bell Sons & Co.(Druggists)Limited,,,,,,Southport,,GB,PR9 9AL
Bella & Duke,,,,,,Scotland,,GB,KY11 2UT
Belle Engineering (Sheen),,,,,,Nr Buxton,,GB,SK17 0EU
Bells Food Group,,,,,,Shotts,,GB,ML7 5BD
Bells of Lazonby,,,,,,Penrith,,GB,CA10 1BG
Belron,,,,,,Bedford,,GB,MK44 3US
Belstaff International,,,,,,London,,GB,E1 6QL
Belvoir Farm Drinks,,,,,,Nottingham,,GB,NG130DH
Bemrose Booth Paragon,,,,,,Hull,,GB,HU7 0XY
Thames Card Technology,,,,,,Hull,,GB,HU7 0XY
BenQ,,,,,,London,,GB,W1G 0PW
Benecol,,,,,,Brentford,,GB,TW8 9DW
Benefit Cosmetics,,,,,,Chelmsford,,GB,CM1 1PH
Benross Marketing,,,,,,Liverpool,,GB,L24 9HJ
Bensonsforbedsmanufacturing,,,,,,Accrington,,GB,BB5 0RE
Bensonsforbedsretail,,,,,,Accrington,,GB,BB5 0RE
Bentley Motors,,,,,,Crewe,,GB,CW1 3PL
Bents Garden Centre,,,,,,Glazebury,,GB,WA3 5NT
Benvic Dugdale,,,,,,Sowerby Bridge,,GB,HX6 2AA
Berkmann Wine Cellars,,,,,,LONDON,,GB,EC1R 4RR
Berlin Packaging Holding,,,,,,Ipswich,,GB,IP7 6AS
Berry Gardens,,,,,,Maidstone,,GB,ME17 4BA
Berwin Rubber Company,,,,,,Dukinfield,,GB,SK16 4UJ
Besana UK,,,,,,Ipswich,,GB,IP3 9RR
Bespak Europe,,,,,,Kings Lynn,,GB,PE30 2JJ
Bespak HC,,,,,,Holmes Chapel,,GB,CW4 8BE
Bespoke Menu Solutions,,,,,,Coalville,,GB,LE67 3FQ
Best C.Veg,,,,,,Tottenham,,GB,N17 0QH
Bestseller Retail UK,,,,,,London,,GB,E1 6PX
Bestseller Wholesale UK,,,,,,London,,GB,E1 6PX
Bestway Northern,,,,,,London,,GB,NW10 7BW
Bestway Panacea Holdings,,,,,,Manchester,,GB,M3 4LZ
Bestway Belfast Chemists,,,,,,Belfast,,GB,BT13 3NE
Bestway National Chemists,,,,,,Manchester,,GB,M3 4LZ
Bestway Pharmacy NDC,,,,,,Manchester,,GB,M3 4LZ
Donald Wardle and Son,,,,,,Manchester,,GB,M3 4LZ
John Bell & Croyden,,,,,,Manchester,,GB,M3 4LZ
Key Pharmaceuticals,,,,,,Worcestershire,,GB,B98 0RE
Lexon,,,,,,Redditch,,GB,B98 0RE
Norchem Healthcare,,,,,,Manchester,,GB,M3 4LZ
Bestway Retail,,,,,,London,,GB,NW10 7BW
Bestway Wholesale,,,,,,London,,GB,NW10 7BW
Better Taste Holding 1,,,,,,London,,GB,W8 5DA
Cote Restaurant Group,,,,,,London,,GB,W8 5DA
Greenfield Food Supply,,,,,,London,,GB,W8 5DA
Bettys & Taylors of Harrogate,,,,,,Harrogate,,GB,HG1 2QU
Beverage Plastics,,,,,,Craigavon,,GB,BT66 6LN
Beyond Retail,,,,,,Christchurch,,GB,BH23 6DS
Beyond The Bean,,,,,,Bristol,,GB,BS3 2HA
Bharat Forge International,,,,,,Brentford,,GB,TW8 9JJ
Biachem Group,,,,,,London,,GB,EC2V 6AX
Biachem,,,,,,London,,GB,EC2V 6AX
Biachem Specialities,,,,,,London,,GB,EC2V 6AX
Bic U.K,,,,,,Uxbridge,,GB,UB8 1JG
Biesterfeld Petroplas,,,,,,Abingdon,,GB,OX14 4RP
Big K Products U.K,,,,,,Tottenham Hale,,GB,N17 9QU
Bighams,,,,,,London,,GB,NW10 7AW
Billions Europe,,,,,,Stockton-On-Tees,,GB,TS18 3EX
Bills Restaurants,,,,,,London,,GB,W1T 6BQ
Bio Products Laboratory,,,,,,Elstree,,GB,WD6 3BX
Bio-Rad Laboratories,,,,,,Watford,,GB,WD17 1ET
Bio-tiful Dairy,,,,,,Market Drayton,,GB,TF9 3SQ
Biocare,,,,,,Redditch,,GB,B98 9EY
Biomerieux UK,,,,,,Basingstoke,,GB,RG24 8NA
Biopak,,,,,,Worcester,,GB,WR4 0SX
Biopax,,,,,,Belfast,,GB,BT12 7AL
Bird & Blend Tea,,,,,,WORTHING,,GB,BN12 4QY
Birds (Derby),,,,,,Derby,,GB,DE24 8GN
Biscuit International UK,,,,,,Gateshead,,GB,NE11 0PZ
Bitrez,,,,,,Wigan,,GB,WN6 0XQ
Blachford,,,,,,Chesterfield,,GB,S42 5UY
Black Cat Fireworks,,,,,,Salford,,GB,M5 3EA
Blackburn Chemicals,,,,,,Blackburn,,GB,BB1 5SX
Blackpool Pleasure Beach,,,,,,Blackpool,,GB,FY4 1EZ
Ocean Boulevard II,,,,,,Blackpool,,GB,FY4 1EZ
Blackwood Engineering,,,,,,Aberbeeg,,GB,NP13 2LN
Blagden Specialty Chemicals,,,,,,Westerham,,GB,TN16 1PA
Blakely Clothing Co,,,,,,Norfolk,,GB,NR24 2HJ
Blanco,,,,,,St Albans,,GB,AL2 2FL
Blazers Fuels,,,,,,Penrith,,GB,CA10 2EY
Blink Medical,,,,,,Cheltenham,,GB,GL50 1TA
Bloom and Wild Holdings,,,,,,London,,GB,SE11 5JH
Bloom and Wild,,,,,,London,,GB,SE11 5JH
Bloomon UK,,,,,,London,,GB,WC2H 9JQ
Blowplast,,,,,,High Wycombe,,GB,HP12 4HJ
Blue Diamond UK,,,,,,Eastleigh,,GB,SO50 6HT
BG Garden Centre,,,,,,Eastleigh,,GB,SO50 6HT
Beckworth,,,,,,Eastleigh,,GB,SO50 6HT
Blackdown Garden Centre,,,,,,Eastleigh,,GB,SO50 6HT
Chatsworth Garden Centre,,,,,,Eastleigh,,GB,SO50 6HT
Chester Garden Centre,,,,,,Eastleigh,,GB,SO50 6HT
Fosseway Garden Centre,,,,,,Eastleigh,,GB,SO50 6HT
Frosts Garden Centre,,,,,,Eastleigh,,GB,SO50 6HT
Van Hage & Company,,,,,,Eastleigh,,GB,SO50 6HT
Yarnton Nurseries,,,,,,Eastleigh,,GB,SO50 6HT
Blue Machinery (Spares),,,,,,Warrington,,GB,WA4 4SN
Blue Seal,,,,,,Birmingham,,GB,B24 8TQ
Blue Skies Holdings,,,,,,Northampton,,GB,NN6 9AA
Blue Skies (UK),,,,,,Northampton,,GB,NN6 9AA
Blueprint Operations,,,,,,Newark On Trent,,GB,NG24 2EU
Bluesky (UK),,,,,,GRIMSBY,,GB,DN31 2TG
Bluetree Print,,,,,,Rotherham,,GB,S63 5DR
Blugilt Holdings,,,,,,Nottingham,,GB,NG3 1DE
Bettix,,,,,,Nottingham,,GB,NG3 1DE
Bolton Plastic Components,,,,,,Nottingham,,GB,NG3 1DE
Board24,,,,,,Coalville,,GB,LE67 1TT
Bodywise (UK),,,,,,Bristol,,GB,BS32 4DX
Boehringer Ingelheim Animal Health,,,,,,Bracknell,,GB,RG12 8YS
Boehringer Ingelheim,,,,,,Bracknell,,GB,RG12 8YS
Bogod Group,,,,,,London,,GB,EC1V 7EX
Bogod & Company,,,,,,London,,GB,EC1V 7EX
D R Kitchen Appliances,,,,,,London,,GB,EC1V 7EX
Bollin Group,,,,,,Macclesfield,,GB,SK10 1JQ
Burton McCall,,,,,,Macclesfield,,GB,SK10 1JQ
Go Gas,,,,,,Macclesfield,,GB,SK10 1JQ
Montgomery Duffle,,,,,,Macclesfield,,GB,SK10 1JQ
Outdoor & Sports Company,,,,,,Macclesfield,,GB,SK10 1JQ
Bombay Halwa,,,,,,London,,GB,W1T 3AD
Bon Bons (Wholesale),,,,,,York,,GB,YO26 7QG
Bong UK,,,,,,Milton Keynes,,GB,MK15 8HQ
Boningale,,,,,,Wolverhampton,,GB,WV7 3AT
Bonta' Italia,,,,,,Barnet,,GB,EN5 4BE
Bonus Electrical Group,,,,,,Hull,,GB,HU7 3AP
Bonus Accessories,,,,,,Hull,,GB,HU7 3AP
Bonus Electrical,,,,,,Hull,,GB,HU7 3AP
Electricalstock.com,,,,,,Hull,,GB,HU7 3AP
Motorcycle Electrical Services,,,,,,Hull,,GB,HU7 3AP
Boran-Mopack,,,,,,Strabane,,GB,BT82 9AQ
Border Biscuits,,,,,,Lanark,,GB,ML11 7SR
Border Holdings (U.K.),,,,,,Craven Arms,,GB,SY7 8DA
Allmakes PR2 4x4,,,,,,Abingdon,,GB,OX14 4TE
Borealis,,,,,,Manchester,,GB,M2 3DE
BorgWarner,,,,,,Bradford,,GB,BD4 6SE
Borregaard,,,,,,Warrington,,GB,WA3 6QQ
Bosch Thermotechnology,,,,,,Worcester,,GB,WR4 9SW
Bose,,,,,,London,,GB,SE1 9SG
Boston Scientific,,,,,,Hemel Hempstead,,GB,HP2 4TZ
Bottega Veneta U.K. Co,,,,,,Haywards Heath,,GB,RH16 3BW
Bourne Holidays,,,,,,Hemel Hempstead,,GB,HP2 4YL
Heythrop Park,,,,,,Hemel Hempstead,,GB,HP2 4YL
Boux Avenue,,,,,,London,,GB,SW19 3SE
Bowmer and Kirkland,,,,,,Belper,,GB,DE56 2BW
B&K Hybrid Solutions,,,,,,Belper,,GB,DE56 2BW
Design IT Solutions,,,,,,Belper,,GB,DE56 2BW
Innovare Offsite,,,,,,Belper,,GB,DE56 2BW
Integrated Building Management Systems,,,,,,Belper,,GB,DE56 2BW
Sonic Communications (International),,,,,,Belper,,GB,DE56 2BW
Boxes & Packaging (UK),,,,,,Birmingham,,GB,B30 3JN
Boxes & Packaging (Birmingham),,,,,,Birmingham,,GB,B30 3JN
Boxes & Packaging (Bristol),,,,,,Birmingham,,GB,B30 3JN
Boxes & Packaging (Doncaster),,,,,,Birmingham,,GB,B30 3JN
Boxes & Packaging (Manchester),,,,,,Birmingham,,GB,B30 3JN
Boxes & Packaging (Oxford),,,,,,Birmingham,,GB,B30 3JN
Boxes & Packaging (Swindon),,,,,,Birmingham,,GB,B30 3JN
Boxes and Packaging (Dumbarton),,,,,,Birmingham,,GB,B30 3JN
Boxes and Packaging (Merseyside),,,,,,Birmingham,,GB,B30 3JN
Boxshop Limited (The),,,,,,East Kilbride,,GB,G75 0QW
Boxway Packaging Group,,,,,,Telford,,GB,TF7 4QN
Boys & Boden,,,,,,Welshpool,,GB,SY21 7BL
Brabantia (U.K.),,,,,,Bristol,,GB,BS48 4SB
Braces Bakery,,,,,,Birmingham,,GB,B3 2BJ
Bradbury & Son (Buxton),,,,,,Buxton,,GB,SK17 9RZ
Northumberland Cheese Company,,,,,,Seaton Burn,,GB,NE13 6BZ
Bradford And Sons,,,,,,Yeovil,,GB,BA20 2QR
Bradshaws Driffield (Holdings),,,,,,Skerne Road,,GB,YO25 6EF
E.B.Bradshaw & Sons,,,,,,Driffield,,GB,YO25 6XL
Brady Corporation,,,,,,Banbury,,GB,OX16 3JU
Bramble Foods Group Holdco,,,,,,Market Harborough,,GB,LE16 9EE
Bramble Foods,,,,,,Market Harborough,,GB,LE16 9EE
MHT Foods,,,,,,Market Harborough,,GB,LE16 9EE
The Bay Tree Food Co,,,,,,Market Harborough,,GB,LE16 9EE
Brand Addition,,,,,,Manchester,,GB,M17 1DD
Branded Garden Products,,,,,,Ipswich,,GB,IP8 3BU
Brands Direct,,,,,,Colchester,,GB,CO6 2JX
Branston,,,,,,Lincoln,,GB,LN4 1NJ
Breedon Cement,,,,,,Derby,,GB,DE73 8AP
Breedon Group,,,,,,Derby,,GB,DE73 8AP
Brenntag UK Holding,,,,,,Leeds,,GB,LS16 6QY
Brenntag UK,,,,,,Leeds,,GB,LS16 6QY
Monarch Chemicals,,,,,,Leeds,,GB,LS16 6QY
Brett Martin Daylight Systems,,,,,,Coventry,,GB,CV2 2QU
Brett Martin,,,,,,Mallusk,,GB,BT36 4RB
Brevitt-Rieker,,,,,,Market Harborough,,GB,LE16 9HW
Brian James Trailers,,,,,,Rugby,,GB,CV212SG
Bridge Farm Horticulture,,,,,,Spalding,,GB,PE11 2TA
Bridgnorth Aluminium,,,,,,Bridgnorth,,GB,WV15 6AU
Bridgwater Bros.Holdings,,,,,,Havant,,GB,PO9 2NL
Cornish Bakehouse,,,,,,Havant,,GB,PO9 2NL
Essex Flameproofing,,,,,,Havant,,GB,PO9 2NL
Heirlooms,,,,,,Havant,,GB,PO9 2NL
John Dwyer Bakery,,,,,,Havant,,GB,PO9 2NL
Odlings,,,,,,Havant,,GB,PO9 2NL
Odlings MCR,,,,,,Havant,,GB,PO9 2NL
Peck and Strong,,,,,,Havant,,GB,PO9 2NL
Bridon International,,,,,,Doncaster,,GB,DN4 8DG
Brightgreen Plastics,,,,,,Castleford,,GB,WF10 2AL
Brightwell Dosing,,,,,,Newhaven,,GB,BN9 0DQ
Brioche Pasquier U.K,,,,,,Milton Keynes,,GB,MK8 8DF
Bristol Laboratories,,,,,,Berkhamsted,,GB,HP4 1EG
Bristol-Myers Squibb Pharmaceuticals,,,,,,Denham,,GB,UB8 1DH
Brita Vivreau,,,,,,Bicester,,GB,OX26 4JT
Brita Water Filter Systems,,,,,,Bicester,,GB,OX26 4JT
Britannia Hotels,,,,,,Hale,,GB,WA15 8RE
Britannia Pharmaceuticals,,,,,,Reading,,GB,RG2 6GP
Britannia Superfine,,,,,,POLEGATE,,GB,BN26 6JF
British American Tobacco,,,,,,London,,GB,W4 5YG
British Bakels,,,,,,Bicester,,GB,OX26 4JT
British Cables Company,,,,,,Blackley,,GB,M9 8ES
British Polythene Industries,,,,,,Corby,,GB,NN17 5JX
British Polythene,,,,,,Corby,,GB,NN17 5JX
Flexfilm,,,,,,Corby,,GB,NN17 5JX
British Steel,,,,,,Scunthorpe,,GB,DN16 1XA
British Sugar,,,,,,London,,GB,W1K 4QY
Britvic Northern Ireland,,,,,,Dublin,,GB,D02T 380
Broadland Drinks,,,,,,Norwich,,GB,NR10 4BG
Brook Taverner,,,,,,Keighley,,GB,BD21 5BU
Brooks Bros. (UK),,,,,,Maldon,,GB,CM9 4GG
Brose,,,,,,Coventry,,GB,CV7 9NW
Brother Industries (U.K.),,,,,,Wrexham,,GB,LL14 6HA
Brother International Europe,,,,,,Manchester,,GB,M34 5JE
Brother Sewing Machines Europe GmbH UK Branch,,,,,,Audenshaw,,GB,M34 5JD
Brother U.K,,,,,,Manchester,,GB,M34 5JD
Brothers Drinks Co,,,,,,Shepton Mallet,,GB,BA4 5ND
Broughton Plant Hire and Sales,,,,,,Brentwood,,GB,CM13 1XD
Brown-Forman Beverages Europe,,,,,,London,,GB,W1W 8HJ
Brownings The Bakers,,,,,,Kilmarnock,,GB,KA1 2NP
Browns Bedrooms & Kitchens,,,,,,Cramlington,,GB,NE23 1WD
Browns Builders Merchants,,,,,,Derby,,GB,DE1 3QQ
Broxburn Bottlers,,,,,,Broxburn,,GB,EH52 5ND
Bruichladdich Distillery Company,,,,,,Argyll,,GB,PA49 7UN
Brunel Healthcare Manufacturing,,,,,,Swadlincote,,GB,DE11 0BB
Bryan's Salads,,,,,,Preston,,GB,PR4 6LJ
Bucher Municipal,,,,,,Dorking,,GB,RH4 1XF
Budweiser Budvar UK,,,,,,Bristol,,GB,BS20 0DD
Build-A-Bear UK Holdings,,,,,,Slough,,GB,SL1 3SA
Build-A-Bear Workshop UK,,,,,,Slough,,GB,SL1 3SA
Building Adhesives,,,,,,Stoke-on-Trent,,GB,ST4 8JB
Bull Brand,,,,,,Keighley,,GB,BD20 0EE
Bulrush Horticulture,,,,,,Magherafelt,,GB,BT45 8ND
Bunches Florapost,,,,,,Nottingham,,GB,NG15 0DQ
Bunzl,,,,,,London,,GB,W1H 7JT
Buoyant Upholstery,,,,,,Nelson,,GB,BB9 8AJ
Burberry,,,,,,London,,GB,SW1P 2AW
Burbidge & Son,,,,,,Coventry,,GB,CV5 6BS
Burford Garden Centre,,,,,,Oxford,,GB,OX1 4HL
Burgess Farms,,,,,,Peterborough,,GB,PE7 3TW
NESSGRO,,,,,,Aberdeen,,GB,AB10 1HA
PRODUCE WORLD GROUP,,,,,,Yaxley,,GB,PE7 3TW
Burgess Group,,,,,,Pickering,,GB,YO18 7YB
Naturevito,,,,,,Swaffham,,GB,PE37 7QH
Bushboard,,,,,,Wellingborough,,GB,NN8 4BA
Bute Island Foods,,,,,,Rothesay,,GB,PA20 9JH
Butlers Farmhouse Cheeses,,,,,,Preston,,GB,PR3 2LH
Buttle's,,,,,,St Albans,,GB,AL3 6NX
Buy It Direct,,,,,,Huddersfield,,GB,HD2 1UA
Buy Whole Foods Online,,,,,,Ramsgate,,GB,CT12 4EX
B�hler,,,,,,London,,GB,E16 2BF
C & D Foods (Larkshall) Unlimited,,,,,,Thetford,,GB,IP24 1QY
C & K Meats,,,,,,Coventry,,GB,CV2 2QB
C & P Bird Bros,,,,,,Bedfordshire,,GB,MK44 2SU
C & P Medical Trading,,,,,,Derby,,GB,DE74 2HJ
C & W BERRY,,,,,,Leyland Preston,,GB,PR25 2LE
C CARNEVALE,,,,,,London,,GB,N7 9BN
C D T Sidoli (Welshpool),,,,,,Welshpool,,GB,SY21 7BE
C J Wildbird Foods,,,,,,Shrewsbury,,GB,SY4 4UR
C K's Supermarket,,,,,,Carmarthenshire,,GB,SA15 2BT
C S LABELS,,,,,,Wolverhampton,,GB,WV11 3BF
C&D Foods (Driffield) Unlimited,,,,,,Driffield,,GB,YO25 9DJ
C. & J. Clark International,,,,,,Street,,GB,BA16 0EQ
C. L. Jones,,,,,,Bangor,,GB,LL57 3BX
C.A. Group,,,,,,Evenwood,,GB,DL14 9SF
C.Brewer & Sons,,,,,,Eastbourne,,GB,BN21 3TR
C.E.X,,,,,,Walthamstow,,GB,E17 4EE
C.G. Fixings,,,,,,Newton Aycliffe,,GB,DL5 6AR
C.G.Hacking & Sons,,,,,,London,,GB,SE1 1XW
C.J. LANG & SON,,,,,,Tayside,,GB,DD4 8JU
C.S. Ellis (Holdings),,,,,,Oakham,,GB,LE15 8NF
C S Ellis Logistics,,,,,,Oakham,,GB,LE15 8NF
Rutland Nursery,,,,,,Oakham,,GB,LE15 8NF
CABLE SERVICES,,,,,,Wrexham,,GB,LL13 9PS
CAFEA UK,,,,,,Dunstable,,GB,LU5 4LT
CAMFIL,,,,,,Lancashire,,GB,BB4 4EG
CAMVAC ROCKWELL,,,,,,Dundee,,GB,dd2 4tg
CANCER RESEARCH UK TRADING,,,,,,London,,GB,E201JQ
CANPACK UK,,,,,,Scunthorpe,,GB,DN15 8NN
CAPS CASES,,,,,,Newmarket,,GB,CB8 7AU
CARLSBERG MARSTON'S BREWING COMPANY,,,,,,Wolverhampton,,GB,WV1 4JT
CARTE BLANCHE GREETINGS,,,,,,Chichester,,GB,PO20 2FT
CARTRIDGE SAVE,,,,,,Stockport,,GB,SK5 7SS
CARVER GROUP,,,,,,Walsall,,GB,WS9 8QD
CARVER INTERNATIONAL,,,,,,Walsall,,GB,WS9 8QD
CASDON,,,,,,Blackpool,,GB,FY4 4QW
CASELLA FAMILY BRANDS (EUROPE),,,,,,Cambridge,,GB,CB22 4QH
CASTINGS PUBLIC LIMITED COMPANY,,,,,,West Midlands,,GB,WS8 6JZ
DUCTILE CASTINGS,,,,,,Brownhills,,GB,WS8 6JZ
WILLIAM LEE,,,,,,Derbyshire,,GB,S18 2XU
CAWINGREDIENTS,,,,,,Northallerton,,GB,DL7 9FD
CB Paper Sacks,,,,,,Market Rasen,,GB,LN8 3HA
CCL Industries,,,,,,Castleford,,GB,WF10 5QU
CCL Label,,,,,,Castleford,,GB,WF10 5QU
CCL Label (Ashford),,,,,,Ashford,,GB,TN24 0SH
CCL Label Ireland,,,,,,Belfast,,GB,BT13 3LZ
CCS McLays,,,,,,Cardiff,,GB,CF23 8RB
CDL Business Services Group,,,,,,London,,GB,SE18 6RS
CDL London,,,,,,London,,GB,SE18 6RS
Fairway PSD,,,,,,London,,GB,SE18 6RS
CDS (SUPERSTORES INTERNATIONAL),,,,,,Plymouth,,GB,PL6 5ZD
CDW,,,,,,London,,GB,EC4M 9AF
CED,,,,,,Essex,,GB,SS4 1NE
CEDO,,,,,,Telford,,GB,TF7 4LZ
CENTER PARCS (HOLDINGS 1),,,,,,Newark,,GB,NG22 9DP
CENTRAL CHEMICAL SUPPLIES,,,,,,Craigavon,,GB,BT66 7LJ
CEVA ANIMAL HEALTH,,,,,,High Wycombe,,GB,HP10 0HH
RIDGEWAY BIOLOGICALS,,,,,,High Wycombe,,GB,HP10 0HH
CEWE,,,,,,Warwick,,GB,CV34 6RR
CF FERTILISERS UK,,,,,,Billingham,,GB,TS23 1PY
CHARACTER OPTIONS,,,,,,London,,GB,EC2Y 9AW
CHARACTER WORLD,,,,,,Cheadle,,GB,SK8 6QL
CHARBONNEL ET WALKER,,,,,,London,,GB,W1S 4BT
CHARLES TYRWHITT SHIRTS,,,,,,London,,GB,SE1 9HZ
CHARLIE STEWART SPIRITS (HOLDINGS),,,,,,Rushden,,GB,NN10 0FN
ABER FALLS DISTILLERY,,,,,,Llanfairfechan,,GB,LL33 0LB
CARTMEL DISTILLERS,,,,,,Rushden,,GB,NN10 0FN
Castle Rum Company,,,,,,Rushden,,GB,NN10 0FN
H. J. NEILL,,,,,,Rushden,,GB,NN10 0FN
HALEWOOD ARTISANAL SPIRITS (UK),,,,,,Rushden,,GB,NN10 0FN
HALEWOOD INTERNATIONAL BRANDS,,,,,,Rushden,,GB,NN10 0FN
HALEWOOD INTERNATIONAL STREAMS OF WHISKEY,,,,,,Rushden,,GB,NN10 0FN
HALEWOOD SALES,,,,,,Rushden,,GB,NN10 0FN
HAWKSHEAD BREWERY,,,,,,Rushden,,GB,NN10 0FN
JOHN CRABBIE & COMPANY,,,,,,Edinburgh,,GB,EH6 5QN
LIVERPOOL GIN DISTILLERY,,,,,,Liverpool,,GB,L2 7LQ
SADLER'S BREWHOUSE,,,,,,Rushden,,GB,NN10 0FN
THE BRISTOL & BATH DISTILLERY,,,,,,Rushden,,GB,NN10 0FN
THE CORNISH RUM COMPANY,,,,,,Rushden,,GB,NN10 0FN
VESTAL VODKA,,,,,,Rushden,,GB,NN10 0FN
CHARPAK,,,,,,Huntingdon,,GB,PE29 7DG
CHARTERHOUSE HOLDINGS,,,,,,Castle Donington,,GB,DE74 2PY
CHESTERFIELD POULTRY,,,,,,Thorne,,GB,DN8 5JT
CHF GLOBAL HOME,,,,,,Launceston,,GB,PL15 7AF
CHH Conex,,,,,,Birmingham,,GB,B6 7AX
CHR. HANSEN (UK),,,,,,Hungerford,,GB,RG17 0YT
CHT UK Bridgwater,,,,,,Bridgwater,,GB,TA6 6AJ
CIRET,,,,,,Havant,,GB,PO9 5AX
CLARKE INTERNATIONAL,,,,,,Epping,,GB,CM16 4LG
CLEAN TECH U.K,,,,,,Hemswell,,GB,DN21 5TU
CLEARSPRING,,,,,,London,,GB,W3 7QE
CLEARSPRING SHOP,,,,,,London,,GB,W3 7QE
CLEENOL GROUP,,,,,,Banbury,,GB,OX16 1RB
CLEVELAND CABLE COMPANY,,,,,,Cleveland,,GB,TS2 1QW
CLIFFE PACKAGING,,,,,,Crewe,,GB,CW1 6HX
CLIFTON PACKAGING GROUP,,,,,,Leicester,,GB,LE19 1WH
CLOETTA UK,,,,,,Fareham,,GB,PO17 6AR
CMS Cepcor (Holdings),,,,,,Coalville,,GB,LE67 3AP
CMS Cepcor,,,,,,Coalville,,GB,LE67 3AP
CMS Distribution,,,,,,London,,GB,EC2A 2DT
CNH Industrial N.V,,,,,,Basildon,,GB,SS14 3AD
CO-OP Wholesale,,,,,,Scunthorpe,,GB,DN15 9GE
COBA HOLDINGS,,,,,,Leicester,,GB,LE8 8UR
COBA AUTOMOTIVE (UK),,,,,,Leicester,,GB,LE8 8UR
COBA PLASTICS MOULDING,,,,,,Leicester,,GB,LE8 8UR
COPELY DEVELOPMENTS,,,,,,Leicester,,GB,LE8 8UR
COBA INTERNATIONAL,,,,,,Leicester,,GB,LE8 8UR
CARPET ACCESSORY TRIMS,,,,,,Leicester,,GB,LE8 8UR
COBA EUROPE,,,,,,Leicester,,GB,LE8 8UR
COFCO International,,,,,,Ipswich,,GB,IP3 9SJ
COLLOIDS,,,,,,Kirkby,,GB,L33 7SY
PERFORMANCE MASTERBATCHES,,,,,,Liverpool,,GB,L33 7SY
COLOPLAST,,,,,,Peterborough,,GB,PE2 6FX
COMPASS GROUP UK AND IRELAND,,,,,,Birmingham,,GB,B45 9PZ
CH & CO CATERING,,,,,,Rubery,,GB,B45 9PZ
Chartwells Hounslow (Feeding Futures),,,,,,Birmingham,,GB,B45 9PZ
Compass Contract Services (U.K.),,,,,,Birmingham Great Park,,GB,B45 9PZ
Dine Contract Catering,,,,,,Birmingham,,GB,B45 9PZ
Excel Vending,,,,,,Birmingham,,GB,B45 9PZ
Hallmark Vending,,,,,,Birmingham,,GB,B45 9PZ
INSPIRE CATERING SCOTLAND,,,,,,Westhill,,GB,AB32 6FL
MORVEND,,,,,,Birmingham,,GB,B45 9PZ
Mother Group,,,,,,Birmingham,,GB,B45 9PZ
NORTHBRIDGE VENDING COMPANY,,,,,,Birmingham,,GB,B45 9PZ
To Go Group,,,,,,Birmingham,,GB,B45 9PZ
V H GRADDON & SONS VENDING,,,,,,Birmingham,,GB,B45 9PZ
Vending Enterprises,,,,,,Birmingham,,GB,B45 9PZ
COMPUTACENTER (UK),,,,,,Hatfield,,GB,AL10 9TW
CONCENTRIC BIRMINGHAM,,,,,,Birmingham,,GB,B24 8HW
CONDALE PLASTICS,,,,,,East Grinstead,,GB,RH19 1TU
CONFECTIONS,,,,,,Burnley,,GB,BB11 5SQ
CHOCLEYS,,,,,,Burnley,,GB,BB11 5SQ
STOCKLEYS SWEETS,,,,,,Burnley,,GB,BB11 5SQ
THE SUPER FLYERS FACTORY,,,,,,Burnley,,GB,BB11 5SQ
CONSOLIDATED TIMBER HOLDINGS,,,,,,Tilbury,,GB,RM18 7HL
FALCON TIMBER,,,,,,Tilbury,,GB,RM18 7HL
HOFFMAN THORNWOOD,,,,,,Tilbury,,GB,RM18 7HL
TRIESSE,,,,,,Tilbury,,GB,RM18 7HL
COOLING'S NURSERIES,,,,,,Nr Sevenoaks,,GB,TN14 7NN
CORNISH SCRUMPY COMPANY,,,,,,Plymouth,,GB,PL7 5JX
CYDERHOUSE CO,,,,,,Plymouth,,GB,PL7 5JX
CORSTON,,,,,,Calne,,GB,SN119HN
COTSWOLD OUTDOOR GROUP,,,,,,Swindon,,GB,SN1 1HN
COTTON ON UK (PTY),,,,,,London,,GB,EC2Y 5AU
COTY UK&I,,,,,,Ashford,,GB,TN25 4AQ
Coty Manufacturing,,,,,,Ashford,,GB,TN25 4AQ
COUNTY BUILDING SUPPLIES (HOLDINGS),,,,,,Malvern,,GB,WR14 3PP
COVESTRO UK,,,,,,Cheadle Hulme,,GB,SK8 6PT
CPG Logistics,,,,,,Gosport,,GB,PO13 0FW
CPI Group,,,,,,Croydon,,GB,CR0 4TD
CPI Antony Rowe,,,,,,Croydon,,GB,CR0 4TD
CPI Books,,,,,,Croydon,,GB,CR0 4TD
CPI William Clowes,,,,,,Croydon,,GB,CR0 4TD
CRAGHOPPERS,,,,,,Urmston,,GB,M41 7RR
CREATECITY,,,,,,Shildon,,GB,DL4 2RB
CRM TRADING,,,,,,Salford,,GB,M3 5FS
CRODA INTERNATIONAL PUBLIC LIMITED COMPANY,,,,,,Goole,,GB,DN14 9AA
CROPWELL BISHOP CREAMERY,,,,,,Nottingham,,GB,NG12 3BQ
CRP Subsea,,,,,,Gloucester,,GB,GL2 4PA
CSG Global Education,,,,,,West Malling,,GB,ME19 4YT
CSL Behring UK,,,,,,Haywards Heath,,GB,RH16 1AH
CTDI GLENROTHES,,,,,,Milton Keynes,,GB,MK12 5TH
CUMMINS EMEA HOLDINGS,,,,,,London,,GB,W2 6LG
CVH Spirits,,,,,,East Kilbride,,GB,G74 5BU
CVS,,,,,,Diss,,GB,IP22 4ER
Animed Direct,,,,,,Diss,,GB,IP22 4ER
Vet Direct Services,,,,,,Diss,,GB,IP22 4ER
CYCLESPORT NORTH,,,,,,Preston,,GB,PR5 8AS
Cables Direct,,,,,,Lake View Drive,,GB,NG15 0ED
Cabot Carbon,,,,,,Penarth,,GB,CF64 5RP
CafeDirect,,,,,,Edinburgh,,GB,EH2 4JN
Cafedirect Roastery,,,,,,Huddersfield,,GB,HD9 4EP
Cake Decor,,,,,,Cumbernauld,,GB,G68 9LH
Cakesmiths Group,,,,,,Bristol,,GB,BS2 0JZ
Calbee Group,,,,,,Altrincham,,GB,WA142DT
Calder Industrial Materials,,,,,,Chester,,GB,CH1 4EX
Caldic,,,,,,Chesterfield,,GB,S42 5UG
Caldic Ingredients UK,,,,,,Chesterfield,,GB,SG42 5UG
Caledonian Alloys,,,,,,Livingston,,GB,EH54 5BZ
Caledonian Plywood Company,,,,,,Glasgow,,GB,G71 5PF
Calington,,,,,,Welwyn Garden City,,GB,AL8 6NS
Callaway Golf Europe,,,,,,London,,GB,E1 6RS
Calor Gas,,,,,,Warwick,,GB,CV34 5AH
Calor Gas Northern Ireland,,,,,,Belfast,,GB,BT3 9EE
Cambrian Packaging,,,,,,Newtown,,GB,SY16 4LE
Cambridge Commodities,,,,,,Ely,,GB,CB6 3NX
Cambridge Nutritional Foods,,,,,,Corby,,GB,NN17 5LU
Cambridge Weight Plan,,,,,,Corby,,GB,NN17 5LU
Food Nutrition Partners,,,,,,Corby,,GB,NN17 5LU
Serenova Nutrition,,,,,,Corby,,GB,NN17 5LU
Camerons Brewery,,,,,,Hartlepool,,GB,TS24 7QS
The Head of Steam,,,,,,Hartlepool,,GB,TS24 7QS
The Leeds Brewery Holding Company,,,,,,Hartlepool,,GB,TS24 7QS
Campbell's Prime Meat,,,,,,Edinburgh,,GB,EH3 8HE
Camseng International Foods Distributors,,,,,,Belfast,,GB,BT9 7DW
Camvac International,,,,,,Thetford,,GB,IP24 3QY
Candle Shack,,,,,,London,,GB,EC1V 2NX
Candlelight Products,,,,,,Rotherham,,GB,S65 3SH
Canon Europa NV,,,,,,Amstelveen,,GB,1185 XB
Canon (UK),,,,,,Uxbridge,,GB,UB11 1AF
Canyon Europe,,,,,,Co Antrim,,GB,BT36 4PR
Capestone Organic Poultry,,,,,,Haverfordwest,,GB,SA62 3DY
Capita Managed IT Solutions,,,,,,Newtownabbey,,GB,BT36 7LQ
Capital (Hair and Beauty),,,,,,Brighton,,GB,BN1 8AP
College Kits Direct,,,,,,Brighton,,GB,BN1 8AP
Capital Coated Steel,,,,,,Newport,,GB,NP11 7PX
Brunel Steel Services,,,,,,Newport,,GB,NP11 7PX
Macward Steel Slitting Services,,,,,,Newport,,GB,NP11 7PX
Capital Refractories,,,,,,Chesterfield,,GB,S43 4AB
Capper Trading,,,,,,Dungannon,,GB,BT71 6HW
Capri Sun UK,,,,,,Purley,,GB,CR8 2BR
Carclo,,,,,,Mitcham,,GB,CR4 4HR
Bruntons Aero Products,,,,,,Mitcham,,GB,CR4 4HR
Carclo Technical Plastics,,,,,,Mitcham,,GB,CR4 4HR
CareCo (UK),,,,,,Braintree,,GB,CM77 7AT
Cargill Bioindustrial UK,,,,,,London,,GB,EC4R 9AT
Cargill,,,,,,London,,GB,EC4R 9AT
Carl Kammerling International,,,,,,Pwllheli,,GB,LL53 5LH
Nerrad,,,,,,Pwllheli,,GB,LL53 5LH
Carl Zeiss Vision,,,,,,Birmingham,,GB,B1 2JT
Carlton Packaging,,,,,,Kempston,,GB,MK43 9SS
Carpenter & Paterson,,,,,,Welshpool,,GB,SY21 7BE
Carpenter,,,,,,Glossop,,GB,SK13 6LE
Carr's Flour Mills,,,,,,Wellingborough,,GB,NN8 2DT
Carrier Solutions UK,,,,,,Plymouth,,GB,PL6 7DB
Carron Lodge,,,,,,Preston,,GB,PR3 2LN
Cartoon (Holdings),,,,,,Manchester,,GB,M17 1LE
BKSL,,,,,,Manchester,,GB,M17 1LE
TFS Buying,,,,,,Manchester,,GB,M17 1LE
TFS Stores,,,,,,Manchester,,GB,M17 1LE
TFS Stores 2,,,,,,Manchester,,GB,M17 1LE
Carver (Wolverhampton),,,,,,Wolverhampton,,GB,WV1 1JY
Carwood Motor Units,,,,,,Coventry,,GB,CV3 2RQ
Carysil Surfaces,,,,,,Alfreton,,GB,DE55 4QX
Casa Julia,,,,,,Braintree,,GB,CM7 2YN
Cascade (U.K.),,,,,,Openshaw,,GB,M11 2DD
Cascade Holdings,,,,,,Oldham,,GB,OL9 9RJ
Casio Electronics Co,,,,,,London,,GB,EC4A 1BD
Castacrete,,,,,,Maidstone,,GB,ME15 0PW
Castell Howell Foods,,,,,,Llanelli,,GB,SA14 6SX
Castelli UK,,,,,,Sevenoaks,,GB,TN13 1JF
Castle Cement,,,,,,Maidenhead,,GB,SL6 8QZ
Castle Colour Packaging,,,,,,Norwich,,GB,NR5 9JJ
Castle Dairies,,,,,,Caerphilly,,GB,CF83 3HU
Castle Industrial Supplies,,,,,,Carnforth,,GB,LA5 9FD
Catalent U.K. Swindon Zydis,,,,,,Glasgow,,GB,G2 1AL
Caterite Food And Wineservice,,,,,,Cockermouth,,GB,CA13 9YA
Caterpillar (NI),,,,,,Larne,,GB,BT40 1EJ
Cavalier Carpets,,,,,,Blackburn,,GB,BB2 1TX
Cave Direct,,,,,,Larkfield,,GB,ME20 6SW
Cavu Experiences (EMEA),,,,,,Manchester,,GB,M90 1QX
Cawston Press,,,,,,Kettering,,GB,NN16 8NQ
Cbee (Europe),,,,,,Richmond,,GB,TW9 1AE
Celli Group,,,,,,Thirsk,,GB,YO7 3BX
Celtic Chemicals,,,,,,Port Talbot,,GB,SA13 2PE
Celtica Foods,,,,,,Llanelli,,GB,SA14 6SX
Cemcor,,,,,,Shrewsbury,,GB,SY1 2EN
Cemex UK Operations,,,,,,Coventry,,GB,CV3 2TY
Cemex UK Cement,,,,,,Coventry,,GB,CV3 2TY
Cemex UK Materials,,,,,,Coventry,,GB,CV3 2TY
Centaur Services,,,,,,Castle Cary,,GB,BA7 7EU
Central Foods,,,,,,Northampton,,GB,NN4 0NB
Centrica,,,,,,Windsor,,GB,SL4 5GD
British Gas Services,,,,,,Windsor,,GB,SL4 5GD
Centrica Business Solutions,,,,,,Windsor,,GB,SL4 5GD
Centrica Energy Assets Holdings,,,,,,Windsor,,GB,SL4 5GD
Centrica Hive,,,,,,Windsor,,GB,SL4 5GD
Centriforce Products,,,,,,Liverpool,,GB,L20 8EE
Cepac,,,,,,London,,GB,NW8 6BN
Cercis,,,,,,Windlesham,,GB,GU20 6LQ
Cereform,,,,,,London,,GB,W1K 4QY
Romix Foods,,,,,,Bright Street,,GB,WN7 5QH
Certas Energy UK,,,,,,Birchwood,,GB,WA3 6GR
Certikin International,,,,,,Witney,,GB,OX29 0AX
Certus Card Group,,,,,,Skelmersdale,,GB,WN8 8EB
Ceva Logistics,,,,,,Ashby-de-la-Zouch,,GB,LE65 9BA
Chairs,,,,,,Accrington,,GB,BB5 5TU
Challenge Packaging,,,,,,Coalville,,GB,LE67 1TT
Challs International,,,,,,Ipswich,,GB,IP7 6BQ
Chameleon Technology,,,,,,Harrogate,,GB,HG3 1UF
Champion Technologies,,,,,,Aberdeen,,GB,AB12 3HT
Chanel,,,,,,London,,GB,W1J 6DG
Barrie Knitwear,,,,,,Croydon,,GB,CR9 4DL
Eres Fashion UK,,,,,,London,,GB,SW1X 8JU
Goossens UK,,,,,,Croydon,,GB,CR9 4DL
Maison Michel UK,,,,,,Croydon,,GB,CR9 4DL
Orlebar Brown,,,,,,London,,GB,W1T 3EY
Ready to Care London,,,,,,London,,GB,W1J 6DG
Chargemaster,,,,,,Sunbury-On-Thames,,GB,TW16 7BP
Charles Bentley & Son,,,,,,Loughborough,,GB,LE11 5TP
Charles Ransford & Son,,,,,,Salop,,GB,SY9 5AQ
Charles Robertson (Holdings),,,,,,Plymouth,,GB,PL14 6HY
Trago Mills,,,,,,Plymouth,,GB,PL14 6HY
Trago Mills (Falmouth),,,,,,Plymouth,,GB,PL14 6HY
Trago Mills (Merthyr),,,,,,Liskeard,,GB,PL14 6HY
Trago Mills (South Devon),,,,,,Plymouth,,GB,PL14 6HY
Charles Saunders,,,,,,Yate,,GB,BS37 5NG
Charles Tennant & Company,,,,,,Glasgow,,GB,G72 0TH
Charles Wells,,,,,,Bedford,,GB,MK41 7FY
Charlotte Tilbury Beauty,,,,,,London,,GB,WC2R 2ND
Charlton & Jenrick,,,,,,Telford,,GB,TF3 3AR
Chatsworth Estate Trading,,,,,,Bakewell,,GB,DE45 1PJ
Checkfire,,,,,,Caerphilly,,GB,CF38 8DR
Chelmer Foods,,,,,,Braintree,,GB,CM77 7AA
Chelsom,,,,,,Blackpool,,GB,FY4 4QA
Chemetall,,,,,,Milton Keynes,,GB,MK1 1BU
Chemfix Products,,,,,,Dewsbury,,GB,WF12 9BQ
Chemidex Pharma,,,,,,Egham,,GB,TW20 8RN
Chemique Adhesives and Sealants,,,,,,Aldridge,,GB,WS9 8UR
Chemoxy International,,,,,,Middlesbrough,,GB,TS3 6AF
Chemring Group,,,,,,Romsey,,GB,SO51 0ZN
Chemring Countermeasures,,,,,,Romsey,,GB,SO51 0ZN
Chemring Energetics,,,,,,Stevenston,,GB,KA20 3LN
Chemring Technology Solutions,,,,,,Romsey,,GB,SO51 0ZN
Roke Manor Research,,,,,,Romsey,,GB,SO51 0ZN
Chemviron Carbon,,,,,,Ashton-In-Makerfield,,GB,WN4 8DE
Chep,,,,,,Addlestone,,GB,KT15 2HJ
Cherry Equity Partners,,,,,,London,,GB,EC1M 4JN
Cherry Equity Three,,,,,,London,,GB,EC1M 4JN
Cherry Two,,,,,,London,,GB,EC1M 4JN
Fired Up One,,,,,,London,,GB,EC1M 4JN
Cherrytree Bakery,,,,,,Burnley,,GB,BB11 5UB
Cheshire Mouldings & Woodturnings,,,,,,St Helens,,GB,WA9 4JQ
Chevron Phillips Chemicals,,,,,,Manchester,,GB,M2 3AE
Chevron Products,,,,,,London,,GB,E14 4HA
Chik'n,,,,,,London,,GB,IP28 7DE
Chilly's Bottles,,,,,,London,,GB,N1 7SG
China Industries,,,,,,Wolverhampton,,GB,WV10 9TG
Chivas Brothers,,,,,,Dumbarton,,GB,G82 2SS
Choice Discount Stores,,,,,,Hadleigh Benfleet,,GB,SS7 2ND
Chopstix Group,,,,,,London,,GB,NW1 8NL
CHOPSTIX RESTAURANT,,,,,,London,,GB,NW1 8NL
CHOPSTIX STORES,,,,,,London,,GB,NW1 8NL
CHOPSTIX TRADING,,,,,,London,,GB,NW1 8NL
Christeyns Food Hygiene,,,,,,Warrington,,GB,WA2 8RE
Christeyns Professional Hygiene,,,,,,High Peak,,GB,SK23 7DQ
Christeyns,,,,,,Bradford,,GB,BD4 7EA
Oscrete,,,,,,Bradford,,GB,BD4 7EA
Chubb Fire & Security,,,,,,Blackburn,,GB,BB1 2PR
Church & Dwight,,,,,,Folkestone,,GB,CT19 6PG
Cider of Sweden,,,,,,Leeds,,GB,LS1 4PR
Cineworld Cinemas,,,,,,Brentford,,GB,TW8 9AG
Circle Foods,,,,,,Redhill,,GB,RH1 1LQ
Cisco International,,,,,,Feltham,,GB,TW14 8HA
Citizen Watch United Kingdom,,,,,,Wokingham,,GB,RG41 2PL
City Electrical Factors,,,,,,Kenilworth,,GB,CV8 2SU
City Technology,,,,,,Bracknell,,GB,RG12 1EB
Clariant Services,,,,,,Leeds,,GB,LS4 2EW
Clariant Oil Services,,,,,,Leeds,,GB,LS4 2EW
Clarins (U.K.),,,,,,London,,GB,W1G 9DN
Class Delta,,,,,,Liverpool,,GB,L24 9HZ
Classic Fine Foods UK,,,,,,London,,GB,NW10 7SA
Clays,,,,,,Bungay,,GB,NR35 1ED
Clean Linen Services,,,,,,Camberley,,GB,GU15 3DB
Cleaning and Paper Disposables,,,,,,Hull,,GB,HU5 1SG
Clearly Drinks,,,,,,Manchester,,GB,M17 1AF
Cleland Mciver,,,,,,Rochdale,,GB,OL16 4GW
Climax Molybdenum U.K,,,,,,Stowmarket,,GB,IP14 2AE
Clinimed (Holdings),,,,,,High Wycombe,,GB,HP10 9QY
Careflex,,,,,,High Wycombe,,GB,HP10 9QY
Clinimed,,,,,,High Wycombe,,GB,HP10 9QY
Flexible Medical Packaging,,,,,,High Wycombe,,GB,HP10 9QY
Helapet,,,,,,High Wycombe,,GB,HP10 9QY
Hydrokem Aerosols,,,,,,High Wycombe,,GB,HP10 9QY
Welland Medical,,,,,,High Wycombe,,GB,HP10 9QY
Clinisupplies Group,,,,,,0,,GB,EC2M 4RB
Coach Stores,,,,,,London,,GB,W2 1DG
Coca-Cola Europacific Partners Great Britain,,,,,,Uxbridge,,GB,UB8 1EZ
Coca-Cola HBC Northern Ireland,,,,,,Lisburn,,GB,BT28 2SZ
Coinstone,,,,,,Tetbury,,GB,GL8 8RP
PM Corporation,,,,,,Tetbury,,GB,GL8 8RP
Shipton Mill,,,,,,Tetbury,,GB,GL8 8RP
The Celtic Bakers,,,,,,Tetbury,,GB,GL8 8RP
Colart,,,,,,London,,GB,W12 7FP
Colas,,,,,,Birmingham,,GB,B37 7YB
Coldstores,,,,,,Downham Market,,GB,PE38 9BJ
Cole Fabrics,,,,,,West Bridgford,,GB,NG2 6HF
Coletta Holdings,,,,,,Beverley,,GB,HU17 0RU
Colgate-Palmolive (U.K.),,,,,,Woking,,GB,GU21 6DB
Colian,,,,,,Bristol,,GB,BS34 8SR
Collingwood Lighting,,,,,,Sywell,,GB,NN6 0BT
ColorMatrix Europe,,,,,,Knowsley,,GB,L34 9GT
Colorcon,,,,,,Dartford Kent,,GB,DA2 6QD
Colpac,,,,,,Flitwick,,GB,MK45 5BW
Colt International,,,,,,Petersfield,,GB,GU32 3QF
Columbia Sportswear Company,,,,,,Windermere,,GB,LA23 2HJ
Com Dev Europe,,,,,,Bracknell,,GB,RG12 1EB
Combe International,,,,,,Leatherhead,,GB,KT22 9RX
Comfy Quilts,,,,,,Manchester,,GB,M3 5FS
Comline Holdings,,,,,,Bedford,,GB,MK43 9ST
Comline Auto Parts,,,,,,Bedford,,GB,MK43 9ST
Commercial Body Fittings,,,,,,Welwyn Garden City,,GB,AL7 1JY
Commercial,,,,,,Cheltenham,,GB,GL53 0DL
Commercial Services Education,,,,,,West Malling,,GB,ME19 4YT
Commscope Connectivity,,,,,,London,,GB,EC4A 1JP
Community Foods,,,,,,Witham,,GB,CM8 3YQ
Community Products (UK),,,,,,Roberts Bridge,,GB,TN32 5DR
Compagnie Fruitiere UK,,,,,,West Malling,,GB,ME19 4UY
Compugraphics International,,,,,,Woking,,GB,GU21 5RW
Concha Y Toro UK,,,,,,Wheatley,,GB,OX33 1ER
Concrete Fabrications,,,,,,Bristol,,GB,BS2 0UG
Conde Nast Holdings,,,,,,London,,GB,WC2N 6HT
Conde Nast Publications Ltd (The),,,,,,London,,GB,WC2N 6HT
Conica,,,,,,Newark,,GB,NG24 2ER
Conilon,,,,,,London,,GB,SE1 1UN
Connection Flooring,,,,,,Bishop Auckland,,GB,DL146WA
Connectix,,,,,,Braintree,,GB,CM77 7AA
Consort Equipment Products,,,,,,Milford Haven,,GB,SA73 2RT
Consort Frozen Foods,,,,,,Burgess Hill,,GB,RH15 9TJ
Direct Wholesale Foods (London),,,,,,Burgess Hill,,GB,RH15 9TJ
Constantia FFP,,,,,,Northampton,,GB,NN3 6PZ
Constantia Sittingbourne,,,,,,Sittingbourne,,GB,ME10 3RY
Consumer Brands,,,,,,Poole,,GB,BH17 7BY
Contactum,,,,,,Dunstable,,GB,LU5 4TS
Continental Bottle Co,,,,,,Warwick,,GB,CV34 6UW
Contour Showers,,,,,,Middlewich,,GB,CW10 0GT
Control Techniques Dynamics,,,,,,Andover,,GB,SP10 5AB
Cook,,,,,,Altrincham,,GB,WA14 2DT
Cook Trading,,,,,,Sittingbourne,,GB,ME10 3HH
Cooke Aquaculture Scotland,,,,,,Glasgow,,GB,G1 3BX
Cookson Precious Metals,,,,,,Birmingham,,GB,B1 3NZ
Cooldelight Desserts,,,,,,Bury,,GB,BL0 9DJ
Coolmar,,,,,,Ballymena,,GB,BT42 2BJ
Coombe Castle International,,,,,,Chippenham,,GB,SN15 3HR
Coopervision (UK) Holdings,,,,,,Fareham,,GB,PO15 5RL
Coopervision,,,,,,Fareham,,GB,PO15 5RL
No.7 Contact Lens Laboratory,,,,,,Fareham,,GB,PO15 5RL
Coordination Group Publications,,,,,,Broughton-In-Furness,,GB,LA20 6HH
Market Street Filling Station,,,,,,Broughton-In-Furness,,GB,LA20 6HH
Princes Street Retail,,,,,,Broughton-In-Furness,,GB,LA20 6BN
Copeland,,,,,,Cooks Town,,GB,BT80 9DG
Coperion UK,,,,,,Peterborough,,GB,PE4 7AP
Coppa Collective,,,,,,London,,GB,SE1 3JW
Coppa Collection,,,,,,London,,GB,SE1 3JW
Rare Bird Hotels at Sonning,,,,,,London,,GB,SE1 3JW
Rare Bird Hotels at Streatley,,,,,,London,,GB,SE13 3JW
Coram UK Holding,,,,,,Ilton,,GB,TA19 9EA
Cordis Medical UK,,,,,,Warrington,,GB,WA3 6AE
Cordstrap,,,,,,Skelmersdale,,GB,WN8 9PL
Corefresh,,,,,,Canvey Island,,GB,SS8 9PA
Corex (Wigan),,,,,,Manchester,,GB,M2 3DE
Corinthian Brands (CBL),,,,,,Knaresborough,,GB,HG5 9AY
Cornelius Group,,,,,,Bishops Stortford,,GB,CM23 5RG
Cornelius Specialties,,,,,,Haverhill,,GB,CB9 8PB
Corney and Barrow,,,,,,London,,GB,E1W 1YZ
Corning,,,,,,Ewloe,,GB,CH5 3XD
Cornish Concrete Products,,,,,,Truro,,GB,TR4 8QZ
Corrboard,,,,,,Scunthorpe,,GB,DN15 9GE
Corrugated Box Supplies,,,,,,West Bromwich,,GB,B70 8JF
Corsair Toiletries,,,,,,St. Albans,,GB,AL2 2DR
Coryton Advanced Fuels,,,,,,Stanford Le Hope,,GB,SS17 9LN
Cosatto,,,,,,Bolton,,GB,BL4 7EP
Cosmetic Warriors,,,,,,Poole,,GB,BH15 1AB
Costa,,,,,,High Wycombe,,GB,HP10 9QR
Costco UK Holdings,,,,,,Watford,,GB,WD25 8JS
Costco Online,,,,,,Watford,,GB,WD25 8JS
Costco Wholesale,,,,,,Watford,,GB,WD25 8JS
Costcutter Supermarkets Group,,,,,,London,,GB,NW10 7BW
Ebor Foodmarkets,,,,,,London,,GB,NW10 7BW
Coster Aerosols,,,,,,Chesterfield,,GB,S43 4XE
Cotek Papers,,,,,,Moreton-in-Marsh,,GB,GL56 9JU
Cotteswold Dairy,,,,,,Tewkesbury,,GB,GL20 8JE
Cotton Traders,,,,,,Altrincham,,GB,WA14 5GZ
Counterplas,,,,,,Walsall,,GB,WS6 7AL
Country Style Foods,,,,,,Leeds,,GB,LS9 8HY
Elisabeth the Chef,,,,,,Leeds,,GB,LS9 8HY
County Milk Products,,,,,,Wilmslow,,GB,SK9 2BT
County Food Ingredients,,,,,,Wilmslow,,GB,SK9 2BT
The Protein Partners,,,,,,Wilmslow,,GB,SK9 2BT
Cousins Furniture Stores,,,,,,Oldbury,,GB,B69 4HH
Coveris Flexibles Holdings,,,,,,Spalding,,GB,PE11 3ZN
Amberley Adhesive Labels,,,,,,Spalding,,GB,PE11 3ZN
Coveris Flexibles,,,,,,Spalding,,GB,PE11 3ZN
Coveris Flexibles (Gainsborough),,,,,,Spalding,,GB,PE11 3ZN
Coveris Louth,,,,,,Spalding,,GB,PE11 3ZN
Coveris Speciality Bags,,,,,,Spalding,,GB,PE11 3ZN
Coveris Winsford,,,,,,Spalding,,GB,PE11 3ZN
RIVENDELL EUROPE,,,,,,Spalding,,GB,PE11 3ZN
Coverworld UK,,,,,,Chesterfield,,GB,S44 5GA
Craemer UK,,,,,,Telford,,GB,TF1 7GN
Crane,,,,,,Ipswich,,GB,IP3 9FJ
Crane Process Flow Technologies,,,,,,Cwmbran,,GB,NP44 3XX
Cranstons Quality Butchers,,,,,,Penrith,,GB,CA11 7EH
Cranswick,,,,,,Hessle,,GB,HU13 0PA
Cranswick Country Foods,,,,,,Hessle,,GB,HU13 0PA
RAMONA'S KITCHEN,,,,,,Hessle,,GB,HU13 0PA
Creamline Dairies,,,,,,Manchester,,GB,M17 1PB
Creed Foodservice,,,,,,North Shields,,GB,NE29 7XJ
Crescent Pharma,,,,,,Basingstoke,,GB,RG21 8SR
Crew Clothing Co,,,,,,Kingston Upon Thames,,GB,KT1 2BQ
Crocus.co,,,,,,Windlesham,,GB,GU20 6LQ
Cromar Building Products,,,,,,Goole,,GB,DN14 0GH
Cromwell Group (Holdings),,,,,,Leicester,,GB,LE18 2FS
Cromwell Polythene,,,,,,Sherburn-in-Elmet,,GB,LS25 6RE
Crop's Foods,,,,,,Luton,,GB,LU1 3LU
Crosswater,,,,,,Dartford,,GB,DA1 5FU
Crown Paints,,,,,,Darwen,,GB,BB3 0BG
Crown Pet Foods,,,,,,Castle Cary,,GB,BA7 7PH
Crown Products (Kent),,,,,,Herne Bay,,GB,CT6 5TR
Crown UK Holdings,,,,,,Wantage,,GB,OX12 9BP
Crown Packaging Manufacturing UK,,,,,,Carlisle,,GB,CA1 2TL
Cubis Systems,,,,,,Belfast,,GB,BT66 6LN
NAL,,,,,,Worcester,,GB,WR2 4AY
Culina Group,,,,,,Market Drayton,,GB,TF9 3SQ
CML F & L [Telford],,,,,,Telford,,GB,TF7 4QP
Culina Logistics,,,,,,Market Drayton,,GB,TF9 3SQ
Fowler Welch,,,,,,Spalding,,GB,PE11 2BB
Great Bear Distribution,,,,,,Warrington,,GB,WA3 6AE
Integrated Packing Services,,,,,,Market Drayton,,GB,TF9 3SQ
Warrens' Warehousing & Distribution (Midlands),,,,,,Warrington,,GB,WA3 6AE
Culligan Shared Services,,,,,,Reading,,GB,RG1 3BD
Fohen,,,,,,Reading,,GB,RG1 3BD
Harvey Water Softeners,,,,,,Reading,,GB,RG1 3BD
Monarch Water,,,,,,Reading,,GB,RG1 3BD
Zerowater,,,,,,Reading,,GB,RG1 3BD
Culpitt,,,,,,Ashington,,GB,NE63 8UQ
Sugarfayre,,,,,,Ashington,,GB,NE63 8UQ
Culverhill Retail,,,,,,Salisbury,,GB,SP2 8DF
Otterbourne Retail,,,,,,Salisbury,,GB,SP2 8DF
Cumberland Meat Packers,,,,,,Coventry,,GB,CV2 2LD
Cumberland Packaging,,,,,,Hadleigh,,GB,SS7 2RF
Cure It Composites,,,,,,Wigan,,GB,WN6 8RY
Curious Universe UK,,,,,,Bath,,GB,BA1 5BG
Curran Packaging Company,,,,,,Oxted,,GB,RH8 9EP
Currys Group,,,,,,Newark,,GB,NG24 2NH
Curveball Leisure,,,,,,Swansea,,GB,SA6 8QN
Cutwel,,,,,,Cleckheaton,,GB,BD19 4DH
Cytec Engineered Materials,,,,,,Wrexham,,GB,LL13 9UZ
Cérélia,,,,,,Corby,,GB,NN17 5BE
D&M Audiovisual,,,,,,Worthing,,GB,BN11 2BH
D&M Packaging,,,,,,Whitchurch,,GB,SY13 2EX
D. & F. MCCARTHY,,,,,,Norwich,,GB,NR7 0WH
D. Jacobson & Sons,,,,,,Rossendale,,GB,BB4 7PA
D. McGhee & Sons,,,,,,Glasgow,,GB,G21 1HX
D.A. Pak,,,,,,Stoke-On-Trent,,GB,ST4 8HX
D.B. Ramsden & Company,,,,,,,,GB,NW10 7BW
D.C.K. Concessions,,,,,,Billericay,,GB,CM12 0DG
D.J.Squire & Co,,,,,,Twickenham,,GB,TW2 5PA
Barnsfold Nurseries,,,,,,Farnham,,GB,GU9 9JX
D.Stewart & Son,,,,,,Christchurch,,GB,BH23 4FL
D.T.(Automotives)Limited,,,,,,Wrexham,,GB,LL13 9UG
DAIMLER TRUCK UK,,,,,,Milton Keynes,,GB,MK15 0YS
DAIRY CONSUMER FOODS (UK),,,,,,Staines Upon Thames,,GB,TW18 4LG
DAMS Furniture,,,,,,Knowsley,,GB,L33 7XS
DAR Lighting,,,,,,Banbury,,GB,OX16 3JZ
DAU DRAEXLMAIER AUTOMOTIVE UK,,,,,,Tamworth,,GB,B78 1SE
DAVID AUSTIN ROSES,,,,,,Wolverhampton,,GB,WV7 3HB
DAVID COVER AND SON,,,,,,Chichester,,GB,PO19 8PE
DAVID LLOYD LEISURE,,,,,,Hatfield,,GB,AL10 9AX
DAY LEWIS,,,,,,Croydon,,GB,CR0 4UQ
ABC DRUG STORES,,,,,,Croydon,,GB,CR0 4UQ
CAPE HOLDINGS,,,,,,Croydon,,GB,CR0 4UQ
CRADLECREST,,,,,,Croydon,,GB,CR0 4UQ
HARLEQUIN BPI,,,,,,Leicester,,GB,LE7 7NL
LEACH AND BURTON,,,,,,Croydon,,GB,CR0 4UQ
TAYZANA,,,,,,Croydon,,GB,CR0 4UQ
DD Products And Services,,,,,,Witham,,GB,CM8 3SX
DDW Colours UK,,,,,,Willesborough,,GB,TN24 0LT
DE SANGOSSE,,,,,,Newmarket,,GB,CB8 7SQ
DECEUNINCK,,,,,,Calne,,GB,SN11 9PX
DELIFRANCE (UK),,,,,,Leicestershire,,GB,LE18 2FL
DELIFRESH,,,,,,Leeds,,GB,LS1 5AB
DEWLAY CHEESEMAKERS,,,,,,PRESTON,,GB,PR3 0PR
DFS Furniture Company,,,,,,Doncaster,,GB,DN6 7NA
DFS Trading,,,,,,Doncaster,,GB,DN6 7NA
Sofology,,,,,,Warrington,,GB,WA3 3UL
DGB Europe,,,,,,Abingdon,,GB,OX14 4RY
DGL INTERNATIONAL TRADING,,,,,,London,,GB,SW1H 0BL
DHL International,,,,,,Colnbrook,,GB,SL3 0BB
DHL Supply Chain,,,,,,Milton Keynes,,GB,MK9 1EA
Brandpath UK,,,,,,Milton Keynes,,GB,MK9 1EA
DIAGEO,,,,,,London,,GB,W1F 7HS
DIAGEO GLOBAL SUPPLY IBC,,,,,,Belfast,,GB,BT1 6FB
DIAGEO GREAT BRITAIN,,,,,,London,,GB,W1F 7HS
DIAGEO NORTHERN IRELAND,,,,,,Belfast,,GB,BT1 6FB
DIAGEO SCOTLAND,,,,,,Edinburgh,,GB,EH12 9HA
JUSTERINI & BROOKS,,,,,,London,,GB,SW1A 1LZ
S & B PRODUCTION,,,,,,Belfast,,GB,BT1 6FB
DIAMORPH UK,,,,,,Gloucester,,GB,GL1 5TT
PERMALI GLOUCESTER,,,,,,Gloucester,,GB,GL1 5TT
DIMENSION DEVELOPMENT,,,,,,Leicester,,GB,LE1 3RW
DINA FOODS,,,,,,Uxbridge,,GB,UB8 2FX
DIRECT POULTRY SUPPLY (INSKIP),,,,,,Preston,,GB,PR4 0TT
DIRECT WINES HOLDINGS,,,,,,Theale Berkshire,,GB,RG7 4SA
AVERYS OF BRISTOL,,,,,,Bristol,,GB,BS1 5LD
DIRECT WINES,,,,,,Theale Berkshire,,GB,RG7 4SA
DK Group Investments,,,,,,Rugby,,GB,CV23 9EU
Centurion Industrial Packaging,,,,,,Rugby,,GB,CV23 9EU
DK Packing & Casemaking,,,,,,Rugby,,GB,CV23 9EU
G E Door Manufacturing,,,,,,Rugby,,GB,CV23 9EU
Lemonpath,,,,,,Leicester,,GB,LE7 1PD
DK Household Brands,,,,,,Farnborough,,GB,GU14 7UE
DKSH Great Britain,,,,,,London,,GB,EC4M 7AN
DMG Mori UK,,,,,,Coventry,,GB,CV3 4PE
DN Automotive VMS,,,,,,Trowbridge,,GB,BA14 0XB
DNC UK,,,,,,Weybridge,,GB,KT13 9BN
DOMU BRANDS,,,,,,Salford,,GB,M3 7BF
DOREL (UK),,,,,,London,,GB,WC1V 6BX
DOW CHEMICAL COMPANY,,,,,,Cheadle,,GB,SK8 3SR
DOW SILICONES UK,,,,,,Barry,,GB,CF63 2YL
DOYLE HOTELS HOLDINGS (UK),,,,,,London,,GB,W1G 8DN
DOYLE BLOOMSBURY HOTEL,,,,,,London,,GB,W1G 8DN
DOYLE KENSINGTON HOTEL,,,,,,London,,GB,W1G 8DN
DOYLE LONDON HOTELS,,,,,,London,,GB,W1G 8DN
DPDGroup,,,,,,Smethwick,,GB,B66 1BY
DPS TABLEWARE,,,,,,Stone,,GB,ST15 0SS
DR. REDDY'S LABORATORIES (EU),,,,,,Mirfield,,GB,WF14 8HZ
DR REDDY'S LABORATORIES (UK),,,,,,Cambridge,,GB,CB4 0PE
DRYROBE,,,,,,Braunton,,GB,EX33 2FB
DSF Refractories & Minerals,,,,,,Edinburgh,,GB,EH3 9WJ
DSM Nutritional Products,,,,,,Southall,,GB,UB2 5NN
DSV Contract Logistics,,,,,,Harwich,,GB,CO12 4QG
DUGDALE NUTRITION,,,,,,Clitheroe,,GB,BB7 1QW
DUNELM (SOFT FURNISHINGS),,,,,,Leicester,,GB,LE7 1AD
DUNI,,,,,,St Helens,,GB,WA9 1QT
DUO PLASTICS,,,,,,Manchester,,GB,M40 8PU
DWK Life Sciences,,,,,,Stoke- On- Trent,,GB,ST4 4TW
Daiichi Sankyo,,,,,,Uxbridge,,GB,UB8 1DH
Daikin Airconditioning UK,,,,,,Weybridge,,GB,KT13 0NY
Dairy Crest,,,,,,Weybridge,,GB,KT13 0NY
Dairy Partners,,,,,,Stonehouse,,GB,GL10 3RL
Dairy Partners (Cymru Wales),,,,,,Stonehouse,,GB,GL10 3RL
Dairygold Food Ingredients (UK),,,,,,Crewe,,GB,CW1 6FU
Daisy's Nail Company,,,,,,Brighton,,GB,BN1 2RA
Daiwa Sports,,,,,,London,,GB,SE1 2QG
Dale Farm,,,,,,Belfast,,GB,BT3 9LS
UNITED FEEDS,,,,,,BELFAST,,GB,BT3 9LS
Dalter,,,,,,Exeter,,GB,EX5 1FY
Damartex UK,,,,,,Bingley,,GB,BD97 1AD
Damm 1876,,,,,,London,,GB,SE1 0UH
Dana UK Axle,,,,,,Stratford-Upon-Avon,,GB,CV37 6YX
Dandy Lions,,,,,,London,,GB,W1B 1DY
Danesmoor Group,,,,,,Newton Aycliffe,,GB,DL5 6AH
Life Kitchens for Living,,,,,,Newton Aycliffe,,GB,DL5 6AH
PWS Distributors,,,,,,Newton Aycliffe,,GB,DL5 6AH
Danfoss,,,,,,Beaconsfield,,GB,HP9 1NB
Daniel Thwaites Public Limited Company,,,,,,Blackburn,,GB,BB2 7LB
Danish Crown,,,,,,Rochdale,,GB,OL16 4SY
Danone Holdings (UK),,,,,,London,,GB,W4 5YG
Harrogate Water Brands,,,,,,Harrogate,,GB,HG2 0QB
Nutricia,,,,,,Trowbridge,,GB,BA14 0XQ
SHS International,,,,,,Liverpool,,GB,L7 9PT
Danzer,,,,,,Maldon,,GB,CM9 4QA
Darcy Products,,,,,,Larkfield,,GB,ME20 6GN
Daregal Gourmet,,,,,,Long Stratton,,GB,NR15 2YA
Darta,,,,,,Driffield,,GB,YO25 9DR
Darta Yorkshire,,,,,,Driffield,,GB,YO25 9DR
Dartmouth Foods,,,,,,Plymouth,,GB,PL7 5HH
Dash Brands,,,,,,London,,GB,WC1V 7HP
Datim,,,,,,Chesterfield,,GB,S41 9RN
David Wood Baking,,,,,,Leeds,,GB,LS26 8JD
Davidson Holdings,,,,,,Leeds,,GB,LS11 5AE
Cistermiser,,,,,,Leeds,,GB,LS11 5AE
Keraflo,,,,,,Reading,,GB,RG5 3AN
Salamander Pumped Shower Systems,,,,,,Leeds,,GB,LS11 5AE
Talon Manufacturing,,,,,,Leeds,,GB,LS11 5AE
Davis Schottlander & Davis,,,,,,Letchworth Garden City,,GB,SG6 2WD
Davy & Company,,,,,,London,,GB,SE10 8JA
Davy's of London (Wine Merchants),,,,,,London,,GB,SE10 8JA
Dawn Foods,,,,,,Evesham,,GB,WR11 4QU
Day Group,,,,,,Brentford,,GB,TW8 9HF
Day International (U.K.),,,,,,Glasgow,,GB,G2 1BP
Daybreak Foods,,,,,,Ascot,,GB,SL5 9NP
Dayes,,,,,,Batheaston,,GB,BA1 7RL
Dayla,,,,,,Aylesbury,,GB,HP22 5AH
De Groot Fresh Produce,,,,,,Eastleigh,,GB,SO53 3LG
Debenhams Group Holdings,,,,,,Manchester,,GB,M1 2HF
Boohoo.Com,,,,,,Manchester,,GB,M1 2HF
Burton Online,,,,,,Manchester,,GB,M1 2HF
Coastlondon.com,,,,,,Manchester,,GB,M1 2HF
Debenhams Brands,,,,,,Manchester,,GB,M1 2HF
Dorothy Perkins Online,,,,,,Manchester,,GB,M1 2HF
Karenmillen.com,,,,,,Manchester,,GB,M1 2HF
Miss Pap,,,,,,Manchester,,GB,M1 2HF
Nasty Gal,,,,,,Manchester,,GB,M1 2HF
Oasis Fashions Online,,,,,,Manchester,,GB,M1 2HF
PrettyLittleThing.com,,,,,,Manchester,,GB,M1 2HF
Wallis Online,,,,,,Manchester,,GB,M1 2HF
Warehouse Fashions Online,,,,,,Manchester,,GB,M1 2HF
Decathlon UK,,,,,,London,,GB,SE16 7FU
Deciem UK,,,,,,London,,GB,W1T 3JJ
Deckers Europe,,,,,,London,,GB,W1D 5EU
Deckers Trading,,,,,,Rochdale,,GB,OL11 3EX
Deckers,,,,,,London,,GB,W1D 5EU
Deeside Cereals I,,,,,,Kettering,,GB,NN15 5JR
Deichmann-Shoes UK,,,,,,Market Harborough,,GB,LE16 9HW
Del Monte,,,,,,Staines-Upon-Thames,,GB,TW18 4RH
Delamere Dairy,,,,,,Knutsford,,GB,WA16 9BH
Delaware North Companies,,,,,,London,,GB,EC4N 6AF
Delaware North Companies (UK) Hospitality Services,,,,,,London,,GB,EC4N 6AF
Delaware North Companies (Wembley),,,,,,London,,GB,EC4N 6AF
Magicgoal,,,,,,London,,GB,EC4N 6AF
Delegat Europe,,,,,,London,,GB,WC2A 1HP
Delice De France,,,,,,Southall,,GB,UB2 5LJ
Dell Corporation,,,,,,London,,GB,EC3A 5AF
Dellner Ferrabyrne,,,,,,Littlehampton,,GB,BN17 7QU
Dellner Glass Solutions,,,,,,Tamworth,,GB,B79 7TL
Dellner Polymer Solutions,,,,,,Burton-On-Trent,,GB,DE14 2AP
Delta Display,,,,,,London,,GB,E11 1GA
Odessa UK,,,,,,London,,GB,E11 1GA
Superior Creative Services,,,,,,London,,GB,E11 1GA
Delta Global Source (UK),,,,,,Leicester,,GB,LE8 6ZG
Delves & Co,,,,,,Craven Arms,,GB,SY7 9PY
Demipower (2017),,,,,,Ruislip,,GB,HA4 7LF
Demipower (Eastern),,,,,,Ruislip,,GB,HA4 7LF
Demipower,,,,,,Ruislip,,GB,HA4 7LF
Demipower (1991),,,,,,Ruislip,,GB,HA4 7LF
Dempson,,,,,,Maidstone,,GB,ME16 9NP
Dendron Brands,,,,,,Watford,,GB,WD18 7JJ
Dengie Crops,,,,,,Southminster,,GB,CM0 7JF
Denmaur Independent Papers,,,,,,Sittingbourne,,GB,ME10 3RY
Dennis & Robinson,,,,,,Lancing,,GB,BN15 8UH
Dennis Eagle,,,,,,Warwick,,GB,CV34 6TE
Denroy Group,,,,,,Belfast,,GB,BT20 3JH
Denman International,,,,,,Belfast,,GB,BT20 3JH
Denroy,,,,,,Belfast,,GB,BT20 3JH
Denso Automotive UK,,,,,,Coventry,,GB,CV2 2TB
Denso Manufacturing UK,,,,,,Telford,,GB,TF1 7FS
Denso Marston,,,,,,Bradford,,GB,BD17 7JR
Dentsply IH,,,,,,Stonehouse,,GB,GL10 3GB
Dentsply Sirona Repair Centre (UK),,,,,,Weybridge,,GB,KT13 0NY
Derbyshire Aggregates,,,,,,Bakewell,,GB,DE45 1JS
Design Go,,,,,,London,,GB,NW7 2HU
Designplan Lighting,,,,,,Sutton,,GB,SM3 9QS
Devenish Nutrition,,,,,,Belfast,,GB,BT3 9AR
Devro (Scotland),,,,,,Chryston,,GB,G69 0JE
Dexcel-Pharma,,,,,,Coventry,,GB,CV1 2FX
Dextra Group,,,,,,Gillingham,,GB,SP8 4PX
Dexeco,,,,,,Gillingham,,GB,SP8 4PX
Dexretail,,,,,,Gillingham,,GB,SP8 4PX
Dextra Lighting,,,,,,Gillingham,,GB,SP8 4PX
LEDextra,,,,,,Gillingham,,GB,SP8 4PX
Ledex,,,,,,Gillingham,,GB,SP8 4PX
Dhamecha Foods,,,,,,Stanmore,,GB,HA7 3NR
Diamond Box,,,,,,West Bromwich,,GB,B70 0TX
Diamondpak,,,,,,Pontypool,,GB,NP4 0XZ
Diesel (London),,,,,,London,,GB,EC2A 2AP
Dike & Son,,,,,,Stalbridge,,GB,DT10 2NB
Dillon Bass,,,,,,Belfast,,GB,BT9 7ET
Dingbro,,,,,,Aberdeen,,GB,AB16 6HQ
Diomed Developments,,,,,,Loughton,,GB,IG10 4PL
Aeropak (Chemical Products),,,,,,Loughton,,GB,IG10 4PL
Dermal Laboratories,,,,,,Loughton,,GB,IG10 4PL
Dipwood Holdings,,,,,,Consett,,GB,DH8 7RN
Dipwood Storage & Distribution,,,,,,Consett,,GB,DH8 7RN
Just Meats (Nothern),,,,,,Consett,,GB,DH8 7RN
Ravendale Foods,,,,,,Consett,,GB,DH8 7RN
Ravendale North West,,,,,,Consett,,GB,DH8 7RN
Direct Food Ingredients,,,,,,Macclesfield,,GB,SK11 6QJ
Direct Healthcare Group,,,,,,Caerphilly,,GB,CF83 1BF
Direct Table Foods,,,,,,Bury St Edmunds,,GB,IP28 6RX
Disaronno International UK,,,,,,London,,GB,EC1V 9LA
Discoverie Group,,,,,,Guildford,,GB,GU2 7AH
Antenova,,,,,,Guildford,,GB,GU2 7AH
CDT 123,,,,,,Guildford,,GB,GU2 7AH
Contour Electronics,,,,,,Guildford,,GB,GU2 7AH
Cursor Controls,,,,,,Guildford,,GB,GU2 7AH
HiVolt Capacitors,,,,,,,,GB,BT47 6UQ
Noratel,,,,,,Guildford,,GB,GU2 7AH
Sens-Tech,,,,,,Guildford,,GB,GU2 7AH
Silver Telecom,,,,,,Guildford,,GB,GU2 7AH
Stortech Electronics,,,,,,Guildford,,GB,GU2 7AH
Variohm-Eurosensor,,,,,,Guildford,,GB,GU2 7AH
Vertec Scientific,,,,,,Guildford,,GB,GU2 7AH
Dishoom,,,,,,London,,GB,SW1H 0DB
Dispak,,,,,,Calne,,GB,SN11 9BW
Distinction Doors,,,,,,Tankersley,,GB,S75 3DH
Distrupol,,,,,,Chertsey,,GB,KT16 9AP
Diverse Dining,,,,,,London,,GB,SW3 1ET
Dnata Catering,,,,,,Manchester,,GB,M90 5EX
Dobbies Garden Centres,,,,,,Lasswade,,GB,EH181AZ
Doby Cleats,,,,,,Near Stanley,,GB,DH9 8UJ
Doff Portland,,,,,,Hucknall,,GB,NG15 6DW
Dogmates,,,,,,London,,GB,EC2V 6DN
Doherty & Gray,,,,,,Ballymena,,GB,BT42 4HX
Dohler (UK),,,,,,Milton Keynes,,GB,MK15 0DF
Dole Belfast,,,,,,Dunmurry,,GB,BT17 9HY
Dolphin Solutions,,,,,,Robertsbridge,,GB,TN32 5BS
Dometic UK Awnings,,,,,,Witham,,GB,CM8 3EU
Domino Printing Sciences,,,,,,Cambridge,,GB,CB23 8TU
Domino,,,,,,Cambridge,,GB,CB23 8TU
Domino's Pizza UK & Ireland,,,,,,Milton Keynes,,GB,MK6 4BB
Don & Low,,,,,,Forfar,,GB,DD8 1FR
Donaldson Filter Components,,,,,,Hull,,GB,HU1 1QE
Donaldson Filtration (GB),,,,,,Hull,,GB,HU1 1QE
Donaldson Timber Systems,,,,,,Witney,,GB,OX29 7WJ
Doncasters,,,,,,Leeds,,GB,LS1 5AB
Chard Precision Castings,,,,,,Leeds,,GB,LS1 5AB
Ross & Catherall,,,,,,Leeds,,GB,LS1 5AB
Trucast,,,,,,Leeds,,GB,LS1 5AB
Doric FPD,,,,,,Ashington,,GB,NE63 8UQ
Dormakaba,,,,,,Tiverton,,GB,EX16 6SS
Dormole,,,,,,Dartford,,GB,DA2 6QE
ADP Diamond Cutting Solutions,,,,,,Dartford,,GB,DA2 6QE
Galleon Fixings,,,,,,Dartford,,GB,DA2 6QE
Harrison & Clough,,,,,,Dartford,,GB,DA2 6QE
Olympia Tools (UK),,,,,,Dartford,,GB,DA2 6QE
Toolbank,,,,,,Dartford,,GB,DA2 6QE
Double H (Nurseries),,,,,,New Milton,,GB,BH25 5NG
Dovecote Park,,,,,,Pontefract,,GB,WF8 3DD
Dover Fueling Solutions UK,,,,,,Edinburgh,,GB,EH2 1AF
Doves Farm Foods,,,,,,Hungerford,,GB,RG17 0RF
Dr Schar,,,,,,Warrington,,GB,WA3 6GA
Dr. Oetker (UK),,,,,,Leeds,,GB,LS15 8GB
Dr. Organic,,,,,,Swansea,,GB,SA6 8QP
Draeger Medical,,,,,,Hemel Hempstead,,GB,HP2 7BW
Draeger Safety,,,,,,Blyth,,GB,NE24 4RG
Dragon Packaging,,,,,,,,GB,N3 3LF
Draper Tools,,,,,,Eastleigh,,GB,SO53 1YF
Dreibach,,,,,,Wembley,,GB,HA9 8JU
Drinks Wholesale Group,,,,,,Mitcham,,GB,CR4 3HG
Drive Medical,,,,,,Halifax,,GB,HX2 9TN
Drive DeVilbiss Sidhil,,,,,,Halifax,,GB,HX2 9TN
Specialised Orthotic Services,,,,,,Halifax,,GB,HX2 9TN
Du Pont (U.K.),,,,,,Stevenage,,GB,SG1 2NG
Dualit,,,,,,Crawley,,GB,RH11 7ST
Duferco UK,,,,,,Bromsgrove,,GB,B60 3DX
Duffields Mills,,,,,,Yeovil,,GB,BA21 5HR
Duffields (South West),,,,,,Yeovil,,GB,BA21 5HR
W. L. Duffield & Sons,,,,,,Yeovil,,GB,BA21 5HR
Dunbia (UK),,,,,,Exeter,,GB,EX2 5WS
Dune Topco,,,,,,London,,GB,W11 4AJ
Dunhills (Pontefract),,,,,,Pontefract,,GB,WF8 1NJ
Duni Poppies,,,,,,St Helens,,GB,WA9 1QT
Dunlop Golf Europe,,,,,,Aldershot,,GB,GU12 5QF
Dunster House,,,,,,Bedford,,GB,MK41 0LF
Duracell,,,,,,Richmond,,GB,TW9 1BN
Duravit UK,,,,,,Milton Keynes,,GB,MK10 0DE
Durham Box Company,,,,,,Coalville,,GB,LE67 1TT
Dyaco UK,,,,,,Milton Keynes,,GB,MK12 5ZD
Sweatband.com,,,,,,Milton Keynes,,GB,MK12 5ZD
Dyson UK Holdings,,,,,,Malmesbury,,GB,SN16 0RP
Dyson,,,,,,Malmesbury,,GB,SN16 0RP
Dyson Ireland,,,,,,Malmesbury,,GB,SN16 0RP
Dyson Technology,,,,,,Malmesbury,,GB,SN16 0RP
E H SMITH HOLDINGS,,,,,,Solihull,,GB,B90 4LH
ADVANCED CONSTRUCTION SYSTEMS,,,,,,Solihull,,GB,B90 4LH
E H SMITH (BUILDERS MERCHANTS),,,,,,Solihull,,GB,B90 4LH
NORTHCOT BRICK,,,,,,Solihull,,GB,B90 4LH
E I Wines,,,,,,London,,GB,N7 8PG
E.A. Ellison & Co,,,,,,Coventry,,GB,CV7 9EF
E.G.L. Homecare,,,,,,Shoeburyness,,GB,SS3 9FL
E.H.Booth & Co,,,,,,Preston,,GB,PR2 5BX
E.L.F. Beauty,,,,,,London,,GB,N1 0PQ
E.P. Barrus,,,,,,Bicester,,GB,OX26 4UR
E.Park & Sons,,,,,,Macclesfield,,GB,SK10 4LL
EBAC,,,,,,County Durham,,GB,DL5 6SR
ECCO SALES,,,,,,London,,GB,W1C 2PP
ECUBE SOLUTIONS,,,,,,Barry,,GB,CF62 4AF
EDBRO HYDRAULICS,,,,,,Bolton,,GB,BL3 2JJ
EDF Energy Holdings,,,,,,London,,GB,SW1E 5BY
CB Heating,,,,,,London,,GB,SW1E 5BY
Contact Solar,,,,,,Preston,,GB,PR2 3AE
EDF Energy Customers,,,,,,London,,GB,SW1E 5BY
EDF Energy Nuclear Generation,,,,,,Gloucester,,GB,GL3 4AE
EDMI Europe,,,,,,Hook,,GB,RG27 9XA
EDWARD BILLINGTON AND SON,,,,,,Liverpool,,GB,L3 9QJ
BILLINGTON FOODS,,,,,,Nottingham,,GB,NG2 1LU
CARRS BILLINGTON AGRICULTURE (SALES),,,,,,Carlisle,,GB,CA1 2UY
ENGLISH PROVENDER COMPANY,,,,,,Liverpool,,GB,L3 9QJ
EDWARD VINSON,,,,,,Faversham,,GB,ME13 8UP
EDWARD VINSON PLANTS,,,,,,Faversham,,GB,ME13 8UP
EDWARDS BEERS AND WINE SUPPLIES,,,,,,LEIGHTON BUZZARD,,GB,LU7 4SE
EDWARDS LIFESCIENCES,,,,,,London,,GB,EC4N 6AF
EG Retail Services,,,,,,Blackburn,,GB,BB1 2FA
EG On The Move,,,,,,Blackburn,,GB,BB1 2FA
EG on the Move 2,,,,,,Blackburn,,GB,BB1 2FA
EGGFREE CAKE BOX,,,,,,Enfield,,GB,EN3 7PJ
EGR EUROPE,,,,,,Milton Keynes,,GB,MK14 6FE
EHV UK,,,,,,Maidenhead,,GB,SL6 2SL
EJ UK FABRICATION & ACCESS SOLUTIONS,,,,,,Attleborough Nuneaton,,GB,CV11 6RZ
ELGATE PRODUCTS,,,,,,Broadstairs,,GB,CT10 2LF
ELIOR UK HOLDINGS,,,,,,Cheshire,,GB,SK11 6ET
CATERPLUS SERVICES,,,,,,Macclesfield,,GB,SK11 6ET
EDWARDS AND BLAKE,,,,,,Macclesfield,,GB,SK11 6ET
ELIOR UK,,,,,,Cheshire,,GB,SK11 6ET
LEXINGTON CATERING,,,,,,Macclesfield,,GB,SK11 6ET
TAYLOR SHAW,,,,,,Macclesfield,,GB,SK11 6ET
ELIS UK,,,,,,Basingstoke,,GB,RG24 8NA
ELOVATE GROUP,,,,,,York,,GB,YO267NH
MOSAIC FULFILMENT SOLUTIONS,,,,,,York,,GB,YO267NH
THORN DISTRIBUTION,,,,,,Leeds,,GB,LS1 2HL
EMBALLATOR (UK),,,,,,Bradford,,GB,BD4 8JP
EMPIRE BESPOKE FOODS,,,,,,Northolt,,GB,UB5 6AG
EMPIRE TAPES,,,,,,Rotherham,,GB,S63 7LG
EMS-Chemie,,,,,,Dunston,,GB,ST18 9AB
EMTELLE UK,,,,,,Hawick,,GB,TD9 8LF
Ridgemount Technologies,,,,,,Bicester,,GB,OX26 5EL
ENCON INSULATION,,,,,,Wetherby,,GB,LS22 7GZ
ENOTRIA WINECELLARS,,,,,,Watford,,GB,WD24 4WH
EPWIN GROUP,,,,,,Solihull,,GB,B90 4BN
EPWIN MATERIALS,,,,,,Solihull,,GB,B90 4BN
Poly-Pure (Kent),,,,,,Solihull,,GB,B90 4BN
SPECIALIST BUILDING CONTRACTING,,,,,,Solihull,,GB,B90 4BN
SPECIALIST BUILDING PRODUCTS,,,,,,Solihull,,GB,B90 4BN
SPECIALIST OUTDOOR PRODUCTS,,,,,,Solihull,,GB,B90 4BN
EQUIP OUTDOOR TECHNOLOGIES UK,,,,,,Alfreton,,GB,DE55 4LS
EQUIP4WORK,,,,,,Stafford,,GB,ST16 3DR
ERIKS INDUSTRIAL SERVICES,,,,,,Oldbury,,GB,B69 4JR
ESAB Group,,,,,,Waltham Cross,,GB,EN8 8YD
ESP Colour,,,,,,Swindon,,GB,SN2 8XU
ESSECO UK,,,,,,West Yorkshire,,GB,WF1 5PH
ESSENTIAL FRUIT,,,,,,Leamington Spa,,GB,CV32 4EA
ESTERCHEM,,,,,,Leekbrook Leek,,GB,ST13 7QF
ESTERFORM PACKAGING,,,,,,High Wycombe,,GB,HP12 3TZ
ET Browne (UK),,,,,,London,,GB,N3 1XW
ETERNIS FINE CHEMICALS UK,,,,,,LEEK,,GB,ST13 8LD
EURO WRAP,,,,,,Skelmersdale,,GB,WN8 9PP
EUROPEAN POLYTHENE INDUSTRIES,,,,,,Bedford,,GB,MK42 0LF
EURORAD,,,,,,Stoke-on-Trent,,GB,ST6 5DX
EV Cargo Global Forwarding,,,,,,Southall,,GB,UB2 5ND
Eakin Healthcare Group,,,,,,Comber,,GB,BT23 5QY
Armstrong Medical,,,,,,Coleraine,,GB,BT52 1BS
Pelican Healthcare,,,,,,Cardiff,,GB,CF14 5WF
Respond Healthcare,,,,,,Comber,,GB,BT23 5QY
Easi-bind International,,,,,,Heanor,,GB,DE75 7SW
East Riding Sacks,,,,,,Scarborough,,GB,YO11 3TU
East Sussex Press,,,,,,Uckfield,,GB,TN22 1PL
Ashford Colour,,,,,,Uckfield,,GB,TN22 1PL
Imprint Creative Solutions,,,,,,Uckfield,,GB,TN22 1PL
Pureprint Group,,,,,,Uckfield,,GB,TN22 1PL
Eastman Company,,,,,,Newport,,GB,NP19 4XF
Easy Cleaning Solutions,,,,,,Thetford,,GB,IP24 1HF
Eaton Electrical Products,,,,,,Slough,,GB,SL1 4DX
Eaton Holding,,,,,,Slough,,GB,SL1 4DX
Eaton,,,,,,Slough,,GB,SL1 4DX
Eaton Electric,,,,,,Slough,,GB,SL1 4DX
Eaton Industries (U.K.),,,,,,Slough,,GB,SL1 4DX
Eaton Electrical Systems,,,,,,Slough,,GB,SL1 4DX
Eaton MEDC,,,,,,Sutton-In-Ashfield,,GB,NG17 5FB
Ecco Safety Group (UK),,,,,,Leeds,,GB,LS14 1FB
Echo Packaging,,,,,,Corby,,GB,NN17 5XL
Ecolab,,,,,,Northwich,,GB,CW8 4DX
Ede & Ravenscroft,,,,,,London,,GB,WC2A 1DU
Ede & Ravenscroft Graduation Services,,,,,,London,,GB,WC2A 1DU
Lafayette Photography,,,,,,London,,GB,WC2A 1DU
Wm. Northam & Company,,,,,,London,,GB,WC2A 1DU
Eden Springs UK,,,,,,High Wycombe,,GB,HP12 4HJ
Edgetech (UK),,,,,,Coventry,,GB,CV3 4FG
Edible Oils,,,,,,Liverpool,,GB,L3 1NX
Edmundson Electrical,,,,,,Knutsford,,GB,WA16 6AY
Edwards,,,,,,West Sussex,,GB,RH15 9TW
Eftec,,,,,,Aberdare,,GB,CF44 9UE
Egger (UK),,,,,,Hexham,,GB,NE46 4JS
Campact,,,,,,Hexham,,GB,NE46 4JS
Egreen International,,,,,,Sutton,,GB,SM1 1JB
Ehrmann Cornish Dairy,,,,,,Lostwithiel,,GB,PL22 0LW
Ehrmann,,,,,,Lostwithiel,,GB,PL22 0LW
Einhell,,,,,,Upton,,GB,CH49 0AB
Ekaterra Holdco UK,,,,,,Manchester,,GB,M17 1NH
Lipton Manufacturing UK,,,,,,Manchester,,GB,M17 1NH
Ekornes,,,,,,London,,GB,W1T 7PD
Elanco UK AH,,,,,,Hook,,GB,RG27 9XA
Eland Cables,,,,,,London,,GB,NW1 7HW
Elanders,,,,,,Newcastle upon Tyne,,GB,NE27 0QG
Electric Mobility Euro,,,,,,Ilminster,,GB,TA19 9DL
Electrolux,,,,,,Luton,,GB,LU4 9QQ
Electrolux Professional,,,,,,Luton,,GB,LU4 9QQ
Electrosteel Castings,,,,,,Chesterfield,,GB,S41 9QJ
Elekta,,,,,,Crawley,,GB,RH10 9BL
Elementis,,,,,,London,,GB,EC1N 8HN
Elemis,,,,,,Bristol,,GB,BS346FD
Eley Hawk,,,,,,Sutton Coldfield,,GB,B76 1BA
Eli Lilly and Company,,,,,,Basingstoke,,GB,RG21 4FA
Elite Mobile,,,,,,Wembley,,GB,HA9 0TU
Galaxy Connect,,,,,,Harrow,,GB,HA1 1BA
Elite Office Furniture,,,,,,Goole,,GB,DN14 8BF
Elizabeth Arden,,,,,,London,,GB,NW1 7QX
Elkem Silicones,,,,,,Bordon,,GB,GU35 0NH
Elliott Baxter & Company,,,,,,Farnborough,,GB,GU12 5QE
Elliott Brothers (Builders Merchants),,,,,,Southampton,,GB,SO14 5AG
Elliott Brothers,,,,,,Northam,,GB,SO14 5AG
Futuremost,,,,,,Southampton,,GB,SO14 5AG
Ellis Of Richmond,,,,,,Hanworth,,GB,TW13 6JE
Ellsworth Adhesives,,,,,,Glasgow,,GB,G75 0YG
Robnor Resinlab,,,,,,Swindon,,GB,SN2 8EJ
Elmdene International,,,,,,Portsmouth,,GB,PO3 5QD
Elopak UK,,,,,,Cheadle,,GB,SK8 2EA
Elring Klinger (Great Britain),,,,,,Cleveland,,GB,TS10 5RX
Elster Metering,,,,,,Bracknell,,GB,RG12 1EB
Elster Water Metering,,,,,,Bracknell,,GB,RG12 1EB
Eltherington Group,,,,,,Hull,,GB,HU9 5QD
Eltherington Aluminium,,,,,,Hull,,GB,HU9 5QD
Eltherington Industries,,,,,,Hull,,GB,HU9 5QD
Embleton Hall Dairies,,,,,,Wingate,,GB,TS28 5NU
Emerson Holding Company,,,,,,London,,GB,EC3V 0HR
Emerson Automation Fluid Control & Pneumatics,,,,,,Manchester,,GB,M28 3NA
Emerson Automation Solutions Final Control,,,,,,Manchester,,GB,M28 3NA
Emerson Electric U.K,,,,,,London,,GB,EC3V 0HR
Emerson Process Management,,,,,,Leicester,,GB,LE19 1SX
Flexim Instruments UK,,,,,,Stockport,,GB,SK6 2SU
National Instruments Corporation,,,,,,Reading,,GB,RG7 4SA
Permasense,,,,,,Crawley,,GB,RH10 9TT
Emma Bridgewater,,,,,,Stoke-on-Trent,,GB,ST1 3EJ
Emmi UK,,,,,,London,,GB,SW15 2TJ
Emplas Window Systems,,,,,,Wellingborough,,GB,NN8 6AB
Encirc,,,,,,Enniskillen,,GB,BT92 9DD
Energizer Auto,,,,,,High Wycombe,,GB,HP13 6DG
Energizer Group,,,,,,High Wycombe,,GB,HP13 6DG
Energizer Trading,,,,,,High Wycombe,,GB,HP13 6DG
Enersys,,,,,,Newport,,GB,NP19 4XJ
Engineered Foam Products,,,,,,Northampton,,GB,NN5 7UB
Engineering Logistics and Trading International,,,,,,Godalming,,GB,GU7 1HY
English Wines,,,,,,Tenterden,,GB,TN30 7NG
Entek International,,,,,,Newcastle upon Tyne,,GB,NE12 5XG
Entertainment Magpie,,,,,,Lostock,,GB,BL6 4SD
Enva Battery Recycling,,,,,,Newark,,GB,NG22 8UA
Enva E-Waste England,,,,,,Bilsthorpe,,GB,NG22 8UA
Enva England,,,,,,Colwick Nottingham,,GB,NG4 2JT
Enva England Specialist Waste,,,,,,Newark,,GB,NG22 8UA
Enva Plastics,,,,,,Newark,,GB,NG22 8UA
Enva Scotland,,,,,,Paisley,,GB,PA3 3BD
Envases Liverpool,,,,,,Bootle,,GB,L20 6BP
Envigo RMS,,,,,,Loughborough,,GB,LE12 9TE
Envirolead Distribution,,,,,,St Albans,,GB,AL1 3SE
Associated Lead Mills,,,,,,Hoddesdon,,GB,EN11 0NX
Jamestown Industries,,,,,,St Albans,,GB,AL1 3SE
Royston Lead,,,,,,Barnsley,,GB,S75 2DS
Epoch-Making Toys,,,,,,Uxbridge,,GB,UB8 1AB
Forever Toys,,,,,,Uxbridge,,GB,UB8 1AB
Epson,,,,,,Watford,,GB,WD17 1JA
Epson Telford,,,,,,Telford,,GB,TF1 7YD
Epta,,,,,,Bradford,,GB,BD10 8RU
Ercol Furniture,,,,,,Princes Risborough,,GB,HP27 9PX
Ericsson,,,,,,Reading,,GB,RG1 1LX
Ernest Doe & Sons,,,,,,NR Maldon,,GB,CM9 6QH
Ernest Jackson & Co,,,,,,Uxbridge,,GB,UB8 1DH
Essential Cuisine,,,,,,Winsford,,GB,CW7 2RH
Essilor,,,,,,Thornbury,,GB,BS35 3UW
Essity Holding,,,,,,Dunstable,,GB,LU6 3EJ
Essity,,,,,,Dunstable,,GB,LU6 3EJ
Essity PLD,,,,,,Dunstable,,GB,LU6 3EJ
Estee Lauder Cosmetics,,,,,,London,,GB,W1T 3JJ
Jo Malone,,,,,,London,,GB,W1T 3JJ
Etex (Exteriors) UK,,,,,,Burton on Trent,,GB,DE14 2AP
Etex Building Performance,,,,,,Bristol,,GB,BS20 0NE
Etex UK Insulation,,,,,,Bristol,,GB,BS20 0NE
Eurilait,,,,,,Shepton Mallet,,GB,BA4 6LQ
Euro Food Brands,,,,,,Northampton,,GB,NN4 7YB
Eurocaps,,,,,,Tredegar,,GB,NP22 4EF
Eurocell,,,,,,Alfreton,,GB,DE55 2DT
Alunet Systems,,,,,,South Normanton,,GB,DE55 2DT
Comp Door,,,,,,South Nortmanton,,GB,DE55 2DT
Ecoplas,,,,,,Alfreton,,GB,DE55 2DT
Eurocell Building Plastics,,,,,,Alfreton,,GB,DE55 2DT
Eurocell Profiles,,,,,,Alfreton,,GB,DE55 2DT
J D (UK),,,,,,South Normanton,,GB,DE55 2DT
UK Doors (Midlands),,,,,,South Normanton,,GB,DE55 2DT
Vista Panels,,,,,,Alfreton,,GB,DE55 2DT
Euroclad Group,,,,,,Cardiff,,GB,CF3 0EY
Eurocraft Technologies,,,,,,Dudley,,GB,DY2 9AE
Europa Components & Equipment,,,,,,Luton,,GB,LU2 9NH
European Braking Systems,,,,,,Trafford Park Manchester,,GB,M17 1QS
European Flavours & Fragrances,,,,,,Ware,,GB,SG12 9QL
Europlast (Blackburn),,,,,,Blackburn,,GB,BB1 2QR
Eurosonic Group,,,,,,Manchester,,GB,M32 0TB
Eurostampa,,,,,,Edinburgh,,GB,EH12 5HD
Evans Vanodine International,,,,,,Preston,,GB,PR5 8AH
Everards Brewery,,,,,,Leicester,,GB,LE19 2AN
Evergreen Garden Care,,,,,,Camberley,,GB,GU16 7ER
Everyman Media,,,,,,London,,GB,NW3 1NR
Evo Business Supplies,,,,,,Normanton,,GB,WF6 2TZ
Banner Group,,,,,,Normanton,,GB,WF6 2TZ
Complete Business Solutions,,,,,,Hartlepool,,GB,TS25 3RR
Premier Vanguard,,,,,,BRADFORD,,GB,BD2 2EE
VOW Europe,,,,,,Normanton,,GB,WF6 2TZ
Evolution Power Tools,,,,,,Sheffield,,GB,S20 3FR
Evonik Chemicals,,,,,,Manchester,,GB,M11 4SR
Evtec Automotive,,,,,,Coventry,,GB,CV4 9AQ
Ewos,,,,,,London,,GB,EC4R 9AT
Exaclair,,,,,,Kings Lynn,,GB,PE30 4LW
Exide Technologies (Transportation),,,,,,Bolton,,GB,BL6 6QQ
Exol Lubricants,,,,,,Wednesbury,,GB,WS10 9LL
Expac (Preston),,,,,,SHEFFIELD,,GB,S8 0TB
Expo Foods,,,,,,London,,GB,N13 4XS
Express Engineering (Gateshead),,,,,,Gateshead,,GB,NE11 0EG
Extons Foods,,,,,,Manchester,,GB,M23 9GE
Extra,,,,,,London,,GB,SW15 6NP
Extra Cash & Carry,,,,,,Tottenham,,GB,N17 0YD
F Bender,,,,,,Wrexham,,GB,LL12 8LX
F W Thorpe,,,,,,Redditch,,GB,B98 9HH
Philip Payne,,,,,,Redditch,,GB,B98 9HH
Portland Lighting,,,,,,Redditch,,GB,B98 9HH
Ratio EV,,,,,,Redditch,,GB,B98 9HH
Solite Europe,,,,,,Redditch,,GB,B98 9HH
TRT Lighting,,,,,,Redditch,,GB,B98 9HH
F-M Motorparts,,,,,,Harrogate,,GB,HG1 5PA
Federal-Mogul Aftermarket,,,,,,Harrogate,,GB,HG1 5PA
Federal-Mogul Friction Products,,,,,,Harrogate,,GB,HG1 5PA
F. Duerr & Sons,,,,,,Manchester,,GB,M23 9NX
F. Smales & Son (Fish Merchants),,,,,,Hull,,GB,HU3 4HL
F.Ball and Co,,,,,,Leek,,GB,ST13 7RS
F.C. BROWN (STEEL EQUIPMENT),,,,,,Newport,,GB,NP194PW
F.D.Copeland & Sons,,,,,,London,,GB,SE18 5TL
F.D.D. INTERNATIONAL,,,,,,Ascot,,GB,SL5 9FE
F.D.L. Packaging,,,,,,St Helens,,GB,WA11 0RW
F.G. Curtis,,,,,,Redhill,,GB,RH1 3DR
F.H. Nash,,,,,,Braintree,,GB,CM7 5EJ
John Loader (Wessex),,,,,,Braintree,,GB,CM7 5EJ
F.W.P. Matthews,,,,,,Chipping Norton,,GB,OX7 6BH
FACI eChem,,,,,,Leeds,,GB,LS3 1JN
FAERCH LONDON,,,,,,Sutton,,GB,SM2 5DA
FB Beauty,,,,,,Manchester,,GB,M44 5AY
Wormser,,,,,,Manchester,,GB,M44 5AY
FDS CORPORATION,,,,,,Ipswich,,GB,IP6 0FL
FEI Foods,,,,,,Swansea,,GB,SA1 7DA
FENDER MUSICAL INSTRUMENTS EUROPE,,,,,,East Grinstead,,GB,RH19 1QZ
FESTIVE LIGHTS,,,,,,Chorley,,GB,PR7 5HH
FHC (HOLDINGS),,,,,,Runcorn,,GB,WA7 1NT
CALEA UK,,,,,,Runcorn,,GB,WA7 1NT
FRESENIUS KABI,,,,,,Runcorn,,GB,WA7 1NT
FIFE CREAMERY,,,,,,Kirkaldy,,GB,KY1 2YX
FILON PRODUCTS,,,,,,BURNTWOOD,,GB,WS7 3JQ
FILTROX Carlson,,,,,,Barnoldswick,,GB,BB18 5HP
FINE DECOR WALLCOVERINGS,,,,,,Congleton,,GB,CW12 1UW
FIRED UP CORPORATION,,,,,,Huddersfield,,GB,HD1 3LF
FIRST CIRCLE PACKAGING,,,,,,Newport Pagnell,,GB,MK16 9QJ
FIRWOOD TIMBER & PLYWOOD CO,,,,,,Burscough Ormskirk,,GB,L40 8JS
FISCHBACH (UK),,,,,,Runcorn,,GB,WA7 1SN
FKA Brands,,,,,,Tonbridge,,GB,TN11 0GP
FLAIR FLOORING SUPPLIES,,,,,,Glossop,,GB,SK13 2NS
FLATCABLE,,,,,,Exeter,,GB,EX5 2LZ
Phil Bettinson,,,,,,Exeter,,GB,EX5 2LZ
RUSH GROUP,,,,,,Exeter,,GB,EX5 2LZ
FLAVOURFRESH SALADS,,,,,,Southport,,GB,PR9 8DX
FLB Group,,,,,,Edinburgh,,GB,EH3 8RY
FMC Agro,,,,,,Pentre,,GB,CH5 2DH
FMS Foils Group,,,,,,Southend-on-Sea,,GB,SS2 5TE
FOREST GARDEN GROUP,,,,,,Kidderminster,,GB,DY10 4JB
FOREST GARDEN,,,,,,Kidderminster,,GB,DY10 4JB
FOREST SAWMILLS,,,,,,Kidderminster,,GB,DY10 4JB
TAYLORED INVESTMENTS,,,,,,Kidderminster,,GB,DY10 4JB
FORGEWAY,,,,,,NEWTON ABBOT,,GB,TQ12 4PH
FORRESTER (SALES),,,,,,Frodsham Cheshire,,GB,WA6 8HY
FORT VALE ENGINEERING,,,,,,Burnley,,GB,BB12 7ND
FORTERRA,,,,,,Northampton,,GB,NN4 5EA
FORTHGLADE FOODS,,,,,,Exeter,,GB,EX2 5WR
FPS Flexibles,,,,,,Thirsk,,GB,YO7 3HE
FRANK KEY GROUP,,,,,,Nottingham,,GB,NG5 6BL
FRANK KEY (NOTTINGHAM),,,,,,Nottingham,,GB,NG5 6BL
FRESH & WILD,,,,,,London,,GB,EC4N 6AF
FRESH HUB GROUP,,,,,,Spalding,,GB,PE11 3SW
APG PRODUCE,,,,,,Spalding,,GB,PE11 3SW
FRUIT FOREVER,,,,,,Spalding,,GB,PE11 3SW
PARALLEL UK,,,,,,Spalding,,GB,PE11 3SW
FREUDENBERG HOME AND CLEANING SOLUTIONS,,,,,,Lancashire,,GB,OL16 2AX
FRONTIER AGRICULTURE,,,,,,London,,GB,W1K 4QY
NOMIX ENVIRO,,,,,,Lincoln,,GB,LN6 9TN
FSI,,,,,,Measham,,GB,DE12 7DS
FT Foods,,,,,,London,,GB,E15 2JA
CAPITAL QSR,,,,,,London,,GB,E15 2JA
JAHB,,,,,,London,,GB,E15 2JA
PROFESSIONAL CATERERS,,,,,,London,,GB,E15 2JA
SPECIALIST CATERING,,,,,,London,,GB,E15 2JA
UPMARKET CATERING,,,,,,London,,GB,E15 2JA
FUJITSU SERVICES,,,,,,Bracknell,,GB,RG12 8SN
FURNITURE CHOICE,,,,,,Heckmondwike,,GB,WF16 0EN
FUTURA FOODS UK,,,,,,Dursley,,GB,GL11 4HR
Fabrikat (Nottingham),,,,,,Nottingham,,GB,NG17 5LN
Faci UK Chemicals,,,,,,Liverpool,,GB,L33 7TW
Faerch Durham,,,,,,Durham,,GB,DH1 2YN
Faerch Poole,,,,,,Poole,,GB,BH15 3BT
Faerch UK,,,,,,Ely,,GB,CB6 3NW
Fage UK,,,,,,London,,GB,E14 5HU
Faith in Nature,,,,,,Edinburgh,,GB,EH2 4JN
Falconer Print & Packaging,,,,,,Elland,,GB,HX5 9HB
Faltec Europe,,,,,,Sunderland,,GB,SR5 3FH
Fannin,,,,,,Swadlincote,,GB,DE12 7DT
Farecla Products,,,,,,Loughborough,,GB,LE12 6JU
Fargroup,,,,,,Arundel,,GB,BN18 9PY
Fargro,,,,,,Arundel,,GB,BN18 9PY
Fargro Home & Garden,,,,,,Arundel,,GB,BN18 9PY
Farm and Pet Place,,,,,,Abergele,,GB,LL22 7HZ
Farmer J,,,,,,London,,GB,SE11 5EL
Farmfresh Fillings,,,,,,Cross Hands,,GB,SA14 6RZ
Farmhouse Biscuits,,,,,,Nelson,,GB,BB9 9PX
Farmhouse Potato Bakers,,,,,,Bridlington,,GB,YO15 3QY
Farne Salmon & Trout,,,,,,Duns,,GB,TD11 3HS
Farr Vintners,,,,,,London,,GB,SW18 1TW
Farrow & Ball,,,,,,Wimborne,,GB,BH21 7NL
Fassa,,,,,,Tewkesbury,,GB,GL20 8TD
Faurecia Automotive Seating UK,,,,,,London,,GB,EC3M 3BY
Faurecia Emissions Control Technologies UK,,,,,,London,,GB,EC3M 3BY
Fayrefield Foods,,,,,,Crewe,,GB,CW1 5UF
Dairy Solutions,,,,,,Crewe,,GB,CW1 5UF
Love Food Heaven,,,,,,Crewe,,GB,CW1 5UF
Federici Brands,,,,,,London,,GB,W12 7SA
Feelunique International,,,,,,Nottingham,,GB,NG2 1BJ
Feilo Sylvania UK,,,,,,Newhaven,,GB,BN9 0FA
Fellowes,,,,,,Doncaster,,GB,DN11 0BF
Fentimans,,,,,,Hexham,,GB,NE46 4TU
Fenton Packaging,,,,,,Leeds,,GB,LS9 0SH
Fenwick,,,,,,Newcastle Upon Tyne,,GB,NE99 1AR
Feralco,,,,,,Widnes,,GB,WA8 0PH
Ferdinand Bilstein UK,,,,,,Chesterfield,,GB,S43 3FG
Fernco,,,,,,Barnsley,,GB,S73 0UW
Fernox,,,,,,Woking,,GB,GU21 5RW
Ferplast,,,,,,Kidderminster,,GB,DY11 7QE
Ferraris Piston Service,,,,,,Birmingham,,GB,B3 2RT
Ferrero,,,,,,Greenford,,GB,UB6 0HE
Thorntons,,,,,,Greenford,,GB,UB6 0HE
Ferryfast Produce,,,,,,Pershore,,GB,WR10 2JJ
Festive Productions,,,,,,Cwmbran,,GB,NP44 7EZ
Fevara,,,,,,Carlisle,,GB,CA4 8RR
Fiberweb Geosynthetics,,,,,,Norwich,,GB,NR3 1RU
Fibre Drums,,,,,,St Helens,,GB,WA11 0RW
Cases for Industry,,,,,,St Helens,,GB,WA11 0RW
Fibrisol Service,,,,,,Acton,,GB,W3 8TE
Filco Supermarkets,,,,,,Llantwit Major,,GB,CF61 1XZ
Fileder Filter Systems,,,,,,Maidstone,,GB,ME16 0LS
Filippo Berio UK,,,,,,London,,GB,E1W 9US
Fillcare,,,,,,Pontyclun,,GB,CF72 8TZ
Filtration Control,,,,,,Northampton,,GB,NN4 7PL
Findel Education,,,,,,Hyde,,GB,SK14 4HR
Fine & Rare Wines,,,,,,London,,GB,EC4R 1QS
Fine Organics,,,,,,Middlesbrough,,GB,TS2 1UB
Finfenaro Innovations,,,,,,Rugeley,,GB,WS12 0QU
Dri-Pak,,,,,,Ilkeston,,GB,DE7 5EP
East Lancashire Chemical Company,,,,,,Ilkeston,,GB,DE7 5EP
Finlay Beverages,,,,,,Pontefract,,GB,WF9 2XS
Finning (UK),,,,,,Cannock,,GB,WS11 8LL
Sitech Technology Systems,,,,,,Bridgtown,,GB,WS11 8LL
Finsa UK,,,,,,Birkenhead,,GB,CH41 1HW
Firmenich UK,,,,,,Southall,,GB,UB2 5NN
First Choice Wholesale Foods,,,,,,Burton upon Trent,,GB,DE14 1RZ
First Grade International,,,,,,Bromsgrove,,GB,B60 3FQ
First Greater Western,,,,,,Swindon,,GB,SN1 1HL
First Line,,,,,,Banbury,,GB,OX16 4XD
First Natural Brands,,,,,,Hassocks,,GB,BN6 9LS
First Trenitalia West Coast Rail,,,,,,London,,GB,W2 1AF
Firth Steels,,,,,,Brighouse,,GB,HD6 1LU
Fischer Fixings,,,,,,Wallingford,,GB,OX10 9AT
Fischer Future Heat UK,,,,,,London,,GB,W2 1AY
Fish4pets,,,,,,Redditch,,GB,B98 7FX
Fisher & Paykel Appliances,,,,,,Northampton,,GB,NN4 9BB
Fish�n Chick�n,,,,,,Basildon,,GB,SS16 4SW
Fiskars UK (Vita),,,,,,Stoke-on-Trent,,GB,ST12 9ER
Fit Out (U.K.),,,,,,London,,GB,NW10 7SJ
Fitflop,,,,,,London,,GB,EC4A 3AQ
Fitshop,,,,,,Glasgow,,GB,G73 1DF
Fittleworth Medical,,,,,,Littlehampton,,GB,BN17 7FB
Five Guys JV,,,,,,London,,GB,W10 6TP
Fiveways Shop & Service Station,,,,,,Newry,,GB,BT35 6PW
Fixfast,,,,,,Aylesford,,GB,ME20 7NY
Fizz Creations,,,,,,Lancing,,GB,BN15 8TA
Flair Leisure Products,,,,,,Epsom,,GB,KT17 4PF
Flakt Woods,,,,,,Colchester,,GB,CO4 5ZD
Flambeau Europlast,,,,,,Ramsgate,,GB,CT12 6HW
Flatfish,,,,,,Grimsby,,GB,DN31 3AE
Flavour Warehouse,,,,,,Lancashire,,GB,BB3 0RW
Flavours and Essences UK,,,,,,Blackburn,,GB,BB1 2QD
Flexicare (Group),,,,,,Mountain Ash,,GB,CF45 4ER
Flexicare Medical,,,,,,Mountain Ash,,GB,CF45 4ER
Flextronics Global Services (Manchester),,,,,,Stretton Warrington,,GB,WA4 4TQ
Flight Club Darts,,,,,,London,,GB,N1 0NY
Electric Shuffle,,,,,,London,,GB,N1 0NY
Flint Ink (U.K.),,,,,,Irlam,,GB,M44 5BL
Flint CPS Inks,,,,,,Irlam,,GB,M44 5BL
Flint Wines,,,,,,London,,GB,SE11 4AA
FloGas Britain,,,,,,Leicester,,GB,LE7 1PF
Medical Gas Solutions,,,,,,Flint,,GB,CH6 5UY
FloPlast,,,,,,Sittingbourne,,GB,ME10 3FP
Flokk,,,,,,Mirfield,,GB,WF14 0DE
Flora Food Sales,,,,,,London,,GB,SE1 0RB
Flowflex Components,,,,,,Buxton,,GB,SK17 7LR
Flowmax,,,,,,Puma Way,,GB,CV1 2TT
Action-Sealtite,,,,,,Puma Way,,GB,CV1 2TT
Alpeco,,,,,,Coventry,,GB,CV1 2TT
Anglo-Nordic Burner Products,,,,,,Coventry,,GB,CV1 2TT
B & D Plastics Group,,,,,,Coventry,,GB,CV1 2TT
Biopharma Dynamics,,,,,,Coventry,,GB,CV1 2TT
Buckley Industrial,,,,,,Coventry,,GB,CV1 2TT
Castle Pumps,,,,,,Coventry,,GB,CV1 2TT
Centre Tank Services,,,,,,Coventry,,GB,CV1 2TT
Essco Controls,,,,,,Coventry,,GB,CV1 2TT
Hytek (GB),,,,,,Coventry,,GB,CV1 2TT
Industrial Flow Control,,,,,,Coventry,,GB,CV1 2TT
Rob Pond,,,,,,Coventry,,GB,CV1 2TT
Whisper Pumps,,,,,,Coventry,,GB,CV1 2TT
Flowserve GB,,,,,,Manchester,,GB,M2 3DE
Fluidmaster GB,,,,,,Hereford,,GB,HR2 6JR
Flying Trade,,,,,,Harwich,,GB,CO12 4PT
Focal Point Fires,,,,,,London,,GB,NW8 0DL
Fold Hill Foods,,,,,,Boston,,GB,PE22 9PJ
Brambles Pet and Wildlife,,,,,,Boston,,GB,PE22 9PJ
Foleshill Plating Co,,,,,,Coventry,,GB,CV7 9EJ
Food-Bridge GB,,,,,,Worcester,,GB,WR1 2HW
Foodbridge FSG (GB),,,,,,Worcester,,GB,WR1 2HW
Foodnet,,,,,,Amersham,,GB,HP7 0DF
Foodspeed,,,,,,Hayes,,GB,UB4 0TH
Foot Shop,,,,,,Street,,GB,BA16 0HR
Footasylum,,,,,,Rochdale,,GB,OL11 1RY
Footsure Western,,,,,,Stonehouse,,GB,GL10 3EZ
Forbo Flooring UK,,,,,,Ripley,,GB,DE5 3NT
Ford Motor Company,,,,,,Laindon,,GB,SS15 6EE
Forever Living Products (U.K.),,,,,,Solihull,,GB,B91 3QJ
Forfarmers UK,,,,,,Bury St. Edmunds,,GB,IP30 9ND
Formica,,,,,,North Shields,,GB,NE29 8RE
Forteq (UK),,,,,,Huddersfield,,GB,HD5 0QR
Forum Packaging,,,,,,Horncastle,,GB,LN9 6NG
Forza Doors,,,,,,Horsham,,GB,RH13 8RA
Fosroc International,,,,,,Tamworth,,GB,B78 3XN
Fossil,,,,,,Milton Keynes,,GB,MK9 2LD
Fosters Bakery (Staincross),,,,,,Barnsley,,GB,S75 6AS
Fountain Foods,,,,,,Wisbech,,GB,PE14 9AB
Fountain Frozen,,,,,,Wisbech,,GB,PE13 3AD
Fourayes Farm,,,,,,Sittingbourne,,GB,ME9 8BJ
Fourstones Paper Mill Company,,,,,,Hexham,,GB,NE46 3SD
Fowlers of Bristol,,,,,,Bristol,,GB,BS4 3DR
Fox International Group,,,,,,Brentwood,,GB,CM14 5EG
Foyle Food Group,,,,,,Omagh,,GB,BT79 0BQ
Fragrance Oils (International),,,,,,Manchester,,GB,M26 2FR
Framptons,,,,,,Shepton Mallet,,GB,BA4 5PD
Frank Bird (Poultry),,,,,,Penrith,,GB,CA10 1NB
Frank Mercer & Sons,,,,,,Bolton,,GB,BL5 3JF
Frank Wright,,,,,,Ashbourne,,GB,DE6 1HA
Franke U.K,,,,,,Carron,,GB,FK2 8DR
Frasers Group,,,,,,Shirebrook,,GB,NG20 8RY
Amara Retail,,,,,,Shirebrook,,GB,NG20 8RY
Brands Holdings,,,,,,Shirebrook,,GB,NG20 8RY
Campri,,,,,,Shirebrook,,GB,NG20 8RY
Carlton Sports Company,,,,,,Shirebrook,,GB,NG20 8RY
Criminal Clothing,,,,,,Shirebrook,,GB,NG20 8RY
Echo Brand Holdco,,,,,,Shirebrook,,GB,NG20 8RY
FRASERS GROUP TRADING,,,,,,Shirebrook,,GB,NG20 8RY
Firetrap,,,,,,Shirebrook,,GB,NG20 8RY
Frasers Group Financial Services,,,,,,Accrington,,GB,BB5 5JB
GAME Retail,,,,,,,,GB,M2 5NT
GUL Watersports,,,,,,Shirebrook,,GB,NG20 8RY
Gelert IP,,,,,,Shirebrook,,GB,NG20 8RY
Golddigga Brands,,,,,,Shirebrook,,GB,NG20 8RY
Hot Tuna IP,,,,,,Shirebrook,,GB,NG20 8RY
House Of Fraser Brands,,,,,,Shirebrook,,GB,NG20 8RY
House of Fraser,,,,,,Shirebrook,,GB,NG20 8RY
I Saw It First,,,,,,Mansfield,,GB,NG20 8RY
Jack Wills IP,,,,,,Shirebrook,,GB,NG20 8RY
Kangol,,,,,,Shirebrook,,GB,NG20 8RY
Lonsdale Sports,,,,,,Shirebrook,,GB,NG20 8RY
Lovell Sports,,,,,,Shirebrook,,GB,NG20 8RY
Muddyfox IP,,,,,,Shirebrook,,GB,NG20 8RY
Nevica IP,,,,,,Shirebrook,,GB,NG20 8RY
No Fear International,,,,,,Shirebrook,,GB,NG20 8RY
Republic IP,,,,,,Shirebrook,,GB,NG20 8RY
Fred Perry,,,,,,London,,GB,WC1X 0AA
Freddie's Flowers,,,,,,London,,GB,SW8 3NS
Frederic Robinson,,,,,,Stockport,,GB,SK1 1JJ
Frederick Jones (Belfast),,,,,,Belfast,,GB,BT12 5FE
Freedom Sportsline,,,,,,London,,GB,SE1 2AU
Freefoam Building Products,,,,,,Northampton,,GB,NN5 5JP
Freemans Event Partners Holdings,,,,,,Hardwicke,,GB,GL2 2RN
Freeman Event Partners (Catering),,,,,,Hardwicke,,GB,GL2 2RN
Freeman Event Partners (Logistics),,,,,,Hardwicke,,GB,GL2 2RN
Freemans Event Partners (Bars),,,,,,Hardwicke,,GB,GL2 2RN
Freemans Grattan Holdings,,,,,,Bradford,,GB,BD99 2XG
Freemans Public Limited Company,,,,,,Bradford,,GB,BD99 2XG
Grattan,,,,,,Bradford,,GB,BD99 2XG
Freeworld Foods,,,,,,Spalding,,GB,PE11 2TA
Freiberger,,,,,,Spalding,,GB,PE11 2AF
Freixenet Copestick,,,,,,Newbury,,GB,RG14 2PZ
Bolney Wine Estate,,,,,,Bolney,,GB,RH17 5NB
Fresca Group,,,,,,Paddock Wood,,GB,TN12 6UT
M.&W. Mack,,,,,,Paddock Wood,,GB,TN12 6UT
Primafruit,,,,,,Evesham,,GB,WR11 1GT
The Fresh Produce Centre,,,,,,Paddock Wood,,GB,TN12 6UT
Fresenius Medical Care UK,,,,,,Sutton-in-Ashfield,,GB,NG17 2HU
Fresh-Pak Chilled Foods,,,,,,Nottingham,,GB,NG2 1LU
Freudenberg Sealing Technologies,,,,,,Leicester,,GB,LE1 1QH
Friar's Pride,,,,,,Peterborough,,GB,PE1 5YW
Fridge Spares Wholesale,,,,,,Cannock,,GB,WS11 0DJ
BEACON DESIGN & ENGINEERING,,,,,,Cannock,,GB,WS11 0DJ
EQUIPMENT SPARE PARTS,,,,,,Cannock,,GB,WS11 0DJ
Frieslandcampina UK,,,,,,London,,GB,SW1V 1AN
Frimpeks,,,,,,Market Harborough,,GB,LE16 7QF
Froneri Ice Cream,,,,,,NORTHALLERTON,,GB,DL7 9UL
Frontier Therapeutics,,,,,,Tredegar,,GB,NP22 3EL
Frozen Brothers,,,,,,High Wycombe,,GB,HP12 3TA
Fruitful Office,,,,,,Borehamwood,,GB,WD6 1JD
Fuchs Lubricants (UK),,,,,,Stoke-On-Trent,,GB,ST1 5HU
Fuel Express,,,,,,Wakefield,,GB,WF1 5EP
Fuerst Day Lawson,,,,,,London,,GB,E1W 3SS
Fuji Seal Europe,,,,,,Gillingham,,GB,ME8 0RJ
Fujichem Sonneborn,,,,,,Ilford,,GB,IG6 3XH
Fujifilm Electronic Materials,,,,,,Bedford,,GB,MK42 0ZE
Fujifilm Speciality Ink Systems,,,,,,Broadstairs,,GB,CT10 2LE
Fujifilm UK,,,,,,Bedford,,GB,MK42 0ZE
Fulfilmentcrowd,,,,,,Chorley,,GB,PR7 7NB
Fuller Smith & Turner,,,,,,London,,GB,W4 3NN
Fullers Foods International,,,,,,Leeds,,GB,LS2 7HA
Funko,,,,,,London,,GB,EC1A 2DY
Funkypigeon.com,,,,,,Wakefield,,GB,WF2 0XG
Furndeco,,,,,,Gloucester,,GB,GL2 2AH
Fusion Group,,,,,,Chesterfield,,GB,S41 9PZ
Futamura Chemical UK,,,,,,Wigton,,GB,CA7 9BG
Future Electronics,,,,,,Egham,,GB,TW20 9AH
Future Garments,,,,,,Warley,,GB,B66 3DL
Future Heights,,,,,,Liverpool,,GB,L9 6DX
Aintree Plastics,,,,,,Liverpool,,GB,L9 6DX
Fyfes Vehicle and Engineering Supplies,,,,,,Ballymena,,GB,BT42 3HB
G W Proudfoot,,,,,,Scarborough,,GB,YO11 3YT
G&J Distillers,,,,,,Warrington,,GB,WA3 6PH
G'S FRESH,,,,,,Ely,,GB,CB7 5TZ
G.C. Birchall,,,,,,Burnley,,GB,BB12 7BF
G.F.Smith & Son(London),,,,,,Hull,,GB,HU2 0HL
G.H. Sheldon Wholesale Bakers,,,,,,Manchester,,GB,M11 2GW
G.I. Hadfield & Son,,,,,,Newark,,GB,NG22 8UA
Enva Wood Recycling Manchester,,,,,,Newark,,GB,NG22 8AU
G.R. Lane Health Products,,,,,,Gloucester,,GB,GL2 0GR
Jakemans (Confectioners),,,,,,Gloucester,,GB,GL2 0GR
G.R.Wright & Sons,,,,,,Harlow,,GB,CM19 5GH
Wright's Milling,,,,,,Harlow,,GB,CM19 5GH
GA PET FOOD PARTNERS GROUP,,,,,,Chorley,,GB,PR7 7DW
GA PET FOOD PARTNERS,,,,,,Chorley,,GB,PR7 7DW
GA PET FOOD PARTNERS MILLING,,,,,,Chorley,,GB,PR7 7DW
GABF HOLDINGS,,,,,,London,,GB,WC1X 8AQ
Bagel Nash (Retail),,,,,,London,,GB,WC1X 8AQ
Oi! Bagel Trading,,,,,,London,,GB,WC1X 8AQ
The Great American Bagel Factory,,,,,,London,,GB,WC1X 8AQ
GALLERY DIRECT HOLDINGS,,,,,,Sittingbourne,,GB,ME103RN
DREAMWORKS BEDS,,,,,,Westbury,,GB,BA13 4EP
GALLERY DIRECT,,,,,,Sittingbourne,,GB,ME10 3RN
GBUK Group,,,,,,Selby,,GB,YO8 5DD
GBUK,,,,,,North Duffield Selby,,GB,YO8 5DD
GBUK Enteral,,,,,,North Duffield Selby,,GB,YO8 5DD
GCB Cocoa UK,,,,,,Sudbury,,GB,CO10 7QR
GCH Corporation,,,,,,Hampton,,GB,TW12 2BX
ADM Pressings,,,,,,Newcastle Upon Tyne,,GB,NE15 6BZ
Crompton Lamps,,,,,,Bradford,,GB,BD4 8QE
Dent Steel Services (Yorkshire),,,,,,Bradford,,GB,BD12 0QN
Newspace Containers,,,,,,Lydney,,GB,GL15 4EJ
Sycamore Lighting,,,,,,Leeds,,GB,LS25 2DY
Unitruck,,,,,,Ashton-Under-Lyme,,GB,OL6 8HZ
Whiteline Manufacturing,,,,,,Eastbourne,,GB,BN23 6QA
GE Aviation Systems,,,,,,Cheltenham,,GB,GL52 8SF
GE ENERGY POWER CONVERSION UK,,,,,,Rugby,,GB,CV21 1BD
GE Healthcare,,,,,,Chalfont St. Giles,,GB,HP8 4SP
GE Medical Systems,,,,,,Chalfont St. Giles,,GB,HP8 4SP
GEA Farm Technologies,,,,,,Warminster,,GB,BA12 9HT
GEM Imports,,,,,,Barnsley,,GB,S74 0FQ
GENERAL ALL PURPOSE PLASTICS,,,,,,Blackburn,,GB,bb1 2qp
GEORGE BATEMAN & SON,,,,,,Wainfleet-All-Saints,,GB,PE24 4JE
GFW,,,,,,Darwen,,GB,BB3 3RT
GIANT U.K,,,,,,Leicester,,GB,LE7 4UZ
GILLIES OF BROUGHTY FERRY,,,,,,Dundee,,GB,DD5 2AJ
GIORGIO'S CONTINENTAL,,,,,,NOTTINGHAM,,GB,NG16 3PX
GL Dameck,,,,,,Blairgowrie,,GB,PH10 6NW
GLEN DIMPLEX UK,,,,,,Southampton,,GB,SO30 2DF
GLEN GRANT,,,,,,Rothes,,GB,AB38 7BS
GLENRATH FARMS,,,,,,West Linton,,GB,EH46 7BD
GLENRATH EGG PRODUCTS,,,,,,West Linton,,GB,EH46 7BD
GLOBAL CHAIR COMPONENTS,,,,,,Southwold,,GB,IP18 6SY
GNB Industrial Power,,,,,,Bolton,,GB,BL6 6QQ
GPA Global,,,,,,Royston,,GB,SG8 0SS
GPI Cambridge,,,,,,London,,GB,E14 5HU
GPI Highbridge,,,,,,London,,GB,E14 5HU
GPI Rotherham,,,,,,London,,GB,E14 5HU
GPS Food Group (UK),,,,,,Waltham Cross,,GB,EN8 7NX
DEARBOY PETCARE,,,,,,Wrexham,,GB,LL13 9QA
Essex Farm Foods,,,,,,Waltham Cross,,GB,EN8 7NX
Pinnacle Foods,,,,,,Waltham Cross,,GB,EN8 7NX
GRAFTON GROUP (UK) PUBLIC LIMITED COMPANY,,,,,,Wythall,,GB,B47 6LW
CPI MORTARS (NORTH),,,,,,Wythall,,GB,B47 6LW
LSDM,,,,,,Birmingham,,GB,B47 6LW
MACNAUGHTON BLAIR,,,,,,Belfast,,GB,BT12 6RD
SELCO TRADE CENTRES,,,,,,Birmingham,,GB,B47 6LW
STAIRBOX,,,,,,Wythall,,GB,B47 6LW
T.G. LYNES,,,,,,Birmingham,,GB,B47 6LW
GRAFTON INTERNATIONAL,,,,,,Tamworth,,GB,B77 5PT
THE EYELASH EMPORIUM,,,,,,Tamworth,,GB,B77 5PT
GRANT & BOWMAN,,,,,,Lower Road,,GB,WD3 5LH
GREENCORE FOODS,,,,,,Worksop,,GB,S80 2RS
GREENCORE FOOD TO GO,,,,,,Worksop,,GB,S80 2RS
GREENCORE GROCERY,,,,,,Worksop,,GB,S80 2RS
GREENCORE PREPARED MEALS,,,,,,Worksop,,GB,S80 2RS
GREENE KING,,,,,,Bury St Edmunds,,GB,IP33 1QT
GREENE KING BREWING AND RETAILING,,,,,,Bury St Edmunds,,GB,IP33 1QT
GREGGS,,,,,,Newcastle Upon Tyne,,GB,NE12 8BU
GRIFFIN & BRAND (EUROPEAN),,,,,,Ashford,,GB,TN23 4TU
GRUPO BIMBO UK,,,,,,Rotherham,,GB,S64 8AB
BARCEL SNACKS UK,,,,,,Mexborough,,GB,S64 8AB
ST PIERRE GROUPE,,,,,,Manchester,,GB,M20 2LX
GS Yuasa Battery Europe,,,,,,Swindon,,GB,SN3 5FB
GS Yuasa Battery Manufacturing UK,,,,,,Ebbw Vale,,GB,NP23 5SD
GS Yuasa Battery Sales UK,,,,,,Swindon,,GB,SN3 5FB
GUSBOURNE ESTATE,,,,,,Appledore,,GB,TN26 2BE
GXO Logistics Drinks,,,,,,Northampton,,GB,NN1 5GE
GXO Logistics FST,,,,,,Northampton,,GB,NN1 5GE
GXO Logistics,,,,,,Edinburgh,,GB,EH3 8RY
Gafoor Pure Halal,,,,,,Preston,,GB,PR1 5AJ
Galen,,,,,,Craigavon,,GB,BT63 5UA
Gallaher,,,,,,London,,GB,SW15 2LL
Gallo Vineyards Inc,,,,,,Uxbridge,,GB,UB8 1QQ
Gama Healthcare,,,,,,Hemel Hempstead,,GB,HP2 7TG
Gamebore Cartridge Co,,,,,,Kingston upon Hull,,GB,HU9 1AR
Gant,,,,,,London,,GB,WC2A 1AN
Garador,,,,,,Yeovil,,GB,BA20 2EJ
Gardiner Bros. and Company (Leathers),,,,,,Stonehouse,,GB,GL10 3EZ
Gardner Denver,,,,,,Bradford,,GB,BD4 0SG
Garland Products,,,,,,Kingswinford,,GB,DY6 7TZ
Garmin (Europe),,,,,,Southampton,,GB,SO40 9LR
Garthwest,,,,,,Hull,,GB,HU7 0XA
Gates Worldwide,,,,,,Bristol,,GB,BS13 8FD
Gates (U.K.),,,,,,Heathhall,,GB,DG1 1TS
Gates Engineering & Services,,,,,,Bristol,,GB,BS13 8FD
Gazechim Composites,,,,,,Oxford,,GB,OX11 8XD
Gear4music,,,,,,York,,GB,YO26 4GN
Geary's Bakeries,,,,,,Loughborough,,GB,LE12 8LD
Geberit Sales,,,,,,Warwick,,GB,CV34 6NH
Gemcom,,,,,,London,,GB,W1W 5DD
Gemporia Partnership,,,,,,Redditch,,GB,B98 9HF
Gemporia,,,,,,Redditch,,GB,B98 9HF
Gemporia Craft,,,,,,Redditch,,GB,B98 9HF
General Hvac Solutions UK,,,,,,Elsetree,,GB,WD6 3SG
General Mills UK,,,,,,Bristol,,GB,BS13 8FD
Generation Phoenix,,,,,,Peterborough,,GB,PE7 3HH
Genius Foods,,,,,,Edinburgh,,GB,EH36JD
Genting Casinos UK,,,,,,Birmingham,,GB,B40 1PU
Geo Specialty Chemicals,,,,,,Southampton,,GB,SO45 3ZG
George Abrahams,,,,,,London,,GB,EC1A 9PQ
George Fischer Sales,,,,,,Coventry,,GB,CV2 2ST
George Walker Transport,,,,,,Leeds,,GB,LS27 0BN
Geox UK,,,,,,London,,GB,EC3M 7DQ
Gerald McDonald & Company,,,,,,Basildon,,GB,SS14 3GT
Gerald McDonald (Herbs & Spices),,,,,,Basildon,,GB,SS14 3GT
Gerflor Flooring UK,,,,,,Altrincham,,GB,WA14 2DT
Getinge,,,,,,Derby,,GB,DE21 6YH
Quadralene,,,,,,Derby,,GB,DE21 6YH
Geze UK,,,,,,Lichfield,,GB,WS13 8SX
Gift Universe Group,,,,,,Dorking,,GB,RH4 1XA
Gift Universe,,,,,,Dorking,,GB,RH4 1XA
Giggling Restaurants,,,,,,Guildford,,GB,GU1 4UX
Chokdee,,,,,,Guildford,,GB,GU1 4UX
Gilbert Thompson (Leeds),,,,,,Leeds,,GB,LS9 0PX
G T Prep,,,,,,Leeds,,GB,LS9 0PX
GT Produce,,,,,,Leeds,,GB,LS9 0PX
Gilberts (Blackpool),,,,,,Blackpool,,GB,FY4 4QT
Gilbertson & Page,,,,,,Welwyn Garden City,,GB,Al7 1AN
WV Associates,,,,,,Bishop Auckland,,GB,DL14 6XF
Gill Aggregates,,,,,,Kent,,GB,DA11 9BB
Gima (UK),,,,,,London,,GB,IG11 0RH
Giovanni Rana (UK),,,,,,Windsor,,GB,SL4 3BL
Giro Food,,,,,,Birmingham,,GB,B9 4EP
Givaudan,,,,,,Ashford,,GB,TN24 0LT
Glanbia Performance Nutrition (UK Sales Division),,,,,,Harrogate,,GB,HG1 5PA
Glanbia Performance Nutrition (UK),,,,,,Harrogate,,GB,HG1 5PA
Glasdon Group,,,,,,Blackpool,,GB,FY4 4WA
GLASDON (UK),,,,,,Blackpool,,GB,FY4 4WA
Glasswells,,,,,,Bury St. Edmunds,,GB,IP33 3TU
Glatfelter Lydney,,,,,,Norwich,,GB,NR3 1RU
Glaxosmithkline Services Unlimited,,,,,,London,,GB,WC1A 1DG
Glaxosmithkline UK,,,,,,London,,GB,WC1A 1DG
Glazpart,,,,,,Banbury,,GB,OX16 3JU
Gledhill Building Products,,,,,,Blackpool,,GB,FY4 3RL
Glen Dimplex Home Appliances,,,,,,Risley,,GB,WA3 6GD
Glen Turner Company,,,,,,London,,GB,WC2B 5DG
Glen Moray Distillery,,,,,,Bathgate,,GB,EH47 7BW
Glennon Brothers (UK),,,,,,Troon,,GB,KA10 6DN
Glinwell Marketing,,,,,,Milton Keynes,,GB,MK9 1FF
Global Brands,,,,,,Chesterfield,,GB,S41 7JB
Global Foods,,,,,,Cardiff,,GB,CF11 8TS
Global Pacific Processors UK,,,,,,Worcester,,GB,WR1 2LB
Global Stone (Colchester),,,,,,Colchester,,GB,CO6 1HX
Globus (Shetland),,,,,,Lerwick,,GB,ZE1 0EB
Alpha Solway,,,,,,Lerwick,,GB,ZE1 0EB
Vision Lab (Ormskirk),,,,,,Manchester,,GB,M17 1SH
Glossop Carton and Print,,,,,,Stockport,,GB,SK4 1NU
Gluecom,,,,,,Walsall,,GB,WS9 8TP
Ace Adhesives,,,,,,Walsall,,GB,WS9 8TP
Adhesives Direct,,,,,,Walsall,,GB,WS9 8TP
Aztec Adhesives,,,,,,Hyde,,GB,SK14 4QN
Enterprise Adhesives & Chemicals,,,,,,Basildon,,GB,SS15 6SD
Pafra Adhesives,,,,,,Basildon,,GB,SS14 3BU
Go Superfoods,,,,,,Sheffield,,GB,S25 3SF
Go-Pak,,,,,,Bristol,,GB,BS37 5NW
Goedhuis Waddesdon,,,,,,London,,GB,EC4A 3DW
Golden Acre Foods,,,,,,Staines upon Thames,,GB,TW18 3AG
Golden Bear Products,,,,,,Telford,,GB,TF1 7EY
Golden Casket (Greenock),,,,,,Bude,,GB,EX23 0ER
Golden Fry Foods,,,,,,Wetherby,,GB,LS22 7DW
Goldtique,,,,,,Barnet,,GB,EN5 5UZ
Heathplace,,,,,,Barnet,,GB,EN5 5UZ
Hillcrest Catering Co,,,,,,Barnet,,GB,EN5 5UZ
Inspection,,,,,,Barnet,,GB,EN5 5UZ
Golf Holdings,,,,,,Belfast,,GB,BT3 9BU
James E. McCabe,,,,,,Craigavon,,GB,BT63 5WF
Philip Russell,,,,,,Belfast,,GB,BT6 9PR
Property Management Services (N.I.),,,,,,Craigavon,,GB,BT63 5WF
Regency Hotel (Northern Ireland),,,,,,Belfast,,GB,BT3 9BU
Wine Inns,,,,,,Belfast,,GB,BT3 9BU
Winemark the Wine Merchants,,,,,,Belfast,,GB,BT3 9BU
Golfclubs4cash,,,,,,Loanhead,,GB,EH20 9LZ
Gonzalez Byass UK,,,,,,London,,GB,WC1H 9LG
Good Food Wines,,,,,,Worksop,,GB,S81 7QF
Goodwin,,,,,,Stoke-on-Trent,,GB,ST1 3NR
AVD Fire,,,,,,Stoke-on-Trent,,GB,ST1 3NR
Dupre Minerals,,,,,,Stoke On Trent,,GB,ST1 3NR
Duvelco,,,,,,Stoke-on-Trent,,GB,ST1 3NR
Goodwin International,,,,,,Stoke on Trent,,GB,ST1 3NR
Goodwin Refractory Services,,,,,,Stoke-On-Trent,,GB,ST1 3NR
Goodwin Steel Castings,,,,,,Stoke-on-Trent,,GB,ST1 3NR
Hoben International,,,,,,Brassington,,GB,DE4 4HF
Goonvean Holdings,,,,,,St Austell,,GB,PL26 7QF
Dura-ID Solutions,,,,,,St Austell,,GB,PL26 7QF
Goonvean Electronics,,,,,,St Austell,,GB,PL26 7QF
Goonvean Fibres,,,,,,St Austell,,GB,PL26 7QF
North Devon Electronics,,,,,,St Austell,,GB,PL26 7QF
Precision Casting,,,,,,St Austell,,GB,PL26 7QF
R.H. Fibreboard Containers,,,,,,St Austell,,GB,PL26 7QF
Gordian Strapping,,,,,,Basingstoke,,GB,RG21 6XX
Gorgemead,,,,,,Lostock,,GB,BL6 4SA
Gorilla Glue Europe,,,,,,Chorley,,GB,PR7 7NA
Gosh! Food,,,,,,Milton Keynes,,GB,MK10 0BD
Gould International UK,,,,,,Leatherhead,,GB,KT22 7SL
Gozney Group,,,,,,Bournemouth,,GB,BH2 5LP
Grace Foods UK,,,,,,Welwyn Garden City,,GB,AL7 1HW
Gradus,,,,,,Altrincham,,GB,WA14 2DT
Graeme Ellisdon,,,,,,Great Gaddesden,,GB,HP2 6HD
Graham and Green,,,,,,Bath,,GB,BA1 5BG
Grange Fencing,,,,,,Much Wenlock,,GB,TF13 6DD
Grangers International,,,,,,Chesterfield,,GB,S44 5FD
Grant Engineering (UK),,,,,,Swindon,,GB,SN5 8YG
Granville Oil & Chemicals,,,,,,Rotherham,,GB,S63 9BL
Grapes Direct,,,,,,Maidstone,,GB,ME18 6ET
Graphic Packaging International Europe,,,,,,London,,GB,E14 5HU
Graphic Packaging International,,,,,,London,,GB,E14 5HU
Graphic Packaging International Bardon,,,,,,London,,GB,E14 5HU
Graphic Packaging International Gateshead,,,,,,London,,GB,E14 5HU
Graphic Packaging International Foodservice Europe,,,,,,London,,GB,E14 5HU
Gratnells,,,,,,Cambridge,,GB,CB23 8AG
Green & Brown,,,,,,Huddersfield,,GB,HD5 0RH
Green Energy Options,,,,,,Cambridge,,GB,CB23 7QS
Green Fun Alliance,,,,,,Salisbury,,GB,SP4 7RT
Green Gourmet,,,,,,Stroud,,GB,GL6 6NU
Green Label Foods,,,,,,Woodbridge,,GB,IP13 6JW
Green Sheep Group,,,,,,Stratford-Upon-Avon,,GB,CV37 0JE
Green Team Christmas Trees,,,,,,Inverurie,,GB,AB51 5LX
Greenbrook Industries,,,,,,Harlow,,GB,CM20 2BG
Greencroft Bottling Company,,,,,,Annfield Plain,,GB,DH9 7XP
Greenfields Ireland,,,,,,Belfast,,GB,BT3 9JP
Greenhalgh's Craft Bakery,,,,,,Bolton,,GB,BL6 4BU
Greenwood & Coope,,,,,,Bury,,GB,BL8 4HR
Greenyard Frozen,,,,,,King's Lynn,,GB,PE30 4WS
Greif Delta Plastics,,,,,,Ellesmere Port,,GB,CH65 4EZ
Greif,,,,,,South Wirral,,GB,CH65 4EZ
Greif UK Plastics,,,,,,Crewe,,GB,CW1 6YA
Greiner Bio-One,,,,,,Stonehouse,,GB,GL10 3XG
Grenade (UK),,,,,,Birmingham,,GB,B30 2HP
Grey Technology,,,,,,Worcester,,GB,WR4 9FB
Griffith Foods,,,,,,Alfreton,,GB,DE55 4NN
Griffith Foods Wincanton,,,,,,Alfreton,,GB,DE55 4NN
Gripple,,,,,,Sheffield,,GB,S4 7UQ
Grocery Delivery E-Services UK,,,,,,London,,GB,EC2A 2EZ
Grohe,,,,,,Hounslow,,GB,TW6 2SF
Group55,,,,,,Chorley,,GB,PR7 1NH
Groupe SEB UK,,,,,,Datchet,,GB,SL3 9LL
Groves Of Thame (Holdings),,,,,,Thame,,GB,OX9 2ED
Adjustoform Products,,,,,,Ashford,,GB,TN24 0FE
Groves of Thame,,,,,,Thame,,GB,OX9 3FU
Grovewell Garden Centres,,,,,,London,,GB,N3 2JX
Growth Technology,,,,,,Taunton,,GB,TA2 6BX
Grundfos Pumps,,,,,,Leighton Buzzard,,GB,LU7 4TL
Grundfos Manufacturing,,,,,,Sunderland,,GB,SR5 3JL
Grundfos Watermill,,,,,,Leighton Buzzard,,GB,LU7 4TL
Grunenthal Meds,,,,,,Galashiels,,GB,TD1 1QH
Grupo Antolin Leamington,,,,,,Leamington Spa,,GB,CV34 6RH
Gtek Foods,,,,,,Ware,,GB,SG11 2EB
Gu Indulgent Foods,,,,,,Bishop's Stortford,,GB,CM23 5PA
Guala Closures U.K,,,,,,Glasgow,,GB,G69 8GQ
Guala Closures UCP,,,,,,Glasgow,,GB,G69 8GQ
Guardian Industries U.K,,,,,,Goole,,GB,DN14 8GA
Gucci,,,,,,Haywards Heath,,GB,RH16 3BW
Guenther Bakeries UK,,,,,,Heywood,,GB,OL10 2TN
Guerlain,,,,,,Hersham,,GB,KT12 4NH
Guess U.K,,,,,,Lewes,,GB,BN7 1JU
Guylian,,,,,,Kidlington,,GB,OX5 1LQ
Gwalia Healthcare,,,,,,Pontypridd,,GB,CF37 5TF
Gymshark,,,,,,Solihull,,GB,B90 8AB
H & B Supplies,,,,,,Cardiff,,GB,CF3 2PY
H & K Distribution,,,,,,Rugby,,GB,CV21 1QN
H C SLINGSBY P L C,,,,,,Shipley,,GB,BD17 7LW
ESE DIRECT,,,,,,Shipley,,GB,BD17 7LW
H G Walter,,,,,,London,,GB,NW10 7FW
H MART EUROPE,,,,,,New Malden,,GB,KT3 3NW
H Young Holdings,,,,,,Newbury,,GB,RG14 1BD
H Young (Operations),,,,,,Newbury,,GB,RG14 1BD
Rohan Designs,,,,,,Newbury,,GB,RG14 1BD
H&M HENNES & MAURITZ UK,,,,,,London,,GB,W1D 1NN
H&M HENNES & MAURITZ UK SERVICES,,,,,,London,,GB,W1D 1NN
H&R Chempharm (UK),,,,,,Tipton,,GB,DY4 8EH
H+H UK,,,,,,Sevenoaks,,GB,TN15 9HZ
H-PACK Packaging,,,,,,Wrexham,,GB,LL12 0PG
H. BUTTERFIELD,,,,,,Beds,,GB,LU4 8QF
H.B. Fuller U.K. Manufacturing,,,,,,Dukinfield,,GB,SK16 4XE
Kommerling,,,,,,Preston,,GB,PR5 8AQ
H.G. Gladwell & Sons,,,,,,Ipswich,,GB,IP8 3LA
H.G. Stephenson,,,,,,Stockport,,GB,SK2 6EQ
H.I.WELDRICK,,,,,,Doncaster,,GB,DN4 5HZ
H.J. Heinz Foods UK,,,,,,London,,GB,SE1 9SG
H.J. Heinz Manufacturing UK,,,,,,London,,GB,SE1 9SG
H.L. Hutchinson,,,,,,Wisbech,,GB,PE13 2RN
H.TEMPEST,,,,,,St. Ives,,GB,TR26 3HU
H.Weston & Sons,,,,,,Ledbury,,GB,HR8 2NQ
H2 Portes Topco,,,,,,Doncaster,,GB,DN3 1QR
BA Clic Components,,,,,,Cookstown,,GB,BT80 9LU
BA Kitchen Components,,,,,,Cookstown,,GB,BT80 9LU
HABASIT (UK),,,,,,Elland,,GB,HX5 9AF
HAFELE U.K,,,,,,Rugby,,GB,CV21 1RD
HAGUE PRINT MEDIA SUPPLIES,,,,,,Normanton,,GB,WF6 1TD
HAGUE COMPUTER SUPPLIES,,,,,,Normanton,,GB,WF6 1TD
PRINT SEARCH,,,,,,Manchester,,GB,M17 1PJ
PSL Print Management,,,,,,Longridge Road,,GB,PR2 5ND
HALLITE SEALS INTERNATIONAL,,,,,,Staffordshire,,GB,ST4 4EY
HALLS FURNISHINGS,,,,,,Manchester,,GB,M16 0NL
HAMPTON STEEL,,,,,,Wellingborough,,GB,NN8 4NL
HARBRO,,,,,,Aberdeenshire,,GB,AB53 4PA
HARRIS & BAILEY,,,,,,Surrey,,GB,CR9 6BR
HARRISON BATHROOMS,,,,,,Harrogate,,GB,HG3 1GY
HARRY'S GROOMING,,,,,,London,,GB,WC2N 4AZ
HARTMAN OUTDOOR PRODUCTS UK,,,,,,Telford,,GB,TF1 7GP
HASKETON SMITHFIELD,,,,,,Woodbridge,,GB,IP13 6JW
J.F. EDWARDS (SMITHFIELD),,,,,,London,,GB,EC1A 9PS
KEN BRIGGS,,,,,,Lincolnshire,,GB,LN8 3ER
PETER THOMPSON GROUP,,,,,,London,,GB,EC1A 9PQ
HATCH MANSFIELD AGENCIES,,,,,,Ascot,,GB,SL5 9DJ
HAWORTH SCOURING COMPANY,,,,,,West Yorkshire,,GB,BD3 9SX
HAWORTH COMBING COMPANY,,,,,,Bradford,,GB,BD3 9SX
HB RTS UK,,,,,,Droitwich,,GB,WR9 0NR
HD Plants,,,,,,Chorley,,GB,PR7 1NY
HECK! FOOD,,,,,,Bedale,,GB,DL8 2NL
HELIX TRADING,,,,,,Kingswinford,,GB,DY6 7FP
HERBERT WALKERS,,,,,,Shipley,,GB,BD17 7AR
HERMAN MILLER HOLDINGS,,,,,,Melksham,,GB,SN12 6GN
COLEBROOK BOSSON & SAUNDERS (PRODUCTS),,,,,,Melksham,,GB,SN12 6GN
HERMAN MILLER,,,,,,Melksham,,GB,SN12 6GN
NAUGHT ONE,,,,,,Harrogate,,GB,HG3 1UG
HERO UK FOODS,,,,,,Bournemouth,,GB,BH2 5LT
HEXCEL COMPOSITES,,,,,,Cambridge,,GB,CB22 4QB
HEXCEL REINFORCEMENTS UK,,,,,,Duxford,,GB,CB22 4QB
HG UKI,,,,,,Bishop's Stortford,,GB,CM22 6PU
HG&Co,,,,,,Witham,,GB,CM8 3YE
HI-LEX Act Wales,,,,,,Ammanford,,GB,SA18 3BL
HIB,,,,,,London,,GB,EC2Y 5AU
HIGHER KINGS MILL,,,,,,Cullompton,,GB,EX15 1QJ
HILL-ROM,,,,,,Thetford,,GB,IP24 3SE
WELCH ALLYN (U.K.),,,,,,Thetford,,GB,IP24 3SE
HIPP UK,,,,,,Reading,,GB,RG10 0SQ
HISTORY & HERALDRY,,,,,,Rotherham,,GB,S66 8HR
HJE,,,,,,Matlock,,GB,DE4 2LP
HL Display UK Holding,,,,,,Harlow,,GB,CM19 5BH
HL Display,,,,,,Harlow,,GB,CM19 5BH
HL Display Harlow,,,,,,Harlow,,GB,CM19 5BH
HL Display Leeds,,,,,,Harlow,,GB,CM19 5BH
HL Hall (International),,,,,,Maidstone,,GB,ME14 5PP
HMG PAINTS,,,,,,Manchester,,GB,M40 7RU
HMS HOST,,,,,,Feltham,,GB,TW14 8HA
HMY UK Innovation in Retail,,,,,,Newcastle Upon Tyne,,GB,NE16 6EA
HOLCIM UK,,,,,,Coalville,,GB,LE67 1TL
HOLLAND & BARRETT INTERNATIONAL,,,,,,Nuneaton,,GB,CV10 7RH
HOMELEIGH TIMBER AND BUILDING SUPPLIES,,,,,,Tonbridge,,GB,TN12 0PY
HOT (UK),,,,,,London,,GB,EC2M 4AG
HOTHOUSE HOLDINGS,,,,,,Sheffield,,GB,S35 9ZX
HOTHOUSE BEAUTY,,,,,,Sheffield,,GB,S35 9ZX
HOUGHTON,,,,,,Manchester,,GB,M17 1AF
HOUSE OF TOWNEND,,,,,,North Ferriby,,GB,HU14 3BQ
HOVIS,,,,,,High Wycombe,,GB,HP12 3QS
HP INC,,,,,,Reading,,GB,RG6 1PT
HPC,,,,,,Burgess Hill,,GB,RH15 9RQ
HPREF II UK HOTEL MANAGEMENT,,,,,,London,,GB,SW1W 0EB
HSNF,,,,,,London,,GB,E1W 9US
HT Drinks Holdings,,,,,,Park Royal,,GB,NW10 7LQ
Champers (Wholesale),,,,,,Wembley,,GB,HA0 1HX
Drinksupermarket.com,,,,,,Park Royal,,GB,NW10 7LQ
HT Drinks,,,,,,Park Royal,,GB,NW10 7LQ
HTC Group,,,,,,Runcorn,,GB,WA7 3DU
HUBBELL,,,,,,London,,GB,EC4N 6AF
HUNTERS & FRANKAU,,,,,,London,,GB,SW6 3DU
HYDROGARDEN,,,,,,Coventry,,GB,CV32RN
Hachette Partworks,,,,,,London,,GB,N1 6EB
Hachette UK (Holdings),,,,,,London,,GB,EC4Y 0DZ
Hachette UK Distribution,,,,,,London,,GB,EC4Y 0DZ
Headline Publishing Group,,,,,,London,,GB,EC4Y 0DZ
Hodder & Stoughton,,,,,,London,,GB,EC4Y 0DZ
Little Brown Book Group,,,,,,London,,GB,EC4Y 0DZ
Octopus Publishing Group,,,,,,London,,GB,EC4Y 0DZ
The Orion Publishing Group,,,,,,London,,GB,EC4Y 0DZ
Hadley Industries Holdings,,,,,,Smethwick,,GB,B66 2PA
Haemmerlin,,,,,,Walsall,,GB,WS1 4NX
Hager,,,,,,Telford,,GB,TF1 7FT
Haier Smart Home UK & I,,,,,,Warrington,,GB,WA3 6XG
Hain Celestial UK,,,,,,Leeds,,GB,LS15 8GB
Daniels Chilled Foods,,,,,,Leeds,,GB,LS15 8GB
Farmhouse Fare,,,,,,Leeds,,GB,LS15 8GB
Hain Frozen Foods UK,,,,,,Leeds,,GB,LS15 8GB
Haldane Fisher,,,,,,Newry,,GB,BT35 6QQ
Haleon UK Trading,,,,,,Weybridge,,GB,KT13 0NY
Halfords Group,,,,,,Redditch,,GB,B98 0DE
Hall & Associates (Marketing),,,,,,York,,GB,YO26 6RS
Hall & Pickles 1812,,,,,,Poynton Stockport,,GB,SK12 1NB
Hall & Roberts (Holdings),,,,,,Widnes,,GB,WA8 0QN
Hall & Roberts (Provisions),,,,,,Widnes,,GB,WA8 0QN
Heathfield Provisions,,,,,,Widnes,,GB,WA8 8RA
Hall and Woodhouse,,,,,,Blandford Forum,,GB,DT119LS
Hallgarten Wines,,,,,,London,,GB,W1K 3JB
Halliburton Manufacturing and Services,,,,,,London,,GB,W4 5RP
Hallis-Hudson Group,,,,,,Preston,,GB,PR2 5NJ
Hallmark Cards,,,,,,Bradford,,GB,BD4 6HN
Halo Foods,,,,,,Newport,,GB,NP19 4XA
Hamble Distribution,,,,,,Glasgow,,GB,G3 6DR
Hambleside Danelaw,,,,,,Daventry,,GB,NN11 4NR
Hamelin Brands,,,,,,Red Lodge,,GB,IP28 8WG
Hameln Pharma,,,,,,Gloucester,,GB,GL3 4AG
Hamleys of London,,,,,,London,,GB,SW1P 1BB
Hammond Chemicals,,,,,,Brierley Hill,,GB,DY5 1JR
Hammond Produce,,,,,,Nottingham,,GB,NG5 8PB
Hammonds Furniture,,,,,,Hinckley,,GB,LE10 3QQ
Hana Group UK,,,,,,London,,GB,SW15 2TN
Hanmere Polythene,,,,,,Letchworth,,GB,SG6 1HD
Hansgrohe,,,,,,Warwick,,GB,CV34 6XQ
Hanson,,,,,,Maidenhead,,GB,SL6 8QZ
Hanson Plywood,,,,,,Halifax,,GB,HX3 6RL
Harada Industries (Europe),,,,,,Birmingham,,GB,B32 3BZ
Harbor Lights Entertainment (UK),,,,,,Nottingham,,GB,NG7 2UW
Hardroad,,,,,,Carnforth,,GB,LA5 9JZ
BORDER AGGREGATES,,,,,,Carnforth,,GB,LA5 9JZ
HAMILTON & BRYDIE,,,,,,Alloa,,GB,FK10 2PB
LLOYD'S SPAR QUARRIES (MOLD),,,,,,Mold,,GB,CH7 5HR
PEAKDALE QUARRY PRODUCTS,,,,,,Carnforth,,GB,LA5 9JZ
Harlech Foodservice,,,,,,Criccieth,,GB,LL52 0LJ
Harley-Davidson Europe,,,,,,Abingdon,,GB,OX14 4SD
Harlow Timber Group,,,,,,Loughborough,,GB,LE12 5DE
Harlow Bros,,,,,,Loughborough,,GB,LE12 5DE
Harlow Timber Systems,,,,,,Loughborough,,GB,LE12 5DE
Harlow Timber Systems (Eastern),,,,,,Loughborough,,GB,LE12 5DE
Harlows Kidderminster,,,,,,Loughborough,,GB,LE12 5DE
Harman International Industries,,,,,,Hemel Hempstead,,GB,HP3 9TD
Harp International,,,,,,Pontypridd,,GB,CF37 5SX
Harrison Spinks Beds,,,,,,Leeds,,GB,LS11 5SB
Harrod UK,,,,,,Lowestoft,,GB,NR33 7NL
Harry Corry,,,,,,Derriaghy,,GB,BT17 9HU
Harry Ramsden�s Group,,,,,,Reigate,,GB,RH2 9HZ
Hartford Holdings Group,,,,,,Huddersfield,,GB,HD3 4QG
Mantadela Bathroom Company,,,,,,Huddersfield,,GB,HD3 4QG
Thomas Crapper and Company,,,,,,Huddersfield,,GB,HD3 4QG
Trojan Plastics,,,,,,Huddersfield,,GB,HD3 4QG
Harvey & Son (Lewes),,,,,,Lewes,,GB,BN7 2AH
Hasbro U.K,,,,,,Uxbridge,,GB,UB11 1ET
Haskins Group,,,,,,Ferndown,,GB,BH22 9DJ
Birdworld,,,,,,Ferndown,,GB,BH22 9DJ
Haskins Garden Centres,,,,,,Ferndown,,GB,BH22 9DJ
Havwoods,,,,,,Carnforth,,GB,LA5 9FD
Hayley Group,,,,,,Halesowen,,GB,B63 3XL
Advanced Maintenance Supplies,,,,,,Halesowen,,GB,B63 3XL
Bearing Man,,,,,,Halesowen,,GB,B63 3XL
Hayley-DIRS,,,,,,Halesowen,,GB,B63 3XL
Mercury Bearings,,,,,,Halesowen,,GB,B63 3XL
Haynes International,,,,,,Manchester,,GB,M11 2ER
Haywood and Padgett,,,,,,Barnsley,,GB,S71 3HS
Heal's (1810),,,,,,London,,GB,W1T 7LQ
Healthcare 21,,,,,,Basingstoke,,GB,RG24 8PZ
Healthpoint,,,,,,Blackpool,,GB,FY2 0JN
Healthy Retail,,,,,,London,,GB,EC2M 6AB
Healy Chemicals,,,,,,Bardon Hill,,GB,LE67 1HH
Heataction,,,,,,Manchester,,GB,M18 8DB
Heathcoat Fabrics,,,,,,Tiverton,,GB,EX16 5LL
Heathcote & Ivory,,,,,,London,,GB,NW6 6RD
Heather Ale,,,,,,Alloa,,GB,FK10 1NT
Heatons (NI),,,,,,Belfast,,GB,BT1 4NX
Hedonism Drinks,,,,,,London,,GB,W1K 3NB
85 PICCADILLY,,,,,,London,,GB,W1K 3NB
Heidelberg Graphic Equipment,,,,,,Uxbridge,,GB,UB11 1EZ
Heineken,,,,,,Edinburgh,,GB,EH2 2BD
Beavertown Brewery,,,,,,Enfield,,GB,EN3 7SR
Brixton Brewery,,,,,,London,,GB,SW9 8PF
Star Pubs Trading,,,,,,London,,GB,W1W 8HJ
Hela Brands,,,,,,Huddersfield,,GB,HD3 4EX
Helical Technology,,,,,,Lytham,,GB,FY8 5AQ
Helios Ingredients,,,,,,Brentford,,GB,TW8 9JQ
Hella,,,,,,Chipping Warden,,GB,OX17 1LL
Hellermanntyton,,,,,,Crawley,,GB,RH10 1DQ
Helly Hansen,,,,,,Nottingham,,GB,NG8 6AT
Helm Great Britain,,,,,,London,,GB,WC2B 5AH
Hemingways Marketing Services,,,,,,Ripon,,GB,HG4 1PB
Hempel UK,,,,,,Cwmbran,,GB,NP44 3FD
Hen House (Wholesale),,,,,,Preston,,GB,PR1 7XN
The Fresh Chicken Company,,,,,,Preston,,GB,PR1 7XN
Henbrandt,,,,,,Ipswich,,GB,IP3 9SW
Henkel,,,,,,Hemel Hempstead,,GB,HP2 4RQ
Henley Bridge Ingredients,,,,,,Leeds,,GB,LS10 2JH
Henry Alty,,,,,,Preston,,GB,PR4 5JT
Henry Bell & Co (Grantham),,,,,,Grantham,,GB,NG31 7DB
Henry Colbeck,,,,,,Gateshead,,GB,NE11 0HG
Henry Schein UK Holdings,,,,,,GILLINGHAM,,GB,ME8 0SB
B.A. International,,,,,,Gillingham,,GB,ME8 0SB
Kent Express,,,,,,Gillingham,,GB,ME8 0SB
Optident,,,,,,Otley,,GB,LS21 3JP
Henton & Chattell,,,,,,Nottingham,,GB,NG2 3EW
Heraeus Electro-Nite,,,,,,Chesterfield,,GB,S41 9ED
Herald Packaging,,,,,,Corby,,GB,NN17 5XZ
Herbalife (U.K.),,,,,,Uxbridge,,GB,UB8 1HB
Hereford Contract Canning (HCC),,,,,,Hereford,,GB,HR1 1JT
Herma UK,,,,,,Haverhill,,GB,CB9 8PR
Hermes GB,,,,,,London,,GB,W1J 5LF
Heron Foods,,,,,,Liverpool,,GB,L24 8RJ
Herrco Cosmetics,,,,,,Halesworth,,GB,IP19 8QR
Herti UK,,,,,,Camberley,,GB,GU153SY
Hewlett-Packard,,,,,,Reading,,GB,RG41 5TP
Hexadex,,,,,,Gainsborough,,GB,DN21 2BE
CWM Automation,,,,,,Gainsborough,,GB,DN21 2BE
Eminox,,,,,,Gainsborough,,GB,DN21 2BE
Teconnex,,,,,,Gainsborough,,GB,DN21 2BE
Hexpol TPE,,,,,,Manchester,,GB,M24 2GG
Hexstone,,,,,,Stone,,GB,ST15 0SW
Heygates,,,,,,Northampton,,GB,NN7 3QH
Fine Lady Bakeries,,,,,,Northampton,,GB,NN7 3QH
Heygate Farms Swaffham,,,,,,Northampton,,GB,NN7 3QH
Heygates Country Feeds,,,,,,Northampton,,GB,NN7 3QH
Hi-Tech Mouldings,,,,,,Waterlooville,,GB,PO7 7XY
Hiatt Hardware (UK),,,,,,Birmingham,,GB,B6 4SL
High Seat Holdings,,,,,,Batley,,GB,WF17 6LN
HSL Manufacturing,,,,,,Batley,,GB,WF17 6LN
High Seat,,,,,,Batley,,GB,WF17 6LN
High Street TV (Group),,,,,,Harrogate,,GB,HG3 1UF
Higham and Higham,,,,,,Crewe,,GB,CW1 6NG
Cartridge Shop,,,,,,Stoke-On-Trent,,GB,ST1 5BB
The Cartridge People,,,,,,Crewe,,GB,CW1 6NG
Highbury Poultry Farm Produce,,,,,,Oswestry,,GB,SY10 8BH
Highland Game,,,,,,Dundee,,GB,DD2 3TN
Highland Smoked Salmon (Scotland),,,,,,Fort William,,GB,PH33 7PT
Highly Marelli UK,,,,,,Washington,,GB,NE37 3HR
Hikvision UK,,,,,,London,,GB,UB11 1ET
Hill & Smith,,,,,,Solihull,,GB,B90 4LH
ATG Access,,,,,,Solihull,,GB,B90 4LH
Asset International Structures,,,,,,Solihull,,GB,B90 4LH
Barkers Engineering,,,,,,Solihull,,GB,B90 4LH
Birtley Group,,,,,,Solihull,,GB,B90 4LH
Black Oldco,,,,,,Solihull,,GB,B90 4LH
Bowater Doors,,,,,,Solihull,,GB,B90 4LH
Expamet,,,,,,Shirley,,GB,B90 4LH
Hill & Smith Infrastructure,,,,,,Solihull,,GB,B90 4LH
Joseph Ash,,,,,,Solihull,,GB,B90 4LH
Lionweld Kennedy Flooring,,,,,,Solihull,,GB,B90 4LH
Mallatite,,,,,,Solihull,,GB,B90 4LH
Medway Galvanising Company,,,,,,Shirley Solihull,,GB,B90 4LH
Premier Galvanizing,,,,,,Solihull,,GB,B90 4LH
Prolectric Services,,,,,,Solihull,,GB,B90 4LH
Widnes Galvanising,,,,,,Solihull,,GB,B90 4LH
Hill Biscuits,,,,,,Ashton-Under-Lyne,,GB,OL7 0DB
Hill Brothers (Chichester),,,,,,Chichester,,GB,PO20 1NL
Hill's Pet Nutrition,,,,,,Woking,,GB,GU21 6DB
Hillebrand Bulk Logistics,,,,,,Southampton,,GB,SO30 2AF
Hills Numberplates,,,,,,Birmingham,,GB,B6 7JJ
Hills of Corby Hill,,,,,,Abingdon,,GB,OX14 4RZ
Hills of Lakeland,,,,,,Abingdon,,GB,OX14 4RZ
Hilltop Food Group,,,,,,Newtown,,GB,SY16 1DZ
Hilti (Gt.Britain),,,,,,Manchester,,GB,M1 7FS
Hilton Foods,,,,,,Belfast,,GB,BT1 6DN
Hinton Perry & Davenhill,,,,,,Brierley Hill,,GB,DY5 4TH
Ketley Brick Company,,,,,,Brierley Hill,,GB,DY5 4TH
Hisense UK,,,,,,Leeds,,GB,LS11 0EA
Hitachi Energy,,,,,,Birmingham,,GB,B1 1TT
Hitachi Rail,,,,,,London,,GB,EC4M 7AW
Hitachi Rail GTS UK,,,,,,London,,GB,E1W 1YW
Hobbs,,,,,,London,,GB,EC2R 7HF
Hobbs The Printers,,,,,,Southampton,,GB,SO40 3WX
Hobbycraft Trading,,,,,,Christchurch,,GB,BH23 6HG
Hochiki Europe (U.K.),,,,,,London,,GB,WC2B 5AH
Hodge Clemco,,,,,,Sheffield,,GB,S13 9NR
Hodgson Sealants,,,,,,Hull,,GB,HU17 0LN
Holchem Laboratories,,,,,,Bury,,GB,BL9 8RD
Holcim UK Cement,,,,,,Coalville,,GB,LE67 1TL
Holland Bazaar,,,,,,London,,GB,SE11 5QU
Holland Cooper Clothing,,,,,,Cheltenham,,GB,GL52 6UT
Hollingsworth and Vose Company (U.K.),,,,,,Cheltenham,,GB,GL54 5BB
Hollingsworth & Vose Air Filtration,,,,,,Kendal,,GB,LA8 9JJ
Hollingsworth & Vose Company,,,,,,Winchcombe,,GB,GL54 5BB
Hollister,,,,,,Wokingham,,GB,RG41 5TS
Holmen Board and Paper,,,,,,Workington,,GB,CA14 1JX
Holophane Europe,,,,,,Milton Keynes,,GB,MK1 1JG
Home Decor GB,,,,,,Sheffield,,GB,S13 9AD
Homefire Group,,,,,,Sheffield,,GB,S21 1TZ
Hometime Group,,,,,,Belfast,,GB,BT3 9BW
Honda Motor Europe,,,,,,Bracknell,,GB,RG12 1HL
Honest Burgers,,,,,,London,,GB,SE1 1RU
Honeywell Analytics,,,,,,Bracknell,,GB,RG12 1EB
Honeywell Productivity Solutions,,,,,,Bracknell,,GB,RG12 1EB
Honeywell UK,,,,,,Bracknell,,GB,RG12 1EB
Hoo Hing,,,,,,Dagenham,,GB,RM8 1RX
Hoobrook Holdings,,,,,,Kidderminster,,GB,DY10 1XW
Brockway Carpets,,,,,,Kidderminster,,GB,DY10 1XW
The Grosvenor Wilton Company,,,,,,Kidderminster,,GB,DY10 1XW
Hook Norton Brewery Company Limited (The),,,,,,Oxford,,GB,OX15 5NY
Hoppe (U.K.),,,,,,STANDEFORD,,GB,WV10 7GW
Horberg & Co Holdings,,,,,,Sharnbrook,,GB,MK44 1NP
Navigator MSL,,,,,,Sharnbrook,,GB,MK44 1NP
Hornby Hobbies,,,,,,Margate,,GB,CT9 4JX
Horwood Homewares,,,,,,Avonmouth,,GB,BS11 9HX
Hoshizaki Europe,,,,,,Telford,,GB,TF3 3BQ
Hotpoint UK Appliances,,,,,,Peterborough,,GB,PE2 9JB
Hotter Shoes,,,,,,Burgess Hill,,GB,RH15 9NB
Houghton Hams,,,,,,Northampton,,GB,NN3 6AX
House Of Westphalia,,,,,,Luton,,GB,LU3 3AN
Hovat,,,,,,Larkfield,,GB,ME20 6XJ
Howarth Timber Group,,,,,,Leeds,,GB,LS9 0RA
Arbor Forest Products,,,,,,Barrow upon Humber,,GB,DN18 7RR
Howarth Timber Engineered Solutions,,,,,,Leeds,,GB,LS9 0RA
Howarth Timber and Building Supplies,,,,,,Leeds,,GB,LS9 0RA
Verdon Timber Group,,,,,,Leeds,,GB,LS9 0RA
Howco Group,,,,,,Glasgow,,GB,G3 7UL
Howden Joinery,,,,,,London,,GB,W1U 1QY
Howmet Fastening Systems,,,,,,Telford,,GB,TF3 3BQ
Howmet,,,,,,Exeter,,GB,EX2 7LG
Hozelock,,,,,,Sutton Coldfield,,GB,B76 1AB
Huawei Technologies (UK) Co,,,,,,Reading,,GB,RG6 1PT
Hub Packaging,,,,,,Newry,,GB,BT34 5AL
Huber + Suhner (UK),,,,,,Bicester,,GB,OX26 4LA
Hubergroup UK,,,,,,Nottingham,,GB,NG2 1NA
Hubron (International),,,,,,Liverpool,,GB,L8 7BA
Huegli UK,,,,,,Redditch,,GB,B98 0RE
Huel,,,,,,Tring,,GB,HP23 4RN
Hughes TV and Audio,,,,,,Beccles,,GB,NR34 7FD
Hugo Boss UK,,,,,,London,,GB,NW1 0DT
Huhtamaki,,,,,,Gosport,,GB,PO13 0PR
Huhtamaki BCP,,,,,,Blackburn,,GB,BB1 2JT
Huhtamaki Foodservice Delta,,,,,,Belfast,,GB,BT11 9DT
Huhtamaki India,,,,,,Thane,,GB,400 607
Humanscale,,,,,,London,,GB,EC1V 4RN
Huntapac Produce,,,,,,Preston,,GB,PR4 6JJ
Hunter Price International,,,,,,Hollinwood,,GB,OL8 4QJ
Huntsman (Holdings) UK,,,,,,Cambridge,,GB,CB22 4XQ
Huntsman Corporation UK,,,,,,Llanelli,,GB,SA14 9TE
Huntsman IFS Polyurethanes,,,,,,Wilton,,GB,TS10 4RG
Huntsman Polyurethanes,,,,,,Cambridge,,GB,CB22 4XQ
Huntsman Advanced Materials (UK),,,,,,Cambridge,,GB,CB22 4XQ
Hurst Group (Northern),,,,,,Bradford,,GB,BD12 0UF
Hurst Joinery Projects,,,,,,Bradford,,GB,BD12 0UF
Hurst Plastics,,,,,,Bradford,,GB,BD12 0UF
Husco International Partners,,,,,,Runcorn,,GB,WA7 3DT
Hush Homewear,,,,,,Clapham,,GB,SW4 0JW
Husqvarna UK,,,,,,Newton Aycliffe,,GB,DL5 6UP
Hutchison 3G UK,,,,,,Reading,,GB,RG2 6GF
Hyco Manufacturing,,,,,,Castleford,,GB,WF10 5NR
Hydac Technology,,,,,,Beaconsfield,,GB,HP9 1QL
Hydes' Brewery,,,,,,Salford,,GB,M50 2GL
Hydraforce Hydraulics,,,,,,Birmingham,,GB,B6 7FE
Hydram Engineering,,,,,,FerryHill,,GB,DL17 0SG
Hydro Aluminium Deeside,,,,,,Wrexham,,GB,LL13 9PS
Hydro Aluminium,,,,,,Alfreton,,GB,DE55 5NH
Hydro Building Systems,,,,,,Tewkesbury,,GB,GL20 8SF
Hydropac,,,,,,London,,GB,W1H 7JT
Hygiene Supplies Direct,,,,,,Castleford,,GB,WF10 1PA
Hyperama,,,,,,Nottingham,,GB,NG7 2UT
Hypergood,,,,,,London,,GB,EC2A 2EA
Hyve Solutions Europe,,,,,,Basingstoke,,GB,RG24 8YB
I'Anson Bros,,,,,,Ripon,,GB,HG4 4JB
I.C.S,,,,,,Bradford,,GB,BD4 8TU
I.G. Doors,,,,,,Blackwood,,GB,NP12 4AE
I.M. PARTS AND SERVICE,,,,,,Solihull,,GB,B90 4WA
IAG Loyalty Retail,,,,,,Harmondsworth,,GB,UB7 0GB
IBP Global Trading,,,,,,Kingswinford,,GB,DY6 7FT
Conex Universal,,,,,,Kingswinford,,GB,DY6 7FT
Masterflow Products,,,,,,Kingswinford,,GB,DY6 7FT
ICANDY WORLD,,,,,,Biggleswade,,GB,SG18 8UB
ICEFRESH FOODS,,,,,,Norwich,,GB,NR11 6RR
IDEAL STANDARD (UK),,,,,,Hull,,GB,HU5 4HS
IFC Holdings,,,,,,Aberdeen,,GB,AB10 1DQ
International Fish Canners (Scotland),,,,,,Fraserburgh,,GB,AB43 9DY
Nolan Seafoods (UK),,,,,,Aberdeen,,GB,AB10 1DQ
Nor-Sea Foods,,,,,,Fraserburgh,,GB,AB43 9DY
IFG Drake,,,,,,Huddersfield,,GB,HD7 4JG
IFit Health & Fitness,,,,,,Altrincham,,GB,WA14 2DT
IHP,,,,,,London,,GB,W1W 8BD
IIAA,,,,,,London,,GB,SE1 9HA
IKEA,,,,,,London,,GB,EC4M 9DQ
IKO Insulations,,,,,,Huntingdon,,GB,PE28 4YA
IKO,,,,,,Wigan,,GB,WN6 9AB
IMCD,,,,,,Sutton,,GB,SM1 4AF
O&3,,,,,,Sutton,,GB,SM1 4AF
IMEX CERAMICS,,,,,,Hailsham,,GB,BN27 1DW
IMK Automotive,,,,,,Kettering,,GB,NN14 1UD
I M Kelly R & A,,,,,,Kettering,,GB,NN14 1UD
IMMEDIATE MEDIA COMPANY LONDON,,,,,,London,,GB,W6 7BT
RIVER STREET EVENTS,,,,,,London,,GB,W6 7BT
UPPER STREET EVENTS,,,,,,London,,GB,W6 7BT
IMS Euro,,,,,,Stockport,,GB,SK3 0XA
INDO EUROPEAN FOODS,,,,,,London,,GB,N1 7GU
INDUSTRIAL CLEANING EQUIPMENT (SOUTHAMPTON),,,,,,Southampton,,GB,SO40 9AH
INEOS Grangemouth,,,,,,Lyndhurst,,GB,SO43 7FG
Ineos Commercial Services UK,,,,,,Lyndhurst,,GB,SO43 7FG
INGRAM CONTENT GROUP UK,,,,,,London,,GB,EC4A 3TW
INGRAM MICRO SERVICES,,,,,,Norwich,,GB,NR6 6AQ
INGREDION UK,,,,,,Manchester,,GB,M22 5LW
INNOVIA FILMS,,,,,,Wigton,,GB,CA7 9XX
INTATEC,,,,,,STAFFORD,,GB,ST18 0PF
INTEGRITY COMMUNICATIONS GROUP,,,,,,Midsomer Norton,,GB,BA3 4BS
A1 SECURITY PRINT,,,,,,Birmingham,,GB,B21 8JB
INTEGRITY PRINT,,,,,,Midsomer Norton,,GB,BA3 4BS
INTERCONTINENTAL BRANDS (ICB),,,,,,Middlesbrough,,GB,TS3 8TB
INTERFUSE,,,,,,Leicestershire,,GB,LE4 5PR
INTERIOR GOODS DIRECT,,,,,,Huddersfield,,GB,HD5 0RH
INTERKET,,,,,,Adlington,,GB,SK10 4ZN
INTERNATIONAL PLASTIC SYSTEMS,,,,,,County Durham,,GB,SR7 0PT
INTERNATIONAL PLYWOOD (IMPORTERS),,,,,,Stonehouse,,GB,GL10 3WT
INTERSURGICAL,,,,,,Wokingham Berkshire,,GB,RG41 2RZ
INX International UK,,,,,,Heywood,,GB,OL10 2TW
IPL Plastics (UK),,,,,,Tamworth,,GB,B79 7UL
IPS Adhesives Europe,,,,,,Edinburgh,,GB,EH2 2AF
IRMA Management,,,,,,Winchester,,GB,SO23 9HJ
ISAAC TIMMINS,,,,,,Huddersfield,,GB,HD1 6PB
JOHNSONS WELLFIELD,,,,,,Huddersfield,,GB,HD1 6PB
MYERS BUILDING SUPPLIES,,,,,,Huddersfield,,GB,HD1 6PB
ISS,,,,,,Weybridge,,GB,KT13 0SL
IT Luggage,,,,,,Hertford,,GB,SG13 7NN
ITAB,,,,,,Hemel Hempstead,,GB,HP2 7EA
ITP Aero,,,,,,Hucknall,,GB,NG15 6YG
ITS Cycling,,,,,,Horsham,,GB,RH13 8AU
ITSU,,,,,,London,,GB,SW1P 1BX
ITSU [GROCERY],,,,,,London,,GB,SW1H 0EU
ITW,,,,,,Windsor,,GB,SL4 1EN
Shinemark,,,,,,Windsor,,GB,SL4 1EN
Stokvis Tapes,,,,,,Tring,,GB,HP23 4JX
ITX UK,,,,,,London,,GB,W1S 1DA
Ian Edgar(Liverpool)Ltd,,,,,,Macclesfield,,GB,SK11 0LR
Ian Macleod Distillers,,,,,,Broxburn,,GB,EH52 5LY
Ibstock,,,,,,Ibstock,,GB,LE67 6HS
ANDERTON CONCRETE PRODUCTS,,,,,,Leicestershire,,GB,LE67 6HS
FORTICRETE,,,,,,Ibstock,,GB,LE67 6HS
IBSTOCK BRICK,,,,,,Leicestershire,,GB,LE67 6HS
Longley Concrete,,,,,,Ibstock,,GB,LE67 6HS
SUPREME CONCRETE,,,,,,Leicestershire,,GB,LE67 6HS
Iceland Foods,,,,,,Deeside,,GB,CH5 2NW
Ichiban,,,,,,Bury St. Edmunds,,GB,IP30 9RT
Iconic London (Holdings),,,,,,London,,GB,EC3A 7BA
Idemia,,,,,,Tewkesbury,,GB,GL20 8GA
Idexx Laboratories,,,,,,Wetherby,,GB,LS22 7DN
Igloo Books,,,,,,London,,GB,WC2A 3QG
Igus (UK),,,,,,Northampton,,GB,NN4 7PW
Illumina Cambridge,,,,,,Cambridge,,GB,CB21 6DF
Illycaffe,,,,,,Northampton,,GB,NN4 7DY
Image Data Group,,,,,,Willerby,,GB,HU10 6EB
Imerys Aluminates,,,,,,Purfleet,,GB,RM19 1NZ
Imerys Minerals,,,,,,Par,,GB,PL24 2SQ
Impact Retail,,,,,,Leicester,,GB,LE19 1WY
Imperial Chemical Industries,,,,,,Slough,,GB,SL2 5DS
Imperial Office Furniture,,,,,,Bury,,GB,BL9 0DN
Imperial Tobacco,,,,,,Bristol,,GB,BS3 2LL
Incorez,,,,,,Preston,,GB,PR1 1EA
Incos,,,,,,Harrow,,GB,HA1 2EN
Indasa Abrasives,,,,,,Colchester,,GB,CO1 2ST
Independent Fertilisers,,,,,,Belfast,,GB,BT15 3GW
Independent Glass Company,,,,,,Glasgow,,GB,G73 1LD
IGHW,,,,,,Mansfield,,GB,NG19 7JZ
Strathclyde Insulating Glass,,,,,,Hamilton,,GB,ML3 9SY
Indicor International Holding,,,,,,Birmingham,,GB,B3 2DX
AMOT UK Holdings,,,,,,Birmingham,,GB,B3 2DX
Advanced Sensors,,,,,,Carrickfergus,,GB,BT38 8YF
Logitech,,,,,,Old Kilpatrick,,GB,G60 5EU
Technolog,,,,,,Matlock,,GB,DE4 4FY
Indus Foods,,,,,,Birmingham,,GB,B11 1BH
Industrial Chemicals,,,,,,Brentwood,,GB,CM13 3BE
Indutrade UK,,,,,,Manchester,,GB,M23 9WB
A L H Systems,,,,,,Westbury,,GB,BA13 4WE
Adaero Precision Components,,,,,,Crediton,,GB,EX17 1HN
Adam Equipment Co,,,,,,Milton Keynes,,GB,MK10 0BD
Advance Technical Systems,,,,,,Cleckheaton,,GB,BD19 5DZ
Alphr Technology,,,,,,Letchworth Garden City,,GB,SG6 1UG
Bailey Morris,,,,,,Eaton Socon,,GB,PE19 8GE
Beldam Crossley,,,,,,Bolton,,GB,BL6 4BL
Birmingham Specialities,,,,,,Birmingham,,GB,B6 7HE
Corrosion Resistant Products,,,,,,Littleborough,,GB,OL15 9EG
Datum Electronics,,,,,,East Cowes,,GB,PO32 6EZ
Ellard,,,,,,Manchester,,GB,M23 9WB
Filtration,,,,,,Bristol,,GB,BS11 8AT
Flowstop,,,,,,Westbury,,GB,BA13 4WE
Fluid Controls,,,,,,Aldermaston,,GB,RG7 2PQ
Geosense,,,,,,Bury St Edmunds,,GB,IP30 9ND
Micro Spring & Presswork Company Limited(The),,,,,,Redditch,,GB,B97 6BL
Milltech Precision Engineering,,,,,,Norwich,,GB,NR13 6GA
Natgraph,,,,,,Nottingham,,GB,NG6 8WA
Pipe Equipment Specialists,,,,,,Stockton on Tees,,GB,TS17 9LT
Precision Products (UK),,,,,,Chesterfield,,GB,S41 9RQ
Puretech Systems,,,,,,Salfords,,GB,RH1 5HW
Sunflower Medical,,,,,,Bradford,,GB,BD4 6SE
Trelawny SPT,,,,,,Leamington Spa,,GB,CV31 1XT
Vacuum Engineering Services,,,,,,Manchester,,GB,M32 0ZE
Verplas,,,,,,Verwood,,GB,BH31 6HA
Ineos European Holdings,,,,,,Lyndhurst,,GB,SO43 7FG
Ineos Sales (UK),,,,,,Lyndhurst,,GB,SO43 7FG
Infinite Towers Services,,,,,,London,,GB,E14 5HU
Infinity Reliance,,,,,,Northampton,,GB,NN4 5FB
Inga Group,,,,,,Pontefract,,GB,WF8 3HQ
ULRICK & SHORT,,,,,,Pontefract,,GB,WF8 3HQ
Ingenico,,,,,,Leeds,,GB,LS1 5AB
Ingram Micro (UK),,,,,,Milton Keynes,,GB,MK9 2EA
Innerglass,,,,,,Peterlee,,GB,SR8 2JH
Innocent,,,,,,London,,GB,W10 5BU
Innospec International,,,,,,Ellesmere Port,,GB,CH65 4EY
Innospec,,,,,,Ellesmere Port,,GB,CH65 4EY
Innospec Performance Chemicals Europe,,,,,,Ellesmere Port,,GB,CH65 4EY
Innovate Foods,,,,,,Kirkcaldy,,GB,KY1 2YG
Innovative Technology,,,,,,Oldham,,GB,OL1 4EQ
Inovyn ChlorVinyls,,,,,,Runcorn,,GB,WA7 4EL
Insight Direct,,,,,,Sheffield,,GB,S1 2JF
Insinkerator,,,,,,Watford,,GB,WD18 8YA
Inspired Pet Nutrition,,,,,,Thirsk,,GB,YO7 3HE
Insta (International),,,,,,Wokingham,,GB,RG40 4PZ
Enviroform Solutions,,,,,,Newry,,GB,BT34 3PN
Insta Coustic,,,,,,Wokingham,,GB,RG40 4PZ
Instagroup,,,,,,Wokingham,,GB,RG40 4PZ
Instarmac Group,,,,,,Tamworth,,GB,B78 1SE
Intamarque,,,,,,Tewkesbury,,GB,GL20 8NB
Integral Memory,,,,,,Iron Bridge Business Park,,GB,NW10 0UF
Integrated Doorset Solutions,,,,,,Rugby,,GB,CV23 0UZ
Integrated Service Solutions,,,,,,Sittingbourne,,GB,ME9 9PR
Inter- Line Building Supplies,,,,,,Torquay,,GB,TQ2 7BD
Interface Europe,,,,,,BIRMINGHAM,,GB,B4 6AT
Interflex Scotland,,,,,,Dalkeith,,GB,EH22 4AE
Interflora British Unit,,,,,,Sleaford,,GB,NG34 7TB
International Cookware,,,,,,Seaham,,GB,SR7 0PU
International Flavours & Fragrances I.F.F.(Great Britain),,,,,,Haverhill,,GB,CB9 8LG
International Paint,,,,,,Slough,,GB,SL2 5DS
Flexcrete Technologies,,,,,,Slough,,GB,SL2 5DS
International Procurement and Logistics,,,,,,Leeds,,GB,LS11 5AD
Forza Foods,,,,,,Leeds,,GB,LS11 5AD
Kober,,,,,,Leeds,,GB,LS11 5AD
Intertape Packaging,,,,,,Widnes,,GB,WA8 8GS
Invacare UK Operations,,,,,,Bridgend,,GB,CF35 5AQ
Invacare,,,,,,Bridgend,,GB,CF35 5AQ
Invensys,,,,,,Telford,,GB,TF3 3BL
Schneider Electric Controls,,,,,,Telford,,GB,TF3 3BL
Schneider Electric Systems,,,,,,Telford,,GB,TF3 3BL
Inver House Distillers,,,,,,Airdrie,,GB,ML6 8FU
Invertek Drives,,,,,,Welshpool,,GB,SY21 8JF
Invista Textiles (U.K.),,,,,,London,,GB,EC2V 7AF
Involvement,,,,,,Banbury,,GB,OX16 9SA
Iracroft,,,,,,Blandford Forum,,GB,DT11 7TE
IronmongeryDirect,,,,,,Basildon,,GB,SS13 1ND
Ironsides Lubricants Ltd(The),,,,,,Stockport,,GB,SK3 0DS
Isaac Wholesale,,,,,,Peterborough,,GB,PE3 7PH
Iseki UK & Ireland,,,,,,Ipswich,,GB,IP3 9RT
Ishida Europe,,,,,,Birmingham,,GB,B32 3DB
Italian Beverage Company,,,,,,Stevenage,,GB,SG1 3EE
Italmatch Chemicals GB,,,,,,Manchester,,GB,M17 1SX
Itochu Europe,,,,,,London,,GB,EC2A 2EW
Iveco,,,,,,Basildon,,GB,SS14 3EZ
Ivor Rose,,,,,,Colchester,,GB,CO4 9QT
Allan & Bertram,,,,,,London,,GB,EC2Y 5EA
Novercal,,,,,,Bristol,,GB,BS30 8XT
Rose of Colchester,,,,,,Colchester,,GB,CO4 9QT
Ivor Shaw,,,,,,Derby,,GB,DE24 8WY
Ivory & Ledoux,,,,,,London,,GB,W1W 6XH
J.R. Dalziel,,,,,,Bellshill,,GB,ML4 3NS
Dalziel,,,,,,Bellshill,,GB,ML4 3NS
Dalziel Ingredients,,,,,,Hebburn,,GB,NE31 2JZ
Rillatech,,,,,,Chesterfield,,GB,S41 9RD
Jojo Maman Bebe,,,,,,London,,GB,SW8 3NS
Kilwaughter Minerals,,,,,,Larne,,GB,BT40 2TJ
Konica Minolta Business Solutions,,,,,,Basildon,,GB,SS14 3AR
Lamex Foods Europe,,,,,,Broxbourne,,GB,EN10 6NH
Leonardo,,,,,,London,,GB,SW1Y 6AF
Liebherr - Great Britain,,,,,,Biggleswade,,GB,SG18 8QB
Lil Packaging,,,,,,Huntingdon,,GB,PE29 7EB
Lords Group Trading,,,,,,London,,GB,W5 3EL
A P P Wholesale,,,,,,London,,GB,W5 3EL
A.W. Lumb & Co,,,,,,London,,GB,W5 3EL
CMO Superstores,,,,,,London,,GB,W5 3EL
Carboclass,,,,,,London,,GB,W5 3EL
Condell,,,,,,London,,GB,W5 3EL
Direct Heating & Plumbing Merchants,,,,,,London,,GB,W5 3EL
Direct Heating & Plumbing Trade Counters,,,,,,London,,GB,W5 3EL
Ultimate Renewables Supplies,,,,,,London,,GB,W5 3EL
Weldit Limited Liability Partnership,,,,,,London,,GB,W5 3EL
MALLINCKRODT CHEMICAL,,,,,,Chesterfield,,GB,S41 8ND
MacLean International Group,,,,,,Aberdeen,,GB,AB12 3HT
Mauser,,,,,,Littleborough,,GB,OL15 9FG
McDonald's Restaurants,,,,,,London,,GB,N2 8AW
McLaren Presentation,,,,,,Port Glasgow,,GB,PA14 5XH
McLaren Corrugate,,,,,,Port Glasgow,,GB,PA14 5XH
McLaren Divisions,,,,,,Port Glasgow,,GB,PA14 5XH
Morleys Stores,,,,,,London,,GB,SW9 8EH
Camp Hopson (Newbury),,,,,,London,,GB,SW9 8EH
Elys (Wimbledon),,,,,,London,,GB,SW19 4DP
Morleys (Bexleyheath),,,,,,London,,GB,SW9 8EH
Morleys (Bicester),,,,,,London,,GB,SW9 8EH
Morleys (Brixton),,,,,,London,,GB,SW9 8EH
Pearsons (Enfield),,,,,,London,,GB,SW9 8EH
Roomes (Upminster),,,,,,London,,GB,SW9 8EH
Selbys (Holloway),,,,,,London,,GB,SW9 8EH
Nice-Pak International,,,,,,Flint,,GB,CH6 5EX
Nisbets,,,,,,Bristol,,GB,BS11 8TB
Jongor,,,,,,Bristol,,GB,BS2 0JZ
Space Catering (UK),,,,,,Avonmouth,,GB,BS118TB
O'neill GmbH,,,,,,Wollaston,,GB,NN29 7RW
PIERRE FABRE,,,,,,London,,GB,EC4M 7WS
PRO-PAK FOODS,,,,,,North Yorkshire,,GB,YO17 6YA
Papier,,,,,,London,,GB,EC4M 7AN
Pinnacle health nutrition,,,,,,Peterborough,,GB,PE7 3EL
Prestigious Textiles,,,,,,Bradford,,GB,BD11 2PS
PT Blinds,,,,,,Bradford,,GB,BD4 0SG
R.D.Trading,,,,,,Braintree,,GB,CM7 2YN
RPC Group,,,,,,Corby,,GB,NN17 5JX
Berry UK Containers,,,,,,Corby,,GB,NN17 5JX
Massmould,,,,,,Corby,,GB,NN17 5JX
Maynard & Harris Plastics,,,,,,Corby,,GB,NN17 5JX
Plasgran,,,,,,Leamington Spa,,GB,CV31 3SS
RPC Containers,,,,,,Corby,,GB,NN17 5JX
Ryman Group,,,,,,Crewe,,GB,CW1 6NA
London Graphic Centre,,,,,,Crewe,,GB,CW1 6NA
Ryman,,,,,,Crewe,,GB,CW1 6NA
Sandvik Holdings,,,,,,Halesowen,,GB,B62 8QZ
Dormer Pramet,,,,,,Halesowen,,GB,B62 8QZ
Sandvik,,,,,,Halesowen,,GB,B62 8QZ
Sandvik Osprey,,,,,,Neath,,GB,SA11 1NJ
Seco Tools (U.K.),,,,,,Alcester,,GB,B49 6PU
Walter GB,,,,,,Bromsgrove,,GB,B60 3DJ
Saraco Industries,,,,,,Bolton,,GB,BL1 4RA
Scott Parnell,,,,,,London,,GB,W1W 6AN
Rouden Pipetek,,,,,,London,,GB,W1W 6AN
Shaneel Enterprises,,,,,,Wembley,,GB,HA9 8HB
S A Designer Parfums,,,,,,Watford,,GB,WD24 7JG
Soul Coffee House (Central),,,,,,Northwood,,GB,HA6 2EH
TCE GROUP,,,,,,Northwich,,GB,CW8 4GW
BRITISH SALT,,,,,,Northwich,,GB,CW8 4GW
TATA CHEMICALS EUROPE,,,,,,Northwich,,GB,CW8 4GW
Thomas Bell & Sons,,,,,,Brigg,,GB,DN20 8RA
Thorn Security,,,,,,Feltham,,GB,TW13 7BZ
Tornado Wire,,,,,,Crieff,,GB,PH7 4HQ
Trans-Continental Marketing,,,,,,Coalville,,GB,LE67 1FL
Trust Inns,,,,,,Chorley,,GB,PR7 1NY
UFP,,,,,,Bradford,,GB,BD4 6SE
Unipres (UK),,,,,,Sunderland,,GB,SR5 3NT
Urban Fresh Foods,,,,,,St Albans,,GB,AL1 3AW
Victoria Carpets,,,,,,Kidderminster,,GB,DY10 1JR
Victorian Plumbing,,,,,,Leyland,,GB,PR26 6TB
W.& H.Marriage & Sons,,,,,,Chelmsford,,GB,CM1 1PN
WHM Pet Group,,,,,,Chelmsford,,GB,CM1 1PN
Wonderfield Group,,,,,,London,,GB,EC2A 2BB
ZB UK Group Holdings,,,,,,Swindon,,GB,SN5 6NX
Zimmer Biomet UK,,,,,,Swindon,,GB,SN5 6NX
Zeus Packaging Investments,,,,,,Biggleswade,,GB,SG18 8YL
Box - Mart,,,,,,Shenstone,,GB,WS14 0AT
Smith & Bateson,,,,,,Knowsley,,GB,L34 9HQ
Swanline Group,,,,,,Stone,,GB,ST15 8LQ
Weedon Corrugated Products,,,,,,Cannock,,GB,WS12 1NR
Weedon Packaging Solution Centre,,,,,,Cannock,,GB,WS12 1NR
Zeus Packaging,,,,,,Biggleswade,,GB,SG18 8YL
ebm-papst UK,,,,,,Chelmsford,,GB,CM2 5EZ
ekeg,,,,,,Rotherham,,GB,S63 0BA
i2r Packaging Solutions,,,,,,Telford,,GB,TF1 6QJ
